# constraint	block	row	column	exact scalar coefficient
1	1	1	1	-1
1	2	1	1	1
1	3	1	1	1
1	4	1	1	1
1	5	1	1	1
1	6	1	1	1
1	7	1	1	1
1	8	3	3	1
2	2	1	1	2
2	3	1	1	-11/35
2	4	1	1	-877/30625
2	5	1	1	4444/153125
2	6	1	1	-2021/1071875
2	7	1	1	-999856/262609375
2	8	1	1	2
2	8	1	3	4
2	9	1	1	4779/2450
2	10	1	1	22838841/12005000
2	11	1	1	109146821139/58824500000
2	12	1	1	521612658223281/288240050000000
2	13	1	1	2492786893649059899/1412376245000000000
2	14	3	3	1
2	14	3	6	2
2	14	6	6	1
3	2	1	1	2
3	3	1	1	16/35
3	4	1	1	878/30625
3	5	1	1	-4304/153125
3	6	1	1	-11066/1071875
3	7	1	1	346256/262609375
3	8	2	2	2
3	8	2	3	4
3	9	2	2	2322/1225
3	10	2	2	2695842/1500625
3	11	2	2	3129872562/1838265625
3	12	2	2	3633782044482/2251875390625
3	13	2	2	4218820953643602/2758547353515625
3	20	5	5	1
3	20	5	6	2
3	20	6	6	1
4	8	1	1	6
4	9	1	1	-2673/2450
4	10	1	1	-373977/12005000
4	11	1	1	5243728347/58824500000
4	12	1	1	-54934546518081/3747120650000000
4	13	1	1	-174452153509963989/18360891185000000000
4	14	1	1	3
4	14	1	3	6
4	14	1	6	6
4	15	1	1	5832/2065
4	16	1	1	11337408/4264225
4	17	1	1	22039921152/8805624625
4	18	1	1	42845606719488/18183614850625
4	19	1	1	83291859462684672/37549164666540625
4	26	3	3	1
4	26	3	6	2
4	26	3	11	2
4	26	6	6	1
4	26	6	11	2
4	26	11	11	1
5	8	1	1	2
5	8	1	2	4
5	9	1	1	999/2450
5	9	1	2	-594/1225
5	10	1	1	43983/6002500
5	10	1	2	-557199/6002500
5	11	1	1	-216296487/7353062500
5	11	1	2	706048893/14706125000
5	12	1	1	-28078864330617/3747120650000000
5	12	1	2	1596760719867/468390081250000
5	13	1	1	43905535478999037/18360891185000000000
5	13	1	2	-8089223732445339/1147555699062500000
5	14	2	2	1
5	14	2	3	2
5	14	2	6	2
5	14	3	4	2
5	14	4	4	1
5	14	4	6	2
5	15	2	2	1926/2065
5	15	3	3	1926/2065
5	16	2	2	3709476/4264225
5	16	3	3	3709476/4264225
5	17	2	2	7144450776/8805624625
5	17	3	3	7144450776/8805624625
5	18	2	2	13760212194576/18183614850625
5	18	3	3	13760212194576/18183614850625
5	19	2	2	26502168686753376/37549164666540625
5	19	3	3	26502168686753376/37549164666540625
5	20	1	1	1
5	20	1	5	2
5	20	1	6	2
5	21	1	1	2889/3010
5	22	1	1	8346321/9060100
5	23	1	1	24112521369/27270901000
5	24	1	1	69661074235041/82085412010000
5	25	1	1	201250843465033449/247077090150100000
5	32	3	3	1
5	32	3	10	2
5	32	3	11	2
5	32	10	10	1
5	32	10	11	2
5	32	11	11	1
6	8	1	2	4
6	8	2	2	2
6	9	1	2	1296/1225
6	9	2	2	-513/1225
6	10	1	2	1649727/12005000
6	10	2	2	395847/24010000
6	11	1	2	-143311923/3676531250
6	11	2	2	1550882619/58824500000
6	12	1	2	-49005071150967/1873560325000000
6	12	2	2	-29475326531907/3747120650000000
6	13	1	2	-1494653912003907/573777849531250000
6	13	2	2	-14847713275854969/9180445592500000000
6	14	3	5	2
6	14	5	5	1
6	14	5	6	2
6	15	4	4	1809/2065
6	16	4	4	3272481/4264225
6	17	4	4	5919918129/8805624625
6	18	4	4	10709131895361/18183614850625
6	19	4	4	19372819598708049/37549164666540625
6	20	2	2	1
6	20	2	5	2
6	20	2	6	2
6	20	3	3	1
6	20	3	5	2
6	20	3	6	2
6	21	2	2	5427/6020
6	21	3	3	5427/6020
6	22	2	2	29452329/36240400
6	22	3	3	29452329/36240400
6	23	2	2	159837789483/218167208000
6	23	3	3	159837789483/218167208000
6	24	2	2	867439683524241/1313366592160000
6	24	3	3	867439683524241/1313366592160000
6	25	2	2	4707595162486055907/7906466884803200000
6	25	3	3	4707595162486055907/7906466884803200000
6	38	7	7	1
6	38	7	10	2
6	38	7	11	2
6	38	10	10	1
6	38	10	11	2
6	38	11	11	1
7	8	2	2	6
7	9	2	2	1296/1225
7	10	2	2	-181521/6002500
7	11	2	2	-150338754/1838265625
7	12	2	2	-3032859916701/234195040625000
7	13	2	2	296260146611253/35861115595703125
7	20	4	4	3
7	20	4	5	6
7	20	4	6	6
7	21	4	4	4131/1505
7	22	4	4	5688387/2265025
7	23	4	4	7832908899/3408862625
7	24	4	4	10785915553923/5130338250625
7	25	4	4	14852205717751971/7721159067190625
7	44	9	9	1
7	44	9	10	2
7	44	9	11	2
7	44	10	10	1
7	44	10	11	2
7	44	11	11	1
8	14	1	1	12
8	15	1	1	-5346/2065
8	16	1	1	472392/3923087
8	17	1	1	4717601757/28932766625
8	18	1	1	-545824071216126/10455578539109375
8	19	1	1	-39884479474429557/4318153936652171875
8	26	1	1	4
8	26	1	3	8
8	26	1	6	8
8	26	1	11	8
8	27	1	1	999/280
8	28	1	1	998001/313600
8	29	1	1	997002999/351232000
8	30	1	1	996005996001/393379840000
8	31	1	1	995009990004999/440585420800000
8	50	3	3	1
8	50	3	6	2
8	50	3	11	2
8	50	3	20	2
8	50	6	6	1
8	50	6	11	2
8	50	6	20	2
8	50	11	11	1
8	50	11	20	2
8	50	20	20	1
9	14	1	1	2
9	14	1	2	4
9	14	1	4	4
9	15	1	1	702/2065
9	15	1	2	-1188/2065
9	15	1	3	-1188/2065
9	16	1	1	-1644624/98077175
9	16	1	2	-6508512/98077175
9	16	1	3	-6508512/98077175
9	17	1	1	-815742252/28932766625
9	17	1	2	10619529624/202529366375
9	17	1	3	10619529624/202529366375
9	18	1	1	-299792245392/83644628312875
9	18	1	2	-5288900832/3636722970125
9	18	1	3	-5288900832/3636722970125
9	19	1	1	2712860145970416/863630787330434375
9	19	1	2	-5908650779253024/863630787330434375
9	19	1	3	-5908650779253024/863630787330434375
9	20	1	1	2
9	21	1	1	-594/1505
9	22	1	1	121743/104191150
9	23	1	1	673138917/22401097250
9	24	1	1	-255659790429/37759289524600
9	25	1	1	-3860089195785471/1420693268363075000
9	26	2	2	2/3
9	26	2	3	4/3
9	26	2	6	4/3
9	26	2	11	4/3
9	26	3	4	4/3
9	26	3	7	4/3
9	26	4	4	2/3
9	26	4	6	4/3
9	26	4	11	4/3
9	26	6	7	4/3
9	26	7	7	2/3
9	26	7	11	4/3
9	27	2	2	17/28
9	27	3	3	17/28
9	27	5	5	17/28
9	28	2	2	867/1568
9	28	3	3	867/1568
9	28	5	5	867/1568
9	29	2	2	44217/87808
9	29	3	3	44217/87808
9	29	5	5	44217/87808
9	30	2	2	2255067/4917248
9	30	3	3	2255067/4917248
9	30	5	5	2255067/4917248
9	31	2	2	115008417/275365888
9	31	3	3	115008417/275365888
9	31	5	5	115008417/275365888
9	32	1	1	2
9	32	1	3	4
9	32	1	10	4
9	32	1	11	4
9	33	1	1	1377/749
9	34	1	1	1896129/1122002
9	35	1	1	2610969633/1680758996
9	36	1	1	3595305184641/2517776976008
9	37	1	1	4950735239250657/3771629910059984
9	56	3	3	1
9	56	3	6	2
9	56	3	19	2
9	56	3	20	2
9	56	6	6	1
9	56	6	19	2
9	56	6	20	2
9	56	19	19	1
9	56	19	20	2
9	56	20	20	1
10	14	1	2	2
10	14	1	4	2
10	14	1	5	2
10	14	2	2	1
10	14	4	4	1
10	15	1	2	999/2065
10	15	1	3	999/2065
10	15	1	4	-297/2065
10	15	2	2	-927/4130
10	15	3	3	-927/4130
10	16	1	2	4487724/98077175
10	16	1	3	4487724/98077175
10	16	1	4	-5974884/98077175
10	16	2	2	1446498/98077175
10	16	3	3	1446498/98077175
10	17	1	2	-9481360149/405058732750
10	17	1	3	-9481360149/405058732750
10	17	1	4	5926177323/405058732750
10	17	2	2	10276331733/810117465500
10	17	3	3	10276331733/810117465500
10	18	1	2	-4668448247469/418223141564375
10	18	1	3	-4668448247469/418223141564375
10	18	1	4	2028601173411/418223141564375
10	18	2	2	-3955104572229/836446283128750
10	18	3	3	-3955104572229/836446283128750
10	19	1	2	3486483073953/75098329333081250
10	19	1	3	3486483073953/75098329333081250
10	19	1	4	-3901426646285817/1727261574660868750
10	19	2	2	-1634144829719967/3454523149321737500
10	19	3	3	-1634144829719967/3454523149321737500
10	20	1	2	2
10	20	1	3	2
10	21	1	2	-891/3010
10	21	1	3	-891/3010
10	22	1	2	-6152031/208382300
10	22	1	3	-6152031/208382300
10	23	1	2	8178345549/313615361500
10	23	1	3	8178345549/313615361500
10	24	1	2	-4748038977393/3775928952460000
10	24	1	3	-4748038977393/3775928952460000
10	25	1	2	-74026363349526687/22731092293809200000
10	25	1	3	-74026363349526687/22731092293809200000
10	26	3	5	2/3
10	26	3	8	2/3
10	26	3	9	2/3
10	26	5	5	1/3
10	26	5	6	2/3
10	26	5	11	2/3
10	26	6	8	2/3
10	26	6	9	2/3
10	26	8	8	1/3
10	26	8	11	2/3
10	26	9	9	1/3
10	26	9	11	2/3
10	27	4	4	65/224
10	27	6	6	65/224
10	27	7	7	65/224
10	28	4	4	12675/50176
10	28	6	6	12675/50176
10	28	7	7	12675/50176
10	29	4	4	2471625/11239424
10	29	6	6	2471625/11239424
10	29	7	7	2471625/11239424
10	30	4	4	481966875/2517630976
10	30	6	6	481966875/2517630976
10	30	7	7	481966875/2517630976
10	31	4	4	93983540625/563949338624
10	31	6	6	93983540625/563949338624
10	31	7	7	93983540625/563949338624
10	32	3	4	2
10	32	3	6	2
10	32	4	4	1
10	32	4	10	2
10	32	4	11	2
10	32	6	6	1
10	32	6	10	2
10	32	6	11	2
10	33	3	3	5265/5992
10	33	5	5	5265/5992
10	34	3	3	27720225/35904064
10	34	5	5	27720225/35904064
10	35	3	3	145946984625/215137151488
10	35	5	5	145946984625/215137151488
10	36	3	3	768410874050625/1289101811716096
10	36	5	5	768410874050625/1289101811716096
10	37	3	3	4045683251876540625/7724298055802847232
10	37	5	5	4045683251876540625/7724298055802847232
10	38	1	1	1
10	38	1	7	2
10	38	1	10	2
10	38	1	11	2
10	39	1	1	1755/1876
10	40	1	1	3080025/3519376
10	41	1	1	5405443875/6602349376
10	42	1	1	9486554000625/12386007429376
10	43	1	1	16648902271096875/23236149937509376
10	62	3	3	1
10	62	3	14	2
10	62	3	19	2
10	62	3	20	2
10	62	14	14	1
10	62	14	19	2
10	62	14	20	2
10	62	19	19	1
10	62	19	20	2
10	62	20	20	1
11	14	1	5	6
11	15	1	4	3888/2065
11	16	1	4	1574640/3923087
11	17	1	4	204073344/28932766625
11	18	1	4	-389395816933248/10455578539109375
11	19	1	4	-62093995538217984/4318153936652171875
11	20	2	2	3
11	20	3	3	3
11	21	2	2	-4617/6020
11	21	3	3	-4617/6020
11	22	2	2	3287061/33341168
11	22	3	3	3287061/33341168
11	23	2	2	17660315871/716835112000
11	23	3	3	17660315871/716835112000
11	24	2	2	-12587998471722099/755185790492000000
11	24	3	3	-12587998471722099/755185790492000000
11	25	2	2	1669936047275229381/909243691752368000000
11	25	3	3	1669936047275229381/909243691752368000000
11	26	3	10	2
11	26	6	10	2
11	26	10	10	1
11	26	10	11	2
11	27	8	8	27/35
11	28	8	8	729/1225
11	29	8	8	19683/42875
11	30	8	8	531441/1500625
11	31	8	8	14348907/52521875
11	38	5	5	3
11	38	5	7	6
11	38	5	10	6
11	38	5	11	6
11	39	5	5	5832/2345
11	40	5	5	11337408/5499025
11	41	5	5	22039921152/12895213625
11	42	5	5	42845606719488/30239275950625
11	43	5	5	83291859462684672/70911102104215625
11	68	11	11	1
11	68	11	14	2
11	68	11	19	2
11	68	11	20	2
11	68	14	14	1
11	68	14	19	2
11	68	14	20	2
11	68	19	19	1
11	68	19	20	2
11	68	20	20	1
12	14	2	2	3
12	14	4	4	3
12	15	2	2	999/2065
12	15	3	3	999/2065
12	16	2	2	-628884/19615435
12	16	3	3	-628884/19615435
12	17	2	2	-1176724098/28932766625
12	17	3	3	-1176724098/28932766625
12	18	2	2	-41809976856504/10455578539109375
12	18	3	3	-41809976856504/10455578539109375
12	19	2	2	20291070702387528/4318153936652171875
12	19	3	3	20291070702387528/4318153936652171875
12	20	1	4	6
12	21	1	4	-891/1505
12	22	1	4	-1751787/10419115
12	23	1	4	98080389/1600078375
12	24	1	4	64566961409889/5899888988218750
12	25	1	4	-33838798498684443/3551733170907687500
12	32	3	8	6
12	32	8	8	3
12	32	8	10	6
12	32	8	11	6
12	33	7	7	20331/7490
12	34	7	7	137783187/56100100
12	35	7	7	933756658299/420189749000
12	36	7	7	6328068873292323/3147221220010000
12	37	7	7	42885322754302072971/23572686937874900000
12	44	1	1	1
12	44	1	9	2
12	44	1	10	2
12	44	1	11	2
12	45	1	1	2259/2380
12	46	1	1	5103081/5664400
12	47	1	1	11527859979/13481272000
12	48	1	1	26041435692561/32085427360000
12	49	1	1	58827603229495299/76363317116800000
12	74	3	3	1
12	74	3	18	2
12	74	3	19	2
12	74	3	20	2
12	74	18	18	1
12	74	18	19	2
12	74	18	20	2
12	74	19	19	1
12	74	19	20	2
12	74	20	20	1
13	14	2	4	8
13	15	2	3	-1584/2065
13	16	2	3	-4429728/19615435
13	17	2	3	16012852416/202529366375
13	18	2	3	157704291743616/10455578539109375
13	19	2	3	-52897635890972928/4318153936652171875
13	20	1	1	4
13	21	1	1	162/215
13	22	1	1	-126117/10419115
13	23	1	1	-1351100169/22401097250
13	24	1	1	-134361269497953/11799777976437500
13	25	1	1	6162874511406147/1014780905973625000
13	32	2	2	4
13	32	2	3	8
13	32	2	10	8
13	32	2	11	8
13	33	2	2	13824/3745
13	34	2	2	47775744/14025025
13	35	2	2	165112971264/52523718625
13	36	2	2	570630428688384/196701326250625
13	37	2	2	1972098761547055104/736646466808590625
13	80	9	9	1
13	80	9	10	2
13	80	9	13	2
13	80	9	20	2
13	80	10	10	1
13	80	10	13	2
13	80	10	20	2
13	80	13	13	1
13	80	13	20	2
13	80	20	20	1
14	14	2	4	2
14	14	2	5	2
14	14	4	5	2
14	15	2	3	171/295
14	15	2	4	-729/2065
14	15	3	4	-729/2065
14	16	2	3	9774756/98077175
14	16	2	4	-590976/98077175
14	16	3	4	-590976/98077175
14	17	2	3	-620787969/57865533250
14	17	2	4	10203135759/405058732750
14	17	3	4	10203135759/405058732750
14	18	2	3	-5807549804373/418223141564375
14	18	2	4	-1835579322153/418223141564375
14	18	3	4	-1835579322153/418223141564375
14	19	2	3	-791597623386789/246751653522981250
14	19	2	4	-3925086501642489/1727261574660868750
14	19	3	4	-3925086501642489/1727261574660868750
14	20	1	2	2
14	20	1	3	2
14	20	2	3	2
14	21	1	2	1431/3010
14	21	1	3	1431/3010
14	21	2	3	-27/215
14	22	1	2	181521/4252700
14	22	1	3	181521/4252700
14	22	2	3	-26023113/416764600
14	23	1	2	-7303436199/313615361500
14	23	1	3	-7303436199/313615361500
14	23	2	3	2285334081/179208778000
14	24	1	2	-5735025888183/539418421780000
14	24	1	3	-5735025888183/539418421780000
14	24	2	3	78427687770171/15103715809840000
14	25	1	2	4180392213127947/22731092293809200000
14	25	1	3	4180392213127947/22731092293809200000
14	25	2	3	-12798464307997581/6494597798231200000
14	32	3	5	2
14	32	3	7	2
14	32	5	5	1
14	32	5	10	2
14	32	5	11	2
14	32	7	7	1
14	32	7	10	2
14	32	7	11	2
14	33	4	4	5049/5992
14	33	6	6	5049/5992
14	34	4	4	25492401/35904064
14	34	6	6	25492401/35904064
14	35	4	4	128711132649/215137151488
14	35	6	6	128711132649/215137151488
14	36	4	4	649862508744801/1289101811716096
14	36	6	6	649862508744801/1289101811716096
14	37	4	4	3281155806652500249/7724298055802847232
14	37	6	6	3281155806652500249/7724298055802847232
14	38	2	2	1
14	38	2	7	2
14	38	2	10	2
14	38	2	11	2
14	38	3	3	1
14	38	3	7	2
14	38	3	10	2
14	38	3	11	2
14	39	2	2	1683/1876
14	39	3	3	1683/1876
14	40	2	2	2832489/3519376
14	40	3	3	2832489/3519376
14	41	2	2	4767078987/6602349376
14	41	3	3	4767078987/6602349376
14	42	2	2	8022993935121/12386007429376
14	42	3	3	8022993935121/12386007429376
14	43	2	2	13502698792808643/23236149937509376
14	43	3	3	13502698792808643/23236149937509376
14	86	9	9	1
14	86	9	12	2
14	86	9	19	2
14	86	9	20	2
14	86	12	12	1
14	86	12	19	2
14	86	12	20	2
14	86	19	19	1
14	86	19	20	2
14	86	20	20	1
15	14	2	5	2
15	14	4	5	2
15	15	2	4	864/2065
15	15	3	4	864/2065
15	16	2	4	86508/4264225
15	16	3	4	86508/4264225
15	17	2	4	-210371904/8805624625
15	17	3	4	-210371904/8805624625
15	18	2	4	-27590999544/3636722970125
15	18	3	4	-27590999544/3636722970125
15	19	2	4	43998417039744/37549164666540625
15	19	3	4	43998417039744/37549164666540625
15	20	1	4	2
15	20	2	2	1
15	20	2	4	2
15	20	3	3	1
15	20	3	4	2
15	21	1	4	864/1505
15	21	2	2	783/6020
15	21	2	4	-513/1505
15	21	3	3	783/6020
15	21	3	4	-513/1505
15	22	1	4	216513/2265025
15	22	2	2	-640791/36240400
15	22	2	4	-50301/4530050
15	22	3	3	-640791/36240400
15	22	3	4	-50301/4530050
15	23	1	4	-5983632/486980375
15	23	2	2	-352187919/31166744000
15	23	2	4	347424633/13635450500
15	23	3	3	-352187919/31166744000
15	23	3	4	347424633/13635450500
15	24	1	4	-28778061591/2052135300250
15	24	2	2	20550292029/262673318432000
15	24	2	4	-30901699827/8208541201000
15	24	3	3	20550292029/262673318432000
15	24	3	4	-30901699827/8208541201000
15	25	1	4	-23044459433256/7721159067190625
15	25	2	2	11263490641722303/7906466884803200000
15	25	2	4	-307973159395353/123538545075050000
15	25	3	3	11263490641722303/7906466884803200000
15	25	3	4	-307973159395353/123538545075050000
15	32	3	9	2
15	32	9	9	1
15	32	9	10	2
15	32	9	11	2
15	33	8	8	621/749
15	34	8	8	385641/561001
15	35	8	8	239483061/420189749
15	36	8	8	148718980881/314722122001
15	37	8	8	92354487127101/235726869378749
15	38	6	6	1
15	38	6	7	2
15	38	6	10	2
15	38	6	11	2
15	38	7	8	2
15	38	8	8	1
15	38	8	10	2
15	38	8	11	2
15	39	6	6	414/469
15	39	7	7	414/469
15	40	6	6	171396/219961
15	40	7	7	171396/219961
15	41	6	6	70957944/103161709
15	41	7	7	70957944/103161709
15	42	6	6	29376588816/48382841521
15	42	7	7	29376588816/48382841521
15	43	6	6	12161907769824/22691552673349
15	43	7	7	12161907769824/22691552673349
15	44	2	2	1/3
15	44	2	9	2/3
15	44	2	10	2/3
15	44	2	11	2/3
15	44	3	3	1/3
15	44	3	9	2/3
15	44	3	10	2/3
15	44	3	11	2/3
15	44	5	5	1/3
15	44	5	9	2/3
15	44	5	10	2/3
15	44	5	11	2/3
15	45	2	2	69/238
15	45	3	3	69/238
15	45	5	5	69/238
15	46	2	2	14283/56644
15	46	3	3	14283/56644
15	46	5	5	14283/56644
15	47	2	2	2956581/13481272
15	47	3	3	2956581/13481272
15	47	5	5	2956581/13481272
15	48	2	2	612012267/3208542736
15	48	3	3	612012267/3208542736
15	48	5	5	612012267/3208542736
15	49	2	2	126686539269/763633171168
15	49	3	3	126686539269/763633171168
15	49	5	5	126686539269/763633171168
15	92	11	11	1
15	92	11	18	2
15	92	11	19	2
15	92	11	20	2
15	92	18	18	1
15	92	18	19	2
15	92	18	20	2
15	92	19	19	1
15	92	19	20	2
15	92	20	20	1
16	14	5	5	4
16	15	4	4	-2322/2065
16	16	4	4	3852036/19615435
16	17	4	4	2451930993/202529366375
16	18	4	4	-228939405679962/10455578539109375
16	19	4	4	24496846085585961/4318153936652171875
16	20	2	3	8
16	21	2	3	3888/1505
16	22	2	3	12249387/20838230
16	23	2	3	2405833407/78403840375
16	24	2	3	-4363960047506253/94398223811500000
16	25	2	3	-299223141911815959/14206932683630750000
16	38	4	4	4
16	38	4	7	8
16	38	4	10	8
16	38	4	11	8
16	39	4	4	1053/335
16	40	4	4	1108809/448900
16	41	4	4	1167575877/601526000
16	42	4	4	1229457398481/806044840000
16	43	4	4	1294618640600493/1080100085600000
16	98	9	9	1
16	98	9	16	2
16	98	9	19	2
16	98	9	20	2
16	98	16	16	1
16	98	16	19	2
16	98	16	20	2
16	98	19	19	1
16	98	19	20	2
16	98	20	20	1
17	14	5	5	2
17	15	4	4	432/2065
17	16	4	4	-4305474/98077175
17	17	4	4	-3717095184/202529366375
17	18	4	4	791510156406/418223141564375
17	19	4	4	2068672279724496/863630787330434375
17	20	2	4	4
17	20	3	4	4
17	20	4	4	2
17	21	2	4	1296/1505
17	21	3	4	1296/1505
17	21	4	4	-729/1505
17	22	2	4	2604717/52095575
17	22	3	4	2604717/52095575
17	22	4	4	2585034/52095575
17	23	2	4	-3726464292/78403840375
17	23	3	4	-3726464292/78403840375
17	23	4	4	3257201889/156807680750
17	24	2	4	-7744836902157/471991119057500
17	24	3	4	-7744836902157/471991119057500
17	24	4	4	-1253047001589/117997779764375
17	25	2	4	347224451004783/177586658545384375
17	25	3	4	347224451004783/177586658545384375
17	25	4	4	103839926246181/355173317090768750
17	38	7	9	4
17	38	9	9	2
17	38	9	10	4
17	38	9	11	4
17	39	8	8	810/469
17	40	8	8	328050/219961
17	41	8	8	132860250/103161709
17	42	8	8	53808401250/48382841521
17	43	8	8	21792402506250/22691552673349
17	44	4	4	2/3
17	44	4	9	4/3
17	44	4	10	4/3
17	44	4	11	4/3
17	44	6	6	2/3
17	44	6	9	4/3
17	44	6	10	4/3
17	44	6	11	4/3
17	44	7	7	2/3
17	44	7	9	4/3
17	44	7	10	4/3
17	44	7	11	4/3
17	45	4	4	135/238
17	45	6	6	135/238
17	45	7	7	135/238
17	46	4	4	54675/113288
17	46	6	6	54675/113288
17	46	7	7	54675/113288
17	47	4	4	22143375/53925088
17	47	6	6	22143375/53925088
17	47	7	7	22143375/53925088
17	48	4	4	8968066875/25668341888
17	48	6	6	8968066875/25668341888
17	48	7	7	8968066875/25668341888
17	49	4	4	3632067084375/12218130738688
17	49	6	6	3632067084375/12218130738688
17	49	7	7	3632067084375/12218130738688
17	104	15	15	1
17	104	15	18	2
17	104	15	19	2
17	104	15	20	2
17	104	18	18	1
17	104	18	19	2
17	104	18	20	2
17	104	19	19	1
17	104	19	20	2
17	104	20	20	1
18	20	4	4	12
18	21	4	4	2592/1505
18	22	4	4	-1863324/10419115
18	23	4	4	-1657151136/11200548625
18	24	4	4	-17160610401756/2949944494109375
18	25	4	4	16063999023410784/887933292726921875
18	44	8	8	4
18	44	8	9	8
18	44	8	10	8
18	44	8	11	8
18	45	8	8	2124/595
18	46	8	8	1127844/354025
18	47	8	8	598885164/210644875
18	48	8	8	318008022084/125333700625
18	49	8	8	168862259726604/74573551871875
18	110	17	17	1
18	110	17	18	2
18	110	17	19	2
18	110	17	20	2
18	110	18	18	1
18	110	18	19	2
18	110	18	20	2
18	110	19	19	1
18	110	19	20	2
18	110	20	20	1
19	26	1	1	20
19	27	1	1	-297/56
19	28	1	1	73629/98560
19	29	1	1	10648503/70246400
19	30	1	1	-103433830389/865435648000
19	31	1	1	1539192904983/88117084160000
19	50	1	1	5
19	50	1	3	10
19	50	1	6	10
19	50	1	11	10
19	50	1	20	10
19	51	1	1	1053/259
19	52	1	1	1108809/335405
19	53	1	1	1167575877/434349475
19	54	1	1	1229457398481/562482570125
19	55	1	1	1294618640600493/728414928311875
20	26	1	1	2
20	26	1	2	4
20	26	1	4	4
20	26	1	7	4
20	27	1	1	27/112
20	27	1	2	-99/140
20	27	1	3	-99/140
20	27	1	5	-99/140
20	28	1	1	-289413/6899200
20	28	1	2	-14661/862400
20	28	1	3	-14661/862400
20	28	1	5	-14661/862400
20	29	1	1	-34268103/1545420800
20	29	1	2	467289/8780800
20	29	1	3	467289/8780800
20	29	1	5	467289/8780800
20	30	1	1	10081967211/8654356480000
20	30	1	2	-19164681/2163589120
20	30	1	3	-19164681/2163589120
20	30	1	5	-19164681/2163589120
20	31	1	1	1157540676597/387715170304000
20	31	1	2	-70221720339/13768294400000
20	31	1	3	-70221720339/13768294400000
20	31	1	5	-70221720339/13768294400000
20	32	1	1	6
20	33	1	1	-5346/3745
20	34	1	1	76901481/617101100
20	35	1	1	610625709/8403794980
20	36	1	1	-361265860927773/11078218694435200
20	37	1	1	-77646584665030023/94290747751499600000
20	50	2	2	1/2
20	50	2	3	1
20	50	2	6	1
20	50	2	11	1
20	50	2	20	1
20	50	3	4	1
20	50	3	7	1
20	50	3	12	1
20	50	4	4	1/2
20	50	4	6	1
20	50	4	11	1
20	50	4	20	1
20	50	6	7	1
20	50	6	12	1
20	50	7	7	1/2
20	50	7	11	1
20	50	7	20	1
20	50	11	12	1
20	50	12	12	1/2
20	50	12	20	1
20	51	2	2	81/185
20	51	3	3	81/185
20	51	5	5	81/185
20	51	9	9	81/185
20	52	2	2	13122/34225
20	52	3	3	13122/34225
20	52	5	5	13122/34225
20	52	9	9	13122/34225
20	53	2	2	2125764/6331625
20	53	3	3	2125764/6331625
20	53	5	5	2125764/6331625
20	53	9	9	2125764/6331625
20	54	2	2	344373768/1171350625
20	54	3	3	344373768/1171350625
20	54	5	5	344373768/1171350625
20	54	9	9	344373768/1171350625
20	55	2	2	55788550416/216699865625
20	55	3	3	55788550416/216699865625
20	55	5	5	55788550416/216699865625
20	55	9	9	55788550416/216699865625
20	56	1	1	3
20	56	1	3	6
20	56	1	6	6
20	56	1	19	6
20	56	1	20	6
20	57	1	1	2187/850
20	58	1	1	1594323/722500
20	59	1	1	1162261467/614125000
20	60	1	1	847288609443/522006250000
20	61	1	1	617673396283947/443705312500000
21	26	1	2	4/3
21	26	1	4	4/3
21	26	1	5	4/3
21	26	1	7	4/3
21	26	1	8	4/3
21	26	1	9	4/3
21	26	2	2	2/3
21	26	4	4	2/3
21	26	7	7	2/3
21	27	1	2	39/140
21	27	1	3	39/140
21	27	1	4	-33/280
21	27	1	5	39/140
21	27	1	6	-33/280
21	27	1	7	-33/280
21	27	2	2	-23/140
21	27	3	3	-23/140
21	27	5	5	-23/140
21	28	1	2	1431/123200
21	28	1	3	1431/123200
21	28	1	4	-124767/3449600
21	28	1	5	1431/123200
21	28	1	6	-124767/3449600
21	28	1	7	-124767/3449600
21	28	2	2	1059/61600
21	28	3	3	1059/61600
21	28	5	5	1059/61600
21	29	1	2	-1645839/96588800
21	29	1	3	-1645839/96588800
21	29	1	4	160623/14049280
21	29	1	5	-1645839/96588800
21	29	1	6	160623/14049280
21	29	1	7	160623/14049280
21	29	2	2	34983/4829440
21	29	3	3	34983/4829440
21	29	5	5	34983/4829440
21	30	1	2	-11217123/2163589120
21	30	1	3	-11217123/2163589120
21	30	1	4	58692519/24726732800
21	30	1	5	-11217123/2163589120
21	30	1	6	58692519/24726732800
21	30	1	7	58692519/24726732800
21	30	2	2	-5125707/1352243200
21	30	3	3	-5125707/1352243200
21	30	5	5	-5125707/1352243200
21	31	1	2	145116913149/151451238400000
21	31	1	3	145116913149/151451238400000
21	31	1	4	-733034502513/440585420800000
21	31	1	5	145116913149/151451238400000
21	31	1	6	-733034502513/440585420800000
21	31	1	7	-733034502513/440585420800000
21	31	2	2	1157461407/9465702400000
21	31	3	3	1157461407/9465702400000
21	31	5	5	1157461407/9465702400000
21	32	1	4	4
21	32	1	6	4
21	33	1	3	-2673/3745
21	33	1	5	-2673/3745
21	34	1	3	-8457129/617101100
21	34	1	5	-8457129/617101100
21	35	1	3	253497357/4802168560
21	35	1	5	253497357/4802168560
21	36	1	3	-51032791726641/5539109347217600
21	36	1	5	-51032791726641/5539109347217600
21	37	1	3	-926854145903120373/188581495502999200000
21	37	1	5	-926854145903120373/188581495502999200000
21	38	1	1	2
21	39	1	1	-297/670
21	40	1	1	11205459/483914200
21	41	1	1	66390759/2357981920
21	42	1	1	-16270672589181/1703076021539200
21	43	1	1	-7708583111568777/5186640611051200000
21	50	3	5	1/3
21	50	3	8	1/3
21	50	3	9	1/3
21	50	3	13	1/3
21	50	3	14	1/3
21	50	3	16	1/3
21	50	5	5	1/6
21	50	5	6	1/3
21	50	5	11	1/3
21	50	5	20	1/3
21	50	6	8	1/3
21	50	6	9	1/3
21	50	6	13	1/3
21	50	6	14	1/3
21	50	6	16	1/3
21	50	8	8	1/6
21	50	8	11	1/3
21	50	8	20	1/3
21	50	9	9	1/6
21	50	9	11	1/3
21	50	9	20	1/3
21	50	11	13	1/3
21	50	11	14	1/3
21	50	11	16	1/3
21	50	13	13	1/6
21	50	13	20	1/3
21	50	14	14	1/6
21	50	14	20	1/3
21	50	16	16	1/6
21	50	16	20	1/3
21	51	4	4	186/1295
21	51	6	6	186/1295
21	51	7	7	186/1295
21	51	10	10	186/1295
21	51	11	11	186/1295
21	51	13	13	186/1295
21	52	4	4	207576/1677025
21	52	6	6	207576/1677025
21	52	7	7	207576/1677025
21	52	10	10	207576/1677025
21	52	11	11	207576/1677025
21	52	13	13	207576/1677025
21	53	4	4	231654816/2171747375
21	53	6	6	231654816/2171747375
21	53	7	7	231654816/2171747375
21	53	10	10	231654816/2171747375
21	53	11	11	231654816/2171747375
21	53	13	13	231654816/2171747375
21	54	4	4	258526774656/2812412850625
21	54	6	6	258526774656/2812412850625
21	54	7	7	258526774656/2812412850625
21	54	10	10	258526774656/2812412850625
21	54	11	11	258526774656/2812412850625
21	54	13	13	258526774656/2812412850625
21	55	4	4	288515880516096/3642074641559375
21	55	6	6	288515880516096/3642074641559375
21	55	7	7	288515880516096/3642074641559375
21	55	10	10	288515880516096/3642074641559375
21	55	11	11	288515880516096/3642074641559375
21	55	13	13	288515880516096/3642074641559375
21	56	3	7	2
21	56	3	11	2
21	56	6	7	2
21	56	6	11	2
21	56	7	7	1
21	56	7	19	2
21	56	7	20	2
21	56	11	11	1
21	56	11	19	2
21	56	11	20	2
21	57	5	5	2511/2975
21	57	9	9	2511/2975
21	58	5	5	6305121/8850625
21	58	9	9	6305121/8850625
21	59	5	5	15832158831/26330609375
21	59	9	9	15832158831/26330609375
21	60	5	5	39754550824641/78333562890625
21	60	9	9	39754550824641/78333562890625
21	61	5	5	99823677120673551/233042349599609375
21	61	9	9	99823677120673551/233042349599609375
21	62	1	1	2
21	62	1	3	4
21	62	1	14	4
21	62	1	19	4
21	62	1	20	4
21	63	1	1	20088/11375
21	64	1	1	201763872/129390625
21	65	1	1	2026516330368/1471818359375
21	66	1	1	20354330022216192/16741933837890625
21	67	1	1	204438890743139432448/190439497406005859375
22	26	1	5	2
22	26	1	8	2
22	26	1	9	2
22	26	1	10	2
22	27	1	4	333/560
22	27	1	6	333/560
22	27	1	7	333/560
22	28	1	4	788211/6899200
22	28	1	6	788211/6899200
22	28	1	7	788211/6899200
22	28	1	8	-26973/431200
22	29	1	4	-998001/309084160
22	29	1	6	-998001/309084160
22	29	1	7	-998001/309084160
22	30	1	4	-601794603/49453465600
22	30	1	6	-601794603/49453465600
22	30	1	7	-601794603/49453465600
22	30	1	8	727542729/135224320000
22	31	1	4	-36792401672097/9692879257600000
22	31	1	6	-36792401672097/9692879257600000
22	31	1	7	-36792401672097/9692879257600000
22	32	4	4	3
22	32	6	6	3
22	33	3	3	-25029/29960
22	33	5	5	-25029/29960
22	34	3	3	1361886453/9873617600
22	34	5	5	1361886453/9873617600
22	35	3	3	169634372877/11832543331840
22	35	5	5	169634372877/11832543331840
22	36	3	3	-573740171111673/32227545292902400
22	36	5	5	-573740171111673/32227545292902400
22	37	3	3	1056731546591081688141/265522745668222873600000
22	37	5	5	1056731546591081688141/265522745668222873600000
22	38	1	5	6
22	39	1	5	-2673/2345
22	40	1	5	3601989/241957100
22	41	1	5	304515693/4126468360
22	42	1	5	-4188402906579/243296574505600
22	43	1	5	-97357655826635103/18153242138679200000
22	50	3	10	1/2
22	50	3	15	1/2
22	50	3	17	1/2
22	50	3	18	1/2
22	50	6	10	1/2
22	50	6	15	1/2
22	50	6	17	1/2
22	50	6	18	1/2
22	50	10	10	1/4
22	50	10	11	1/2
22	50	10	20	1/2
22	50	11	15	1/2
22	50	11	17	1/2
22	50	11	18	1/2
22	50	15	15	1/4
22	50	15	20	1/2
22	50	17	17	1/4
22	50	17	20	1/2
22	50	18	18	1/4
22	50	18	20	1/2
22	51	8	8	27/140
22	51	12	12	27/140
22	51	14	14	27/140
22	51	15	15	27/140
22	52	8	8	729/4900
22	52	12	12	729/4900
22	52	14	14	729/4900
22	52	15	15	729/4900
22	53	8	8	19683/171500
22	53	12	12	19683/171500
22	53	14	14	19683/171500
22	53	15	15	19683/171500
22	54	8	8	531441/6002500
22	54	12	12	531441/6002500
22	54	14	14	531441/6002500
22	54	15	15	531441/6002500
22	55	8	8	14348907/210087500
22	55	12	12	14348907/210087500
22	55	14	14	14348907/210087500
22	55	15	15	14348907/210087500
22	62	3	10	6
22	62	10	10	3
22	62	10	14	6
22	62	10	19	6
22	62	10	20	6
22	63	9	9	26973/11375
22	64	9	9	242514243/129390625
22	65	9	9	2180445558813/1471818359375
22	66	9	9	19604386019287683/16741933837890625
22	67	9	9	176263034699415557853/190439497406005859375
22	68	1	1	1
22	68	1	11	2
22	68	1	14	2
22	68	1	19	2
22	68	1	20	2
22	69	1	1	999/1120
22	70	1	1	998001/1254400
22	71	1	1	997002999/1404928000
22	72	1	1	996005996001/1573519360000
22	73	1	1	995009990004999/1762341683200000
23	26	1	10	8
23	27	1	8	108/35
23	28	1	8	2187/2200
23	29	1	8	1751787/7546000
23	30	1	8	514966329/33806080000
23	31	1	8	-4032042867/215129600000
23	38	5	5	12
23	39	5	5	-9234/2345
23	40	5	5	16868331/17282650
23	41	5	5	-64007285481/567389399500
23	42	5	5	-898371163179117/21288450269240000
23	43	5	5	2842296387890331843/99842831762735600000
23	50	3	19	2
23	50	6	19	2
23	50	11	19	2
23	50	19	19	1
23	50	19	20	2
23	51	16	16	783/1295
23	52	16	16	613089/1677025
23	53	16	16	480048687/2171747375
23	54	16	16	375878121921/2812412850625
23	55	16	16	294312569464143/3642074641559375
23	68	9	9	4
23	68	9	11	8
23	68	9	14	8
23	68	9	19	8
23	68	9	20	8
23	69	9	9	783/280
23	70	9	9	613089/313600
23	71	9	9	480048687/351232000
23	72	9	9	375878121921/393379840000
23	73	9	9	294312569464143/440585420800000
24	26	2	2	2
24	26	4	4	2
24	26	7	7	2
24	27	2	2	39/140
24	27	3	3	39/140
24	27	5	5	39/140
24	28	2	2	-15021/431200
24	28	3	3	-15021/431200
24	28	5	5	-15021/431200
24	29	2	2	-122499/4829440
24	29	3	3	-122499/4829440
24	29	5	5	-122499/4829440
24	30	2	2	-44631/122931200
24	30	3	3	-44631/122931200
24	30	5	5	-44631/122931200
24	31	2	2	31306735629/9465702400000
24	31	3	3	31306735629/9465702400000
24	31	5	5	31306735629/9465702400000
24	32	1	8	12
24	33	1	7	-5346/3745
24	34	1	7	-42600573/154275275
24	35	1	7	2919205413/21009487450
24	36	1	7	35011333080/3461943342011
24	37	1	7	-29297858185654677/1473292933617181250
24	44	1	1	2
24	45	1	1	-99/238
24	46	1	1	266247/31154200
24	47	1	1	41326281/1348127200
24	48	1	1	-1435581501129/176469850480000
24	49	1	1	-3751029325539/1527266342336000
24	56	3	15	6
24	56	6	15	6
24	56	15	15	3
24	56	15	19	6
24	56	15	20	6
24	57	13	13	1134/425
24	58	13	13	428652/180625
24	59	13	13	162030456/76765625
24	60	13	13	61247512368/32625390625
24	61	13	13	23151559675104/13865791015625
24	74	1	1	2
24	74	1	3	4
24	74	1	18	4
24	74	1	19	4
24	74	1	20	4
24	75	1	1	2268/1255
24	76	1	1	2571912/1575025
24	77	1	1	2916548208/1976656375
24	78	1	1	3307365667872/2480703750625
24	79	1	1	3750552667366848/3113283207034375
25	26	2	4	8/3
25	26	2	7	8/3
25	26	4	7	8/3
25	27	2	3	-11/35
25	27	2	5	-11/35
25	27	3	5	-11/35
25	28	2	3	-6663/107800
25	28	2	5	-6663/107800
25	28	3	5	-6663/107800
25	29	2	3	3357/109760
25	29	2	5	3357/109760
25	29	3	5	3357/109760
25	30	2	3	795393/338060800
25	30	2	5	795393/338060800
25	30	3	5	795393/338060800
25	31	2	3	-942354891/215129600000
25	31	2	5	-942354891/215129600000
25	31	3	5	-942354891/215129600000
25	32	1	1	4
25	32	1	2	8
25	33	1	1	2214/3745
25	33	1	2	-4752/3745
25	34	1	1	-196101/3148475
25	34	1	2	-15128208/154275275
25	35	1	1	-2470236183/46220872390
25	35	1	2	1160824608/10504743725
25	36	1	1	-798894529101/346194334201100
25	36	1	2	-23047533288/2472816672865
25	37	1	1	442741735275831297/64824889079155975000
25	37	1	2	-9785289014297712/736646466808590625
25	56	2	2	2
25	56	2	3	4
25	56	2	6	4
25	56	2	19	4
25	56	2	20	4
25	56	3	4	4
25	56	4	4	2
25	56	4	6	4
25	56	4	19	4
25	56	4	20	4
25	57	2	2	5328/2975
25	57	3	3	5328/2975
25	58	2	2	14193792/8850625
25	58	3	3	14193792/8850625
25	59	2	2	37812261888/26330609375
25	59	3	3	37812261888/26330609375
25	60	2	2	100731865669632/78333562890625
25	60	3	3	100731865669632/78333562890625
25	61	2	2	268349690143899648/233042349599609375
25	61	3	3	268349690143899648/233042349599609375
25	80	1	1	1
25	80	1	9	2
25	80	1	10	2
25	80	1	13	2
25	80	1	20	2
25	81	1	1	999/1120
25	82	1	1	998001/1254400
25	83	1	1	997002999/1404928000
25	84	1	1	996005996001/1573519360000
25	85	1	1	995009990004999/1762341683200000
26	26	2	4	2/3
26	26	2	5	2/3
26	26	2	7	2/3
26	26	2	8	2/3
26	26	4	5	2/3
26	26	4	7	2/3
26	26	4	9	2/3
26	26	7	8	2/3
26	26	7	9	2/3
26	27	2	3	5/28
26	27	2	4	-1/8
26	27	2	5	5/28
26	27	2	6	-1/8
26	27	3	4	-1/8
26	27	3	5	5/28
26	27	3	7	-1/8
26	27	5	6	-1/8
26	27	5	7	-1/8
26	28	2	3	39/1568
26	28	2	4	3/6272
26	28	2	5	39/1568
26	28	2	6	3/6272
26	28	3	4	3/6272
26	28	3	5	39/1568
26	28	3	7	3/6272
26	28	5	6	3/6272
26	28	5	7	3/6272
26	29	2	3	-495/87808
26	29	2	4	855/100352
26	29	2	5	-495/87808
26	29	2	6	855/100352
26	29	3	4	855/100352
26	29	3	5	-495/87808
26	29	3	7	855/100352
26	29	5	6	855/100352
26	29	5	7	855/100352
26	30	2	3	-21033/4917248
26	30	2	4	-145125/78675968
26	30	2	5	-21033/4917248
26	30	2	6	-145125/78675968
26	30	3	4	-145125/78675968
26	30	3	5	-21033/4917248
26	30	3	7	-145125/78675968
26	30	5	6	-145125/78675968
26	30	5	7	-145125/78675968
26	31	2	3	-159975/275365888
26	31	2	4	-855441/1258815488
26	31	2	5	-159975/275365888
26	31	2	6	-855441/1258815488
26	31	3	4	-855441/1258815488
26	31	3	5	-159975/275365888
26	31	3	7	-855441/1258815488
26	31	5	6	-855441/1258815488
26	31	5	7	-855441/1258815488
26	32	1	4	2
26	32	1	5	2
26	32	1	6	2
26	32	1	7	2
26	32	4	6	2
26	33	1	3	621/1498
26	33	1	4	-297/1498
26	33	1	5	621/1498
26	33	1	6	-297/1498
26	33	3	5	-513/2996
26	34	1	3	73629/4488008
26	34	1	4	-223803/4488008
26	34	1	5	73629/4488008
26	34	1	6	-223803/4488008
26	34	3	5	-140697/2564576
26	35	1	3	-341795295/13446071968
26	35	1	4	251804619/13446071968
26	35	1	5	-341795295/13446071968
26	35	1	6	251804619/13446071968
26	35	3	5	1785740175/107568575744
26	36	1	3	-43644592125/5754918802304
26	36	1	4	15766260147/5754918802304
26	36	1	5	-43644592125/5754918802304
26	36	1	6	15766260147/5754918802304
26	36	3	5	2382038136225/644550905858048
26	37	1	3	176398618229361/120692157121919488
26	37	1	4	-318128914000557/120692157121919488
26	37	1	5	176398618229361/120692157121919488
26	37	1	6	-318128914000557/120692157121919488
26	37	3	5	-9337682364911073/3862149027901423616
26	38	1	2	2
26	38	1	3	2
26	39	1	2	-297/938
26	39	1	3	-297/938
26	40	1	2	-42039/1759688
26	40	1	3	-42039/1759688
26	41	1	2	89852895/3301174688
26	41	1	3	89852895/3301174688
26	42	1	2	-14500958175/6193003714688
26	42	1	3	-14500958175/6193003714688
26	43	1	2	-37467386067177/11618074968754688
26	43	1	3	-37467386067177/11618074968754688
26	56	3	8	1
26	56	3	9	1
26	56	3	12	1
26	56	3	13	1
26	56	6	8	1
26	56	6	9	1
26	56	6	12	1
26	56	6	13	1
26	56	8	8	1/2
26	56	8	19	1
26	56	8	20	1
26	56	9	9	1/2
26	56	9	19	1
26	56	9	20	1
26	56	12	12	1/2
26	56	12	19	1
26	56	12	20	1
26	56	13	13	1/2
26	56	13	19	1
26	56	13	20	1
26	57	6	6	99/238
26	57	7	7	99/238
26	57	10	10	99/238
26	57	11	11	99/238
26	58	6	6	9801/28322
26	58	7	7	9801/28322
26	58	10	10	9801/28322
26	58	11	11	9801/28322
26	59	6	6	970299/3370318
26	59	7	7	970299/3370318
26	59	10	10	970299/3370318
26	59	11	11	970299/3370318
26	60	6	6	96059601/401067842
26	60	7	7	96059601/401067842
26	60	10	10	96059601/401067842
26	60	11	11	96059601/401067842
26	61	6	6	9509900499/47727073198
26	61	7	7	9509900499/47727073198
26	61	10	10	9509900499/47727073198
26	61	11	11	9509900499/47727073198
26	62	3	4	2
26	62	3	6	2
26	62	4	4	1
26	62	4	14	2
26	62	4	19	2
26	62	4	20	2
26	62	6	6	1
26	62	6	14	2
26	62	6	19	2
26	62	6	20	2
26	63	3	3	396/455
26	63	5	5	396/455
26	64	3	3	156816/207025
26	64	5	5	156816/207025
26	65	3	3	62099136/94196375
26	65	5	5	62099136/94196375
26	66	3	3	24591257856/42859350625
26	66	5	5	24591257856/42859350625
26	67	3	3	9738138110976/19501004534375
26	67	5	5	9738138110976/19501004534375
26	86	1	1	1
26	86	1	9	2
26	86	1	12	2
26	86	1	19	2
26	86	1	20	2
26	87	1	1	108/119
26	88	1	1	11664/14161
26	89	1	1	1259712/1685159
26	90	1	1	136048896/200533921
26	91	1	1	14693280768/23863536599
27	26	2	5	2/3
27	26	2	8	2/3
27	26	4	5	2/3
27	26	4	9	2/3
27	26	7	8	2/3
27	26	7	9	2/3
27	27	2	4	37/280
27	27	2	6	37/280
27	27	3	4	37/280
27	27	3	7	37/280
27	27	5	6	37/280
27	27	5	7	37/280
27	28	2	4	5793/1724800
27	28	2	6	5793/1724800
27	28	3	4	5793/1724800
27	28	3	7	5793/1724800
27	28	5	6	5793/1724800
27	28	5	7	5793/1724800
27	29	2	4	-46287/5519360
27	29	2	6	-46287/5519360
27	29	3	4	-46287/5519360
27	29	3	7	-46287/5519360
27	29	5	6	-46287/5519360
27	29	5	7	-46287/5519360
27	30	2	4	-47662047/21635891200
27	30	2	6	-47662047/21635891200
27	30	3	4	-47662047/21635891200
27	30	3	7	-47662047/21635891200
27	30	5	6	-47662047/21635891200
27	30	5	7	-47662047/21635891200
27	31	2	4	168802821207/302902476800000
27	31	2	6	168802821207/302902476800000
27	31	3	4	168802821207/302902476800000
27	31	3	7	168802821207/302902476800000
27	31	5	6	168802821207/302902476800000
27	31	5	7	168802821207/302902476800000
27	32	1	8	2
27	32	1	9	2
27	32	4	4	1
27	32	4	8	2
27	32	6	6	1
27	32	6	8	2
27	33	1	7	1998/3745
27	33	1	8	-297/3745
27	33	3	3	459/4280
27	33	3	7	-2781/7490
27	33	5	5	459/4280
27	33	5	7	-2781/7490
27	34	1	7	6450921/88157300
27	34	1	8	-5818149/88157300
27	34	3	3	-227784069/9873617600
27	34	3	7	-261711/1234202200
27	34	5	5	-227784069/9873617600
27	34	5	7	-261711/1234202200
27	35	1	7	-8027731233/462208723900
27	35	1	8	136147311/16807589960
27	35	3	3	-16716161727/1690363333120
27	35	3	7	19014506271/739533958240
27	35	5	5	-16716161727/1690363333120
27	35	5	7	19014506271/739533958240
27	36	1	7	-5680848666879/443128747777408
27	36	1	8	65649634272729/11078218694435200
27	36	3	3	366319612934739/354502998221926400
27	36	3	7	-264534855129/49456333457300
27	36	5	5	366319612934739/354502998221926400
27	36	5	7	-264534855129/49456333457300
27	37	1	7	-1717241695485757101/1037198225266495600000
27	37	1	8	-237678671860166007/188581495502999200000
27	37	3	3	51213656788657168329/37931820809746124800000
27	37	3	7	-199776686694049809/94290747751499600000
27	37	5	5	51213656788657168329/37931820809746124800000
27	37	5	7	-199776686694049809/94290747751499600000
27	38	1	6	2
27	38	1	8	2
27	39	1	6	-594/2345
27	39	1	7	-594/2345
27	40	1	6	-5024511/120978550
27	40	1	7	-5024511/120978550
27	41	1	6	3523257/147373870
27	41	1	7	3523257/147373870
27	42	1	6	375008920641/425769005384800
27	42	1	7	375008920641/425769005384800
27	43	1	6	-7461331932633903/2269155267334900000
27	43	1	7	-7461331932633903/2269155267334900000
27	44	1	2	2/3
27	44	1	3	2/3
27	44	1	5	2/3
27	45	1	2	-66/595
27	45	1	3	-66/595
27	45	1	5	-66/595
27	46	1	2	-25461/4450600
27	46	1	3	-25461/4450600
27	46	1	5	-25461/4450600
27	47	1	2	3032397/337031800
27	47	1	3	3032397/337031800
27	47	1	5	3032397/337031800
27	48	1	2	-6176916873/5647035215360
27	48	1	3	-6176916873/5647035215360
27	48	1	5	-6176916873/5647035215360
27	49	1	2	-37314747748287/38181658558400000
27	49	1	3	-37314747748287/38181658558400000
27	49	1	5	-37314747748287/38181658558400000
27	56	3	16	1
27	56	3	17	1
27	56	6	16	1
27	56	6	17	1
27	56	16	16	1/2
27	56	16	19	1
27	56	16	20	1
27	56	17	17	1/2
27	56	17	19	1
27	56	17	20	1
27	57	14	14	4923/11900
27	57	15	15	4923/11900
27	58	14	14	24235929/70805000
27	58	15	15	24235929/70805000
27	59	14	14	119313478467/421289750000
27	59	15	15	119313478467/421289750000
27	60	14	14	587380254493041/2506674012500000
27	60	15	15	587380254493041/2506674012500000
27	61	14	14	2891672992869240843/14914710374375000000
27	61	15	15	2891672992869240843/14914710374375000000
27	62	3	12	2
27	62	3	15	2
27	62	12	12	1
27	62	12	14	2
27	62	12	19	2
27	62	12	20	2
27	62	14	15	2
27	62	15	15	1
27	62	15	19	2
27	62	15	20	2
27	63	11	11	9846/11375
27	63	13	13	9846/11375
27	64	11	11	96943716/129390625
27	64	13	13	96943716/129390625
27	65	11	11	954507827736/1471818359375
27	65	13	13	954507827736/1471818359375
27	66	11	11	9398084071888656/16741933837890625
27	66	13	13	9398084071888656/16741933837890625
27	67	11	11	92533535771815706976/190439497406005859375
27	67	13	13	92533535771815706976/190439497406005859375
27	74	3	4	2/3
27	74	3	6	2/3
27	74	3	10	2/3
27	74	4	4	1/3
27	74	4	18	2/3
27	74	4	19	2/3
27	74	4	20	2/3
27	74	6	6	1/3
27	74	6	18	2/3
27	74	6	19	2/3
27	74	6	20	2/3
27	74	10	10	1/3
27	74	10	18	2/3
27	74	10	19	2/3
27	74	10	20	2/3
27	75	3	3	4923/17570
27	75	5	5	4923/17570
27	75	9	9	4923/17570
27	76	3	3	72707787/308704900
27	76	5	5	72707787/308704900
27	76	9	9	72707787/308704900
27	77	3	3	1073821306203/5423945093000
27	77	5	5	1073821306203/5423945093000
27	77	9	9	1073821306203/5423945093000
27	78	3	3	15859266871312107/95298715284010000
27	78	5	5	15859266871312107/95298715284010000
27	78	9	9	15859266871312107/95298715284010000
27	79	3	3	234225512422408508283/1674398427540055700000
27	79	5	5	234225512422408508283/1674398427540055700000
27	79	9	9	234225512422408508283/1674398427540055700000
27	92	1	1	1
27	92	1	11	2
27	92	1	18	2
27	92	1	19	2
27	92	1	20	2
27	93	1	1	14769/16100
27	94	1	1	218123361/259210000
27	95	1	1	3221463918609/4173281000000
27	96	1	1	47577800613936321/67189824100000000
27	97	1	1	702676537267225524849/1081756168010000000000
28	26	2	9	4/3
28	26	4	8	4/3
28	26	5	7	4/3
28	27	2	7	-11/140
28	27	3	6	-11/140
28	27	4	5	-11/140
28	28	2	7	-37263/862400
28	28	3	6	-37263/862400
28	28	4	5	-37263/862400
28	29	2	7	14373/1756160
28	29	3	6	14373/1756160
28	29	4	5	14373/1756160
28	30	2	7	5778999/1545420800
28	30	3	6	5778999/1545420800
28	30	4	5	5778999/1545420800
28	31	2	7	-17813358891/13768294400000
28	31	3	6	-17813358891/13768294400000
28	31	4	5	-17813358891/13768294400000
28	32	1	2	4
28	32	2	2	2
28	32	2	4	4
28	32	2	6	4
28	33	1	2	486/535
28	33	2	2	-351/749
28	33	2	3	-1782/3745
28	33	2	5	-1782/3745
28	34	1	2	18959103/308550550
28	34	2	2	23064831/617101100
28	34	2	3	-27230337/308550550
28	34	2	5	-27230337/308550550
28	35	1	2	-3423011481/66029817700
28	35	2	2	23280639057/924417447800
28	35	2	3	377854551/8403794980
28	35	2	5	377854551/8403794980
28	36	1	2	-21890783395611/1107821869443520
28	36	2	2	-2940527930785839/276955467360880000
28	36	2	3	16217713430649/5539109347217600
28	36	2	5	16217713430649/5539109347217600
28	37	1	2	271226113492041423/148171175038070800000
28	37	2	2	-45282891586617711/82975858021319648000
28	37	2	3	-588125885110021701/94290747751499600000
28	37	2	5	-588125885110021701/94290747751499600000
28	38	1	1	2
28	39	1	1	1539/4690
28	40	1	1	-1608903/69130600
28	41	1	1	-5287660803/181564607840
28	42	1	1	-4818894943041/1703076021539200
28	43	1	1	1413540646273144629/399371327050942400000
28	56	3	5	2
28	56	5	5	1
28	56	5	6	2
28	56	5	19	2
28	56	5	20	2
28	57	4	4	5157/5950
28	58	4	4	26594649/35402500
28	59	4	4	137148604893/210644875000
28	60	4	4	707275355433201/1253337006250000
28	61	4	4	3647419007969017557/7457355187187500000
28	62	2	2	2
28	62	2	3	4
28	62	2	14	4
28	62	2	19	4
28	62	2	20	4
28	63	2	2	20628/11375
28	64	2	2	212757192/129390625
28	65	2	2	2194377678288/1471818359375
28	66	2	2	22632811373862432/16741933837890625
28	67	2	2	233434816510017123648/190439497406005859375
28	80	2	2	1/2
28	80	2	9	1
28	80	2	10	1
28	80	2	13	1
28	80	2	20	1
28	80	3	3	1/2
28	80	3	9	1
28	80	3	10	1
28	80	3	13	1
28	80	3	20	1
28	80	5	5	1/2
28	80	5	9	1
28	80	5	10	1
28	80	5	13	1
28	80	5	20	1
28	80	9	11	1
28	80	10	11	1
28	80	11	11	1/2
28	80	11	13	1
28	80	11	20	1
28	81	2	2	15471/35840
28	81	3	3	15471/35840
28	81	5	5	15471/35840
28	81	9	9	15471/35840
28	82	2	2	239351841/642252800
28	82	3	3	239351841/642252800
28	82	5	5	239351841/642252800
28	82	9	9	239351841/642252800
28	83	2	2	3703012332111/11509170176000
28	83	3	3	3703012332111/11509170176000
28	83	5	5	3703012332111/11509170176000
28	83	9	9	3703012332111/11509170176000
28	84	2	2	57289303790089281/206244329553920000
28	84	3	3	57289303790089281/206244329553920000
28	84	5	5	57289303790089281/206244329553920000
28	84	9	9	57289303790089281/206244329553920000
28	85	2	2	886322818936471266351/3695898385606246400000
28	85	3	3	886322818936471266351/3695898385606246400000
28	85	5	5	886322818936471266351/3695898385606246400000
28	85	9	9	886322818936471266351/3695898385606246400000
29	26	2	9	2/3
29	26	2	10	2/3
29	26	4	8	2/3
29	26	4	10	2/3
29	26	5	7	2/3
29	26	7	10	2/3
29	27	2	7	61/280
29	27	2	8	-3/35
29	27	3	6	61/280
29	27	3	8	-3/35
29	27	4	5	61/280
29	27	5	8	-3/35
29	28	2	7	86937/1724800
29	28	2	8	-1053/107800
29	28	3	6	86937/1724800
29	28	3	8	-1053/107800
29	28	4	5	86937/1724800
29	28	5	8	-1053/107800
29	29	2	7	15921/5519360
29	29	2	8	9963/1509200
29	29	3	6	15921/5519360
29	29	3	8	9963/1509200
29	29	4	5	15921/5519360
29	29	5	8	9963/1509200
29	30	2	7	-7739037/1966899200
29	30	2	8	-6561/67612160
29	30	3	6	-7739037/1966899200
29	30	3	8	-6561/67612160
29	30	4	5	-7739037/1966899200
29	30	5	8	-6561/67612160
29	31	2	7	-562615804449/302902476800000
29	31	2	8	-430447527/591606400000
29	31	3	6	-562615804449/302902476800000
29	31	3	8	-430447527/591606400000
29	31	4	5	-562615804449/302902476800000
29	31	5	8	-430447527/591606400000
29	32	1	5	2
29	32	1	7	2
29	32	4	5	2
29	32	6	7	2
29	33	1	4	4293/7490
29	33	1	6	4293/7490
29	33	3	4	-6561/14980
29	33	5	6	-6561/14980
29	34	1	4	125037351/1234202200
29	34	1	6	125037351/1234202200
29	34	3	4	23249997/705258400
29	34	5	6	23249997/705258400
29	35	1	4	-1042155801/147906791648
29	35	1	6	-1042155801/147906791648
29	35	3	4	120401678637/5916271665920
29	35	5	6	120401678637/5916271665920
29	36	1	4	-19118708486343/1582602670633600
29	36	1	6	-19118708486343/1582602670633600
29	36	3	4	-1429497371542941/177251499110963200
29	36	5	6	-1429497371542941/177251499110963200
29	37	1	4	-13038772918846774797/4148792901065982400000
29	37	1	6	-13038772918846774797/4148792901065982400000
29	37	3	4	-48074566332115303371/132761372834111436800000
29	37	5	6	-48074566332115303371/132761372834111436800000
29	38	1	5	2
29	38	2	2	1
29	38	2	5	2
29	38	3	3	1
29	38	3	5	2
29	39	1	5	918/2345
29	39	2	2	-2439/9380
29	39	2	5	-54/335
29	39	3	3	-2439/9380
29	39	3	5	-54/335
29	40	1	5	581013/60489275
29	40	2	2	33004179/967828400
29	40	2	5	-3268107/60489275
29	40	3	3	33004179/967828400
29	40	3	5	-3268107/60489275
29	41	1	5	-19742049/810556285
29	41	2	2	3108195747/363129215680
29	41	2	5	61430643/4052781425
29	41	3	3	3108195747/363129215680
29	41	3	5	61430643/4052781425
29	42	1	5	-669993514551/106442251346200
29	42	2	2	-20213997351741/3406152043078400
29	42	2	5	388330847433/106442251346200
29	42	3	3	-20213997351741/3406152043078400
29	42	3	5	388330847433/106442251346200
29	43	1	5	9940932483810039/6240176985170975000
29	43	2	2	549363220363564371/798742654101884800000
29	43	2	5	-1911949686312327/891453855024425000
29	43	3	3	549363220363564371/798742654101884800000
29	43	3	5	-1911949686312327/891453855024425000
29	56	3	10	1
29	56	3	14	1
29	56	6	10	1
29	56	6	14	1
29	56	10	10	1/2
29	56	10	19	1
29	56	10	20	1
29	56	14	14	1/2
29	56	14	19	1
29	56	14	20	1
29	57	8	8	2241/5950
29	57	12	12	2241/5950
29	58	8	8	5022081/17701250
29	58	12	12	5022081/17701250
29	59	8	8	11254483521/52661218750
29	59	12	12	11254483521/52661218750
29	60	8	8	25221297570561/156667125781250
29	60	12	12	25221297570561/156667125781250
29	61	8	8	56520927855627201/466084699199218750
29	61	12	12	56520927855627201/466084699199218750
29	62	3	11	2
29	62	11	11	1
29	62	11	14	2
29	62	11	19	2
29	62	11	20	2
29	63	10	10	8964/11375
29	64	10	10	80353296/129390625
29	65	10	10	720286945344/1471818359375
29	66	10	10	6456652178063616/16741933837890625
29	67	10	10	57877430124162253824/190439497406005859375
29	68	2	2	1/3
29	68	2	11	2/3
29	68	2	14	2/3
29	68	2	19	2/3
29	68	2	20	2/3
29	68	3	3	1/3
29	68	3	11	2/3
29	68	3	14	2/3
29	68	3	19	2/3
29	68	3	20	2/3
29	68	5	5	1/3
29	68	5	11	2/3
29	68	5	14	2/3
29	68	5	19	2/3
29	68	5	20	2/3
29	69	2	2	83/280
29	69	3	3	83/280
29	69	5	5	83/280
29	70	2	2	20667/78400
29	70	3	3	20667/78400
29	70	5	5	20667/78400
29	71	2	2	5146083/21952000
29	71	3	3	5146083/21952000
29	71	5	5	5146083/21952000
29	72	2	2	1281374667/6146560000
29	72	3	3	1281374667/6146560000
29	72	5	5	1281374667/6146560000
29	73	2	2	319062292083/1721036800000
29	73	3	3	319062292083/1721036800000
29	73	5	5	319062292083/1721036800000
29	86	5	5	1
29	86	5	9	2
29	86	5	12	2
29	86	5	19	2
29	86	5	20	2
29	86	9	10	2
29	86	10	10	1
29	86	10	12	2
29	86	10	19	2
29	86	10	20	2
29	87	5	5	26892/32725
29	87	9	9	26892/32725
29	88	5	5	723179664/1070925625
29	88	9	9	723179664/1070925625
29	89	5	5	19447747524288/35046041078125
29	89	9	9	19447747524288/35046041078125
29	90	5	5	522988826423152896/1146881694281640625
29	90	9	9	522988826423152896/1146881694281640625
29	91	5	5	14064215520171427679232/37531703445366689453125
29	91	9	9	14064215520171427679232/37531703445366689453125
30	26	2	10	4/3
30	26	4	10	4/3
30	26	7	10	4/3
30	27	2	8	12/35
30	27	3	8	12/35
30	27	5	8	12/35
30	28	2	8	243/4900
30	28	3	8	243/4900
30	28	5	8	243/4900
30	29	2	8	-243/34300
30	29	3	8	-243/34300
30	29	5	8	-243/34300
30	30	2	8	-19683/3073280
30	30	3	8	-19683/3073280
30	30	5	8	-19683/3073280
30	31	2	8	-14978763/13445600000
30	31	3	8	-14978763/13445600000
30	31	5	8	-14978763/13445600000
30	32	1	9	4
30	33	1	8	5184/3745
30	34	1	8	5080401/14025025
30	35	1	8	93533616/2100948745
30	36	1	8	-2162385067869/125888848800400
30	37	1	8	-9078551780077881/736646466808590625
30	38	5	5	2
30	38	5	6	4
30	38	5	8	4
30	39	5	5	54/469
30	39	5	6	-2052/2345
30	39	5	7	-2052/2345
30	40	5	5	-305451/5499025
30	40	5	6	368874/5499025
30	40	5	7	368874/5499025
30	41	5	5	-26709831/2579042725
30	41	5	6	102469698/2579042725
30	41	5	7	102469698/2579042725
30	42	5	5	992078647011/241914207605000
30	42	5	6	-15399565857/967656830420
30	42	5	7	-15399565857/967656830420
30	43	5	5	32055042119697/22691552673349000
30	43	5	6	-174011333176143/283644408416862500
30	43	5	7	-174011333176143/283644408416862500
30	44	2	2	2/3
30	44	3	3	2/3
30	44	5	5	2/3
30	45	2	2	-114/595
30	45	3	3	-114/595
30	45	5	5	-114/595
30	46	2	2	49059/1416100
30	46	3	3	49059/1416100
30	46	5	5	49059/1416100
30	47	2	2	60021/33703180
30	47	3	3	60021/33703180
30	47	5	5	60021/33703180
30	48	2	2	-2471618367/641708547200
30	48	3	3	-2471618367/641708547200
30	48	5	5	-2471618367/641708547200
30	49	2	2	10199283618753/9545414639600000
30	49	3	3	10199283618753/9545414639600000
30	49	5	5	10199283618753/9545414639600000
30	56	3	18	2
30	56	6	18	2
30	56	18	18	1
30	56	18	19	2
30	56	18	20	2
30	57	16	16	297/425
30	58	16	16	88209/180625
30	59	16	16	26198073/76765625
30	60	16	16	7780827681/32625390625
30	61	16	16	2310905821257/13865791015625
30	68	10	10	2/3
30	68	10	11	4/3
30	68	10	14	4/3
30	68	10	19	4/3
30	68	10	20	4/3
30	68	11	12	4/3
30	68	11	15	4/3
30	68	12	12	2/3
30	68	12	14	4/3
30	68	12	19	4/3
30	68	12	20	4/3
30	68	14	15	4/3
30	68	15	15	2/3
30	68	15	19	4/3
30	68	15	20	4/3
30	69	10	10	11/20
30	69	11	11	11/20
30	69	13	13	11/20
30	70	10	10	363/800
30	70	11	11	363/800
30	70	13	13	363/800
30	71	10	10	11979/32000
30	71	11	11	11979/32000
30	71	13	13	11979/32000
30	72	10	10	395307/1280000
30	72	11	11	395307/1280000
30	72	13	13	395307/1280000
30	73	10	10	13045131/51200000
30	73	11	11	13045131/51200000
30	73	13	13	13045131/51200000
30	92	9	9	2
30	92	9	11	4
30	92	9	18	4
30	92	9	19	4
30	92	9	20	4
30	93	9	9	891/575
30	94	9	9	793881/661250
30	95	9	9	707347971/760437500
30	96	9	9	630247042161/874503125000
30	97	9	9	561550114565451/1005678593750000
31	26	5	5	4/3
31	26	8	8	4/3
31	26	9	9	4/3
31	27	4	4	-107/280
31	27	6	6	-107/280
31	27	7	7	-107/280
31	28	4	4	236553/3449600
31	28	6	6	236553/3449600
31	28	7	7	236553/3449600
31	29	4	4	590319/154542080
31	29	6	6	590319/154542080
31	29	7	7	590319/154542080
31	30	4	4	-1337544927/173087129600
31	30	6	6	-1337544927/173087129600
31	30	7	7	-1337544927/173087129600
31	31	4	4	10206517727943/4846439628800000
31	31	6	6	10206517727943/4846439628800000
31	31	7	7	10206517727943/4846439628800000
31	32	4	6	8
31	33	3	5	8991/3745
31	34	3	5	83305017/176314600
31	35	3	5	-10441221327/1479067916480
31	36	3	5	-2126191236580161/44312874777740800
31	37	3	5	-525437676388750741479/33190343208527859200000
31	38	1	4	8
31	39	1	4	-1782/2345
31	40	1	4	-23210631/120978550
31	41	1	4	282195171/4126468360
31	42	1	4	549357470433/53221125673100
31	43	1	4	-20833413208839009/2269155267334900000
31	62	3	8	8
31	62	8	8	4
31	62	8	14	8
31	62	8	19	8
31	62	8	20	8
31	63	7	7	35316/11375
31	64	7	7	311804964/129390625
31	65	7	7	2752926027156/1471818359375
31	66	7	7	24305583893760324/16741933837890625
31	67	7	7	214594000198009900596/190439497406005859375
31	98	1	1	1
31	98	1	9	2
31	98	1	16	2
31	98	1	19	2
31	98	1	20	2
31	99	1	1	2943/3185
31	100	1	1	8661249/10144225
31	101	1	1	25490055807/32309356625
31	102	1	1	75017234240001/102905300850625
31	103	1	1	220775720368322943/327753383209240625
32	26	5	5	2/3
32	26	8	8	2/3
32	26	9	9	2/3
32	27	4	4	37/560
32	27	6	6	37/560
32	27	7	7	37/560
32	28	4	4	-111207/6899200
32	28	6	6	-111207/6899200
32	28	7	7	-111207/6899200
32	29	4	4	-1882449/309084160
32	29	6	6	-1882449/309084160
32	29	7	7	-1882449/309084160
32	30	4	4	26682723/31470387200
32	30	6	6	26682723/31470387200
32	30	7	7	26682723/31470387200
32	31	4	4	8102820861207/9692879257600000
32	31	6	6	8102820861207/9692879257600000
32	31	7	7	8102820861207/9692879257600000
32	32	4	8	4
32	32	6	8	4
32	32	8	8	2
32	33	3	7	2997/3745
32	33	5	7	2997/3745
32	33	7	7	-54/107
32	34	3	7	14090841/617101100
32	34	5	7	14090841/617101100
32	34	7	7	36230571/617101100
32	35	3	7	-18621161199/369766979120
32	35	5	7	-18621161199/369766979120
32	35	7	7	1308978549/66029817700
32	36	3	7	-1345587885801/98912666914600
32	36	5	7	-1345587885801/98912666914600
32	36	7	7	-3222588604697559/276955467360880000
32	37	3	7	1684812299795313093/518599112633247800000
32	37	5	7	1684812299795313093/518599112633247800000
32	37	7	7	4795981531112493/5926847001522832000
32	38	1	9	4
32	39	1	8	-594/2345
32	40	1	8	-7870284/60489275
32	41	1	8	13797783/515808545
32	42	1	8	2391304341501/212884502692400
32	43	1	8	-9718086668855283/2269155267334900000
32	44	1	4	4/3
32	44	1	6	4/3
32	44	1	7	4/3
32	45	1	4	-99/595
32	45	1	6	-99/595
32	45	1	7	-99/595
32	46	1	4	-212139/7788550
32	46	1	6	-212139/7788550
32	46	1	7	-212139/7788550
32	47	1	4	518319/33703180
32	47	1	6	518319/33703180
32	47	1	7	518319/33703180
32	48	1	4	1190959281/2016798291200
32	48	1	6	1190959281/2016798291200
32	48	1	7	1190959281/2016798291200
32	49	1	4	-158274035500761/76363317116800000
32	49	1	6	-158274035500761/76363317116800000
32	49	1	7	-158274035500761/76363317116800000
32	62	3	17	4
32	62	14	17	4
32	62	17	17	2
32	62	17	19	4
32	62	17	20	4
32	63	15	15	19548/11375
32	64	15	15	191062152/129390625
32	65	15	15	1867441473648/1471818359375
32	66	15	15	18252372963435552/16741933837890625
32	67	15	15	178398693344619085248/190439497406005859375
32	74	3	8	4/3
32	74	3	12	4/3
32	74	3	14	4/3
32	74	8	8	2/3
32	74	8	18	4/3
32	74	8	19	4/3
32	74	8	20	4/3
32	74	12	12	2/3
32	74	12	18	4/3
32	74	12	19	4/3
32	74	12	20	4/3
32	74	14	14	2/3
32	74	14	18	4/3
32	74	14	19	4/3
32	74	14	20	4/3
32	75	7	7	4887/8785
32	75	11	11	4887/8785
32	75	13	13	4887/8785
32	76	7	7	71648307/154352450
32	76	11	11	71648307/154352450
32	76	13	13	71648307/154352450
32	77	7	7	1050435828927/2711972546500
32	77	11	11	1050435828927/2711972546500
32	77	13	13	1050435828927/2711972546500
32	78	7	7	15400439687898747/47649357642005000
32	78	11	11	15400439687898747/47649357642005000
32	78	13	13	15400439687898747/47649357642005000
32	79	7	7	225785846264283529767/837199213770027850000
32	79	11	11	225785846264283529767/837199213770027850000
32	79	13	13	225785846264283529767/837199213770027850000
32	104	1	1	1
32	104	1	15	2
32	104	1	18	2
32	104	1	19	2
32	104	1	20	2
32	105	1	1	1629/1750
32	106	1	1	2653641/3062500
32	107	1	1	4322781189/5359375000
32	108	1	1	7041810556881/9378906250000
32	109	1	1	11471109397159149/16413085937500000
33	26	5	8	2/3
33	26	5	9	2/3
33	26	8	9	2/3
33	27	4	6	-59/560
33	27	4	7	-59/560
33	27	6	7	-59/560
33	28	4	6	-38343/6899200
33	28	4	7	-38343/6899200
33	28	6	7	-38343/6899200
33	29	4	6	2441007/309084160
33	29	4	7	2441007/309084160
33	29	6	7	2441007/309084160
33	30	4	6	-27619677/31470387200
33	30	4	7	-27619677/31470387200
33	30	6	7	-27619677/31470387200
33	31	4	6	-7722439295049/9692879257600000
33	31	4	7	-7722439295049/9692879257600000
33	31	6	7	-7722439295049/9692879257600000
33	32	2	4	2
33	32	2	5	2
33	32	2	6	2
33	32	2	7	2
33	32	4	7	2
33	32	5	6	2
33	33	2	3	1998/3745
33	33	2	4	-1458/3745
33	33	2	5	1998/3745
33	33	2	6	-1458/3745
33	33	3	6	-783/14980
33	33	4	5	-783/14980
33	34	2	3	11581623/154275275
33	34	2	4	1317303/154275275
33	34	2	5	11581623/154275275
33	34	2	6	1317303/154275275
33	34	3	6	-325236789/4936808800
33	34	4	5	-325236789/4936808800
33	35	2	3	-366320313/23110436195
33	35	2	4	2833111971/115552180975
33	35	2	5	-366320313/23110436195
33	35	2	6	2833111971/115552180975
33	35	3	6	30981691539/5916271665920
33	35	4	5	30981691539/5916271665920
33	36	2	3	-8562019910391/692388668402200
33	36	2	4	-4292261358327/692388668402200
33	36	2	5	-8562019910391/692388668402200
33	36	2	6	-4292261358327/692388668402200
33	36	3	6	1053429587894979/177251499110963200
33	36	4	5	1053429587894979/177251499110963200
33	37	2	3	-114740162741979261/64824889079155975000
33	37	2	4	-107001084113596989/64824889079155975000
33	37	2	5	-114740162741979261/64824889079155975000
33	37	2	6	-107001084113596989/64824889079155975000
33	37	3	6	-106278809797917679653/132761372834111436800000
33	37	4	5	-106278809797917679653/132761372834111436800000
33	38	1	2	2
33	38	1	3	2
33	38	2	3	2
33	39	1	2	2133/4690
33	39	1	3	2133/4690
33	39	2	3	-1233/4690
33	40	1	2	15400611/483914200
33	40	1	3	15400611/483914200
33	40	2	3	-17922789/483914200
33	41	1	2	-4598007849/181564607840
33	41	1	3	-4598007849/181564607840
33	41	2	3	4301430237/181564607840
33	42	1	2	-16719525295821/1703076021539200
33	42	1	3	-16719525295821/1703076021539200
33	42	2	3	379141418979/1703076021539200
33	43	1	2	323877809108058903/399371327050942400000
33	43	1	3	323877809108058903/399371327050942400000
33	43	2	3	-1231932342775421403/399371327050942400000
33	62	3	5	2
33	62	3	7	2
33	62	5	5	1
33	62	5	14	2
33	62	5	19	2
33	62	5	20	2
33	62	7	7	1
33	62	7	14	2
33	62	7	19	2
33	62	7	20	2
33	63	4	4	1368/1625
33	63	6	6	1368/1625
33	64	4	4	1871424/2640625
33	64	6	6	1871424/2640625
33	65	4	4	2560108032/4291015625
33	65	6	6	2560108032/4291015625
33	66	4	4	3502227787776/6972900390625
33	66	6	6	3502227787776/6972900390625
33	67	4	4	4791047613677568/11330963134765625
33	67	6	6	4791047613677568/11330963134765625
33	80	4	4	1/4
33	80	4	9	1/2
33	80	4	10	1/2
33	80	4	13	1/2
33	80	4	20	1/2
33	80	6	6	1/4
33	80	6	9	1/2
33	80	6	10	1/2
33	80	6	13	1/2
33	80	6	20	1/2
33	80	9	14	1/2
33	80	9	16	1/2
33	80	10	14	1/2
33	80	10	16	1/2
33	80	13	14	1/2
33	80	13	16	1/2
33	80	14	14	1/4
33	80	14	20	1/2
33	80	16	16	1/4
33	80	16	20	1/2
33	81	4	4	513/2560
33	81	6	6	513/2560
33	81	11	11	513/2560
33	81	13	13	513/2560
33	82	4	4	263169/1638400
33	82	6	6	263169/1638400
33	82	11	11	263169/1638400
33	82	13	13	263169/1638400
33	83	4	4	135005697/1048576000
33	83	6	6	135005697/1048576000
33	83	11	11	135005697/1048576000
33	83	13	13	135005697/1048576000
33	84	4	4	69257922561/671088640000
33	84	6	6	69257922561/671088640000
33	84	11	11	69257922561/671088640000
33	84	13	13	69257922561/671088640000
33	85	4	4	35529314273793/429496729600000
33	85	6	6	35529314273793/429496729600000
33	85	11	11	35529314273793/429496729600000
33	85	13	13	35529314273793/429496729600000
33	86	2	2	1
33	86	2	9	2
33	86	2	12	2
33	86	2	19	2
33	86	2	20	2
33	86	3	3	1
33	86	3	9	2
33	86	3	12	2
33	86	3	19	2
33	86	3	20	2
33	87	2	2	4104/4675
33	87	3	3	4104/4675
33	88	2	2	16842816/21855625
33	88	3	3	16842816/21855625
33	89	2	2	69122916864/102175046875
33	89	3	3	69122916864/102175046875
33	90	2	2	283680450809856/477668344140625
33	90	3	3	283680450809856/477668344140625
33	91	2	2	1164224570123649024/2233099508857421875
33	91	3	3	1164224570123649024/2233099508857421875
34	26	5	8	2/3
34	26	5	9	2/3
34	26	8	9	2/3
34	27	4	6	17/112
34	27	4	7	17/112
34	27	6	7	17/112
34	28	4	6	519/39424
34	28	4	7	519/39424
34	28	6	7	519/39424
34	29	4	6	-416925/61816832
34	29	4	7	-416925/61816832
34	29	6	7	-416925/61816832
34	30	4	6	-41189175/13846970368
34	30	4	7	-41189175/13846970368
34	30	6	7	-41189175/13846970368
34	31	4	6	99820107/3101721362432
34	31	4	7	99820107/3101721362432
34	31	6	7	99820107/3101721362432
34	32	4	5	2
34	32	4	9	2
34	32	6	7	2
34	32	6	9	2
34	33	3	4	999/2996
34	33	3	8	-27/107
34	33	5	6	999/2996
34	33	5	8	-27/107
34	34	3	4	-1814481/197472352
34	34	3	8	-1626399/49368088
34	34	5	6	-1814481/197472352
34	34	5	8	-1626399/49368088
34	35	3	4	-27372065535/1183254333184
34	35	3	8	216611415/10564770832
34	35	5	6	-27372065535/1183254333184
34	35	5	8	216611415/10564770832
34	36	3	4	-24733490002425/7090059964438528
34	36	3	8	159233009625/1772514991109632
34	36	5	6	-24733490002425/7090059964438528
34	36	5	8	159233009625/1772514991109632
34	37	3	4	87758835651337329/42483639306915659776
34	37	3	8	-911515307249583/379318208097461248
34	37	5	6	87758835651337329/42483639306915659776
34	37	5	8	-911515307249583/379318208097461248
34	38	1	6	2
34	38	1	8	2
34	38	2	6	2
34	38	3	8	2
34	39	1	6	243/469
34	39	1	7	243/469
34	39	2	6	-171/469
34	39	3	7	-171/469
34	40	1	6	631557/9678284
34	40	1	7	631557/9678284
34	40	2	6	-24219/9678284
34	40	3	7	-24219/9678284
34	41	1	6	-170946855/9078230392
34	41	1	7	-170946855/9078230392
34	41	2	6	232433631/9078230392
34	41	3	7	232433631/9078230392
34	42	1	6	-118961591625/9731862980224
34	42	1	7	-118961591625/9731862980224
34	42	2	6	-48691497033/9731862980224
34	42	3	7	-48691497033/9731862980224
34	43	1	6	-75748037890977/63899412328150784
34	43	1	7	-75748037890977/63899412328150784
34	43	2	6	-139688062191351/63899412328150784
34	43	3	7	-139688062191351/63899412328150784
34	44	2	3	2/3
34	44	2	5	2/3
34	44	3	5	2/3
34	45	2	3	-15/238
34	45	2	5	-15/238
34	45	3	5	-15/238
34	46	2	3	-41607/2492336
34	46	2	5	-41607/2492336
34	46	3	5	-41607/2492336
34	47	2	3	6953445/1186351936
34	47	2	5	6953445/1186351936
34	47	3	5	6953445/1186351936
34	48	2	3	392284377/410693470208
34	48	2	5	392284377/410693470208
34	48	3	5	392284377/410693470208
34	49	2	3	-1750744293075/2150391010009088
34	49	2	5	-1750744293075/2150391010009088
34	49	3	5	-1750744293075/2150391010009088
34	62	3	13	2
34	62	3	16	2
34	62	13	13	1
34	62	13	14	2
34	62	13	19	2
34	62	13	20	2
34	62	14	16	2
34	62	16	16	1
34	62	16	19	2
34	62	16	20	2
34	63	12	12	369/455
34	63	14	14	369/455
34	64	12	12	136161/207025
34	64	14	14	136161/207025
34	65	12	12	50243409/94196375
34	65	14	14	50243409/94196375
34	66	12	12	18539817921/42859350625
34	66	14	14	18539817921/42859350625
34	67	12	12	6841192812849/19501004534375
34	67	14	14	6841192812849/19501004534375
34	86	9	15	2
34	86	12	15	2
34	86	15	15	1
34	86	15	19	2
34	86	15	20	2
34	87	13	13	1107/1309
34	88	13	13	1225449/1713481
34	89	13	13	1356572043/2242946629
34	90	13	13	1501725251601/2936017137361
34	91	13	13	1662409853522307/3843246432805549
34	92	3	3	1
34	92	3	11	2
34	92	3	18	2
34	92	3	19	2
34	92	3	20	2
34	92	5	5	1
34	92	5	11	2
34	92	5	18	2
34	92	5	19	2
34	92	5	20	2
34	93	3	3	1107/1288
34	93	5	5	1107/1288
34	94	3	3	1225449/1658944
34	94	5	5	1225449/1658944
34	95	3	3	1356572043/2136719872
34	95	5	5	1356572043/2136719872
34	96	3	3	1501725251601/2752095195136
34	96	5	5	1501725251601/2752095195136
34	97	3	3	1662409853522307/3544698611335168
34	97	5	5	1662409853522307/3544698611335168
35	26	5	10	2/3
35	26	8	10	2/3
35	26	9	10	2/3
35	27	4	8	-6/35
35	27	6	8	-6/35
35	27	7	8	-6/35
35	28	4	8	11097/431200
35	28	6	8	11097/431200
35	28	7	8	11097/431200
35	29	4	8	243/86240
35	29	6	8	243/86240
35	29	7	8	243/86240
35	30	4	8	-1463103/491724800
35	30	6	8	-1463103/491724800
35	30	7	8	-1463103/491724800
35	31	4	8	2767646313/4732851200000
35	31	6	8	2767646313/4732851200000
35	31	7	8	2767646313/4732851200000
35	32	4	7	2
35	32	5	5	1
35	32	5	6	2
35	32	7	7	1
35	33	3	6	1539/2140
35	33	4	4	-9423/29960
35	33	4	5	1539/2140
35	33	6	6	-9423/29960
35	34	3	6	1002374271/4936808800
35	34	4	4	100351953/1410516800
35	34	4	5	1002374271/4936808800
35	34	6	6	100351953/1410516800
35	35	3	6	27939447693/845181666560
35	35	4	4	-58025543049/11832543331840
35	35	4	5	27939447693/845181666560
35	35	6	6	-58025543049/11832543331840
35	36	3	6	-960453125073441/177251499110963200
35	36	4	4	-1623314169963441/354502998221926400
35	36	4	5	-960453125073441/177251499110963200
35	36	6	6	-1623314169963441/354502998221926400
35	37	3	6	-117137375318283105771/18965910404873062400000
35	37	4	4	591519234448186696647/265522745668222873600000
35	37	4	5	-117137375318283105771/18965910404873062400000
35	37	6	6	591519234448186696647/265522745668222873600000
35	38	1	4	2
35	38	2	4	2
35	38	2	5	2
35	38	3	4	2
35	38	3	5	2
35	38	4	5	2
35	39	1	4	2727/4690
35	39	2	4	-2187/4690
35	39	2	5	1431/2345
35	39	3	4	-2187/4690
35	39	3	5	1431/2345
35	39	4	5	27/469
35	40	1	4	53179821/483914200
35	40	2	4	23990661/483914200
35	40	2	5	30739743/241957100
35	40	3	4	23990661/483914200
35	40	3	5	30739743/241957100
35	40	4	5	-13910049/241957100
35	41	1	4	-443320209/181564607840
35	41	2	4	14545008729/907823039200
35	41	2	5	86585517/32422251400
35	41	3	4	14545008729/907823039200
35	41	3	5	86585517/32422251400
35	41	4	5	-1148365269/226955759800
35	42	1	4	-2319818086827/212884502692400
35	42	2	4	-1824696827649/212884502692400
35	42	2	5	-18553374305127/1703076021539200
35	42	3	4	-1824696827649/212884502692400
35	42	3	5	-18553374305127/1703076021539200
35	42	4	5	192343888962801/42576900538480000
35	43	1	4	-338242163659849557/99842831762735600000
35	43	2	4	51018944328289557/99842831762735600000
35	43	2	5	-833402620093600989/199685663525471200000
35	43	3	4	51018944328289557/99842831762735600000
35	43	3	5	-833402620093600989/199685663525471200000
35	43	4	5	5417369012833227/7987426541018848000
35	62	3	9	2
35	62	9	9	1
35	62	9	14	2
35	62	9	19	2
35	62	9	20	2
35	63	8	8	7911/11375
35	64	8	8	62583921/129390625
35	65	8	8	495101399031/1471818359375
35	66	8	8	3916747167734241/16741933837890625
35	67	8	8	30985386843945580551/190439497406005859375
35	68	4	4	1/3
35	68	4	11	2/3
35	68	4	14	2/3
35	68	4	19	2/3
35	68	4	20	2/3
35	68	6	6	1/3
35	68	6	11	2/3
35	68	6	14	2/3
35	68	6	19	2/3
35	68	6	20	2/3
35	68	7	7	1/3
35	68	7	11	2/3
35	68	7	14	2/3
35	68	7	19	2/3
35	68	7	20	2/3
35	69	4	4	293/1120
35	69	6	6	293/1120
35	69	7	7	293/1120
35	70	4	4	257547/1254400
35	70	6	6	257547/1254400
35	70	7	7	257547/1254400
35	71	4	4	226383813/1404928000
35	71	6	6	226383813/1404928000
35	71	7	7	226383813/1404928000
35	72	4	4	198991371627/1573519360000
35	72	6	6	198991371627/1573519360000
35	72	7	7	198991371627/1573519360000
35	73	4	4	174913415660133/1762341683200000
35	73	6	6	174913415660133/1762341683200000
35	73	7	7	174913415660133/1762341683200000
35	86	6	6	1
35	86	6	9	2
35	86	6	12	2
35	86	6	19	2
35	86	6	20	2
35	86	9	13	2
35	86	12	13	2
35	86	13	13	1
35	86	13	19	2
35	86	13	20	2
35	87	6	6	23733/32725
35	87	11	11	23733/32725
35	88	6	6	563255289/1070925625
35	88	11	11	563255289/1070925625
35	89	6	6	13367737773837/35046041078125
35	89	11	11	13367737773837/35046041078125
35	90	6	6	317256520586473521/1146881694281640625
35	90	11	11	317256520586473521/1146881694281640625
35	91	6	6	7529449003078776073893/37531703445366689453125
35	91	11	11	7529449003078776073893/37531703445366689453125
35	98	2	2	1/4
35	98	2	9	1/2
35	98	2	16	1/2
35	98	2	19	1/2
35	98	2	20	1/2
35	98	3	3	1/4
35	98	3	9	1/2
35	98	3	16	1/2
35	98	3	19	1/2
35	98	3	20	1/2
35	98	5	5	1/4
35	98	5	9	1/2
35	98	5	16	1/2
35	98	5	19	1/2
35	98	5	20	1/2
35	98	9	10	1/2
35	98	10	10	1/4
35	98	10	16	1/2
35	98	10	19	1/2
35	98	10	20	1/2
35	99	2	2	2637/12740
35	99	3	3	2637/12740
35	99	5	5	2637/12740
35	99	9	9	2637/12740
35	100	2	2	6953769/40576900
35	100	3	3	6953769/40576900
35	100	5	5	6953769/40576900
35	100	9	9	6953769/40576900
35	101	2	2	18337088853/129237426500
35	101	3	3	18337088853/129237426500
35	101	5	5	18337088853/129237426500
35	101	9	9	18337088853/129237426500
35	102	2	2	48354903305361/411621203402500
35	102	3	3	48354903305361/411621203402500
35	102	5	5	48354903305361/411621203402500
35	102	9	9	48354903305361/411621203402500
35	103	2	2	127511880016236957/1311013532836962500
35	103	3	3	127511880016236957/1311013532836962500
35	103	5	5	127511880016236957/1311013532836962500
35	103	9	9	127511880016236957/1311013532836962500
36	26	5	10	2/3
36	26	8	10	2/3
36	26	9	10	2/3
36	27	4	8	3/35
36	27	6	8	3/35
36	27	7	8	3/35
36	28	4	8	-3807/431200
36	28	6	8	-3807/431200
36	28	7	8	-3807/431200
36	29	4	8	-7533/1207360
36	29	6	8	-7533/1207360
36	29	7	8	-7533/1207360
36	30	4	8	-124659/772710400
36	30	6	8	-124659/772710400
36	30	7	8	-124659/772710400
36	31	4	8	6118047207/9465702400000
36	31	6	8	6118047207/9465702400000
36	31	7	8	6118047207/9465702400000
36	32	4	9	2
36	32	6	9	2
36	33	3	8	1944/3745
36	33	5	8	1944/3745
36	34	3	8	92101131/1234202200
36	34	5	8	92101131/1234202200
36	35	3	8	-1594323/134754730
36	35	5	8	-1594323/134754730
36	36	3	8	-454214416719519/44312874777740800
36	36	5	8	-454214416719519/44312874777740800
36	37	3	8	-1770472403369022393/1037198225266495600000
36	37	5	8	-1770472403369022393/1037198225266495600000
36	38	1	9	2
36	38	5	6	2
36	38	5	8	2
36	38	5	9	2
36	38	6	6	1
36	38	8	8	1
36	39	1	8	216/335
36	39	5	6	783/2345
36	39	5	7	783/2345
36	39	5	8	-513/2345
36	39	6	6	-1287/4690
36	39	7	7	-1287/4690
36	40	1	8	34811937/241957100
36	40	5	6	-285039/34565300
36	40	5	7	-285039/34565300
36	40	5	8	-9693513/241957100
36	40	6	6	2993841/69130600
36	40	7	7	2993841/69130600
36	41	1	8	4153113/810556285
36	41	5	6	-5161807701/226955759800
36	41	5	7	-5161807701/226955759800
36	41	5	8	834342687/45391151960
36	41	6	6	46844811/8252936720
36	41	7	7	46844811/8252936720
36	42	1	8	-21578583065751/1703076021539200
36	42	5	6	-21783235149/6193003714688
36	42	5	7	-21783235149/6193003714688
36	42	5	8	321908162607/243296574505600
36	42	6	6	-20336344320951/3406152043078400
36	42	7	7	-20336344320951/3406152043078400
36	43	1	8	-19257573654543033/3565815420097700000
36	43	5	6	395727316470771723/199685663525471200000
36	43	5	7	395727316470771723/199685663525471200000
36	43	5	8	-453935792116187973/199685663525471200000
36	43	6	6	43308373957287543/36306484277358400000
36	43	7	7	43308373957287543/36306484277358400000
36	44	2	4	2/3
36	44	2	6	2/3
36	44	3	4	2/3
36	44	3	7	2/3
36	44	5	6	2/3
36	44	5	7	2/3
36	45	2	4	-171/1190
36	45	2	6	-171/1190
36	45	3	4	-171/1190
36	45	3	7	-171/1190
36	45	5	6	-171/1190
36	45	5	7	-171/1190
36	46	2	4	620379/62308400
36	46	2	6	620379/62308400
36	46	3	4	620379/62308400
36	46	3	7	620379/62308400
36	46	5	6	620379/62308400
36	46	5	7	620379/62308400
36	47	2	4	5858973/847394240
36	47	2	6	5858973/847394240
36	47	3	4	5858973/847394240
36	47	3	7	5858973/847394240
36	47	5	6	5858973/847394240
36	47	5	7	5858973/847394240
36	48	2	4	-293375095317/112940704307200
36	48	2	6	-293375095317/112940704307200
36	48	3	4	-293375095317/112940704307200
36	48	3	7	-293375095317/112940704307200
36	48	5	6	-293375095317/112940704307200
36	48	5	7	-293375095317/112940704307200
36	49	2	4	-1136753123264991/6719971906278400000
36	49	2	6	-1136753123264991/6719971906278400000
36	49	3	4	-1136753123264991/6719971906278400000
36	49	3	7	-1136753123264991/6719971906278400000
36	49	5	6	-1136753123264991/6719971906278400000
36	49	5	7	-1136753123264991/6719971906278400000
36	62	3	18	2
36	62	14	18	2
36	62	18	18	1
36	62	18	19	2
36	62	18	20	2
36	63	16	16	8559/11375
36	64	16	16	73256481/129390625
36	65	16	16	627002220879/1471818359375
36	66	16	16	5366512008503361/16741933837890625
36	67	16	16	45931976280780266799/190439497406005859375
36	68	11	13	2/3
36	68	11	16	2/3
36	68	11	17	2/3
36	68	13	13	1/3
36	68	13	14	2/3
36	68	13	19	2/3
36	68	13	20	2/3
36	68	14	16	2/3
36	68	14	17	2/3
36	68	16	16	1/3
36	68	16	19	2/3
36	68	16	20	2/3
36	68	17	17	1/3
36	68	17	19	2/3
36	68	17	20	2/3
36	69	12	12	317/1120
36	69	14	14	317/1120
36	69	15	15	317/1120
36	70	12	12	301467/1254400
36	70	14	14	301467/1254400
36	70	15	15	301467/1254400
36	71	12	12	286695117/1404928000
36	71	14	14	286695117/1404928000
36	71	15	15	286695117/1404928000
36	72	12	12	272647056267/1573519360000
36	72	14	14	272647056267/1573519360000
36	72	15	15	272647056267/1573519360000
36	73	12	12	259287350509917/1762341683200000
36	73	14	14	259287350509917/1762341683200000
36	73	15	15	259287350509917/1762341683200000
36	92	11	12	2
36	92	11	14	2
36	92	12	12	1
36	92	12	18	2
36	92	12	19	2
36	92	12	20	2
36	92	14	14	1
36	92	14	18	2
36	92	14	19	2
36	92	14	20	2
36	93	11	11	25677/32200
36	93	13	13	25677/32200
36	94	11	11	659308329/1036840000
36	94	13	13	659308329/1036840000
36	95	11	11	16929059963733/33386248000000
36	95	13	13	16929059963733/33386248000000
36	96	11	11	434687472688772241/1075037185600000000
36	96	13	13	434687472688772241/1075037185600000000
36	97	11	11	11161470236229604832157/34616197376320000000000
36	97	13	13	11161470236229604832157/34616197376320000000000
36	104	5	5	1/2
36	104	5	15	1
36	104	5	18	1
36	104	5	19	1
36	104	5	20	1
36	104	9	9	1/2
36	104	9	15	1
36	104	9	18	1
36	104	9	19	1
36	104	9	20	1
36	105	5	5	2853/7000
36	105	9	9	2853/7000
36	106	5	5	8139609/24500000
36	106	9	9	8139609/24500000
36	107	5	5	23222304477/85750000000
36	107	9	9	23222304477/85750000000
36	108	5	5	66253234672881/300125000000000
36	108	9	9	66253234672881/300125000000000
36	109	5	5	189020478521729493/1050437500000000000
36	109	9	9	189020478521729493/1050437500000000000
37	26	10	10	2
37	27	8	8	-27/35
37	28	8	8	13851/53900
37	29	8	8	-255879/3773000
37	30	8	8	21789081/2112880000
37	31	8	8	272629233/147901600000
37	38	4	4	6
37	38	4	5	12
37	39	4	4	-10449/4690
37	39	4	5	11664/2345
37	40	4	4	337032009/483914200
37	40	4	5	108886356/60489275
37	41	4	4	-732931009299/4539115196000
37	41	4	5	75073481424/141847349875
37	42	4	4	582960778749873/42576900538480000
37	42	4	5	33334821135027/332632035456875
37	43	4	4	4016090340832611861/399371327050942400000
37	43	4	5	-5444111745207756/780022123146371875
37	68	8	8	2
37	68	8	11	4
37	68	8	14	4
37	68	8	19	4
37	68	8	20	4
37	69	8	8	81/70
37	70	8	8	6561/9800
37	71	8	8	531441/1372000
37	72	8	8	43046721/192080000
37	73	8	8	3486784401/26891200000
37	98	4	4	3/2
37	98	4	9	3
37	98	4	16	3
37	98	4	19	3
37	98	4	20	3
37	98	9	14	3
37	98	14	14	3/2
37	98	14	16	3
37	98	14	19	3
37	98	14	20	3
37	99	4	4	2916/3185
37	99	13	13	2916/3185
37	100	4	4	5668704/10144225
37	100	13	13	5668704/10144225
37	101	4	4	11019960576/32309356625
37	101	13	13	11019960576/32309356625
37	102	4	4	21422803359744/102905300850625
37	102	13	13	21422803359744/102905300850625
37	103	4	4	41645929731342336/327753383209240625
37	103	13	13	41645929731342336/327753383209240625
38	26	10	10	2
38	28	8	8	-729/13475
38	30	8	8	531441/132055000
38	38	5	9	12
38	39	5	8	7776/2345
38	40	5	8	34327152/60489275
38	41	5	8	-204073344/5673893995
38	42	5	8	-117775828656/1900754488325
38	43	5	8	-12279283100763264/780022123146371875
38	44	4	4	2
38	44	6	6	2
38	44	7	7	2
38	45	4	4	-729/1190
38	45	6	6	-729/1190
38	45	7	7	-729/1190
38	46	4	4	4061259/31154200
38	46	6	6	4061259/31154200
38	46	7	7	4061259/31154200
38	47	4	4	-14348907/2965879840
38	47	6	6	-14348907/2965879840
38	47	7	7	-14348907/2965879840
38	48	4	4	-6500054871/641708547200
38	48	6	6	-6500054871/641708547200
38	48	7	7	-6500054871/641708547200
38	49	4	4	1746952207373421/419998244142400000
38	49	6	6	1746952207373421/419998244142400000
38	49	7	7	1746952207373421/419998244142400000
38	68	11	18	4
38	68	14	18	4
38	68	18	18	2
38	68	18	19	4
38	68	18	20	4
38	69	16	16	54/35
38	70	16	16	1458/1225
38	71	16	16	39366/42875
38	72	16	16	1062882/1500625
38	73	16	16	28697814/52521875
38	104	13	13	3
38	104	13	15	6
38	104	13	18	6
38	104	13	19	6
38	104	13	20	6
38	105	13	13	1944/875
38	106	13	13	1259712/765625
38	107	13	13	816293376/669921875
38	108	13	13	528958107648/586181640625
38	109	13	13	342764853755904/512908935546875
39	32	8	8	12
39	33	7	7	5994/3745
39	34	7	7	-4922937/22039325
39	35	7	7	-169080493257/1155521809750
39	36	7	7	7811562508353/8654858355027500
39	37	7	7	1251529642856191527/64824889079155975000
39	44	1	8	8
39	45	1	8	-396/595
39	46	1	8	-139158/556325
39	47	1	8	15091029/210644875
39	48	1	8	54540877851/2757341413750
39	49	1	8	-3465747072819/298294207487500
39	74	3	16	8
39	74	16	16	4
39	74	16	18	8
39	74	16	19	8
39	74	16	20	8
39	75	15	15	31104/8785
39	76	15	15	241864704/77176225
39	77	15	15	1880739938304/677993136625
39	78	15	15	14624633760251904/5956169705250625
39	79	15	15	113721152119718805504/52324950860626740625
39	110	1	1	1
39	110	1	17	2
39	110	1	18	2
39	110	1	19	2
39	110	1	20	2
39	111	1	1	1944/2065
39	112	1	1	3779136/4264225
39	113	1	1	7346640384/8805624625
39	114	1	1	14281868906496/18183614850625
39	115	1	1	27763953154228224/37549164666540625
40	32	2	2	6
40	32	2	8	12
40	33	2	2	486/535
40	33	2	7	-3564/3745
40	34	2	2	-13649067/154275275
40	34	2	7	-58091094/154275275
40	35	2	2	-6754083669/82537272125
40	35	2	7	5334132366/52523718625
40	36	2	2	-7112640002967/1573610610005000
40	36	2	7	37388951752869/1236408336432500
40	37	2	2	95906698942445343/9260698439879425000
40	37	2	7	-48175514868181941/2946585867234362500
40	44	1	1	2
40	45	1	1	423/1190
40	46	1	1	-70551/4450600
40	47	1	1	-2291817807/74146996000
40	48	1	1	-775594764729/176469850480000
40	49	1	1	1490684265860913/419998244142400000
40	74	2	2	2
40	74	2	3	4
40	74	2	18	4
40	74	2	19	4
40	74	2	20	4
40	75	2	2	16092/8785
40	76	2	2	129476232/77176225
40	77	2	2	1041765762672/677993136625
40	78	2	2	8382047326458912/5956169705250625
40	79	2	2	67441952788688405952/52324950860626740625
40	80	7	7	3/2
40	80	7	9	3
40	80	7	10	3
40	80	7	13	3
40	80	7	20	3
40	80	9	12	3
40	80	10	12	3
40	80	12	12	3/2
40	80	12	13	3
40	80	12	20	3
40	81	7	7	12069/8960
40	81	10	10	12069/8960
40	82	7	7	48553587/40140800
40	82	10	10	48553587/40140800
40	83	7	7	195331080501/179830784000
40	83	10	10	195331080501/179830784000
40	84	7	7	785816936855523/805641912320000
40	84	10	10	785816936855523/805641912320000
40	85	7	7	3161341536969769029/3609275767193600000
40	85	10	10	3161341536969769029/3609275767193600000
41	32	2	5	2
41	32	2	7	2
41	32	2	8	2
41	32	2	9	2
41	32	5	8	2
41	32	7	8	2
41	33	2	4	1431/3745
41	33	2	6	1431/3745
41	33	2	7	459/749
41	33	2	8	-1161/3745
41	33	4	7	-2187/7490
41	33	6	7	-2187/7490
41	34	2	4	496449/88157300
41	34	2	6	496449/88157300
41	34	2	7	74298951/617101100
41	34	2	8	-11921337/617101100
41	34	4	7	-30538539/1234202200
41	34	6	7	-30538539/1234202200
41	35	2	4	-22803286941/924417447800
41	35	2	6	-22803286941/924417447800
41	35	2	7	-4063181373/924417447800
41	35	2	8	22075842627/924417447800
41	35	4	7	86098224969/3697669791200
41	35	6	7	86098224969/3697669791200
41	36	2	4	-64800603068247/11078218694435200
41	36	2	6	-64800603068247/11078218694435200
41	36	2	7	-557140411654857/39565066765840000
41	36	2	8	-733310458173/316520534126720
41	36	4	7	-41436986211/28260761975600
41	36	6	7	-41436986211/28260761975600
41	37	2	4	3677278143898285011/2074396450532991200000
41	37	2	6	3677278143898285011/2074396450532991200000
41	37	2	7	-366576877305510741/82975858021319648000
41	37	2	8	-5200322340540141261/2074396450532991200000
41	37	4	7	-2688479567241590943/1037198225266495600000
41	37	6	7	-2688479567241590943/1037198225266495600000
41	38	2	2	1
41	38	2	8	2
41	38	3	3	1
41	38	3	6	2
41	39	2	2	1179/9380
41	39	2	7	-36/335
41	39	3	3	1179/9380
41	39	3	6	-36/335
41	40	2	2	-19420641/967828400
41	40	2	7	-7979229/120978550
41	40	3	3	-19420641/967828400
41	40	3	6	-7979229/120978550
41	41	2	2	-4189827627/363129215680
41	41	2	7	9120519/810556285
41	41	3	3	-4189827627/363129215680
41	41	3	6	9120519/810556285
41	42	2	2	1318811381919/3406152043078400
41	42	2	7	2490217058961/425769005384800
41	42	3	3	1318811381919/3406152043078400
41	42	3	6	2490217058961/425769005384800
41	43	2	2	1231855546496552829/798742654101884800000
41	43	2	7	-3191879076180021/1782907710048850000
41	43	3	3	1231855546496552829/798742654101884800000
41	43	3	6	-3191879076180021/1782907710048850000
41	44	1	2	2/3
41	44	1	3	2/3
41	44	1	5	2/3
41	45	1	2	87/595
41	45	1	3	87/595
41	45	1	5	87/595
41	46	1	2	37881/4450600
41	46	1	3	37881/4450600
41	46	1	5	37881/4450600
41	47	1	2	-62781723/7414699600
41	47	1	3	-62781723/7414699600
41	47	1	5	-62781723/7414699600
41	48	1	2	-16757762841/5647035215360
41	48	1	3	-16757762841/5647035215360
41	48	1	5	-16757762841/5647035215360
41	49	1	2	305244060072723/839996488284800000
41	49	1	3	305244060072723/839996488284800000
41	49	1	5	305244060072723/839996488284800000
41	74	3	5	2/3
41	74	3	7	2/3
41	74	3	11	2/3
41	74	5	5	1/3
41	74	5	18	2/3
41	74	5	19	2/3
41	74	5	20	2/3
41	74	7	7	1/3
41	74	7	18	2/3
41	74	7	19	2/3
41	74	7	20	2/3
41	74	11	11	1/3
41	74	11	18	2/3
41	74	11	19	2/3
41	74	11	20	2/3
41	75	4	4	4797/17570
41	75	6	6	4797/17570
41	75	10	10	4797/17570
41	76	4	4	69033627/308704900
41	76	6	6	69033627/308704900
41	76	10	10	69033627/308704900
41	77	4	4	993462926157/5423945093000
41	77	6	6	993462926157/5423945093000
41	77	10	10	993462926157/5423945093000
41	78	4	4	14296924970325387/95298715284010000
41	78	6	6	14296924970325387/95298715284010000
41	78	10	10	14296924970325387/95298715284010000
41	79	4	4	205747047247952644317/1674398427540055700000
41	79	6	6	205747047247952644317/1674398427540055700000
41	79	10	10	205747047247952644317/1674398427540055700000
41	80	8	8	1/4
41	80	8	9	1/2
41	80	8	10	1/2
41	80	8	13	1/2
41	80	8	20	1/2
41	80	9	15	1/2
41	80	9	17	1/2
41	80	9	18	1/2
41	80	10	15	1/2
41	80	10	17	1/2
41	80	10	18	1/2
41	80	13	15	1/2
41	80	13	17	1/2
41	80	13	18	1/2
41	80	15	15	1/4
41	80	15	20	1/2
41	80	17	17	1/4
41	80	17	20	1/2
41	80	18	18	1/4
41	80	18	20	1/2
41	81	8	8	14391/71680
41	81	12	12	14391/71680
41	81	14	14	14391/71680
41	81	15	15	14391/71680
41	82	8	8	207100881/1284505600
41	82	12	12	207100881/1284505600
41	82	14	14	207100881/1284505600
41	82	15	15	207100881/1284505600
41	83	8	8	2980388778471/23018340352000
41	83	12	12	2980388778471/23018340352000
41	83	14	14	2980388778471/23018340352000
41	83	15	15	2980388778471/23018340352000
41	84	8	8	42890774910976161/412488659107840000
41	84	12	12	42890774910976161/412488659107840000
41	84	14	14	42890774910976161/412488659107840000
41	84	15	15	42890774910976161/412488659107840000
41	85	8	8	617241141743857932951/7391796771212492800000
41	85	12	12	617241141743857932951/7391796771212492800000
41	85	14	14	617241141743857932951/7391796771212492800000
41	85	15	15	617241141743857932951/7391796771212492800000
41	86	7	7	1
41	86	7	9	2
41	86	7	12	2
41	86	7	19	2
41	86	7	20	2
41	86	9	11	2
41	86	11	11	1
41	86	11	12	2
41	86	11	19	2
41	86	11	20	2
41	87	7	7	28782/32725
41	87	10	10	28782/32725
41	88	7	7	828403524/1070925625
41	88	10	10	828403524/1070925625
41	89	7	7	23843110227768/35046041078125
41	89	10	10	23843110227768/35046041078125
41	90	7	7	686252398575618576/1146881694281640625
41	90	10	10	686252398575618576/1146881694281640625
41	91	7	7	19751716535803453854432/37531703445366689453125
41	91	10	10	19751716535803453854432/37531703445366689453125
41	92	2	2	1
41	92	2	11	2
41	92	2	18	2
41	92	2	19	2
41	92	2	20	2
41	93	2	2	14391/16100
41	94	2	2	207100881/259210000
41	95	2	2	2980388778471/4173281000000
41	96	2	2	42890774910976161/67189824100000000
41	97	2	2	617241141743857932951/1081756168010000000000
42	32	5	5	1
42	32	5	8	2
42	32	7	7	1
42	32	7	8	2
42	32	8	9	2
42	33	4	4	2133/29960
42	33	4	7	513/1070
42	33	6	6	2133/29960
42	33	6	7	513/1070
42	33	7	8	-1593/3745
42	34	4	4	-266333589/9873617600
42	34	4	7	62753049/1234202200
42	34	6	6	-266333589/9873617600
42	34	6	7	62753049/1234202200
42	34	7	8	16280757/617101100
42	35	4	4	-76710693681/11832543331840
42	35	4	7	-9791839791/528238541600
42	35	6	6	-76710693681/11832543331840
42	35	6	7	-9791839791/528238541600
42	35	7	8	20012631201/924417447800
42	36	4	4	664608432995379/354502998221926400
42	36	4	7	-3408174179721/346194334201100
42	36	6	6	664608432995379/354502998221926400
42	36	6	7	-3408174179721/346194334201100
42	36	7	8	-16958271149739/2215643738887040
42	37	4	4	236664660270216966903/265522745668222873600000
42	37	4	7	-70579161240722793/148171175038070800000
42	37	6	6	236664660270216966903/265522745668222873600000
42	37	6	7	-70579161240722793/148171175038070800000
42	37	7	8	-1473197650422427773/2074396450532991200000
42	38	2	6	2
42	38	2	9	2
42	38	3	8	2
42	38	3	9	2
42	39	2	6	954/2345
42	39	2	8	-729/2345
42	39	3	7	954/2345
42	39	3	8	-729/2345
42	40	2	6	1756809/120978550
42	40	2	8	-172044/8641325
42	40	3	7	1756809/120978550
42	40	3	8	-172044/8641325
42	41	2	6	-56294109/2269557598
42	41	2	8	275817879/11347787990
42	41	3	7	-56294109/2269557598
42	41	3	8	275817879/11347787990
42	42	2	6	-61811121951/8689163375200
42	42	2	8	-988766706699/425769005384800
42	42	3	7	-61811121951/8689163375200
42	42	3	8	-988766706699/425769005384800
42	43	2	6	36550562702655033/24960707940683900000
42	43	2	8	-129497765929344441/49921415881367800000
42	43	3	7	36550562702655033/24960707940683900000
42	43	3	8	-129497765929344441/49921415881367800000
42	44	1	4	2/3
42	44	1	6	2/3
42	44	1	7	2/3
42	44	2	7	2/3
42	44	3	6	2/3
42	44	4	5	2/3
42	45	1	4	207/1190
42	45	1	6	207/1190
42	45	1	7	207/1190
42	45	2	7	-9/595
42	45	3	6	-9/595
42	45	4	5	-9/595
42	46	1	4	357939/15577100
42	46	1	6	357939/15577100
42	46	1	7	357939/15577100
42	46	2	7	-687447/31154200
42	46	3	6	-687447/31154200
42	46	4	5	-687447/31154200
42	47	1	4	-150903/26481070
42	47	1	6	-150903/26481070
42	47	1	7	-150903/26481070
42	47	2	7	6561/4323440
42	47	3	6	6561/4323440
42	47	4	5	6561/4323440
42	48	1	4	-10247776803/2566834188800
42	48	1	6	-10247776803/2566834188800
42	48	1	7	-10247776803/2566834188800
42	48	2	7	56538413667/28235176076800
42	48	3	6	56538413667/28235176076800
42	48	4	5	56538413667/28235176076800
42	49	1	4	-793053151239897/1679992976569600000
42	49	1	6	-793053151239897/1679992976569600000
42	49	1	7	-793053151239897/1679992976569600000
42	49	2	7	-195200947665261/839996488284800000
42	49	3	6	-195200947665261/839996488284800000
42	49	4	5	-195200947665261/839996488284800000
42	74	3	9	2/3
42	74	3	13	2/3
42	74	3	15	2/3
42	74	9	9	1/3
42	74	9	18	2/3
42	74	9	19	2/3
42	74	9	20	2/3
42	74	13	13	1/3
42	74	13	18	2/3
42	74	13	19	2/3
42	74	13	20	2/3
42	74	15	15	1/3
42	74	15	18	2/3
42	74	15	19	2/3
42	74	15	20	2/3
42	75	8	8	4563/17570
42	75	12	12	4563/17570
42	75	14	14	4563/17570
42	76	8	8	62462907/308704900
42	76	12	12	62462907/308704900
42	76	14	14	62462907/308704900
42	77	8	8	855054733923/5423945093000
42	77	12	12	855054733923/5423945093000
42	77	14	14	855054733923/5423945093000
42	78	8	8	11704844252671947/95298715284010000
42	78	12	12	11704844252671947/95298715284010000
42	78	14	14	11704844252671947/95298715284010000
42	79	8	8	160227612974826282483/1674398427540055700000
42	79	12	12	160227612974826282483/1674398427540055700000
42	79	14	14	160227612974826282483/1674398427540055700000
42	86	9	16	2
42	86	9	17	2
42	86	12	16	2
42	86	12	17	2
42	86	16	16	1
42	86	16	19	2
42	86	16	20	2
42	86	17	17	1
42	86	17	19	2
42	86	17	20	2
42	87	14	14	27378/32725
42	87	15	15	27378/32725
42	88	14	14	749554884/1070925625
42	88	15	15	749554884/1070925625
42	89	14	14	20521313614152/35046041078125
42	89	15	15	20521313614152/35046041078125
42	90	14	14	561832524128253456/1146881694281640625
42	90	15	15	561832524128253456/1146881694281640625
42	91	14	14	15381850845583323118368/37531703445366689453125
42	91	15	15	15381850845583323118368/37531703445366689453125
42	92	7	7	1
42	92	7	11	2
42	92	7	18	2
42	92	7	19	2
42	92	7	20	2
42	93	7	7	13689/16100
42	94	7	7	187388721/259210000
42	95	7	7	2565164201769/4173281000000
42	96	7	7	35114532758015841/67189824100000000
42	97	7	7	480682838924478847449/1081756168010000000000
42	104	2	2	1/2
42	104	2	15	1
42	104	2	18	1
42	104	2	19	1
42	104	2	20	1
42	104	3	3	1/2
42	104	3	15	1
42	104	3	18	1
42	104	3	19	1
42	104	3	20	1
42	105	2	2	1521/3500
42	105	3	3	1521/3500
42	106	2	2	2313441/6125000
42	106	3	3	2313441/6125000
42	107	2	2	3518743761/10718750000
42	107	3	3	3518743761/10718750000
42	108	2	2	5352009260481/18757812500000
42	108	3	3	5352009260481/18757812500000
42	109	2	2	8140406085191601/32826171875000000
42	109	3	3	8140406085191601/32826171875000000
43	32	8	9	6
43	33	7	8	3888/3745
43	34	7	8	-5181003/308550550
43	35	7	8	-8190568692/115552180975
43	36	7	8	-6770609889777/553910934721760
43	37	7	8	196240367484167247/32412444539577987500
43	38	6	6	3
43	38	8	8	3
43	39	6	6	783/2345
43	39	7	7	783/2345
43	40	6	6	-8154351/120978550
43	40	7	7	-8154351/120978550
43	41	6	6	-349270461/11347787990
43	41	7	7	-349270461/11347787990
43	42	6	6	577186831107/212884502692400
43	42	7	7	577186831107/212884502692400
43	43	6	6	52259575071493683/12480353970341950000
43	43	7	7	52259575071493683/12480353970341950000
43	44	1	8	2
43	44	2	8	2
43	44	3	8	2
43	44	5	8	2
43	45	1	8	72/119
43	45	2	8	-171/595
43	45	3	8	-171/595
43	45	5	8	-171/595
43	46	1	8	1781271/15577100
43	46	2	8	-426627/15577100
43	46	3	8	-426627/15577100
43	46	5	8	-426627/15577100
43	47	1	8	-3227283/463418725
43	47	2	8	87773787/3707349800
43	47	3	8	87773787/3707349800
43	47	5	8	87773787/3707349800
43	48	1	8	-232267463469/16042713680000
43	48	2	8	-1651869531/1411758803840
43	48	3	8	-1651869531/1411758803840
43	48	5	8	-1651869531/1411758803840
43	49	1	8	-4343686896231/1049995610356000
43	49	2	8	-576503101102311/209999122071200000
43	49	3	8	-576503101102311/209999122071200000
43	49	5	8	-576503101102311/209999122071200000
43	74	3	17	2
43	74	17	17	1
43	74	17	18	2
43	74	17	19	2
43	74	17	20	2
43	75	16	16	999/1255
43	76	16	16	998001/1575025
43	77	16	16	997002999/1976656375
43	78	16	16	996005996001/2480703750625
43	79	16	16	995009990004999/3113283207034375
43	92	11	16	6
43	92	16	16	3
43	92	16	18	6
43	92	16	19	6
43	92	16	20	6
43	93	15	15	2997/1150
43	94	15	15	2994003/1322500
43	95	15	15	2991008997/1520875000
43	96	15	15	2988017988003/1749006250000
43	97	15	15	2985029970014997/2011357187500000
43	110	2	2	1/4
43	110	2	17	1/2
43	110	2	18	1/2
43	110	2	19	1/2
43	110	2	20	1/2
43	110	3	3	1/4
43	110	3	17	1/2
43	110	3	18	1/2
43	110	3	19	1/2
43	110	3	20	1/2
43	110	5	5	1/4
43	110	5	17	1/2
43	110	5	18	1/2
43	110	5	19	1/2
43	110	5	20	1/2
43	110	9	9	1/4
43	110	9	17	1/2
43	110	9	18	1/2
43	110	9	19	1/2
43	110	9	20	1/2
43	111	2	2	999/4720
43	111	3	3	999/4720
43	111	5	5	999/4720
43	111	9	9	999/4720
43	112	2	2	998001/5569600
43	112	3	3	998001/5569600
43	112	5	5	998001/5569600
43	112	9	9	998001/5569600
43	113	2	2	997002999/6572128000
43	113	3	3	997002999/6572128000
43	113	5	5	997002999/6572128000
43	113	9	9	997002999/6572128000
43	114	2	2	996005996001/7755111040000
43	114	3	3	996005996001/7755111040000
43	114	5	5	996005996001/7755111040000
43	114	9	9	996005996001/7755111040000
43	115	2	2	995009990004999/9151031027200000
43	115	3	3	995009990004999/9151031027200000
43	115	5	5	995009990004999/9151031027200000
43	115	9	9	995009990004999/9151031027200000
44	32	2	9	8
44	33	2	8	6912/3745
44	34	2	8	25754112/154275275
44	35	2	8	-9352101888/115552180975
44	36	2	8	-13060694016/353259524695
44	37	2	8	109082916421632/8103111134894496875
44	38	6	8	8
44	39	6	7	-2736/2345
44	40	6	7	-6378912/60489275
44	41	6	7	543402432/5673893995
44	42	6	7	-72409085568/13305281418275
44	43	6	7	-8595547012843776/780022123146371875
44	44	2	2	4/3
44	44	3	3	4/3
44	44	5	5	4/3
44	45	2	2	78/595
44	45	3	3	78/595
44	45	5	5	78/595
44	46	2	2	-18009/556325
44	46	3	3	-18009/556325
44	46	5	5	-18009/556325
44	47	2	2	-2239731/185367490
44	47	3	3	-2239731/185367490
44	47	5	5	-2239731/185367490
44	48	2	2	380404593/220587313100
44	48	3	3	380404593/220587313100
44	48	5	5	380404593/220587313100
44	49	2	2	10887736145949/6562472564725000
44	49	3	3	10887736145949/6562472564725000
44	49	5	5	10887736145949/6562472564725000
44	80	9	19	2
44	80	10	19	2
44	80	13	19	2
44	80	19	19	1
44	80	19	20	2
44	81	16	16	27/35
44	82	16	16	729/1225
44	83	16	16	19683/42875
44	84	16	16	531441/1500625
44	85	16	16	14348907/52521875
44	92	10	10	4
44	92	10	11	8
44	92	10	18	8
44	92	10	19	8
44	92	10	20	8
44	93	10	10	13824/4025
44	94	10	10	47775744/16200625
44	95	10	10	165112971264/65207515625
44	96	10	10	570630428688384/262460250390625
44	97	10	10	1972098761547055104/1056402507822265625
45	32	5	7	10
45	33	4	6	-3645/2996
45	34	4	6	-33173145/197472352
45	35	4	6	115165921905/1183254333184
45	36	4	6	11257437644055/7090059964438528
45	37	4	6	-479256677607229695/42483639306915659776
45	38	2	3	10
45	39	2	3	2385/938
45	40	2	3	857385/2765224
45	41	2	3	-3350021085/36312921568
45	42	2	3	-3922671948345/68123040861568
45	43	2	3	-652269182773365/127798824656301568
45	86	4	4	5
45	86	4	9	10
45	86	4	12	10
45	86	4	19	10
45	86	4	20	10
45	87	4	4	5400/1309
45	88	4	4	5832000/1713481
45	89	4	4	6298560000/2242946629
45	90	4	4	6802444800000/2936017137361
45	91	4	4	7346640384000000/3843246432805549
46	32	5	7	2
46	32	5	9	2
46	32	7	9	2
46	33	4	6	7911/14980
46	33	4	8	-1809/3745
46	33	6	8	-1809/3745
46	34	4	6	57294297/705258400
46	34	4	8	72148401/1234202200
46	34	6	8	72148401/1234202200
46	35	4	6	-54954876951/5916271665920
46	35	4	8	1035227385/73953395824
46	35	6	8	1035227385/73953395824
46	36	4	6	-1767089580374241/177251499110963200
46	36	4	8	-56394508478697/6330410682534400
46	36	6	8	-56394508478697/6330410682534400
46	37	4	6	-265310748425823060879/132761372834111436800000
46	37	4	8	7726058307013803219/8297585802131964800000
46	37	6	8	7726058307013803219/8297585802131964800000
46	38	2	4	2
46	38	2	8	2
46	38	3	4	2
46	38	3	6	2
46	38	4	6	2
46	38	4	8	2
46	39	2	4	1431/4690
46	39	2	7	1557/2345
46	39	3	4	1431/4690
46	39	3	6	1557/2345
46	39	4	6	-513/2345
46	39	4	7	-513/2345
46	40	2	4	-7464231/483914200
46	40	2	7	38338677/241957100
46	40	3	4	-7464231/483914200
46	40	3	6	38338677/241957100
46	40	4	6	-9205083/241957100
46	40	4	7	-9205083/241957100
46	41	2	4	-19302311097/907823039200
46	41	2	7	74282913/6484450280
46	41	3	4	-19302311097/907823039200
46	41	3	6	74282913/6484450280
46	41	4	6	4021374681/226955759800
46	41	4	7	4021374681/226955759800
46	42	2	4	-60936619383/26610562836550
46	42	2	7	-19426448044791/1703076021539200
46	42	3	4	-60936619383/26610562836550
46	42	3	6	-19426448044791/1703076021539200
46	42	4	6	76187913201/68123040861568
46	42	4	7	76187913201/68123040861568
46	43	2	4	198991814682144249/99842831762735600000
46	43	2	7	-1167004470321601623/199685663525471200000
46	43	3	4	198991814682144249/99842831762735600000
46	43	3	6	-1167004470321601623/199685663525471200000
46	43	4	6	-421027480762610373/199685663525471200000
46	43	4	7	-421027480762610373/199685663525471200000
46	44	2	3	2/3
46	44	2	5	2/3
46	44	3	5	2/3
46	45	2	3	33/170
46	45	2	5	33/170
46	45	3	5	33/170
46	46	2	3	2253609/62308400
46	46	2	5	2253609/62308400
46	46	3	5	2253609/62308400
46	47	2	3	-101817/77035840
46	47	2	5	-101817/77035840
46	47	3	5	-101817/77035840
46	48	2	3	-435157080597/112940704307200
46	48	2	5	-435157080597/112940704307200
46	48	3	5	-435157080597/112940704307200
46	49	2	3	-99615176810217/87272362419200000
46	49	2	5	-99615176810217/87272362419200000
46	49	3	5	-99615176810217/87272362419200000
46	86	8	8	1
46	86	8	9	2
46	86	8	12	2
46	86	8	19	2
46	86	8	20	2
46	86	9	14	2
46	86	12	14	2
46	86	14	14	1
46	86	14	19	2
46	86	14	20	2
46	87	8	8	24867/32725
46	87	12	12	24867/32725
46	88	8	8	618367689/1070925625
46	88	12	12	618367689/1070925625
46	89	8	8	15376949322363/35046041078125
46	89	12	12	15376949322363/35046041078125
46	90	8	8	382378598799200721/1146881694281640625
46	90	12	12	382378598799200721/1146881694281640625
46	91	8	8	9508608616339724329107/37531703445366689453125
46	91	12	12	9508608616339724329107/37531703445366689453125
46	92	4	4	1
46	92	4	11	2
46	92	4	18	2
46	92	4	19	2
46	92	4	20	2
46	92	6	6	1
46	92	6	11	2
46	92	6	18	2
46	92	6	19	2
46	92	6	20	2
46	93	4	4	24867/32200
46	93	6	6	24867/32200
46	94	4	4	618367689/1036840000
46	94	6	6	618367689/1036840000
46	95	4	4	15376949322363/33386248000000
46	95	6	6	15376949322363/33386248000000
46	96	4	4	382378598799200721/1075037185600000000
46	96	6	6	382378598799200721/1075037185600000000
46	97	4	4	9508608616339724329107/34616197376320000000000
46	97	6	6	9508608616339724329107/34616197376320000000000
46	98	6	6	1/4
46	98	6	9	1/2
46	98	6	16	1/2
46	98	6	19	1/2
46	98	6	20	1/2
46	98	7	7	1/4
46	98	7	9	1/2
46	98	7	16	1/2
46	98	7	19	1/2
46	98	7	20	1/2
46	98	9	11	1/2
46	98	9	12	1/2
46	98	11	11	1/4
46	98	11	16	1/2
46	98	11	19	1/2
46	98	11	20	1/2
46	98	12	12	1/4
46	98	12	16	1/2
46	98	12	19	1/2
46	98	12	20	1/2
46	99	6	6	2763/12740
46	99	7	7	2763/12740
46	99	10	10	2763/12740
46	99	11	11	2763/12740
46	100	6	6	7634169/40576900
46	100	7	7	7634169/40576900
46	100	10	10	7634169/40576900
46	100	11	11	7634169/40576900
46	101	6	6	21093208947/129237426500
46	101	7	7	21093208947/129237426500
46	101	10	10	21093208947/129237426500
46	101	11	11	21093208947/129237426500
46	102	6	6	58280536320561/411621203402500
46	102	7	7	58280536320561/411621203402500
46	102	10	10	58280536320561/411621203402500
46	102	11	11	58280536320561/411621203402500
46	103	6	6	161029121853710043/1311013532836962500
46	103	7	7	161029121853710043/1311013532836962500
46	103	10	10	161029121853710043/1311013532836962500
46	103	11	11	161029121853710043/1311013532836962500
47	32	5	9	2
47	32	7	9	2
47	33	4	8	216/749
47	33	6	8	216/749
47	34	4	8	-989253/49368088
47	34	6	8	-989253/49368088
47	35	4	8	-190984149/9244174478
47	35	6	8	-190984149/9244174478
47	36	4	8	-405519775137/253216427301376
47	36	6	8	-405519775137/253216427301376
47	37	4	8	677579910822063/331903432085278592
47	37	6	8	677579910822063/331903432085278592
47	38	2	9	2
47	38	3	9	2
47	38	6	8	2
47	38	6	9	2
47	38	8	9	2
47	39	2	8	216/469
47	39	3	8	216/469
47	39	6	7	225/469
47	39	6	8	-27/67
47	39	7	8	-27/67
47	40	2	8	391473/9678284
47	40	3	8	391473/9678284
47	40	6	7	478791/9678284
47	40	6	8	150903/9678284
47	40	7	8	150903/9678284
47	41	2	8	-23718015/1134778799
47	41	3	8	-23718015/1134778799
47	41	6	7	-178003575/9078230392
47	41	6	8	30213405/1296890056
47	41	7	8	30213405/1296890056
47	42	2	8	-635696438175/68123040861568
47	42	3	8	-635696438175/68123040861568
47	42	6	7	-688708688319/68123040861568
47	42	6	8	-460958637375/68123040861568
47	42	7	8	-460958637375/68123040861568
47	43	2	8	783177692967/7987426541018848
47	43	3	8	783177692967/7987426541018848
47	43	6	7	-23546371858875/63899412328150784
47	43	6	8	-11500089353127/9128487475450112
47	43	7	8	-11500089353127/9128487475450112
47	44	2	4	2/3
47	44	2	6	2/3
47	44	3	4	2/3
47	44	3	7	2/3
47	44	4	6	2/3
47	44	4	7	2/3
47	44	5	6	2/3
47	44	5	7	2/3
47	44	6	7	2/3
47	45	2	4	27/238
47	45	2	6	27/238
47	45	3	4	27/238
47	45	3	7	27/238
47	45	4	6	-9/119
47	45	4	7	-9/119
47	45	5	6	27/238
47	45	5	7	27/238
47	45	6	7	-9/119
47	46	2	4	-5589/2492336
47	46	2	6	-5589/2492336
47	46	3	4	-5589/2492336
47	46	3	7	-5589/2492336
47	46	4	6	-4617/356048
47	46	4	7	-4617/356048
47	46	5	6	-5589/2492336
47	46	5	7	-5589/2492336
47	46	6	7	-4617/356048
47	47	2	4	-9152595/1186351936
47	47	2	6	-9152595/1186351936
47	47	3	4	-9152595/1186351936
47	47	3	7	-9152595/1186351936
47	47	4	6	3772575/593175968
47	47	4	7	3772575/593175968
47	47	5	6	-9152595/1186351936
47	47	5	7	-9152595/1186351936
47	47	6	7	3772575/593175968
47	48	2	4	-819304875/645375453184
47	48	2	6	-819304875/645375453184
47	48	3	4	-819304875/645375453184
47	48	3	7	-819304875/645375453184
47	48	4	6	1634181075/4517628172288
47	48	4	7	1634181075/4517628172288
47	48	5	6	-819304875/645375453184
47	48	5	7	-819304875/645375453184
47	48	6	7	1634181075/4517628172288
47	49	2	4	129584979117/195490091819008
47	49	2	6	129584979117/195490091819008
47	49	3	4	129584979117/195490091819008
47	49	3	7	129584979117/195490091819008
47	49	4	6	-843242217669/1075195505004544
47	49	4	7	-843242217669/1075195505004544
47	49	5	6	129584979117/195490091819008
47	49	5	7	129584979117/195490091819008
47	49	6	7	-843242217669/1075195505004544
47	86	9	18	2
47	86	12	18	2
47	86	18	18	1
47	86	18	19	2
47	86	18	20	2
47	87	16	16	1053/1309
47	88	16	16	1108809/1713481
47	89	16	16	1167575877/2242946629
47	90	16	16	1229457398481/2936017137361
47	91	16	16	1294618640600493/3843246432805549
47	92	11	13	2
47	92	11	15	2
47	92	13	13	1
47	92	13	18	2
47	92	13	19	2
47	92	13	20	2
47	92	15	15	1
47	92	15	18	2
47	92	15	19	2
47	92	15	20	2
47	93	12	12	1053/1288
47	93	14	14	1053/1288
47	94	12	12	1108809/1658944
47	94	14	14	1108809/1658944
47	95	12	12	1167575877/2136719872
47	95	14	14	1167575877/2136719872
47	96	12	12	1229457398481/2752095195136
47	96	14	14	1229457398481/2752095195136
47	97	12	12	1294618640600493/3544698611335168
47	97	14	14	1294618640600493/3544698611335168
47	104	6	6	1/2
47	104	6	15	1
47	104	6	18	1
47	104	6	19	1
47	104	6	20	1
47	104	7	7	1/2
47	104	7	15	1
47	104	7	18	1
47	104	7	19	1
47	104	7	20	1
47	104	10	10	1/2
47	104	10	15	1
47	104	10	18	1
47	104	10	19	1
47	104	10	20	1
47	104	11	11	1/2
47	104	11	15	1
47	104	11	18	1
47	104	11	19	1
47	104	11	20	1
47	105	6	6	117/280
47	105	7	7	117/280
47	105	10	10	117/280
47	105	11	11	117/280
47	106	6	6	13689/39200
47	106	7	7	13689/39200
47	106	10	10	13689/39200
47	106	11	11	13689/39200
47	107	6	6	1601613/5488000
47	107	7	7	1601613/5488000
47	107	10	10	1601613/5488000
47	107	11	11	1601613/5488000
47	108	6	6	187388721/768320000
47	108	7	7	187388721/768320000
47	108	10	10	187388721/768320000
47	108	11	11	187388721/768320000
47	109	6	6	21924480357/107564800000
47	109	7	7	21924480357/107564800000
47	109	10	10	21924480357/107564800000
47	109	11	11	21924480357/107564800000
48	32	9	9	2
48	33	8	8	-351/535
48	34	8	8	100283427/617101100
48	35	8	8	-494614107/26411927080
48	36	8	8	-7102890186381/1007110790403200
48	37	8	8	1405682643559172589/296342350076141600000
48	38	4	4	2
48	38	4	6	4
48	38	4	8	4
48	38	4	9	4
48	39	4	4	27/938
48	39	4	6	2592/2345
48	39	4	7	2592/2345
48	39	4	8	-2322/2345
48	40	4	4	-26956233/483914200
48	40	4	6	11686599/60489275
48	40	4	7	11686599/60489275
48	40	4	8	8037954/60489275
48	41	4	4	-2194280523/907823039200
48	41	4	6	-245171448/28369469975
48	41	4	7	-245171448/28369469975
48	41	4	8	128648088/5673893995
48	42	4	4	16491433180581/3870627321680000
48	42	4	6	-165528459711/8515380107696
48	42	4	7	-165528459711/8515380107696
48	42	4	8	-3743778108339/212884502692400
48	43	4	4	4951329284000457/15974853082037696000
48	43	4	6	-747666487013841/141822204208431250
48	43	4	7	-747666487013841/141822204208431250
48	43	4	8	64601689458875391/24960707940683900000
48	44	2	7	4/3
48	44	3	6	4/3
48	44	4	5	4/3
48	45	2	7	288/595
48	45	3	6	288/595
48	45	4	5	288/595
48	46	2	7	2162943/15577100
48	46	3	6	2162943/15577100
48	46	4	5	2162943/15577100
48	47	2	7	2191374/92683745
48	47	3	6	2191374/92683745
48	47	4	5	2191374/92683745
48	48	2	7	-6429904659/2016798291200
48	48	3	6	-6429904659/2016798291200
48	48	4	5	-6429904659/2016798291200
48	49	2	7	-108727843151979/26249890258900000
48	49	3	6	-108727843151979/26249890258900000
48	49	4	5	-108727843151979/26249890258900000
48	92	8	8	2
48	92	8	11	4
48	92	8	18	4
48	92	8	19	4
48	92	8	20	4
48	93	8	8	11259/8050
48	94	8	8	126765081/129605000
48	95	8	8	1427248046979/2086640500000
48	96	8	8	16069385760936561/33594912050000000
48	97	8	8	180925214282384740299/540878084005000000000
48	98	8	8	1/2
48	98	8	9	1
48	98	8	16	1
48	98	8	19	1
48	98	8	20	1
48	98	9	13	1
48	98	9	15	1
48	98	9	17	1
48	98	13	13	1/2
48	98	13	16	1
48	98	13	19	1
48	98	13	20	1
48	98	15	15	1/2
48	98	15	16	1
48	98	15	19	1
48	98	15	20	1
48	98	16	17	1
48	98	17	17	1/2
48	98	17	19	1
48	98	17	20	1
48	99	8	8	1251/3185
48	99	12	12	1251/3185
48	99	14	14	1251/3185
48	99	15	15	1251/3185
48	100	8	8	3130002/10144225
48	100	12	12	3130002/10144225
48	100	14	14	3130002/10144225
48	100	15	15	3130002/10144225
48	101	8	8	7831265004/32309356625
48	101	12	12	7831265004/32309356625
48	101	14	14	7831265004/32309356625
48	101	15	15	7831265004/32309356625
48	102	8	8	19593825040008/102905300850625
48	102	12	12	19593825040008/102905300850625
48	102	14	14	19593825040008/102905300850625
48	102	15	15	19593825040008/102905300850625
48	103	8	8	49023750250100016/327753383209240625
48	103	12	12	49023750250100016/327753383209240625
48	103	14	14	49023750250100016/327753383209240625
48	103	15	15	49023750250100016/327753383209240625
48	104	4	4	1
48	104	4	15	2
48	104	4	18	2
48	104	4	19	2
48	104	4	20	2
48	105	4	4	1251/1750
48	106	4	4	1565001/3062500
48	107	4	4	1957816251/5359375000
48	108	4	4	2449228130001/9378906250000
48	109	4	4	3063984390631251/16413085937500000
49	32	9	9	2
49	33	8	8	432/3745
49	34	8	8	-1223991/22039325
49	35	8	8	-239817672/23110436195
49	36	8	8	2837942238249/692388668402200
49	37	8	8	11470461457324167/8103111134894496875
49	38	6	9	4
49	38	8	9	4
49	39	6	8	1728/2345
49	39	7	8	1728/2345
49	40	6	8	201204/60489275
49	40	7	8	201204/60489275
49	41	6	8	-39051072/810556285
49	41	7	8	-39051072/810556285
49	42	6	8	-137068731279/13305281418275
49	42	7	8	-137068731279/13305281418275
49	43	6	8	2866188204104688/780022123146371875
49	43	7	8	2866188204104688/780022123146371875
49	44	2	8	4/3
49	44	3	8	4/3
49	44	4	4	2/3
49	44	4	8	4/3
49	44	5	8	4/3
49	44	6	6	2/3
49	44	6	8	4/3
49	44	7	7	2/3
49	44	7	8	4/3
49	45	2	8	192/595
49	45	3	8	192/595
49	45	4	4	9/170
49	45	4	8	-162/595
49	45	5	8	192/595
49	45	6	6	9/170
49	45	6	8	-162/595
49	45	7	7	9/170
49	45	7	8	-162/595
49	46	2	8	19251/556325
49	46	3	8	19251/556325
49	46	4	4	-546507/31154200
49	46	4	8	47142/3894275
49	46	5	8	19251/556325
49	46	6	6	-546507/31154200
49	46	6	8	47142/3894275
49	46	7	7	-546507/31154200
49	46	7	8	47142/3894275
49	47	2	8	-5874768/463418725
49	47	3	8	-5874768/463418725
49	47	4	4	-2053593/423697120
49	47	4	8	1417176/92683745
49	47	5	8	-5874768/463418725
49	47	6	6	-2053593/423697120
49	47	6	8	1417176/92683745
49	47	7	7	-2053593/423697120
49	47	7	8	1417176/92683745
49	48	2	8	-1201579353/176469850480
49	48	3	8	-1201579353/176469850480
49	48	4	4	8148584853/7058794019200
49	48	4	8	-587596599/126049893200
49	48	5	8	-1201579353/176469850480
49	48	6	6	8148584853/7058794019200
49	48	6	8	-587596599/126049893200
49	48	7	7	8148584853/7058794019200
49	48	7	8	-587596599/126049893200
49	49	2	8	-276587307153/820309070590625
49	49	3	8	-276587307153/820309070590625
49	49	4	4	40064401122399/59999749163200000
49	49	4	8	-19777772916729/26249890258900000
49	49	5	8	-276587307153/820309070590625
49	49	6	6	40064401122399/59999749163200000
49	49	6	8	-19777772916729/26249890258900000
49	49	7	7	40064401122399/59999749163200000
49	49	7	8	-19777772916729/26249890258900000
49	92	11	17	4
49	92	17	17	2
49	92	17	18	4
49	92	17	19	4
49	92	17	20	4
49	93	16	16	6642/4025
49	94	16	16	22058082/16200625
49	95	16	16	73254890322/65207515625
49	96	16	16	243279490759362/262460250390625
49	97	16	16	807931188811841202/1056402507822265625
49	104	14	14	1
49	104	14	15	2
49	104	14	18	2
49	104	14	19	2
49	104	14	20	2
49	104	15	16	2
49	104	16	16	1
49	104	16	18	2
49	104	16	19	2
49	104	16	20	2
49	105	14	14	738/875
49	105	15	15	738/875
49	106	14	14	544644/765625
49	106	15	15	544644/765625
49	107	14	14	401947272/669921875
49	107	15	15	401947272/669921875
49	108	14	14	296637086736/586181640625
49	108	15	15	296637086736/586181640625
49	109	14	14	218918170011168/512908935546875
49	109	15	15	218918170011168/512908935546875
49	110	4	4	1/6
49	110	4	17	1/3
49	110	4	18	1/3
49	110	4	19	1/3
49	110	4	20	1/3
49	110	6	6	1/6
49	110	6	17	1/3
49	110	6	18	1/3
49	110	6	19	1/3
49	110	6	20	1/3
49	110	7	7	1/6
49	110	7	17	1/3
49	110	7	18	1/3
49	110	7	19	1/3
49	110	7	20	1/3
49	110	10	10	1/6
49	110	10	17	1/3
49	110	10	18	1/3
49	110	10	19	1/3
49	110	10	20	1/3
49	110	11	11	1/6
49	110	11	17	1/3
49	110	11	18	1/3
49	110	11	19	1/3
49	110	11	20	1/3
49	110	13	13	1/6
49	110	13	17	1/3
49	110	13	18	1/3
49	110	13	19	1/3
49	110	13	20	1/3
49	111	4	4	1107/8260
49	111	6	6	1107/8260
49	111	7	7	1107/8260
49	111	10	10	1107/8260
49	111	11	11	1107/8260
49	111	13	13	1107/8260
49	112	4	4	3676347/34113800
49	112	6	6	3676347/34113800
49	112	7	7	3676347/34113800
49	112	10	10	3676347/34113800
49	112	11	11	3676347/34113800
49	112	13	13	3676347/34113800
49	113	4	4	12209148387/140889994000
49	113	6	6	12209148387/140889994000
49	113	7	7	12209148387/140889994000
49	113	10	10	12209148387/140889994000
49	113	11	11	12209148387/140889994000
49	113	13	13	12209148387/140889994000
49	114	4	4	40546581793227/581875675220000
49	114	6	6	40546581793227/581875675220000
49	114	7	7	40546581793227/581875675220000
49	114	10	10	40546581793227/581875675220000
49	114	11	11	40546581793227/581875675220000
49	114	13	13	40546581793227/581875675220000
49	115	4	4	134655198135306867/2403146538658600000
49	115	6	6	134655198135306867/2403146538658600000
49	115	7	7	134655198135306867/2403146538658600000
49	115	10	10	134655198135306867/2403146538658600000
49	115	11	11	134655198135306867/2403146538658600000
49	115	13	13	134655198135306867/2403146538658600000
50	38	4	9	8
50	38	9	9	4
50	39	4	8	2592/2345
50	39	8	8	-2754/2345
50	40	4	8	-478953/5499025
50	40	8	8	2473497/10998050
50	41	4	8	-40389516/515808545
50	41	8	8	9034497/2063234180
50	42	4	8	-185143947021/38706273216800
50	42	8	8	-1734825903021/77412546433600
50	43	4	8	4388017051910871/567288816833725000
50	43	8	8	64534775999977593/9076621069339600000
50	44	4	6	8/3
50	44	4	7	8/3
50	44	6	7	8/3
50	45	4	6	432/595
50	45	4	7	432/595
50	45	6	7	432/595
50	46	4	6	24057/202300
50	46	4	7	24057/202300
50	46	6	7	24057/202300
50	47	4	6	-177147/16851590
50	47	4	7	-177147/16851590
50	47	6	7	-177147/16851590
50	48	4	6	-35886616407/2566834188800
50	48	4	7	-35886616407/2566834188800
50	48	6	7	-35886616407/2566834188800
50	49	4	6	-61052432600043/19090829279200000
50	49	4	7	-61052432600043/19090829279200000
50	49	6	7	-61052432600043/19090829279200000
50	98	9	18	2
50	98	16	18	2
50	98	18	18	1
50	98	18	19	2
50	98	18	20	2
50	99	16	16	2673/3185
50	100	16	16	7144929/10144225
50	101	16	16	19098395217/32309356625
50	102	16	16	51050010415041/102905300850625
50	103	16	16	136456677839404593/327753383209240625
50	104	8	8	2
50	104	8	15	4
50	104	8	18	4
50	104	8	19	4
50	104	8	20	4
50	104	12	12	2
50	104	12	15	4
50	104	12	18	4
50	104	12	19	4
50	104	12	20	4
50	105	8	8	2673/1750
50	105	12	12	2673/1750
50	106	8	8	7144929/6125000
50	106	12	12	7144929/6125000
50	107	8	8	19098395217/21437500000
50	107	12	12	19098395217/21437500000
50	108	8	8	51050010415041/75031250000000
50	108	12	12	51050010415041/75031250000000
50	109	8	8	136456677839404593/262609375000000000
50	109	12	12	136456677839404593/262609375000000000
51	38	9	9	6
51	39	8	8	1296/2345
51	40	8	8	-9082611/60489275
51	41	8	8	-288631512/5673893995
51	42	8	8	928675609947/106442251346200
51	43	8	8	5461431378168501/780022123146371875
51	44	4	8	4
51	44	6	8	4
51	44	7	8	4
51	44	8	8	2
51	45	4	8	432/595
51	45	6	8	432/595
51	45	7	8	432/595
51	45	8	8	-9/17
51	46	4	8	-2187/7788550
51	46	6	8	-2187/7788550
51	46	7	8	-2187/7788550
51	46	8	8	1154331/15577100
51	47	4	8	-4448358/92683745
51	47	6	8	-4448358/92683745
51	47	7	8	-4448358/92683745
51	47	8	8	8126163/529621400
51	48	4	8	-448004763/45836324800
51	48	6	8	-448004763/45836324800
51	48	7	8	-448004763/45836324800
51	48	8	8	-191656710549/16042713680000
51	49	4	8	49520675209167/13124945129450000
51	49	6	8	49520675209167/13124945129450000
51	49	7	8	49520675209167/13124945129450000
51	49	8	8	2055720017151/1199994983264000
51	104	15	17	6
51	104	17	17	3
51	104	17	18	6
51	104	17	19	6
51	104	17	20	6
51	105	16	16	2241/875
51	106	16	16	1674027/765625
51	107	16	16	1250498169/669921875
51	108	16	16	934122132243/586181640625
51	109	16	16	697789232785521/512908935546875
51	110	8	8	1/2
51	110	8	17	1
51	110	8	18	1
51	110	8	19	1
51	110	8	20	1
51	110	12	12	1/2
51	110	12	17	1
51	110	12	18	1
51	110	12	19	1
51	110	12	20	1
51	110	14	14	1/2
51	110	14	17	1
51	110	14	18	1
51	110	14	19	1
51	110	14	20	1
51	110	15	15	1/2
51	110	15	17	1
51	110	15	18	1
51	110	15	19	1
51	110	15	20	1
51	111	8	8	6723/16520
51	111	12	12	6723/16520
51	111	14	14	6723/16520
51	111	15	15	6723/16520
51	112	8	8	45198729/136455200
51	112	12	12	45198729/136455200
51	112	14	14	45198729/136455200
51	112	15	15	45198729/136455200
51	113	8	8	303871055067/1127119952000
51	113	12	12	303871055067/1127119952000
51	113	14	14	303871055067/1127119952000
51	113	15	15	303871055067/1127119952000
51	114	8	8	2042925103215441/9310010803520000
51	114	12	12	2042925103215441/9310010803520000
51	114	14	14	2042925103215441/9310010803520000
51	114	15	15	2042925103215441/9310010803520000
51	115	8	8	13734585468917409843/76900689237075200000
51	115	12	12	13734585468917409843/76900689237075200000
51	115	14	14	13734585468917409843/76900689237075200000
51	115	15	15	13734585468917409843/76900689237075200000
52	44	8	8	20
52	45	8	8	288/119
52	46	8	8	-6642/15895
52	47	8	8	-103144752/463418725
52	48	8	8	12464331921/1102936565500
52	49	8	8	4913502837498/164061814118125
52	110	16	16	5
52	110	16	17	10
52	110	16	18	10
52	110	16	19	10
52	110	16	20	10
52	111	16	16	1809/413
52	112	16	16	3272481/852845
52	113	16	16	5919918129/1761124925
52	114	16	16	10709131895361/3636722970125
52	115	16	16	19372819598708049/7509832933308125
53	50	1	1	30
53	51	1	1	-2673/259
53	52	1	1	6515073/2347835
53	53	1	1	-1280241369/3040446325
53	54	1	1	-6842878957044/90559693790125
53	55	1	1	17996336842096899/234549606916423750
54	50	1	1	2
54	50	1	2	4
54	50	1	4	4
54	50	1	7	4
54	50	1	12	4
54	51	1	1	108/1295
54	51	1	2	-1188/1295
54	51	1	3	-1188/1295
54	51	1	5	-1188/1295
54	51	1	9	-1188/1295
54	52	1	1	-696438/11739175
54	52	1	2	995328/11739175
54	52	1	3	995328/11739175
54	52	1	5	995328/11739175
54	52	1	9	995328/11739175
54	53	1	1	-117231948/15202231625
54	53	1	2	116050968/3040446325
54	53	1	3	116050968/3040446325
54	53	1	5	116050968/3040446325
54	53	1	9	116050968/3040446325
54	54	1	1	2152056512034/452798468950625
54	54	1	2	-8046297340848/452798468950625
54	54	1	3	-8046297340848/452798468950625
54	54	1	5	-8046297340848/452798468950625
54	54	1	9	-8046297340848/452798468950625
54	55	1	1	633866276539548/586374017291059375
54	55	1	2	18855535183056/83767716755865625
54	55	1	3	18855535183056/83767716755865625
54	55	1	5	18855535183056/83767716755865625
54	55	1	9	18855535183056/83767716755865625
54	56	1	1	12
54	57	1	1	-10692/2975
54	58	1	1	43820919/61954375
54	59	1	1	1701142641/184314265625
54	60	1	1	-3581004934784637/50446814501562500
54	61	1	1	507520371423787821/21439896163164062500
55	50	1	2	1
55	50	1	4	1
55	50	1	5	1
55	50	1	7	1
55	50	1	8	1
55	50	1	9	1
55	50	1	12	1
55	50	1	13	1
55	50	1	14	1
55	50	1	16	1
55	50	2	2	1/2
55	50	4	4	1/2
55	50	7	7	1/2
55	50	12	12	1/2
55	51	1	2	81/518
55	51	1	3	81/518
55	51	1	4	-297/2590
55	51	1	5	81/518
55	51	1	6	-297/2590
55	51	1	7	-297/2590
55	51	1	9	81/518
55	51	1	10	-297/2590
55	51	1	11	-297/2590
55	51	1	13	-297/2590
55	51	2	2	-729/5180
55	51	3	3	-729/5180
55	51	5	5	-729/5180
55	51	9	9	-729/5180
55	52	1	2	-194643/23478350
55	52	1	3	-194643/23478350
55	52	1	4	-459999/23478350
55	52	1	5	-194643/23478350
55	52	1	6	-459999/23478350
55	52	1	7	-459999/23478350
55	52	1	9	-194643/23478350
55	52	1	10	-459999/23478350
55	52	1	11	-459999/23478350
55	52	1	13	-459999/23478350
55	52	2	2	1091313/46956700
55	52	3	3	1091313/46956700
55	52	5	5	1091313/46956700
55	52	9	9	1091313/46956700
55	53	1	2	-35075106/3040446325
55	53	1	3	-35075106/3040446325
55	53	1	4	29662281/3040446325
55	53	1	5	-35075106/3040446325
55	53	1	6	29662281/3040446325
55	53	1	7	29662281/3040446325
55	53	1	9	-35075106/3040446325
55	53	1	10	29662281/3040446325
55	53	1	11	29662281/3040446325
55	53	1	13	29662281/3040446325
55	53	2	2	81310473/30404463250
55	53	3	3	81310473/30404463250
55	53	5	5	81310473/30404463250
55	53	9	9	81310473/30404463250
55	54	1	2	-574716772071/452798468950625
55	54	1	3	-574716772071/452798468950625
55	54	1	4	238220022573/452798468950625
55	54	1	5	-574716772071/452798468950625
55	54	1	6	238220022573/452798468950625
55	54	1	7	238220022573/452798468950625
55	54	1	9	-574716772071/452798468950625
55	54	1	10	238220022573/452798468950625
55	54	1	11	238220022573/452798468950625
55	54	1	13	238220022573/452798468950625
55	54	2	2	-2875650102963/905596937901250
55	54	3	3	-2875650102963/905596937901250
55	54	5	5	-2875650102963/905596937901250
55	54	9	9	-2875650102963/905596937901250
55	55	1	2	15245383662639/13402834680938500
55	55	1	3	15245383662639/13402834680938500
55	55	1	4	-2837500190408169/2345496069164237500
55	55	1	5	15245383662639/13402834680938500
55	55	1	6	-2837500190408169/2345496069164237500
55	55	1	7	-2837500190408169/2345496069164237500
55	55	1	9	15245383662639/13402834680938500
55	55	1	10	-2837500190408169/2345496069164237500
55	55	1	11	-2837500190408169/2345496069164237500
55	55	1	13	-2837500190408169/2345496069164237500
55	55	2	2	469743081287121/670141734046925000
55	55	3	3	469743081287121/670141734046925000
55	55	5	5	469743081287121/670141734046925000
55	55	9	9	469743081287121/670141734046925000
55	56	1	7	6
55	56	1	11	6
55	57	1	5	-8019/5950
55	57	1	9	-8019/5950
55	58	1	5	27339687/247817500
55	58	1	9	27339687/247817500
55	59	1	5	11364334344/184314265625
55	59	1	9	11364334344/184314265625
55	60	1	5	-2630559163137237/100893629003125000
55	60	1	9	-2630559163137237/100893629003125000
55	61	1	5	-207961058167518249/343038338610625000000
55	61	1	9	-207961058167518249/343038338610625000000
55	62	1	1	6
55	63	1	1	-2673/1625
55	64	1	1	226137987/905734375
55	65	1	1	61697111454/1471818359375
55	66	1	1	-103456958251720914/2695451347900390625
55	67	1	1	59825223726327962199/8760216880676269531250
56	50	1	5	1
56	50	1	8	1
56	50	1	9	1
56	50	1	10	1
56	50	1	13	1
56	50	1	14	1
56	50	1	15	1
56	50	1	16	1
56	50	1	17	1
56	50	1	18	1
56	51	1	4	351/1295
56	51	1	6	351/1295
56	51	1	7	351/1295
56	51	1	10	351/1295
56	51	1	11	351/1295
56	51	1	13	351/1295
56	52	1	4	511758/11739175
56	52	1	6	511758/11739175
56	52	1	7	511758/11739175
56	52	1	8	-9477/317275
56	52	1	10	511758/11739175
56	52	1	11	511758/11739175
56	52	1	12	-9477/317275
56	52	1	13	511758/11739175
56	52	1	14	-9477/317275
56	52	1	15	-9477/317275
56	53	1	4	-13305708/3040446325
56	53	1	6	-13305708/3040446325
56	53	1	7	-13305708/3040446325
56	53	1	10	-13305708/3040446325
56	53	1	11	-13305708/3040446325
56	53	1	13	-13305708/3040446325
56	54	1	4	-2411313626592/452798468950625
56	54	1	6	-2411313626592/452798468950625
56	54	1	7	-2411313626592/452798468950625
56	54	1	8	808321761/330751255625
56	54	1	10	-2411313626592/452798468950625
56	54	1	11	-2411313626592/452798468950625
56	54	1	12	808321761/330751255625
56	54	1	13	-2411313626592/452798468950625
56	54	1	14	808321761/330751255625
56	54	1	15	808321761/330751255625
56	55	1	4	-687739553981064/586374017291059375
56	55	1	6	-687739553981064/586374017291059375
56	55	1	7	-687739553981064/586374017291059375
56	55	1	10	-687739553981064/586374017291059375
56	55	1	11	-687739553981064/586374017291059375
56	55	1	13	-687739553981064/586374017291059375
56	56	7	7	3
56	56	11	11	3
56	57	5	5	-5589/5950
56	57	9	9	-5589/5950
56	58	5	5	25568217/123908750
56	58	9	9	25568217/123908750
56	59	5	5	-3556934613/368628531250
56	59	9	9	-3556934613/368628531250
56	60	5	5	-198743353212762/12611703625390625
56	60	9	9	-198743353212762/12611703625390625
56	61	5	5	45038128131896409/6525185788789062500
56	61	9	9	45038128131896409/6525185788789062500
56	62	1	10	12
56	63	1	9	-32076/11375
56	64	1	9	267531336/905734375
56	65	1	9	1063196613072/10302728515625
56	66	1	9	-146368774874498688/2695451347900390625
56	67	1	9	88402677241609345824/30660759082366943359375
56	68	1	1	2
56	69	1	1	-297/560
56	70	1	1	314199/4390400
56	71	1	1	86821713/4917248000
56	72	1	1	-1611150016383/126668308480000
56	73	1	1	226112214493143/141868505497600000
57	50	1	10	2
57	50	1	15	2
57	50	1	17	2
57	50	1	18	2
57	50	1	19	2
57	51	1	8	27/35
57	51	1	12	27/35
57	51	1	14	27/35
57	51	1	15	27/35
57	51	1	16	297/1295
57	52	1	8	11421/45325
57	52	1	12	11421/45325
57	52	1	14	11421/45325
57	52	1	15	11421/45325
57	52	1	16	-4617/239575
57	53	1	8	19683/317275
57	53	1	12	19683/317275
57	53	1	14	19683/317275
57	53	1	15	19683/317275
57	53	1	16	-27497151/2171747375
57	54	1	8	303984252/47250179375
57	54	1	12	303984252/47250179375
57	54	1	14	303984252/47250179375
57	54	1	15	303984252/47250179375
57	54	1	16	-26225550468/64685495564375
57	55	1	8	-11876112027/3307512556250
57	55	1	12	-11876112027/3307512556250
57	55	1	14	-11876112027/3307512556250
57	55	1	15	-11876112027/3307512556250
57	55	1	16	164726710280847/167535433511731250
57	62	10	10	12
57	63	9	9	-50058/11375
57	64	9	9	172567422/129390625
57	65	9	9	-417435213798/1471818359375
57	66	9	9	489221162932248/55009211181640625
57	67	9	9	112688116567240700601/4380108440338134765625
57	68	1	9	8
57	69	1	9	-297/140
57	70	1	9	55161/156800
57	71	1	9	649539/35123200
57	72	1	9	-154522316601/4523868160000
57	73	1	9	43803774116289/5066732339200000
58	50	1	19	10
58	51	1	16	1296/259
58	52	1	16	5608926/2347835
58	53	1	16	3285013968/3040446325
58	54	1	16	41472253698642/90559693790125
58	55	1	16	20970475991698896/117274803458211875
58	68	9	9	20
58	69	9	9	-513/56
58	70	9	9	1725543/439040
58	71	9	9	-765530919/491724800
58	72	9	9	7036917100641/12666830848000
58	73	9	9	-2412463639938273/14186850549760000
59	50	2	2	3/2
59	50	4	4	3/2
59	50	7	7	3/2
59	50	12	12	3/2
59	51	2	2	81/518
59	51	3	3	81/518
59	51	5	5	81/518
59	51	9	9	81/518
59	52	2	2	-442503/11739175
59	52	3	3	-442503/11739175
59	52	5	5	-442503/11739175
59	52	9	9	-442503/11739175
59	53	2	2	-46176318/3040446325
59	53	3	3	-46176318/3040446325
59	53	5	5	-46176318/3040446325
59	53	9	9	-46176318/3040446325
59	54	2	2	896723782704/452798468950625
59	54	3	3	896723782704/452798468950625
59	54	5	5	896723782704/452798468950625
59	54	9	9	896723782704/452798468950625
59	55	2	2	7310653325244/3350708670234625
59	55	3	3	7310653325244/3350708670234625
59	55	5	5	7310653325244/3350708670234625
59	55	9	9	7310653325244/3350708670234625
59	56	1	15	18
59	57	1	13	-8019/2975
59	58	1	13	-14309541/61954375
59	59	1	13	41406162633/184314265625
59	60	1	13	-189784900105452/12611703625390625
59	61	1	13	-277984336164912729/10719948081582031250
59	74	1	1	6
59	75	1	1	-2673/1757
59	76	1	1	92293587/540233575
59	77	1	1	62328463362/949190391275
59	78	1	1	-35495532096784434/958943322545350625
59	79	1	1	193922803913551317/96277909583553202750
60	50	2	4	4/3
60	50	2	7	4/3
60	50	2	12	4/3
60	50	4	7	4/3
60	50	4	12	4/3
60	50	7	12	4/3
60	51	2	3	-264/1295
60	51	2	5	-264/1295
60	51	2	9	-264/1295
60	51	3	5	-264/1295
60	51	3	9	-264/1295
60	51	5	9	-264/1295
60	52	2	3	-188208/11739175
60	52	2	5	-188208/11739175
60	52	2	9	-188208/11739175
60	52	3	5	-188208/11739175
60	52	3	9	-188208/11739175
60	52	5	9	-188208/11739175
60	53	2	3	256693536/15202231625
60	53	2	5	256693536/15202231625
60	53	2	9	256693536/15202231625
60	53	3	5	256693536/15202231625
60	53	3	9	256693536/15202231625
60	53	5	9	256693536/15202231625
60	54	2	3	-595376702784/452798468950625
60	54	2	5	-595376702784/452798468950625
60	54	2	9	-595376702784/452798468950625
60	54	3	5	-595376702784/452798468950625
60	54	3	9	-595376702784/452798468950625
60	54	5	9	-595376702784/452798468950625
60	55	2	3	-161119750568832/83767716755865625
60	55	2	5	-161119750568832/83767716755865625
60	55	2	9	-161119750568832/83767716755865625
60	55	3	5	-161119750568832/83767716755865625
60	55	3	9	-161119750568832/83767716755865625
60	55	5	9	-161119750568832/83767716755865625
60	56	1	1	4
60	56	1	2	8
60	56	1	4	8
60	57	1	1	1026/2975
60	57	1	2	-4752/2975
60	57	1	3	-4752/2975
60	58	1	1	-6750297/61954375
60	58	1	2	2573856/61954375
60	58	1	3	2573856/61954375
60	59	1	1	-12278786841/368628531250
60	59	1	2	18886862016/184314265625
60	59	1	3	18886862016/184314265625
60	60	1	1	363571075547361/50446814501562500
60	60	1	2	-344173708098432/12611703625390625
60	60	1	3	-344173708098432/12611703625390625
60	61	1	1	206184922287370839/42879792326328125000
60	61	1	2	-36228878321999616/5359974040791015625
60	61	1	3	-36228878321999616/5359974040791015625
60	80	1	1	2
60	81	1	1	-297/560
60	82	1	1	314199/4390400
60	83	1	1	86821713/4917248000
60	84	1	1	-1611150016383/126668308480000
60	85	1	1	226112214493143/141868505497600000
61	50	2	4	1/3
61	50	2	5	1/3
61	50	2	7	1/3
61	50	2	8	1/3
61	50	2	12	1/3
61	50	2	13	1/3
61	50	4	5	1/3
61	50	4	7	1/3
61	50	4	9	1/3
61	50	4	12	1/3
61	50	4	14	1/3
61	50	7	8	1/3
61	50	7	9	1/3
61	50	7	12	1/3
61	50	7	16	1/3
61	50	12	13	1/3
61	50	12	14	1/3
61	50	12	16	1/3
61	51	2	3	201/2590
61	51	2	4	-177/2590
61	51	2	5	201/2590
61	51	2	6	-177/2590
61	51	2	9	201/2590
61	51	2	10	-177/2590
61	51	3	4	-177/2590
61	51	3	5	201/2590
61	51	3	7	-177/2590
61	51	3	9	201/2590
61	51	3	11	-177/2590
61	51	5	6	-177/2590
61	51	5	7	-177/2590
61	51	5	9	201/2590
61	51	5	13	-177/2590
61	51	9	10	-177/2590
61	51	9	11	-177/2590
61	51	9	13	-177/2590
61	52	2	3	158643/23478350
61	52	2	4	63387/23478350
61	52	2	5	158643/23478350
61	52	2	6	63387/23478350
61	52	2	9	158643/23478350
61	52	2	10	63387/23478350
61	52	3	4	63387/23478350
61	52	3	5	158643/23478350
61	52	3	7	63387/23478350
61	52	3	9	158643/23478350
61	52	3	11	63387/23478350
61	52	5	6	63387/23478350
61	52	5	7	63387/23478350
61	52	5	9	158643/23478350
61	52	5	13	63387/23478350
61	52	9	10	63387/23478350
61	52	9	11	63387/23478350
61	52	9	13	63387/23478350
61	53	2	3	-56153169/15202231625
61	53	2	4	62093547/15202231625
61	53	2	5	-56153169/15202231625
61	53	2	6	62093547/15202231625
61	53	2	9	-56153169/15202231625
61	53	2	10	62093547/15202231625
61	53	3	4	62093547/15202231625
61	53	3	5	-56153169/15202231625
61	53	3	7	62093547/15202231625
61	53	3	9	-56153169/15202231625
61	53	3	11	62093547/15202231625
61	53	5	6	62093547/15202231625
61	53	5	7	62093547/15202231625
61	53	5	9	-56153169/15202231625
61	53	5	13	62093547/15202231625
61	53	9	10	62093547/15202231625
61	53	9	11	62093547/15202231625
61	53	9	13	62093547/15202231625
61	54	2	3	-746196568353/452798468950625
61	54	2	4	-548960311233/452798468950625
61	54	2	5	-746196568353/452798468950625
61	54	2	6	-548960311233/452798468950625
61	54	2	9	-746196568353/452798468950625
61	54	2	10	-548960311233/452798468950625
61	54	3	4	-548960311233/452798468950625
61	54	3	5	-746196568353/452798468950625
61	54	3	7	-548960311233/452798468950625
61	54	3	9	-746196568353/452798468950625
61	54	3	11	-548960311233/452798468950625
61	54	5	6	-548960311233/452798468950625
61	54	5	7	-548960311233/452798468950625
61	54	5	9	-746196568353/452798468950625
61	54	5	13	-548960311233/452798468950625
61	54	9	10	-548960311233/452798468950625
61	54	9	11	-548960311233/452798468950625
61	54	9	13	-548960311233/452798468950625
61	55	2	3	8189880777711/335070867023462500
61	55	2	4	-74966278666527/335070867023462500
61	55	2	5	8189880777711/335070867023462500
61	55	2	6	-74966278666527/335070867023462500
61	55	2	9	8189880777711/335070867023462500
61	55	2	10	-74966278666527/335070867023462500
61	55	3	4	-74966278666527/335070867023462500
61	55	3	5	8189880777711/335070867023462500
61	55	3	7	-74966278666527/335070867023462500
61	55	3	9	8189880777711/335070867023462500
61	55	3	11	-74966278666527/335070867023462500
61	55	5	6	-74966278666527/335070867023462500
61	55	5	7	-74966278666527/335070867023462500
61	55	5	9	8189880777711/335070867023462500
61	55	5	13	-74966278666527/335070867023462500
61	55	9	10	-74966278666527/335070867023462500
61	55	9	11	-74966278666527/335070867023462500
61	55	9	13	-74966278666527/335070867023462500
61	56	1	7	2
61	56	1	8	2
61	56	1	9	2
61	56	1	11	2
61	56	1	12	2
61	56	1	13	2
61	56	7	11	2
61	57	1	5	1917/5950
61	57	1	6	-297/1190
61	57	1	7	-297/1190
61	57	1	9	1917/5950
61	57	1	10	-297/1190
61	57	1	11	-297/1190
61	57	5	9	-1431/5950
61	58	1	5	-3610251/247817500
61	58	1	6	-350163/9912700
61	58	1	7	-350163/9912700
61	58	1	9	-3610251/247817500
61	58	1	10	-350163/9912700
61	58	1	11	-350163/9912700
61	58	5	9	-9305199/247817500
61	59	1	5	-4379743062/184314265625
61	59	1	6	30961359/1474514125
61	59	1	7	30961359/1474514125
61	59	1	9	-4379743062/184314265625
61	59	1	10	30961359/1474514125
61	59	1	11	30961359/1474514125
61	59	5	9	15114910311/737257062500
61	60	1	5	-297809013336759/100893629003125000
61	60	1	6	52536662937/161429806405000
61	60	1	7	52536662937/161429806405000
61	60	1	9	-297809013336759/100893629003125000
61	60	1	10	52536662937/161429806405000
61	60	1	11	52536662937/161429806405000
61	60	5	9	70839757228941/100893629003125000
61	61	1	5	793143594997870167/343038338610625000000
61	61	1	6	-279301297785147/109772268355400000
61	61	1	7	-279301297785147/109772268355400000
61	61	1	9	793143594997870167/343038338610625000000
61	61	1	10	-279301297785147/109772268355400000
61	61	1	11	-279301297785147/109772268355400000
61	61	5	9	-6081682705507595367/2401268370274375000000
61	62	1	4	4
61	62	1	6	4
61	63	1	3	-1782/2275
61	63	1	5	-1782/2275
61	64	1	3	518562/36229375
61	64	1	5	518562/36229375
61	65	1	3	4258377684/82421828125
61	65	1	5	4258377684/82421828125
61	66	1	3	-55512411546636/4312722156640625
61	66	1	5	-55512411546636/4312722156640625
61	67	1	3	-36074022904025667/9811442906357421875
61	67	1	5	-36074022904025667/9811442906357421875
61	86	1	1	2
61	87	1	1	-297/595
61	88	1	1	129033/2478175
61	89	1	1	34209054/1474514125
61	90	1	1	-244959225894/20178725800625
61	91	1	1	8400610649871/24012683702743750
62	50	2	5	1/3
62	50	2	8	1/3
62	50	2	13	1/3
62	50	4	5	1/3
62	50	4	9	1/3
62	50	4	14	1/3
62	50	7	8	1/3
62	50	7	9	1/3
62	50	7	16	1/3
62	50	12	13	1/3
62	50	12	14	1/3
62	50	12	16	1/3
62	51	2	4	78/1295
62	51	2	6	78/1295
62	51	2	10	78/1295
62	51	3	4	78/1295
62	51	3	7	78/1295
62	51	3	11	78/1295
62	51	5	6	78/1295
62	51	5	7	78/1295
62	51	5	13	78/1295
62	51	9	10	78/1295
62	51	9	11	78/1295
62	51	9	13	78/1295
62	52	2	4	-6768/11739175
62	52	2	6	-6768/11739175
62	52	2	10	-6768/11739175
62	52	3	4	-6768/11739175
62	52	3	7	-6768/11739175
62	52	3	11	-6768/11739175
62	52	5	6	-6768/11739175
62	52	5	7	-6768/11739175
62	52	5	13	-6768/11739175
62	52	9	10	-6768/11739175
62	52	9	11	-6768/11739175
62	52	9	13	-6768/11739175
62	53	2	4	-64544688/15202231625
62	53	2	6	-64544688/15202231625
62	53	2	10	-64544688/15202231625
62	53	3	4	-64544688/15202231625
62	53	3	7	-64544688/15202231625
62	53	3	11	-64544688/15202231625
62	53	5	6	-64544688/15202231625
62	53	5	7	-64544688/15202231625
62	53	5	13	-64544688/15202231625
62	53	9	10	-64544688/15202231625
62	53	9	11	-64544688/15202231625
62	53	9	13	-64544688/15202231625
62	54	2	4	-366994276416/452798468950625
62	54	2	6	-366994276416/452798468950625
62	54	2	10	-366994276416/452798468950625
62	54	3	4	-366994276416/452798468950625
62	54	3	7	-366994276416/452798468950625
62	54	3	11	-366994276416/452798468950625
62	54	5	6	-366994276416/452798468950625
62	54	5	7	-366994276416/452798468950625
62	54	5	13	-366994276416/452798468950625
62	54	9	10	-366994276416/452798468950625
62	54	9	11	-366994276416/452798468950625
62	54	9	13	-366994276416/452798468950625
62	55	2	4	30419015612544/83767716755865625
62	55	2	6	30419015612544/83767716755865625
62	55	2	10	30419015612544/83767716755865625
62	55	3	4	30419015612544/83767716755865625
62	55	3	7	30419015612544/83767716755865625
62	55	3	11	30419015612544/83767716755865625
62	55	5	6	30419015612544/83767716755865625
62	55	5	7	30419015612544/83767716755865625
62	55	5	13	30419015612544/83767716755865625
62	55	9	10	30419015612544/83767716755865625
62	55	9	11	30419015612544/83767716755865625
62	55	9	13	30419015612544/83767716755865625
62	56	1	15	2
62	56	1	16	2
62	56	1	17	2
62	56	7	7	1
62	56	7	15	2
62	56	11	11	1
62	56	11	15	2
62	57	1	13	1404/2975
62	57	1	14	-297/2975
62	57	1	15	-297/2975
62	57	5	5	216/2975
62	57	5	13	-1242/2975
62	57	9	9	216/2975
62	57	9	13	-1242/2975
62	58	1	13	2726946/61954375
62	58	1	14	-7727157/123908750
62	58	1	15	-7727157/123908750
62	58	5	5	-1759563/61954375
62	58	5	13	1226664/61954375
62	58	9	9	-1759563/61954375
62	58	9	13	1226664/61954375
62	59	1	13	-3943607148/184314265625
62	59	1	14	7251669909/737257062500
62	59	1	15	7251669909/737257062500
62	59	5	5	-1281284568/184314265625
62	59	5	13	4420250676/184314265625
62	59	9	9	-1281284568/184314265625
62	59	9	13	4420250676/184314265625
62	60	1	13	-127209755648718/12611703625390625
62	60	1	14	526369118946201/100893629003125000
62	60	1	15	526369118946201/100893629003125000
62	60	5	5	26087078732481/12611703625390625
62	60	5	13	-95819624341848/12611703625390625
62	60	9	9	26087078732481/12611703625390625
62	60	9	13	-95819624341848/12611703625390625
62	61	1	13	-303538749261228/5359974040791015625
62	61	1	14	-125818840241165511/85759584652656250000
62	61	1	15	-125818840241165511/85759584652656250000
62	61	5	5	37542118414497336/37519818285537109375
62	61	5	13	-268064405650152/233042349599609375
62	61	9	9	37542118414497336/37519818285537109375
62	61	9	13	-268064405650152/233042349599609375
62	62	1	12	4
62	62	1	15	4
62	63	1	11	-7128/11375
62	63	1	13	-7128/11375
62	64	1	11	-38708928/905734375
62	64	1	13	-38708928/905734375
62	65	1	11	523829820096/10302728515625
62	65	1	13	523829820096/10302728515625
62	66	1	11	-1826561594596608/385064478271484375
62	66	1	13	-1826561594596608/385064478271484375
62	67	1	11	-171997058104263710208/30660759082366943359375
62	67	1	13	-171997058104263710208/30660759082366943359375
62	74	1	4	4/3
62	74	1	6	4/3
62	74	1	10	4/3
62	75	1	3	-2376/8785
62	75	1	5	-2376/8785
62	75	1	9	-2376/8785
62	76	1	3	4997052/540233575
62	76	1	5	4997052/540233575
62	76	1	9	4997052/540233575
62	77	1	3	78916390344/4745951956375
62	77	1	5	78916390344/4745951956375
62	77	1	9	78916390344/4745951956375
62	78	1	3	-4535108193402324/958943322545350625
62	78	1	5	-4535108193402324/958943322545350625
62	78	1	9	-4535108193402324/958943322545350625
62	79	1	3	-1186322259860439768/1203473869794415034375
62	79	1	5	-1186322259860439768/1203473869794415034375
62	79	1	9	-1186322259860439768/1203473869794415034375
62	92	1	1	2
62	93	1	1	-3861/8050
62	94	1	1	36612567/907235000
62	95	1	1	381716965773/14606483500000
62	96	1	1	-2707704688379193/235164384350000000
62	97	1	1	-1680042152050712307/3786146588035000000000
63	50	2	9	1/3
63	50	2	14	1/3
63	50	2	16	1/3
63	50	4	8	1/3
63	50	4	13	1/3
63	50	4	16	1/3
63	50	5	7	1/3
63	50	5	12	1/3
63	50	7	13	1/3
63	50	7	14	1/3
63	50	8	12	1/3
63	50	9	12	1/3
63	51	2	7	-33/1295
63	51	2	11	-33/1295
63	51	2	13	-33/1295
63	51	3	6	-33/1295
63	51	3	10	-33/1295
63	51	3	13	-33/1295
63	51	4	5	-33/1295
63	51	4	9	-33/1295
63	51	5	10	-33/1295
63	51	5	11	-33/1295
63	51	6	9	-33/1295
63	51	7	9	-33/1295
63	52	2	7	-116658/11739175
63	52	2	11	-116658/11739175
63	52	2	13	-116658/11739175
63	52	3	6	-116658/11739175
63	52	3	10	-116658/11739175
63	52	3	13	-116658/11739175
63	52	4	5	-116658/11739175
63	52	4	9	-116658/11739175
63	52	5	10	-116658/11739175
63	52	5	11	-116658/11739175
63	52	6	9	-116658/11739175
63	52	7	9	-116658/11739175
63	53	2	7	39175488/15202231625
63	53	2	11	39175488/15202231625
63	53	2	13	39175488/15202231625
63	53	3	6	39175488/15202231625
63	53	3	10	39175488/15202231625
63	53	3	13	39175488/15202231625
63	53	4	5	39175488/15202231625
63	53	4	9	39175488/15202231625
63	53	5	10	39175488/15202231625
63	53	5	11	39175488/15202231625
63	53	6	9	39175488/15202231625
63	53	7	9	39175488/15202231625
63	54	2	7	342069789744/452798468950625
63	54	2	11	342069789744/452798468950625
63	54	2	13	342069789744/452798468950625
63	54	3	6	342069789744/452798468950625
63	54	3	10	342069789744/452798468950625
63	54	3	13	342069789744/452798468950625
63	54	4	5	342069789744/452798468950625
63	54	4	9	342069789744/452798468950625
63	54	5	10	342069789744/452798468950625
63	54	5	11	342069789744/452798468950625
63	54	6	9	342069789744/452798468950625
63	54	7	9	342069789744/452798468950625
63	55	2	7	-32794175032344/83767716755865625
63	55	2	11	-32794175032344/83767716755865625
63	55	2	13	-32794175032344/83767716755865625
63	55	3	6	-32794175032344/83767716755865625
63	55	3	10	-32794175032344/83767716755865625
63	55	3	13	-32794175032344/83767716755865625
63	55	4	5	-32794175032344/83767716755865625
63	55	4	9	-32794175032344/83767716755865625
63	55	5	10	-32794175032344/83767716755865625
63	55	5	11	-32794175032344/83767716755865625
63	55	6	9	-32794175032344/83767716755865625
63	55	7	9	-32794175032344/83767716755865625
63	56	1	2	2
63	56	1	4	2
63	56	1	5	2
63	56	2	2	1
63	56	2	7	2
63	56	2	11	2
63	56	4	4	1
63	56	4	7	2
63	56	4	11	2
63	57	1	2	1107/2975
63	57	1	3	1107/2975
63	57	1	4	-594/2975
63	57	2	2	-1557/5950
63	57	2	5	-891/2975
63	57	2	9	-891/2975
63	57	3	3	-1557/5950
63	57	3	5	-891/2975
63	57	3	9	-891/2975
63	58	1	2	-38151/61954375
63	58	1	3	-38151/61954375
63	58	1	4	-6184593/123908750
63	58	2	2	4157649/123908750
63	58	2	5	-1548639/61954375
63	58	2	9	-1548639/61954375
63	58	3	3	4157649/123908750
63	58	3	5	-1548639/61954375
63	58	3	9	-1548639/61954375
63	59	1	2	-4811351886/184314265625
63	59	1	3	-4811351886/184314265625
63	59	1	4	6977564451/368628531250
63	59	2	2	1750377843/184314265625
63	59	2	5	4545473922/184314265625
63	59	2	9	4545473922/184314265625
63	59	3	3	1750377843/184314265625
63	59	3	5	4545473922/184314265625
63	59	3	9	4545473922/184314265625
63	60	1	2	-68462205517638/12611703625390625
63	60	1	3	-68462205517638/12611703625390625
63	60	1	4	272741410097721/100893629003125000
63	60	2	2	-79689001756419/12611703625390625
63	60	2	5	-21572273266758/12611703625390625
63	60	2	9	-21572273266758/12611703625390625
63	60	3	3	-79689001756419/12611703625390625
63	60	3	5	-21572273266758/12611703625390625
63	60	3	9	-21572273266758/12611703625390625
63	61	1	2	23187063142213317/10719948081582031250
63	61	1	3	23187063142213317/10719948081582031250
63	61	1	4	-114056031297190851/42879792326328125000
63	61	2	2	99035650856448531/150079273142148437500
63	61	2	5	-210688724749737267/75039636571074218750
63	61	2	9	-210688724749737267/75039636571074218750
63	61	3	3	99035650856448531/150079273142148437500
63	61	3	5	-210688724749737267/75039636571074218750
63	61	3	9	-210688724749737267/75039636571074218750
63	62	1	1	2
63	62	1	2	4
63	63	1	1	2538/11375
63	63	1	2	-1188/1625
63	64	1	1	-43635996/905734375
63	64	1	2	-11339352/905734375
63	65	1	1	-223341583824/10302728515625
63	65	1	2	81990874944/1471818359375
63	66	1	1	5837319050615712/2695451347900390625
63	66	1	2	-27499483045619136/2695451347900390625
63	67	1	1	95011487755410274128/30660759082366943359375
63	67	1	2	-23030794973099330208/4380108440338134765625
63	80	1	2	1
63	80	1	3	1
63	80	1	5	1
63	80	1	11	1
63	81	1	2	-891/4480
63	81	1	3	-891/4480
63	81	1	5	-891/4480
63	81	1	9	-891/4480
63	82	1	2	669951/140492800
63	82	1	3	669951/140492800
63	82	1	5	669951/140492800
63	82	1	9	669951/140492800
63	83	1	2	8112092571/629407744000
63	83	1	3	8112092571/629407744000
63	83	1	5	8112092571/629407744000
63	83	1	9	8112092571/629407744000
63	84	1	2	-218988077827023/64854173941760000
63	84	1	3	-218988077827023/64854173941760000
63	84	1	5	-218988077827023/64854173941760000
63	84	1	9	-218988077827023/64854173941760000
63	85	1	2	-252972507362280651/290546699259084800000
63	85	1	3	-252972507362280651/290546699259084800000
63	85	1	5	-252972507362280651/290546699259084800000
63	85	1	9	-252972507362280651/290546699259084800000
64	50	2	9	1/6
64	50	2	10	1/6
64	50	2	14	1/6
64	50	2	15	1/6
64	50	2	16	1/6
64	50	2	17	1/6
64	50	4	8	1/6
64	50	4	10	1/6
64	50	4	13	1/6
64	50	4	15	1/6
64	50	4	16	1/6
64	50	4	18	1/6
64	50	5	7	1/6
64	50	5	12	1/6
64	50	7	10	1/6
64	50	7	13	1/6
64	50	7	14	1/6
64	50	7	17	1/6
64	50	7	18	1/6
64	50	8	12	1/6
64	50	9	12	1/6
64	50	12	15	1/6
64	50	12	17	1/6
64	50	12	18	1/6
64	51	2	7	267/5180
64	51	2	8	-3/140
64	51	2	11	267/5180
64	51	2	12	-3/140
64	51	2	13	267/5180
64	51	2	14	-3/140
64	51	3	6	267/5180
64	51	3	8	-3/140
64	51	3	10	267/5180
64	51	3	12	-3/140
64	51	3	13	267/5180
64	51	3	15	-3/140
64	51	4	5	267/5180
64	51	4	9	267/5180
64	51	5	8	-3/140
64	51	5	10	267/5180
64	51	5	11	267/5180
64	51	5	14	-3/140
64	51	5	15	-3/140
64	51	6	9	267/5180
64	51	7	9	267/5180
64	51	9	12	-3/140
64	51	9	14	-3/140
64	51	9	15	-3/140
64	52	2	7	502947/46956700
64	52	2	8	-3141/1269100
64	52	2	11	502947/46956700
64	52	2	12	-3141/1269100
64	52	2	13	502947/46956700
64	52	2	14	-3141/1269100
64	52	3	6	502947/46956700
64	52	3	8	-3141/1269100
64	52	3	10	502947/46956700
64	52	3	12	-3141/1269100
64	52	3	13	502947/46956700
64	52	3	15	-3141/1269100
64	52	4	5	502947/46956700
64	52	4	9	502947/46956700
64	52	5	8	-3141/1269100
64	52	5	10	502947/46956700
64	52	5	11	502947/46956700
64	52	5	14	-3141/1269100
64	52	5	15	-3141/1269100
64	52	6	9	502947/46956700
64	52	7	9	502947/46956700
64	52	9	12	-3141/1269100
64	52	9	14	-3141/1269100
64	52	9	15	-3141/1269100
64	53	2	7	2357343/30404463250
64	53	2	8	18468/11104625
64	53	2	11	2357343/30404463250
64	53	2	12	18468/11104625
64	53	2	13	2357343/30404463250
64	53	2	14	18468/11104625
64	53	3	6	2357343/30404463250
64	53	3	8	18468/11104625
64	53	3	10	2357343/30404463250
64	53	3	12	18468/11104625
64	53	3	13	2357343/30404463250
64	53	3	15	18468/11104625
64	53	4	5	2357343/30404463250
64	53	4	9	2357343/30404463250
64	53	5	8	18468/11104625
64	53	5	10	2357343/30404463250
64	53	5	11	2357343/30404463250
64	53	5	14	18468/11104625
64	53	5	15	18468/11104625
64	53	6	9	2357343/30404463250
64	53	7	9	2357343/30404463250
64	53	9	12	18468/11104625
64	53	9	14	18468/11104625
64	53	9	15	18468/11104625
64	54	2	7	-930205324593/905596937901250
64	54	2	8	-15639237/661502511250
64	54	2	11	-930205324593/905596937901250
64	54	2	12	-15639237/661502511250
64	54	2	13	-930205324593/905596937901250
64	54	2	14	-15639237/661502511250
64	54	3	6	-930205324593/905596937901250
64	54	3	8	-15639237/661502511250
64	54	3	10	-930205324593/905596937901250
64	54	3	12	-15639237/661502511250
64	54	3	13	-930205324593/905596937901250
64	54	3	15	-15639237/661502511250
64	54	4	5	-930205324593/905596937901250
64	54	4	9	-930205324593/905596937901250
64	54	5	8	-15639237/661502511250
64	54	5	10	-930205324593/905596937901250
64	54	5	11	-930205324593/905596937901250
64	54	5	14	-15639237/661502511250
64	54	5	15	-15639237/661502511250
64	54	6	9	-930205324593/905596937901250
64	54	7	9	-930205324593/905596937901250
64	54	9	12	-15639237/661502511250
64	54	9	14	-15639237/661502511250
64	54	9	15	-15639237/661502511250
64	55	2	7	-36414245131389/95734533435275000
64	55	2	8	-2430305937/13230050225000
64	55	2	11	-36414245131389/95734533435275000
64	55	2	12	-2430305937/13230050225000
64	55	2	13	-36414245131389/95734533435275000
64	55	2	14	-2430305937/13230050225000
64	55	3	6	-36414245131389/95734533435275000
64	55	3	8	-2430305937/13230050225000
64	55	3	10	-36414245131389/95734533435275000
64	55	3	12	-2430305937/13230050225000
64	55	3	13	-36414245131389/95734533435275000
64	55	3	15	-2430305937/13230050225000
64	55	4	5	-36414245131389/95734533435275000
64	55	4	9	-36414245131389/95734533435275000
64	55	5	8	-2430305937/13230050225000
64	55	5	10	-36414245131389/95734533435275000
64	55	5	11	-36414245131389/95734533435275000
64	55	5	14	-2430305937/13230050225000
64	55	5	15	-2430305937/13230050225000
64	55	6	9	-36414245131389/95734533435275000
64	55	7	9	-36414245131389/95734533435275000
64	55	9	12	-2430305937/13230050225000
64	55	9	14	-2430305937/13230050225000
64	55	9	15	-2430305937/13230050225000
64	56	1	8	1
64	56	1	9	1
64	56	1	10	1
64	56	1	12	1
64	56	1	13	1
64	56	1	14	1
64	56	7	8	1
64	56	7	9	1
64	56	11	12	1
64	56	11	13	1
64	57	1	6	621/2380
64	57	1	7	621/2380
64	57	1	8	-297/11900
64	57	1	10	621/2380
64	57	1	11	621/2380
64	57	1	12	-297/11900
64	57	5	6	-81/340
64	57	5	7	-81/340
64	57	9	10	-81/340
64	57	9	11	-81/340
64	58	1	6	740421/19825400
64	58	1	7	740421/19825400
64	58	1	8	-14924331/495635000
64	58	1	10	740421/19825400
64	58	1	11	740421/19825400
64	58	1	12	-14924331/495635000
64	58	5	6	515889/19825400
64	58	5	7	515889/19825400
64	58	9	10	515889/19825400
64	58	9	11	515889/19825400
64	59	1	6	-18561069/2949028250
64	59	1	7	-18561069/2949028250
64	59	1	8	1685120679/737257062500
64	59	1	10	-18561069/2949028250
64	59	1	11	-18561069/2949028250
64	59	1	12	1685120679/737257062500
64	59	5	6	14230809/1685159000
64	59	5	7	14230809/1685159000
64	59	9	10	14230809/1685159000
64	59	9	11	14230809/1685159000
64	60	1	6	-1721549443959/322859612810000
64	60	1	7	-1721549443959/322859612810000
64	60	1	8	499003521245001/201787258006250000
64	60	1	10	-1721549443959/322859612810000
64	60	1	11	-1721549443959/322859612810000
64	60	1	12	499003521245001/201787258006250000
64	60	5	6	-1503733035699/322859612810000
64	60	5	7	-1503733035699/322859612810000
64	60	9	10	-1503733035699/322859612810000
64	60	9	11	-1503733035699/322859612810000
64	61	1	6	-8349566804703/9545414639600000
64	61	1	7	-8349566804703/9545414639600000
64	61	1	8	-218249753109818067/686076677221250000000
64	61	1	10	-8349566804703/9545414639600000
64	61	1	11	-8349566804703/9545414639600000
64	61	1	12	-218249753109818067/686076677221250000000
64	61	5	6	67231358932383/219544536710800000
64	61	5	7	67231358932383/219544536710800000
64	61	9	10	67231358932383/219544536710800000
64	61	9	11	67231358932383/219544536710800000
64	62	1	10	2
64	62	1	11	2
64	62	4	4	1
64	62	4	10	2
64	62	6	6	1
64	62	6	10	2
64	63	1	9	3429/11375
64	63	1	10	-3267/11375
64	63	3	3	-261/910
64	63	3	9	-513/2275
64	63	5	5	-261/910
64	63	5	9	-513/2275
64	64	1	9	-17090919/905734375
64	64	1	10	-20887551/905734375
64	64	3	3	145233/2898350
64	64	3	9	-1408671/36229375
64	64	5	5	145233/2898350
64	64	5	9	-1408671/36229375
64	65	1	9	-229021270938/10302728515625
64	65	1	10	224403166746/10302728515625
64	65	3	3	2684907/659374625
64	65	3	9	1556492274/82421828125
64	65	5	5	2684907/659374625
64	65	5	9	1556492274/82421828125
64	66	1	9	-5578863904972998/2695451347900390625
64	66	1	10	-3888831527003718/2695451347900390625
64	66	3	3	-43272176643/6900355450625
64	66	3	9	666600263766/616103165234375
64	66	5	5	-43272176643/6900355450625
64	66	5	9	666600263766/616103165234375
64	67	1	9	136243020488417501733/61321518164733886718750
64	67	1	10	-140075113811530261419/61321518164733886718750
64	67	3	3	19896864475203/12558646920137500
64	67	3	9	-45279787104928881/19622885812714843750
64	67	5	5	19896864475203/12558646920137500
64	67	5	9	-45279787104928881/19622885812714843750
64	68	1	2	2/3
64	68	1	3	2/3
64	68	1	5	2/3
64	69	1	2	-33/280
64	69	1	3	-33/280
64	69	1	5	-33/280
64	70	1	2	-3681/1097600
64	70	1	3	-3681/1097600
64	70	1	5	-3681/1097600
64	71	1	2	5621319/614656000
64	71	1	3	5621319/614656000
64	71	1	5	5621319/614656000
64	72	1	2	-11722317813/7916769280000
64	72	1	3	-11722317813/7916769280000
64	72	1	5	-11722317813/7916769280000
64	73	1	2	-4006255729113/4433390796800000
64	73	1	3	-4006255729113/4433390796800000
64	73	1	5	-4006255729113/4433390796800000
64	86	1	5	2
64	86	1	10	2
64	87	1	5	-243/595
64	87	1	9	-243/595
64	88	1	5	445419/27259925
64	88	1	9	445419/27259925
64	89	1	5	390077694/16219655375
64	89	1	9	390077694/16219655375
64	90	1	5	-17435749099158/2441625821875625
64	90	1	9	-17435749099158/2441625821875625
64	91	1	5	-3742659749744451/2905534728031993750
64	91	1	9	-3742659749744451/2905534728031993750
65	50	2	10	1/3
65	50	2	15	1/3
65	50	2	17	1/3
65	50	4	10	1/3
65	50	4	15	1/3
65	50	4	18	1/3
65	50	7	10	1/3
65	50	7	17	1/3
65	50	7	18	1/3
65	50	12	15	1/3
65	50	12	17	1/3
65	50	12	18	1/3
65	51	2	8	3/35
65	51	2	12	3/35
65	51	2	14	3/35
65	51	3	8	3/35
65	51	3	12	3/35
65	51	3	15	3/35
65	51	5	8	3/35
65	51	5	14	3/35
65	51	5	15	3/35
65	51	9	12	3/35
65	51	9	14	3/35
65	51	9	15	3/35
65	52	2	8	3924/317275
65	52	2	12	3924/317275
65	52	2	14	3924/317275
65	52	3	8	3924/317275
65	52	3	12	3924/317275
65	52	3	15	3924/317275
65	52	5	8	3924/317275
65	52	5	14	3924/317275
65	52	5	15	3924/317275
65	52	9	12	3924/317275
65	52	9	14	3924/317275
65	52	9	15	3924/317275
65	53	2	8	-19926/11104625
65	53	2	12	-19926/11104625
65	53	2	14	-19926/11104625
65	53	3	8	-19926/11104625
65	53	3	12	-19926/11104625
65	53	3	15	-19926/11104625
65	53	5	8	-19926/11104625
65	53	5	14	-19926/11104625
65	53	5	15	-19926/11104625
65	53	9	12	-19926/11104625
65	53	9	14	-19926/11104625
65	53	9	15	-19926/11104625
65	54	2	8	-532954404/330751255625
65	54	2	12	-532954404/330751255625
65	54	2	14	-532954404/330751255625
65	54	3	8	-532954404/330751255625
65	54	3	12	-532954404/330751255625
65	54	3	15	-532954404/330751255625
65	54	5	8	-532954404/330751255625
65	54	5	14	-532954404/330751255625
65	54	5	15	-532954404/330751255625
65	54	9	12	-532954404/330751255625
65	54	9	14	-532954404/330751255625
65	54	9	15	-532954404/330751255625
65	55	2	8	-66476052/236250896875
65	55	2	12	-66476052/236250896875
65	55	2	14	-66476052/236250896875
65	55	3	8	-66476052/236250896875
65	55	3	12	-66476052/236250896875
65	55	3	15	-66476052/236250896875
65	55	5	8	-66476052/236250896875
65	55	5	14	-66476052/236250896875
65	55	5	15	-66476052/236250896875
65	55	9	12	-66476052/236250896875
65	55	9	14	-66476052/236250896875
65	55	9	15	-66476052/236250896875
65	56	1	16	2
65	56	1	17	2
65	56	1	18	2
65	57	1	14	1998/2975
65	57	1	15	1998/2975
65	57	1	16	297/2975
65	58	1	14	20900673/123908750
65	58	1	15	20900673/123908750
65	58	1	16	-3212946/61954375
65	59	1	14	6807149037/368628531250
65	59	1	15	6807149037/368628531250
65	59	1	16	-3046121397/368628531250
65	60	1	14	-867968891409159/100893629003125000
65	60	1	15	-867968891409159/100893629003125000
65	60	1	16	90498678148989/25223407250781250
65	61	1	14	-238164971834347443/42879792326328125000
65	61	1	15	-238164971834347443/42879792326328125000
65	61	1	16	22176935569477359/21439896163164062500
65	62	10	10	2
65	62	10	12	4
65	62	10	15	4
65	63	9	9	432/11375
65	63	9	11	-11124/11375
65	63	9	13	-11124/11375
65	64	9	9	-53207766/905734375
65	64	9	11	108829008/905734375
65	64	9	13	108829008/905734375
65	65	9	9	-34760807856/10302728515625
65	65	9	11	296495736552/10302728515625
65	65	9	13	296495736552/10302728515625
65	66	9	9	12708424396291842/2695451347900390625
65	66	9	11	-50340810550720176/2695451347900390625
65	66	9	13	-50340810550720176/2695451347900390625
65	67	9	9	13974178118705807472/30660759082366943359375
65	67	9	11	62715728316934526256/30660759082366943359375
65	67	9	13	62715728316934526256/30660759082366943359375
65	68	1	10	4/3
65	68	1	12	4/3
65	68	1	15	4/3
65	69	1	10	-33/140
65	69	1	11	-33/140
65	69	1	13	-33/140
65	70	1	10	-1683/548800
65	70	1	11	-1683/548800
65	70	1	13	-1683/548800
65	71	1	10	5027913/307328000
65	71	1	11	5027913/307328000
65	71	1	13	5027913/307328000
65	72	1	10	-11776695381/3958384640000
65	72	1	11	-11776695381/3958384640000
65	72	1	13	-11776695381/3958384640000
65	73	1	10	-441079489719/316670771200000
65	73	1	11	-441079489719/316670771200000
65	73	1	13	-441079489719/316670771200000
65	74	4	4	2/3
65	74	6	6	2/3
65	74	10	10	2/3
65	75	3	3	-1854/8785
65	75	5	5	-1854/8785
65	75	9	9	-1854/8785
65	76	3	3	51385023/1080467150
65	76	5	5	51385023/1080467150
65	76	9	9	51385023/1080467150
65	77	3	3	-27219863457/9491903912750
65	77	5	5	-27219863457/9491903912750
65	77	9	9	-27219863457/9491903912750
65	78	3	3	-25752183976979541/7671546580362805000
65	78	5	5	-25752183976979541/7671546580362805000
65	78	9	9	-25752183976979541/7671546580362805000
65	79	3	3	106312565308917476853/67394536708487241925000
65	79	5	5	106312565308917476853/67394536708487241925000
65	79	9	9	106312565308917476853/67394536708487241925000
65	92	1	9	4
65	93	1	9	-3564/4025
65	94	1	9	15869601/226808750
65	95	1	9	36803529279/912905218750
65	96	1	9	-487224947773377/29395548043750000
65	97	1	9	-8364466858003839/16902440125156250000
66	50	2	18	1
66	50	4	17	1
66	50	7	15	1
66	50	10	12	1
66	52	2	15	-1458/45325
66	52	3	14	-1458/45325
66	52	5	12	-1458/45325
66	52	8	9	-1458/45325
66	54	2	15	19131876/6750025625
66	54	3	14	19131876/6750025625
66	54	5	12	19131876/6750025625
66	54	8	9	19131876/6750025625
66	56	1	5	6
66	57	1	4	729/425
66	58	1	4	5334093/17701250
66	59	1	4	-330024861/15046062500
66	60	1	4	-74755495295973/2059053653125000
66	61	1	4	-16437116593657719/1750195605156250000
66	62	2	10	12
66	63	2	9	-21384/11375
66	64	2	9	-13069512/129390625
66	65	2	9	205680421584/1471818359375
66	66	2	9	-841950471665232/55009211181640625
66	67	2	9	-60861788357901851232/4380108440338134765625
66	68	1	1	2
66	69	1	1	27/112
66	70	1	1	-28431/627200
66	71	1	1	-3287061/140492800
66	72	1	1	27434578743/18095472640000
66	73	1	1	2687880305961/810677174272000
66	80	2	2	3/2
66	80	3	3	3/2
66	80	5	5	3/2
66	80	11	11	3/2
66	81	2	2	-3159/7168
66	81	3	3	-3159/7168
66	81	5	5	-3159/7168
66	81	9	9	-3159/7168
66	82	2	2	52927587/642252800
66	82	3	3	52927587/642252800
66	82	5	5	52927587/642252800
66	82	9	9	52927587/642252800
66	83	2	2	7938134217/2301834035200
66	83	3	3	7938134217/2301834035200
66	83	5	5	7938134217/2301834035200
66	83	9	9	7938134217/2301834035200
66	84	2	2	-6205457447034093/677659939962880000
66	84	3	3	-6205457447034093/677659939962880000
66	84	5	5	-6205457447034093/677659939962880000
66	84	9	9	-6205457447034093/677659939962880000
66	85	2	2	9216094199963503203/3400226514757746688000
66	85	3	3	9216094199963503203/3400226514757746688000
66	85	5	5	9216094199963503203/3400226514757746688000
66	85	9	9	9216094199963503203/3400226514757746688000
67	50	2	18	1/2
67	50	2	19	1/2
67	50	4	17	1/2
67	50	4	19	1/2
67	50	7	15	1/2
67	50	7	19	1/2
67	50	10	12	1/2
67	50	12	19	1/2
67	51	2	15	27/140
67	51	2	16	-27/1036
67	51	3	14	27/140
67	51	3	16	-27/1036
67	51	5	12	27/140
67	51	5	16	-27/1036
67	51	8	9	27/140
67	51	9	16	-27/1036
67	52	2	15	78489/1269100
67	52	2	16	-525123/46956700
67	52	3	14	78489/1269100
67	52	3	16	-525123/46956700
67	52	5	12	78489/1269100
67	52	5	16	-525123/46956700
67	52	8	9	78489/1269100
67	52	9	16	-525123/46956700
67	53	2	15	157464/11104625
67	53	2	16	5747436/3040446325
67	53	3	14	157464/11104625
67	53	3	16	5747436/3040446325
67	53	5	12	157464/11104625
67	53	5	16	5747436/3040446325
67	53	8	9	157464/11104625
67	53	9	16	5747436/3040446325
67	54	2	15	485205633/661502511250
67	54	2	16	598534894809/905596937901250
67	54	3	14	485205633/661502511250
67	54	3	16	598534894809/905596937901250
67	54	5	12	485205633/661502511250
67	54	5	16	598534894809/905596937901250
67	54	8	9	485205633/661502511250
67	54	9	16	598534894809/905596937901250
67	55	2	15	-16754740407/13230050225000
67	55	2	16	-792686235339/3829381337411000
67	55	3	14	-16754740407/13230050225000
67	55	3	16	-792686235339/3829381337411000
67	55	5	12	-16754740407/13230050225000
67	55	5	16	-792686235339/3829381337411000
67	55	8	9	-16754740407/13230050225000
67	55	9	16	-792686235339/3829381337411000
67	56	1	10	3
67	56	1	14	3
67	57	1	8	12879/11900
67	57	1	12	12879/11900
67	58	1	8	156985047/495635000
67	58	1	12	156985047/495635000
67	59	1	8	45038030427/737257062500
67	59	1	12	45038030427/737257062500
67	60	1	8	-358704753215157/201787258006250000
67	60	1	12	-358704753215157/201787258006250000
67	61	1	8	-5026098775119875451/686076677221250000000
67	61	1	12	-5026098775119875451/686076677221250000000
67	62	10	11	6
67	63	9	10	-19683/11375
67	64	9	10	312323283/905734375
67	65	9	10	-108219456594/10302728515625
67	66	9	10	-9469289492444862/385064478271484375
67	67	9	10	574247264888714182749/61321518164733886718750
67	68	1	9	2
67	68	2	9	2
67	68	3	9	2
67	68	5	9	2
67	69	1	9	27/112
67	69	2	9	-9/40
67	69	3	9	-9/40
67	69	5	9	-9/40
67	70	1	9	-127089/4390400
67	70	2	9	-35883/1097600
67	70	3	9	-35883/1097600
67	70	5	9	-35883/1097600
67	71	1	9	-17183259/983449600
67	71	2	9	293787/17561600
67	71	3	9	293787/17561600
67	71	5	9	293787/17561600
67	72	1	9	-3332666511/126668308480000
67	72	2	9	4145193873/7916769280000
67	72	3	9	4145193873/7916769280000
67	72	5	9	4145193873/7916769280000
67	73	1	9	10283799468303/5674740219904000
67	73	2	9	-1141367627889/633341542400000
67	73	3	9	-1141367627889/633341542400000
67	73	5	9	-1141367627889/633341542400000
67	86	5	5	3
67	86	10	10	3
67	87	5	5	-65853/65450
67	87	9	9	-65853/65450
67	88	5	5	3853951083/14992958750
67	88	9	9	3853951083/14992958750
67	89	5	5	-7919255838357/245322287546875
67	89	9	9	-7919255838357/245322287546875
67	90	5	5	-1920785970113495577/184647952779344140625
67	90	9	9	-1920785970113495577/184647952779344140625
67	91	5	5	186195423173376618063099/24170417018816148007812500
67	91	9	9	186195423173376618063099/24170417018816148007812500
68	50	2	19	1
68	50	4	19	1
68	50	7	19	1
68	50	12	19	1
68	51	2	16	432/1295
68	51	3	16	432/1295
68	51	5	16	432/1295
68	51	9	16	432/1295
68	52	2	16	1072602/11739175
68	52	3	16	1072602/11739175
68	52	5	16	1072602/11739175
68	52	9	16	1072602/11739175
68	53	2	16	52278048/3040446325
68	53	3	16	52278048/3040446325
68	53	5	16	52278048/3040446325
68	53	9	16	52278048/3040446325
68	54	2	16	78774436548/452798468950625
68	54	3	16	78774436548/452798468950625
68	54	5	16	78774436548/452798468950625
68	54	9	16	78774436548/452798468950625
68	55	2	16	-121427415036864/83767716755865625
68	55	3	16	-121427415036864/83767716755865625
68	55	5	16	-121427415036864/83767716755865625
68	55	9	16	-121427415036864/83767716755865625
68	56	1	18	6
68	57	1	16	7776/2975
68	58	1	16	63293967/61954375
68	59	1	16	63237227472/184314265625
68	60	1	16	2247200132263587/25223407250781250
68	61	1	16	59000883043228488/5359974040791015625
68	68	9	9	2
68	68	9	10	4
68	68	9	12	4
68	68	9	15	4
68	69	9	9	-81/560
68	69	9	10	-171/140
68	69	9	11	-171/140
68	69	9	13	-171/140
68	70	9	9	-156249/4390400
68	70	9	10	154143/548800
68	70	9	11	154143/548800
68	70	9	13	154143/548800
68	71	9	9	45408681/4917248000
68	71	9	10	-1814481/61465600
68	71	9	11	-1814481/61465600
68	71	9	13	-1814481/61465600
68	72	9	9	191752947297/126668308480000
68	72	9	10	-43305007887/3958384640000
68	72	9	11	-43305007887/3958384640000
68	72	9	13	-43305007887/3958384640000
68	73	9	9	-124838977684401/141868505497600000
68	73	9	10	2132809903827/316670771200000
68	73	9	11	2132809903827/316670771200000
68	73	9	13	2132809903827/316670771200000
68	92	9	9	6
68	93	9	9	-9234/4025
68	94	9	9	169529679/226808750
68	95	9	9	-170332686351/912905218750
68	96	9	9	325155171989061/14697774021875000
68	97	9	9	74358895653327123/8451220062578125000
69	50	5	5	2/3
69	50	8	8	2/3
69	50	9	9	2/3
69	50	13	13	2/3
69	50	14	14	2/3
69	50	16	16	2/3
69	51	4	4	-51/259
69	51	6	6	-51/259
69	51	7	7	-51/259
69	51	10	10	-51/259
69	51	11	11	-51/259
69	51	13	13	-51/259
69	52	4	4	438507/11739175
69	52	6	6	438507/11739175
69	52	7	7	438507/11739175
69	52	10	10	438507/11739175
69	52	11	11	438507/11739175
69	52	13	13	438507/11739175
69	53	4	4	3825306/3040446325
69	53	6	6	3825306/3040446325
69	53	7	7	3825306/3040446325
69	53	10	10	3825306/3040446325
69	53	11	11	3825306/3040446325
69	53	13	13	3825306/3040446325
69	54	4	4	-1828636863426/452798468950625
69	54	6	6	-1828636863426/452798468950625
69	54	7	7	-1828636863426/452798468950625
69	54	10	10	-1828636863426/452798468950625
69	54	11	11	-1828636863426/452798468950625
69	54	13	13	-1828636863426/452798468950625
69	55	4	4	57977152216353/46909921383284750
69	55	6	6	57977152216353/46909921383284750
69	55	7	7	57977152216353/46909921383284750
69	55	10	10	57977152216353/46909921383284750
69	55	11	11	57977152216353/46909921383284750
69	55	13	13	57977152216353/46909921383284750
69	56	7	11	8
69	57	5	9	6318/2975
69	58	5	9	19777041/61954375
69	59	5	9	-8311205799/184314265625
69	60	5	9	-1089496107709299/25223407250781250
69	61	5	9	-4816615439184646617/600317092568593750000
69	62	1	8	16
69	63	1	7	-21384/11375
69	64	1	7	-263367288/905734375
69	65	1	7	1590726207312/10302728515625
69	66	1	7	14788884206394576/2695451347900390625
69	67	1	7	-563801741589958905924/30660759082366943359375
69	98	1	1	2
69	99	1	1	-297/637
69	100	1	1	330237/10144225
69	101	1	1	3680721/131874925
69	102	1	1	-25989592789764/2366821919564375
69	103	1	1	-84877845645681/86152317872143250
70	50	5	5	1/3
70	50	8	8	1/3
70	50	9	9	1/3
70	50	13	13	1/3
70	50	14	14	1/3
70	50	16	16	1/3
70	51	4	4	39/1295
70	51	6	6	39/1295
70	51	7	7	39/1295
70	51	10	10	39/1295
70	51	11	11	39/1295
70	51	13	13	39/1295
70	52	4	4	-104922/11739175
70	52	6	6	-104922/11739175
70	52	7	7	-104922/11739175
70	52	10	10	-104922/11739175
70	52	11	11	-104922/11739175
70	52	13	13	-104922/11739175
70	53	4	4	-44301816/15202231625
70	53	6	6	-44301816/15202231625
70	53	7	7	-44301816/15202231625
70	53	10	10	-44301816/15202231625
70	53	11	11	-44301816/15202231625
70	53	13	13	-44301816/15202231625
70	54	4	4	257261079024/452798468950625
70	54	6	6	257261079024/452798468950625
70	54	7	7	257261079024/452798468950625
70	54	10	10	257261079024/452798468950625
70	54	11	11	257261079024/452798468950625
70	54	13	13	257261079024/452798468950625
70	55	4	4	246623993721144/586374017291059375
70	55	6	6	246623993721144/586374017291059375
70	55	7	7	246623993721144/586374017291059375
70	55	10	10	246623993721144/586374017291059375
70	55	11	11	246623993721144/586374017291059375
70	55	13	13	246623993721144/586374017291059375
70	56	7	15	4
70	56	11	15	4
70	56	15	15	2
70	57	5	13	2106/2975
70	57	9	13	2106/2975
70	57	13	13	-1593/2975
70	58	5	13	-727542/61954375
70	58	9	13	-727542/61954375
70	58	13	13	4637169/61954375
70	59	5	13	-9322183728/184314265625
70	59	9	13	-9322183728/184314265625
70	59	13	13	3068146674/184314265625
70	60	5	13	-113109774550236/12611703625390625
70	60	9	13	-113109774550236/12611703625390625
70	60	13	13	-160937106015078/12611703625390625
70	61	5	13	23992814124337383/5359974040791015625
70	61	9	13	23992814124337383/5359974040791015625
70	61	13	13	19201921590930417/10719948081582031250
70	62	1	17	8
70	63	1	15	-7128/11375
70	64	1	15	-215212464/905734375
70	65	1	15	654485889024/10302728515625
70	66	1	15	48220438823203968/2695451347900390625
70	67	1	15	-296420325600721341888/30660759082366943359375
70	74	1	8	8/3
70	74	1	12	8/3
70	74	1	14	8/3
70	75	1	7	-3564/8785
70	75	1	11	-3564/8785
70	75	1	13	-3564/8785
70	76	1	7	-16793244/540233575
70	76	1	11	-16793244/540233575
70	76	1	13	-16793244/540233575
70	77	1	7	156458356164/4745951956375
70	77	1	11	156458356164/4745951956375
70	77	1	13	156458356164/4745951956375
70	78	1	7	-2505199549711248/958943322545350625
70	78	1	11	-2505199549711248/958943322545350625
70	78	1	13	-2505199549711248/958943322545350625
70	79	1	7	-4427619258754117602/1203473869794415034375
70	79	1	11	-4427619258754117602/1203473869794415034375
70	79	1	13	-4427619258754117602/1203473869794415034375
70	104	1	1	2
70	105	1	1	-396/875
70	106	1	1	265437/10718750
70	107	1	1	138512187/4689453125
70	108	1	1	-7817609427759/755001953125000
70	109	1	1	-506052315048159/330313354492187500
71	50	5	8	1/6
71	50	5	9	1/6
71	50	5	13	1/6
71	50	5	14	1/6
71	50	8	9	1/6
71	50	8	13	1/6
71	50	8	16	1/6
71	50	9	14	1/6
71	50	9	16	1/6
71	50	13	14	1/6
71	50	13	16	1/6
71	50	14	16	1/6
71	51	4	6	-36/1295
71	51	4	7	-36/1295
71	51	4	10	-36/1295
71	51	4	11	-36/1295
71	51	6	7	-36/1295
71	51	6	10	-36/1295
71	51	6	13	-36/1295
71	51	7	11	-36/1295
71	51	7	13	-36/1295
71	51	10	11	-36/1295
71	51	10	13	-36/1295
71	51	11	13	-36/1295
71	52	4	6	-12168/11739175
71	52	4	7	-12168/11739175
71	52	4	10	-12168/11739175
71	52	4	11	-12168/11739175
71	52	6	7	-12168/11739175
71	52	6	10	-12168/11739175
71	52	6	13	-12168/11739175
71	52	7	11	-12168/11739175
71	52	7	13	-12168/11739175
71	52	10	11	-12168/11739175
71	52	10	13	-12168/11739175
71	52	11	13	-12168/11739175
71	53	4	6	31399488/15202231625
71	53	4	7	31399488/15202231625
71	53	4	10	31399488/15202231625
71	53	4	11	31399488/15202231625
71	53	6	7	31399488/15202231625
71	53	6	10	31399488/15202231625
71	53	6	13	31399488/15202231625
71	53	7	11	31399488/15202231625
71	53	7	13	31399488/15202231625
71	53	10	11	31399488/15202231625
71	53	10	13	31399488/15202231625
71	53	11	13	31399488/15202231625
71	54	4	6	-130875398784/452798468950625
71	54	4	7	-130875398784/452798468950625
71	54	4	10	-130875398784/452798468950625
71	54	4	11	-130875398784/452798468950625
71	54	6	7	-130875398784/452798468950625
71	54	6	10	-130875398784/452798468950625
71	54	6	13	-130875398784/452798468950625
71	54	7	11	-130875398784/452798468950625
71	54	7	13	-130875398784/452798468950625
71	54	10	11	-130875398784/452798468950625
71	54	10	13	-130875398784/452798468950625
71	54	11	13	-130875398784/452798468950625
71	55	4	6	-116928342291456/586374017291059375
71	55	4	7	-116928342291456/586374017291059375
71	55	4	10	-116928342291456/586374017291059375
71	55	4	11	-116928342291456/586374017291059375
71	55	6	7	-116928342291456/586374017291059375
71	55	6	10	-116928342291456/586374017291059375
71	55	6	13	-116928342291456/586374017291059375
71	55	7	11	-116928342291456/586374017291059375
71	55	7	13	-116928342291456/586374017291059375
71	55	10	11	-116928342291456/586374017291059375
71	55	10	13	-116928342291456/586374017291059375
71	55	11	13	-116928342291456/586374017291059375
71	56	2	7	1
71	56	2	8	1
71	56	2	11	1
71	56	2	12	1
71	56	4	7	1
71	56	4	9	1
71	56	4	11	1
71	56	4	13	1
71	56	7	12	1
71	56	7	13	1
71	56	8	11	1
71	56	9	11	1
71	57	2	5	702/2975
71	57	2	6	-18/85
71	57	2	9	702/2975
71	57	2	10	-18/85
71	57	3	5	702/2975
71	57	3	7	-18/85
71	57	3	9	702/2975
71	57	3	11	-18/85
71	57	5	10	-27/595
71	57	5	11	-27/595
71	57	6	9	-27/595
71	57	7	9	-27/595
71	58	2	5	1384128/61954375
71	58	2	6	28512/2478175
71	58	2	9	1384128/61954375
71	58	2	10	28512/2478175
71	58	3	5	1384128/61954375
71	58	3	7	28512/2478175
71	58	3	9	1384128/61954375
71	58	3	11	28512/2478175
71	58	5	10	-77517/2478175
71	58	5	11	-77517/2478175
71	58	6	9	-77517/2478175
71	58	7	9	-77517/2478175
71	59	2	5	-1928304144/184314265625
71	59	2	6	2461104/210644875
71	59	2	9	-1928304144/184314265625
71	59	2	10	2461104/210644875
71	59	3	5	-1928304144/184314265625
71	59	3	7	2461104/210644875
71	59	3	9	-1928304144/184314265625
71	59	3	11	2461104/210644875
71	59	5	10	6554439/1474514125
71	59	5	11	6554439/1474514125
71	59	6	9	6554439/1474514125
71	59	7	9	6554439/1474514125
71	60	2	5	-8995995162432/1801671946484375
71	60	2	6	-78996959424/20178725800625
71	60	2	9	-8995995162432/1801671946484375
71	60	2	10	-78996959424/20178725800625
71	60	3	5	-8995995162432/1801671946484375
71	60	3	7	-78996959424/20178725800625
71	60	3	9	-8995995162432/1801671946484375
71	60	3	11	-78996959424/20178725800625
71	60	5	10	7601200623/2882675114375
71	60	5	11	7601200623/2882675114375
71	60	6	9	7601200623/2882675114375
71	60	7	9	7601200623/2882675114375
71	61	2	5	-2127825208798848/37519818285537109375
71	61	2	6	-829210462848/1715191693053125
71	61	2	9	-2127825208798848/37519818285537109375
71	61	2	10	-829210462848/1715191693053125
71	61	3	5	-2127825208798848/37519818285537109375
71	61	3	7	-829210462848/1715191693053125
71	61	3	9	-2127825208798848/37519818285537109375
71	61	3	11	-829210462848/1715191693053125
71	61	5	10	-7921950244227/12006341851371875
71	61	5	11	-7921950244227/12006341851371875
71	61	6	9	-7921950244227/12006341851371875
71	61	7	9	-7921950244227/12006341851371875
71	62	1	4	2
71	62	1	5	2
71	62	1	6	2
71	62	1	7	2
71	62	4	6	2
71	63	1	3	864/2275
71	63	1	4	-2376/11375
71	63	1	5	864/2275
71	63	1	6	-2376/11375
71	63	3	5	-144/455
71	64	1	3	85536/36229375
71	64	1	4	-43421184/905734375
71	64	1	5	85536/36229375
71	64	1	6	-43421184/905734375
71	64	3	5	-28512/1449175
71	65	1	3	-2146549248/82421828125
71	65	1	4	201700046592/10302728515625
71	65	1	5	-2146549248/82421828125
71	65	1	6	201700046592/10302728515625
71	65	3	5	16609536/659374625
71	66	1	3	-25130679971328/4312722156640625
71	66	1	4	6298812466440192/2695451347900390625
71	66	1	5	-25130679971328/4312722156640625
71	66	1	6	6298812466440192/2695451347900390625
71	66	3	5	-17679638016/6900355450625
71	67	1	3	20062127196463104/9811442906357421875
71	67	1	4	-11870854773590089728/4380108440338134765625
71	67	1	5	20062127196463104/9811442906357421875
71	67	1	6	-11870854773590089728/4380108440338134765625
71	67	3	5	-8499367563264/3139661730034375
71	80	1	4	1/2
71	80	1	6	1/2
71	80	1	14	1/2
71	80	1	16	1/2
71	81	1	4	-297/4480
71	81	1	6	-297/4480
71	81	1	11	-297/4480
71	81	1	13	-297/4480
71	82	1	4	-548937/70246400
71	82	1	6	-548937/70246400
71	82	1	11	-548937/70246400
71	82	1	13	-548937/70246400
71	83	1	4	855875889/157351936000
71	83	1	6	855875889/157351936000
71	83	1	11	855875889/157351936000
71	83	1	13	855875889/157351936000
71	84	1	4	-701289012159/8106771742720000
71	84	1	6	-701289012159/8106771742720000
71	84	1	11	-701289012159/8106771742720000
71	84	1	13	-701289012159/8106771742720000
71	85	1	4	-1646683049680911/2594166957670400000
71	85	1	6	-1646683049680911/2594166957670400000
71	85	1	11	-1646683049680911/2594166957670400000
71	85	1	13	-1646683049680911/2594166957670400000
71	86	1	2	2
71	86	1	3	2
71	87	1	2	-216/595
71	87	1	3	-216/595
71	88	1	2	-186624/27259925
71	88	1	3	-186624/27259925
71	89	1	2	448457472/16219655375
71	89	1	3	448457472/16219655375
71	90	1	2	-12114882091008/2441625821875625
71	90	1	3	-12114882091008/2441625821875625
71	91	1	2	-77698068701184/29648313551346875
71	91	1	3	-77698068701184/29648313551346875
72	50	5	8	1/6
72	50	5	9	1/6
72	50	5	13	1/6
72	50	5	14	1/6
72	50	8	9	1/6
72	50	8	13	1/6
72	50	8	16	1/6
72	50	9	14	1/6
72	50	9	16	1/6
72	50	13	14	1/6
72	50	13	16	1/6
72	50	14	16	1/6
72	51	4	6	27/740
72	51	4	7	27/740
72	51	4	10	27/740
72	51	4	11	27/740
72	51	6	7	27/740
72	51	6	10	27/740
72	51	6	13	27/740
72	51	7	11	27/740
72	51	7	13	27/740
72	51	10	11	27/740
72	51	10	13	27/740
72	51	11	13	27/740
72	52	4	6	116163/46956700
72	52	4	7	116163/46956700
72	52	4	10	116163/46956700
72	52	4	11	116163/46956700
72	52	6	7	116163/46956700
72	52	6	10	116163/46956700
72	52	6	13	116163/46956700
72	52	7	11	116163/46956700
72	52	7	13	116163/46956700
72	52	10	11	116163/46956700
72	52	10	13	116163/46956700
72	52	11	13	116163/46956700
72	53	4	6	-8133453/4343494750
72	53	4	7	-8133453/4343494750
72	53	4	10	-8133453/4343494750
72	53	4	11	-8133453/4343494750
72	53	6	7	-8133453/4343494750
72	53	6	10	-8133453/4343494750
72	53	6	13	-8133453/4343494750
72	53	7	11	-8133453/4343494750
72	53	7	13	-8133453/4343494750
72	53	10	11	-8133453/4343494750
72	53	10	13	-8133453/4343494750
72	53	11	13	-8133453/4343494750
72	54	4	6	-636675632433/905596937901250
72	54	4	7	-636675632433/905596937901250
72	54	4	10	-636675632433/905596937901250
72	54	4	11	-636675632433/905596937901250
72	54	6	7	-636675632433/905596937901250
72	54	6	10	-636675632433/905596937901250
72	54	6	13	-636675632433/905596937901250
72	54	7	11	-636675632433/905596937901250
72	54	7	13	-636675632433/905596937901250
72	54	10	11	-636675632433/905596937901250
72	54	10	13	-636675632433/905596937901250
72	54	11	13	-636675632433/905596937901250
72	55	4	6	34992792343539/670141734046925000
72	55	4	7	34992792343539/670141734046925000
72	55	4	10	34992792343539/670141734046925000
72	55	4	11	34992792343539/670141734046925000
72	55	6	7	34992792343539/670141734046925000
72	55	6	10	34992792343539/670141734046925000
72	55	6	13	34992792343539/670141734046925000
72	55	7	11	34992792343539/670141734046925000
72	55	7	13	34992792343539/670141734046925000
72	55	10	11	34992792343539/670141734046925000
72	55	10	13	34992792343539/670141734046925000
72	55	11	13	34992792343539/670141734046925000
72	56	7	8	1
72	56	7	9	1
72	56	7	16	1
72	56	7	17	1
72	56	11	12	1
72	56	11	13	1
72	56	11	16	1
72	56	11	17	1
72	57	5	6	351/2380
72	57	5	7	351/2380
72	57	5	14	-1593/11900
72	57	5	15	-1593/11900
72	57	9	10	351/2380
72	57	9	11	351/2380
72	57	9	14	-1593/11900
72	57	9	15	-1593/11900
72	58	5	6	-211167/19825400
72	58	5	7	-211167/19825400
72	58	5	14	-7177491/495635000
72	58	5	15	-7177491/495635000
72	58	9	10	-211167/19825400
72	58	9	11	-211167/19825400
72	58	9	14	-7177491/495635000
72	58	9	15	-7177491/495635000
72	59	5	6	-131265927/11796113000
72	59	5	7	-131265927/11796113000
72	59	5	14	3912409593/368628531250
72	59	5	15	3912409593/368628531250
72	59	9	10	-131265927/11796113000
72	59	9	11	-131265927/11796113000
72	59	9	14	3912409593/368628531250
72	59	9	15	3912409593/368628531250
72	60	5	6	-284003664723/322859612810000
72	60	5	7	-284003664723/322859612810000
72	60	5	14	-8273057369697/28826751143750000
72	60	5	15	-8273057369697/28826751143750000
72	60	9	10	-284003664723/322859612810000
72	60	9	11	-284003664723/322859612810000
72	60	9	14	-8273057369697/28826751143750000
72	60	9	15	-8273057369697/28826751143750000
72	61	5	6	1768785284248047/1536811756975600000
72	61	5	7	1768785284248047/1536811756975600000
72	61	5	14	-5717375560289087181/4802536740548750000000
72	61	5	15	-5717375560289087181/4802536740548750000000
72	61	9	10	1768785284248047/1536811756975600000
72	61	9	11	1768785284248047/1536811756975600000
72	61	9	14	-5717375560289087181/4802536740548750000000
72	61	9	15	-5717375560289087181/4802536740548750000000
72	62	1	12	2
72	62	1	13	2
72	62	1	15	2
72	62	1	16	2
72	62	4	12	2
72	62	6	15	2
72	63	1	11	5211/11375
72	63	1	12	-297/2275
72	63	1	13	5211/11375
72	63	1	14	-297/2275
72	63	3	11	-927/2275
72	63	5	13	-927/2275
72	64	1	11	33637761/905734375
72	64	1	12	-2147391/36229375
72	64	1	13	33637761/905734375
72	64	1	14	-2147391/36229375
72	64	3	11	551529/36229375
72	64	5	13	551529/36229375
72	65	1	11	-232328172402/10302728515625
72	65	1	12	1048355946/82421828125
72	65	1	13	-232328172402/10302728515625
72	65	1	14	1048355946/82421828125
72	65	3	11	2021191866/82421828125
72	65	5	13	2021191866/82421828125
72	66	1	11	-25718247283323078/2695451347900390625
72	66	1	12	19828511183322/4312722156640625
72	66	1	13	-25718247283323078/2695451347900390625
72	66	1	14	19828511183322/4312722156640625
72	66	3	11	-30808644363558/4312722156640625
72	66	5	13	-30808644363558/4312722156640625
72	67	1	11	19792810934976311667/61321518164733886718750
72	67	1	12	-36659063992095369/19622885812714843750
72	67	1	13	19792810934976311667/61321518164733886718750
72	67	1	14	-36659063992095369/19622885812714843750
72	67	3	11	-27098840042774919/19622885812714843750
72	67	5	13	-27098840042774919/19622885812714843750
72	74	4	6	2/3
72	74	4	10	2/3
72	74	6	10	2/3
72	75	3	5	-207/2510
72	75	3	9	-207/2510
72	75	5	9	-207/2510
72	76	3	5	-25376247/2160934300
72	76	3	9	-25376247/2160934300
72	76	5	9	-25376247/2160934300
72	77	3	5	37328422401/5423945093000
72	77	3	9	37328422401/5423945093000
72	77	5	9	37328422401/5423945093000
72	78	3	5	459797876874531/3835773290181402500
72	78	3	9	459797876874531/3835773290181402500
72	78	5	9	459797876874531/3835773290181402500
72	79	3	5	-2772001517464127493/3348796855080111400000
72	79	3	9	-2772001517464127493/3348796855080111400000
72	79	5	9	-2772001517464127493/3348796855080111400000
72	86	1	15	2
72	87	1	13	-27/85
72	88	1	13	-551853/27259925
72	89	1	13	59482026/2317093625
72	90	1	13	-6305044721814/2441625821875625
72	91	1	13	-1164415768850259/415076389718856250
72	92	1	3	2
72	92	1	5	2
72	93	1	3	-297/805
72	93	1	5	-297/805
72	94	1	3	-274833/72578800
72	94	1	5	-274833/72578800
72	95	1	3	3179060379/116851868000
72	95	1	5	3179060379/116851868000
72	96	1	3	-7952594195169/1505052059840000
72	96	1	5	-7952594195169/1505052059840000
72	97	1	3	-5906985746433651/2423133816342400000
72	97	1	5	-5906985746433651/2423133816342400000
73	50	5	10	1/6
73	50	5	15	1/6
73	50	8	10	1/6
73	50	8	17	1/6
73	50	9	10	1/6
73	50	9	18	1/6
73	50	13	15	1/6
73	50	13	17	1/6
73	50	14	15	1/6
73	50	14	18	1/6
73	50	16	17	1/6
73	50	16	18	1/6
73	51	4	8	-3/70
73	51	4	12	-3/70
73	51	6	8	-3/70
73	51	6	14	-3/70
73	51	7	8	-3/70
73	51	7	15	-3/70
73	51	10	12	-3/70
73	51	10	14	-3/70
73	51	11	12	-3/70
73	51	11	15	-3/70
73	51	13	14	-3/70
73	51	13	15	-3/70
73	52	4	8	1989/317275
73	52	4	12	1989/317275
73	52	6	8	1989/317275
73	52	6	14	1989/317275
73	52	7	8	1989/317275
73	52	7	15	1989/317275
73	52	10	12	1989/317275
73	52	10	14	1989/317275
73	52	11	12	1989/317275
73	52	11	15	1989/317275
73	52	13	14	1989/317275
73	52	13	15	1989/317275
73	53	4	8	9234/11104625
73	53	4	12	9234/11104625
73	53	6	8	9234/11104625
73	53	6	14	9234/11104625
73	53	7	8	9234/11104625
73	53	7	15	9234/11104625
73	53	10	12	9234/11104625
73	53	10	14	9234/11104625
73	53	11	12	9234/11104625
73	53	11	15	9234/11104625
73	53	13	14	9234/11104625
73	53	13	15	9234/11104625
73	54	4	8	-259745616/330751255625
73	54	4	12	-259745616/330751255625
73	54	6	8	-259745616/330751255625
73	54	6	14	-259745616/330751255625
73	54	7	8	-259745616/330751255625
73	54	7	15	-259745616/330751255625
73	54	10	12	-259745616/330751255625
73	54	10	14	-259745616/330751255625
73	54	11	12	-259745616/330751255625
73	54	11	15	-259745616/330751255625
73	54	13	14	-259745616/330751255625
73	54	13	15	-259745616/330751255625
73	55	4	8	1660746564/11576293946875
73	55	4	12	1660746564/11576293946875
73	55	6	8	1660746564/11576293946875
73	55	6	14	1660746564/11576293946875
73	55	7	8	1660746564/11576293946875
73	55	7	15	1660746564/11576293946875
73	55	10	12	1660746564/11576293946875
73	55	10	14	1660746564/11576293946875
73	55	11	12	1660746564/11576293946875
73	55	11	15	1660746564/11576293946875
73	55	13	14	1660746564/11576293946875
73	55	13	15	1660746564/11576293946875
73	56	7	12	1
73	56	7	13	1
73	56	8	8	1/2
73	56	8	11	1
73	56	9	9	1/2
73	56	9	11	1
73	56	12	12	1/2
73	56	13	13	1/2
73	57	5	10	81/238
73	57	5	11	81/238
73	57	6	6	-387/2380
73	57	6	9	81/238
73	57	7	7	-387/2380
73	57	7	9	81/238
73	57	10	10	-387/2380
73	57	11	11	-387/2380
73	58	5	10	435699/4956350
73	58	5	11	435699/4956350
73	58	6	6	385803/9912700
73	58	6	9	435699/4956350
73	58	7	7	385803/9912700
73	58	7	9	435699/4956350
73	58	10	10	385803/9912700
73	58	11	11	385803/9912700
73	59	5	10	6436341/589805650
73	59	5	11	6436341/589805650
73	59	6	6	-21096531/5898056500
73	59	6	9	6436341/589805650
73	59	7	7	-21096531/5898056500
73	59	7	9	6436341/589805650
73	59	10	10	-21096531/5898056500
73	59	11	11	-21096531/5898056500
73	60	5	10	-77746629654/20178725800625
73	60	5	11	-77746629654/20178725800625
73	60	6	6	-44364373191/20178725800625
73	60	6	9	-77746629654/20178725800625
73	60	7	7	-44364373191/20178725800625
73	60	7	9	-77746629654/20178725800625
73	60	10	10	-44364373191/20178725800625
73	60	11	11	-44364373191/20178725800625
73	61	5	10	-5392161412623/1921014696219500
73	61	5	11	-5392161412623/1921014696219500
73	61	6	6	119752418879721/96050734810975000
73	61	6	9	-5392161412623/1921014696219500
73	61	7	7	119752418879721/96050734810975000
73	61	7	9	-5392161412623/1921014696219500
73	61	10	10	119752418879721/96050734810975000
73	61	11	11	119752418879721/96050734810975000
73	62	1	8	2
73	62	1	9	2
73	62	4	8	2
73	62	4	10	2
73	62	6	8	2
73	62	6	10	2
73	62	8	10	2
73	63	1	7	6102/11375
73	63	1	8	-594/11375
73	63	3	7	-162/325
73	63	3	9	1242/2275
73	63	5	7	-162/325
73	63	5	9	1242/2275
73	63	7	9	216/11375
73	64	1	7	77407164/905734375
73	64	1	8	-51678324/905734375
73	64	3	7	2384316/36229375
73	64	3	9	3282444/36229375
73	64	5	7	2384316/36229375
73	64	5	9	3282444/36229375
73	64	7	9	-52749954/905734375
73	65	1	7	-86707394136/10302728515625
73	65	1	8	46778932728/10302728515625
73	65	3	7	149748264/11774546875
73	65	3	9	-590332536/82421828125
73	65	5	7	149748264/11774546875
73	65	5	9	-590332536/82421828125
73	65	7	9	-17126257032/10302728515625
73	66	1	7	-3924456964605504/385064478271484375
73	66	1	8	11957554909588032/2695451347900390625
73	66	3	7	-40461860000448/4312722156640625
73	66	3	9	-44592304483008/4312722156640625
73	66	5	7	-40461860000448/4312722156640625
73	66	5	9	-44592304483008/4312722156640625
73	66	7	9	12514027062351762/2695451347900390625
73	67	1	7	-68308926940597742928/30660759082366943359375
73	67	1	8	-18391656179677383504/30660759082366943359375
73	67	3	7	1816656342146928/1401634700908203125
73	67	3	9	-1054350722357136/426584474189453125
73	67	5	7	1816656342146928/1401634700908203125
73	67	5	9	-1054350722357136/426584474189453125
73	67	7	9	6788217198476962296/30660759082366943359375
73	68	1	4	2/3
73	68	1	6	2/3
73	68	1	7	2/3
73	69	1	4	-33/560
73	69	1	6	-33/560
73	69	1	7	-33/560
73	70	1	4	-73611/4390400
73	70	1	6	-73611/4390400
73	70	1	7	-73611/4390400
73	71	1	4	26390529/4917248000
73	71	1	6	26390529/4917248000
73	71	1	7	26390529/4917248000
73	72	1	4	125988873147/126668308480000
73	72	1	6	125988873147/126668308480000
73	72	1	7	125988873147/126668308480000
73	73	1	4	-103385679426513/141868505497600000
73	73	1	6	-103385679426513/141868505497600000
73	73	1	7	-103385679426513/141868505497600000
73	86	1	6	2
73	86	1	13	2
73	87	1	6	-162/595
73	87	1	11	-162/595
73	88	1	6	-650268/27259925
73	88	1	11	-650268/27259925
73	89	1	6	321698952/16219655375
73	89	1	11	321698952/16219655375
73	90	1	6	-2452247338176/2441625821875625
73	90	1	11	-2452247338176/2441625821875625
73	91	1	6	-2929103454858192/1452767364015996875
73	91	1	11	-2929103454858192/1452767364015996875
73	98	1	2	1/2
73	98	1	3	1/2
73	98	1	5	1/2
73	98	1	10	1/2
73	99	1	2	-297/3185
73	99	1	3	-297/3185
73	99	1	5	-297/3185
73	99	1	9	-297/3185
73	100	1	2	81/20288450
73	100	1	3	81/20288450
73	100	1	5	81/20288450
73	100	1	9	81/20288450
73	101	1	2	209512413/32309356625
73	101	1	3	209512413/32309356625
73	101	1	5	209512413/32309356625
73	101	1	9	209512413/32309356625
73	102	1	2	-6473305260657/4733643839128750
73	102	1	3	-6473305260657/4733643839128750
73	102	1	5	-6473305260657/4733643839128750
73	102	1	9	-6473305260657/4733643839128750
73	103	1	2	-3989850602685651/7538327813812534375
73	103	1	3	-3989850602685651/7538327813812534375
73	103	1	5	-3989850602685651/7538327813812534375
73	103	1	9	-3989850602685651/7538327813812534375
74	50	5	10	1/6
74	50	5	15	1/6
74	50	8	10	1/6
74	50	8	17	1/6
74	50	9	10	1/6
74	50	9	18	1/6
74	50	13	15	1/6
74	50	13	17	1/6
74	50	14	15	1/6
74	50	14	18	1/6
74	50	16	17	1/6
74	50	16	18	1/6
74	51	4	8	3/140
74	51	4	12	3/140
74	51	6	8	3/140
74	51	6	14	3/140
74	51	7	8	3/140
74	51	7	15	3/140
74	51	10	12	3/140
74	51	10	14	3/140
74	51	11	12	3/140
74	51	11	15	3/140
74	51	13	14	3/140
74	51	13	15	3/140
74	52	4	8	-3033/1269100
74	52	4	12	-3033/1269100
74	52	6	8	-3033/1269100
74	52	6	14	-3033/1269100
74	52	7	8	-3033/1269100
74	52	7	15	-3033/1269100
74	52	10	12	-3033/1269100
74	52	10	14	-3033/1269100
74	52	11	12	-3033/1269100
74	52	11	15	-3033/1269100
74	52	13	14	-3033/1269100
74	52	13	15	-3033/1269100
74	53	4	8	-36207/22209250
74	53	4	12	-36207/22209250
74	53	6	8	-36207/22209250
74	53	6	14	-36207/22209250
74	53	7	8	-36207/22209250
74	53	7	15	-36207/22209250
74	53	10	12	-36207/22209250
74	53	10	14	-36207/22209250
74	53	11	12	-36207/22209250
74	53	11	15	-36207/22209250
74	53	13	14	-36207/22209250
74	53	13	15	-36207/22209250
74	54	4	8	-19654569/661502511250
74	54	4	12	-19654569/661502511250
74	54	6	8	-19654569/661502511250
74	54	6	14	-19654569/661502511250
74	54	7	8	-19654569/661502511250
74	54	7	15	-19654569/661502511250
74	54	10	12	-19654569/661502511250
74	54	10	14	-19654569/661502511250
74	54	11	12	-19654569/661502511250
74	54	11	15	-19654569/661502511250
74	54	13	14	-19654569/661502511250
74	54	13	15	-19654569/661502511250
74	55	4	8	16315757019/92610351575000
74	55	4	12	16315757019/92610351575000
74	55	6	8	16315757019/92610351575000
74	55	6	14	16315757019/92610351575000
74	55	7	8	16315757019/92610351575000
74	55	7	15	16315757019/92610351575000
74	55	10	12	16315757019/92610351575000
74	55	10	14	16315757019/92610351575000
74	55	11	12	16315757019/92610351575000
74	55	11	15	16315757019/92610351575000
74	55	13	14	16315757019/92610351575000
74	55	13	15	16315757019/92610351575000
74	56	7	16	1
74	56	7	17	1
74	56	11	16	1
74	56	11	17	1
74	57	5	14	2997/11900
74	57	5	15	2997/11900
74	57	9	14	2997/11900
74	57	9	15	2997/11900
74	58	5	14	16451829/495635000
74	58	5	15	16451829/495635000
74	58	9	14	16451829/495635000
74	58	9	15	16451829/495635000
74	59	5	14	-2532198267/368628531250
74	59	5	15	-2532198267/368628531250
74	59	9	14	-2532198267/368628531250
74	59	9	15	-2532198267/368628531250
74	60	5	14	-1004743310662359/201787258006250000
74	60	5	15	-1004743310662359/201787258006250000
74	60	9	14	-1004743310662359/201787258006250000
74	60	9	15	-1004743310662359/201787258006250000
74	61	5	14	-3186438798188953431/4802536740548750000000
74	61	5	15	-3186438798188953431/4802536740548750000000
74	61	9	14	-3186438798188953431/4802536740548750000000
74	61	9	15	-3186438798188953431/4802536740548750000000
74	62	1	17	2
74	62	1	18	2
74	62	10	12	2
74	62	10	15	2
74	62	10	17	2
74	62	12	12	1
74	62	15	15	1
74	63	1	15	999/1625
74	63	1	16	297/11375
74	63	9	11	459/1625
74	63	9	13	459/1625
74	63	9	15	-2781/11375
74	63	11	11	-6633/22750
74	63	13	13	-6633/22750
74	64	1	15	113860809/905734375
74	64	1	16	-56987631/905734375
74	64	9	11	-21164571/905734375
74	64	9	13	-21164571/905734375
74	64	9	15	-30227499/905734375
74	64	11	11	96692049/1811468750
74	64	13	13	96692049/1811468750
74	65	1	15	-365592042/1471818359375
74	65	1	16	-25479682866/10302728515625
74	65	9	11	-31156299432/1471818359375
74	65	9	13	-31156299432/1471818359375
74	65	9	15	201372521472/10302728515625
74	65	11	11	29683795977/10302728515625
74	65	13	13	29683795977/10302728515625
74	66	1	15	-33765815235829158/2695451347900390625
74	66	1	16	14598720897976602/2695451347900390625
74	66	9	11	-3488766844928238/2695451347900390625
74	66	9	13	-3488766844928238/2695451347900390625
74	66	9	15	688778785793682/2695451347900390625
74	66	11	11	-16620133849871859/2695451347900390625
74	66	13	13	-16620133849871859/2695451347900390625
74	67	1	15	-39078899524547293617/8760216880676269531250
74	67	1	16	21851535748628730969/61321518164733886718750
74	67	9	11	19277378345086180983/8760216880676269531250
74	67	9	13	19277378345086180983/8760216880676269531250
74	67	9	15	-137905772649637387617/61321518164733886718750
74	67	11	11	213105730127191226919/122643036329467773437500
74	67	13	13	213105730127191226919/122643036329467773437500
74	68	1	13	2/3
74	68	1	16	2/3
74	68	1	17	2/3
74	69	1	12	-33/560
74	69	1	14	-33/560
74	69	1	15	-33/560
74	70	1	12	-81603/4390400
74	70	1	14	-81603/4390400
74	70	1	15	-81603/4390400
74	71	1	12	28764153/4917248000
74	71	1	14	28764153/4917248000
74	71	1	15	28764153/4917248000
74	72	1	12	158541615819/126668308480000
74	72	1	14	158541615819/126668308480000
74	72	1	15	158541615819/126668308480000
74	73	1	12	-123066416668833/141868505497600000
74	73	1	14	-123066416668833/141868505497600000
74	73	1	15	-123066416668833/141868505497600000
74	74	4	8	2/3
74	74	4	12	2/3
74	74	6	8	2/3
74	74	6	14	2/3
74	74	10	12	2/3
74	74	10	14	2/3
74	75	3	7	-2781/17570
74	75	3	11	-2781/17570
74	75	5	7	-2781/17570
74	75	5	13	-2781/17570
74	75	9	11	-2781/17570
74	75	9	13	-2781/17570
74	76	3	7	36956169/2160934300
74	76	3	11	36956169/2160934300
74	76	5	7	36956169/2160934300
74	76	5	13	36956169/2160934300
74	76	9	11	36956169/2160934300
74	76	9	13	36956169/2160934300
74	77	3	7	215018607591/37967615651000
74	77	3	11	215018607591/37967615651000
74	77	5	7	215018607591/37967615651000
74	77	5	13	215018607591/37967615651000
74	77	9	11	215018607591/37967615651000
74	77	9	13	215018607591/37967615651000
74	78	3	7	-11831718375694233/3835773290181402500
74	78	3	11	-11831718375694233/3835773290181402500
74	78	5	7	-11831718375694233/3835773290181402500
74	78	5	13	-11831718375694233/3835773290181402500
74	78	9	11	-11831718375694233/3835773290181402500
74	78	9	13	-11831718375694233/3835773290181402500
74	79	3	7	103714404365973516543/539156293667897935400000
74	79	3	11	103714404365973516543/539156293667897935400000
74	79	5	7	103714404365973516543/539156293667897935400000
74	79	5	13	103714404365973516543/539156293667897935400000
74	79	9	11	103714404365973516543/539156293667897935400000
74	79	9	13	103714404365973516543/539156293667897935400000
74	92	1	12	2
74	92	1	14	2
74	93	1	11	-2673/8050
74	93	1	13	-2673/8050
74	94	1	11	-21615579/1814470000
74	94	1	13	-21615579/1814470000
74	95	1	11	708090394077/29212967000000
74	95	1	13	708090394077/29212967000000
74	96	1	11	-3210013848640257/940657537400000000
74	96	1	13	-3210013848640257/940657537400000000
74	97	1	11	-34743671408427648579/15144586352140000000000
74	97	1	13	-34743671408427648579/15144586352140000000000
74	104	1	5	1
74	104	1	9	1
74	105	1	5	-99/500
74	105	1	9	-99/500
74	106	1	5	105867/21437500
74	106	1	9	105867/21437500
74	107	1	5	269927559/21437500000
74	107	1	9	269927559/21437500000
74	108	1	5	-19974566450691/6040015625000000
74	108	1	9	-19974566450691/6040015625000000
74	109	1	5	-2501847793071891/3020007812500000000
74	109	1	9	-2501847793071891/3020007812500000000
75	50	5	16	2/3
75	50	8	14	2/3
75	50	9	13	2/3
75	51	4	13	-33/1295
75	51	6	11	-33/1295
75	51	7	10	-33/1295
75	52	4	13	-37827/1677025
75	52	6	11	-37827/1677025
75	52	7	10	-37827/1677025
75	53	4	13	5779026/2171747375
75	53	6	11	5779026/2171747375
75	53	7	10	5779026/2171747375
75	54	4	13	133897985874/64685495564375
75	54	6	11	133897985874/64685495564375
75	54	7	10	133897985874/64685495564375
75	55	4	13	-70646224013343/167535433511731250
75	55	6	11	-70646224013343/167535433511731250
75	55	7	10	-70646224013343/167535433511731250
75	56	5	7	4
75	56	5	11	4
75	57	4	5	-891/2975
75	57	4	9	-891/2975
75	58	4	5	-2050677/17701250
75	58	4	9	-2050677/17701250
75	59	4	5	773600949/26330609375
75	59	4	9	773600949/26330609375
75	60	4	5	61742806345503/7206687785937500
75	60	4	9	61742806345503/7206687785937500
75	61	4	5	-742772064547974681/171519169305312500000
75	61	4	9	-742772064547974681/171519169305312500000
75	62	1	2	8
75	62	2	2	4
75	63	1	2	18468/11375
75	63	2	2	-11394/11375
75	64	1	2	5199228/129390625
75	64	2	2	13738734/129390625
75	65	1	2	-160831052712/1471818359375
75	65	2	2	67496392476/1471818359375
75	66	1	2	-11269064221149096/385064478271484375
75	66	2	2	-1340481717768204/55009211181640625
75	67	1	2	33517152299700908334/4380108440338134765625
75	67	2	2	3659300457808553433/4380108440338134765625
75	80	2	3	2
75	80	2	5	2
75	80	3	11	2
75	80	5	11	2
75	81	2	3	-2673/8960
75	81	2	5	-2673/8960
75	81	3	9	-2673/8960
75	81	5	9	-2673/8960
75	82	2	3	-3912543/160563200
75	82	2	5	-3912543/160563200
75	82	3	9	-3912543/160563200
75	82	5	9	-3912543/160563200
75	83	2	3	69571472751/2877292544000
75	83	2	5	69571472751/2877292544000
75	83	3	9	69571472751/2877292544000
75	83	5	9	69571472751/2877292544000
75	84	2	3	-289379300446287/169414984990720000
75	84	2	5	-289379300446287/169414984990720000
75	84	3	9	-289379300446287/169414984990720000
75	84	5	9	-289379300446287/169414984990720000
75	85	2	3	-57515891549701652199/21251415717235916800000
75	85	2	5	-57515891549701652199/21251415717235916800000
75	85	3	9	-57515891549701652199/21251415717235916800000
75	85	5	9	-57515891549701652199/21251415717235916800000
76	50	5	16	2/3
76	50	8	14	2/3
76	50	9	13	2/3
76	51	4	13	60/259
76	51	6	11	60/259
76	51	7	10	60/259
76	52	4	13	713232/11739175
76	52	6	11	713232/11739175
76	52	7	10	713232/11739175
76	53	4	13	4494528/608089265
76	53	6	11	4494528/608089265
76	53	7	10	4494528/608089265
76	54	4	13	-1350247781376/452798468950625
76	54	6	11	-1350247781376/452798468950625
76	54	7	10	-1350247781376/452798468950625
76	55	4	13	-9962638944768/4690992138328475
76	55	6	11	-9962638944768/4690992138328475
76	55	7	10	-9962638944768/4690992138328475
76	56	7	10	4
76	56	11	14	4
76	57	5	8	-1944/2975
76	57	9	12	-1944/2975
76	58	5	8	-574452/61954375
76	58	9	12	-574452/61954375
76	59	5	8	7265861352/184314265625
76	59	9	12	7265861352/184314265625
76	60	5	8	-82113839605116/12611703625390625
76	60	9	12	-82113839605116/12611703625390625
76	61	5	8	-110171499006177144/37519818285537109375
76	61	9	12	-110171499006177144/37519818285537109375
76	62	1	11	8
76	63	1	10	22032/11375
76	64	1	10	204866496/905734375
76	65	1	10	-646821801216/10302728515625
76	66	1	10	-14521447747178496/385064478271484375
76	67	1	10	-103363025955680729088/30660759082366943359375
76	68	2	2	4/3
76	68	3	3	4/3
76	68	5	5	4/3
76	69	2	2	-5/14
76	69	3	3	-5/14
76	69	5	5	-5/14
76	70	2	2	6861/137200
76	70	3	3	6861/137200
76	70	5	5	6861/137200
76	71	2	2	17001/1536640
76	71	3	3	17001/1536640
76	71	5	5	17001/1536640
76	72	2	2	-2104965333/247399040000
76	72	3	3	-2104965333/247399040000
76	72	5	5	-2104965333/247399040000
76	73	2	2	665348499/554173849600
76	73	3	3	665348499/554173849600
76	73	5	5	665348499/554173849600
76	86	5	10	8
76	87	5	9	-3888/4675
76	88	5	9	-1249494336/7496479375
76	89	5	9	2451737154816/35046041078125
76	90	5	9	1192799298510655488/184647952779344140625
76	91	5	9	-7472995267627453298688/863229179243433857421875
77	50	5	17	1/6
77	50	5	18	1/6
77	50	8	15	1/6
77	50	8	18	1/6
77	50	9	15	1/6
77	50	9	17	1/6
77	50	10	13	1/6
77	50	10	14	1/6
77	50	10	16	1/6
77	50	13	18	1/6
77	50	14	17	1/6
77	50	15	16	1/6
77	51	4	14	-3/140
77	51	4	15	-3/140
77	51	6	12	-3/140
77	51	6	15	-3/140
77	51	7	12	-3/140
77	51	7	14	-3/140
77	51	8	10	-3/140
77	51	8	11	-3/140
77	51	8	13	-3/140
77	51	10	15	-3/140
77	51	11	14	-3/140
77	51	12	13	-3/140
77	52	4	14	-3033/1269100
77	52	4	15	-3033/1269100
77	52	6	12	-3033/1269100
77	52	6	15	-3033/1269100
77	52	7	12	-3033/1269100
77	52	7	14	-3033/1269100
77	52	8	10	-3033/1269100
77	52	8	11	-3033/1269100
77	52	8	13	-3033/1269100
77	52	10	15	-3033/1269100
77	52	11	14	-3033/1269100
77	52	12	13	-3033/1269100
77	53	4	14	36207/22209250
77	53	4	15	36207/22209250
77	53	6	12	36207/22209250
77	53	6	15	36207/22209250
77	53	7	12	36207/22209250
77	53	7	14	36207/22209250
77	53	8	10	36207/22209250
77	53	8	11	36207/22209250
77	53	8	13	36207/22209250
77	53	10	15	36207/22209250
77	53	11	14	36207/22209250
77	53	12	13	36207/22209250
77	54	4	14	-19654569/661502511250
77	54	4	15	-19654569/661502511250
77	54	6	12	-19654569/661502511250
77	54	6	15	-19654569/661502511250
77	54	7	12	-19654569/661502511250
77	54	7	14	-19654569/661502511250
77	54	8	10	-19654569/661502511250
77	54	8	11	-19654569/661502511250
77	54	8	13	-19654569/661502511250
77	54	10	15	-19654569/661502511250
77	54	11	14	-19654569/661502511250
77	54	12	13	-19654569/661502511250
77	55	4	14	-16315757019/92610351575000
77	55	4	15	-16315757019/92610351575000
77	55	6	12	-16315757019/92610351575000
77	55	6	15	-16315757019/92610351575000
77	55	7	12	-16315757019/92610351575000
77	55	7	14	-16315757019/92610351575000
77	55	8	10	-16315757019/92610351575000
77	55	8	11	-16315757019/92610351575000
77	55	8	13	-16315757019/92610351575000
77	55	10	15	-16315757019/92610351575000
77	55	11	14	-16315757019/92610351575000
77	55	12	13	-16315757019/92610351575000
77	56	5	7	1
77	56	5	11	1
77	56	7	14	1
77	56	10	11	1
77	57	4	5	3699/11900
77	57	4	9	3699/11900
77	57	5	12	351/11900
77	57	8	9	351/11900
77	58	4	5	32903901/495635000
77	58	4	9	32903901/495635000
77	58	5	12	-14553999/495635000
77	58	8	9	-14553999/495635000
77	59	4	5	1356375213/737257062500
77	59	4	9	1356375213/737257062500
77	59	5	12	-3907016451/1474514125000
77	59	8	9	-3907016451/1474514125000
77	60	4	5	-1147792219968519/201787258006250000
77	60	4	9	-1147792219968519/201787258006250000
77	60	5	12	473557584095181/201787258006250000
77	60	8	9	473557584095181/201787258006250000
77	61	4	5	-10983853963073989017/4802536740548750000000
77	61	4	9	-10983853963073989017/4802536740548750000000
77	61	5	12	1736279781835300767/4802536740548750000000
77	61	8	9	1736279781835300767/4802536740548750000000
77	62	1	5	2
77	62	1	7	2
77	62	2	10	2
77	62	2	11	2
77	62	5	10	2
77	62	7	10	2
77	63	1	4	6399/11375
77	63	1	6	6399/11375
77	63	2	9	5211/11375
77	63	2	10	-729/1625
77	63	4	9	-783/11375
77	63	6	9	-783/11375
77	64	1	4	86018841/905734375
77	64	1	6	86018841/905734375
77	64	2	9	37744461/905734375
77	64	2	10	33845769/905734375
77	64	4	9	-55150551/905734375
77	64	6	9	-55150551/905734375
77	65	1	4	-91422141858/10302728515625
77	65	1	6	-91422141858/10302728515625
77	65	2	9	-200228151852/10302728515625
77	65	2	10	29432265462/1471818359375
77	65	4	9	66454492554/10302728515625
77	65	6	9	66454492554/10302728515625
77	66	1	4	-32425356924848358/2695451347900390625
77	66	1	6	-32425356924848358/2695451347900390625
77	66	2	9	-24064546699257678/2695451347900390625
77	66	2	10	-23055150260728998/2695451347900390625
77	66	4	9	13568585697182682/2695451347900390625
77	66	6	9	13568585697182682/2695451347900390625
77	67	1	4	-24951100163636238831/8760216880676269531250
77	67	1	6	-24951100163636238831/8760216880676269531250
77	67	2	9	-3947339310147526833/61321518164733886718750
77	67	2	10	-1253753565000560433/8760216880676269531250
77	67	4	9	-8037200122178350833/8760216880676269531250
77	67	6	9	-8037200122178350833/8760216880676269531250
77	68	1	2	2/3
77	68	1	3	2/3
77	68	1	5	2/3
77	69	1	2	39/280
77	69	1	3	39/280
77	69	1	5	39/280
77	70	1	2	5823/1097600
77	70	1	3	5823/1097600
77	70	1	5	5823/1097600
77	71	1	2	-5430321/614656000
77	71	1	3	-5430321/614656000
77	71	1	5	-5430321/614656000
77	72	1	2	-2980638243/1130967040000
77	72	1	3	-2980638243/1130967040000
77	72	1	5	-2980638243/1130967040000
77	73	1	2	2330058311919/4433390796800000
77	73	1	3	2330058311919/4433390796800000
77	73	1	5	2330058311919/4433390796800000
77	80	2	4	1/2
77	80	2	6	1/2
77	80	3	4	1/2
77	80	3	14	1/2
77	80	5	6	1/2
77	80	5	16	1/2
77	80	11	14	1/2
77	80	11	16	1/2
77	81	2	4	-2187/17920
77	81	2	6	-2187/17920
77	81	3	4	-2187/17920
77	81	3	11	-2187/17920
77	81	5	6	-2187/17920
77	81	5	13	-2187/17920
77	81	9	11	-2187/17920
77	81	9	13	-2187/17920
77	82	2	4	16556319/1123942400
77	82	2	6	16556319/1123942400
77	82	3	4	16556319/1123942400
77	82	3	11	16556319/1123942400
77	82	5	6	16556319/1123942400
77	82	5	13	16556319/1123942400
77	82	9	11	16556319/1123942400
77	82	9	13	16556319/1123942400
77	83	2	4	37818935883/10070523904000
77	83	2	6	37818935883/10070523904000
77	83	3	4	37818935883/10070523904000
77	83	3	11	37818935883/10070523904000
77	83	5	6	37818935883/10070523904000
77	83	5	13	37818935883/10070523904000
77	83	9	11	37818935883/10070523904000
77	83	9	13	37818935883/10070523904000
77	84	2	4	-4909886837764623/2075333566136320000
77	84	2	6	-4909886837764623/2075333566136320000
77	84	3	4	-4909886837764623/2075333566136320000
77	84	3	11	-4909886837764623/2075333566136320000
77	84	5	6	-4909886837764623/2075333566136320000
77	84	5	13	-4909886837764623/2075333566136320000
77	84	9	11	-4909886837764623/2075333566136320000
77	84	9	13	-4909886837764623/2075333566136320000
77	85	2	4	639060979634456499/2656426964654489600000
77	85	2	6	639060979634456499/2656426964654489600000
77	85	3	4	639060979634456499/2656426964654489600000
77	85	3	11	639060979634456499/2656426964654489600000
77	85	5	6	639060979634456499/2656426964654489600000
77	85	5	13	639060979634456499/2656426964654489600000
77	85	9	11	639060979634456499/2656426964654489600000
77	85	9	13	639060979634456499/2656426964654489600000
77	86	2	2	1
77	86	2	5	2
77	86	3	3	1
77	86	3	10	2
77	87	2	2	-18279/65450
77	87	2	5	-11097/32725
77	87	3	3	-18279/65450
77	87	3	9	-11097/32725
77	88	2	2	674914761/14992958750
77	88	2	5	-63509751/7496479375
77	88	3	3	674914761/14992958750
77	88	3	9	-63509751/7496479375
77	89	2	2	1435397793129/245322287546875
77	89	2	5	5839979994126/245322287546875
77	89	3	3	1435397793129/245322287546875
77	89	3	9	5839979994126/245322287546875
77	90	2	2	-1176597958825577619/184647952779344140625
77	90	2	5	-695287336300702758/184647952779344140625
77	90	3	3	-1176597958825577619/184647952779344140625
77	90	3	9	-695287336300702758/184647952779344140625
77	91	2	2	4574105571422292690231/3452916716973735429687500
77	91	2	5	-3655447689863923286967/1726458358486867714843750
77	91	3	3	4574105571422292690231/3452916716973735429687500
77	91	3	9	-3655447689863923286967/1726458358486867714843750
78	50	5	17	1/6
78	50	5	18	1/6
78	50	8	15	1/6
78	50	8	18	1/6
78	50	9	15	1/6
78	50	9	17	1/6
78	50	10	13	1/6
78	50	10	14	1/6
78	50	10	16	1/6
78	50	13	18	1/6
78	50	14	17	1/6
78	50	15	16	1/6
78	51	4	14	3/70
78	51	4	15	3/70
78	51	6	12	3/70
78	51	6	15	3/70
78	51	7	12	3/70
78	51	7	14	3/70
78	51	8	10	3/70
78	51	8	11	3/70
78	51	8	13	3/70
78	51	10	15	3/70
78	51	11	14	3/70
78	51	12	13	3/70
78	52	4	14	1989/317275
78	52	4	15	1989/317275
78	52	6	12	1989/317275
78	52	6	15	1989/317275
78	52	7	12	1989/317275
78	52	7	14	1989/317275
78	52	8	10	1989/317275
78	52	8	11	1989/317275
78	52	8	13	1989/317275
78	52	10	15	1989/317275
78	52	11	14	1989/317275
78	52	12	13	1989/317275
78	53	4	14	-9234/11104625
78	53	4	15	-9234/11104625
78	53	6	12	-9234/11104625
78	53	6	15	-9234/11104625
78	53	7	12	-9234/11104625
78	53	7	14	-9234/11104625
78	53	8	10	-9234/11104625
78	53	8	11	-9234/11104625
78	53	8	13	-9234/11104625
78	53	10	15	-9234/11104625
78	53	11	14	-9234/11104625
78	53	12	13	-9234/11104625
78	54	4	14	-259745616/330751255625
78	54	4	15	-259745616/330751255625
78	54	6	12	-259745616/330751255625
78	54	6	15	-259745616/330751255625
78	54	7	12	-259745616/330751255625
78	54	7	14	-259745616/330751255625
78	54	8	10	-259745616/330751255625
78	54	8	11	-259745616/330751255625
78	54	8	13	-259745616/330751255625
78	54	10	15	-259745616/330751255625
78	54	11	14	-259745616/330751255625
78	54	12	13	-259745616/330751255625
78	55	4	14	-1660746564/11576293946875
78	55	4	15	-1660746564/11576293946875
78	55	6	12	-1660746564/11576293946875
78	55	6	15	-1660746564/11576293946875
78	55	7	12	-1660746564/11576293946875
78	55	7	14	-1660746564/11576293946875
78	55	8	10	-1660746564/11576293946875
78	55	8	11	-1660746564/11576293946875
78	55	8	13	-1660746564/11576293946875
78	55	10	15	-1660746564/11576293946875
78	55	11	14	-1660746564/11576293946875
78	55	12	13	-1660746564/11576293946875
78	56	7	10	1
78	56	7	18	1
78	56	11	14	1
78	56	11	18	1
78	57	5	8	189/850
78	57	5	16	-351/5950
78	57	9	12	189/850
78	57	9	16	-351/5950
78	58	5	8	2666439/123908750
78	58	5	16	-3028509/123908750
78	58	9	12	2666439/123908750
78	58	9	16	-3028509/123908750
78	59	5	8	-57415311/7523031250
78	59	5	16	1745862417/368628531250
78	59	9	12	-57415311/7523031250
78	59	9	16	1745862417/368628531250
78	60	5	8	-46700087708214/12611703625390625
78	60	5	16	19731716645346/12611703625390625
78	60	9	12	-46700087708214/12611703625390625
78	60	9	16	19731716645346/12611703625390625
78	61	5	8	-465123402848781/3062842309023437500
78	61	5	16	-12290661272236581/21439896163164062500
78	61	9	12	-465123402848781/3062842309023437500
78	61	9	16	-12290661272236581/21439896163164062500
78	62	1	13	2
78	62	1	16	2
78	62	10	11	2
78	62	10	13	2
78	62	10	16	2
78	63	1	12	1458/2275
78	63	1	14	1458/2275
78	63	9	10	2214/11375
78	63	9	12	-108/325
78	63	9	14	-108/325
78	64	1	12	5323644/36229375
78	64	1	14	5323644/36229375
78	64	9	10	-35756964/905734375
78	64	9	12	-116154/36229375
78	64	9	14	-116154/36229375
78	65	1	12	795035736/82421828125
78	65	1	14	795035736/82421828125
78	65	9	10	-156732894648/10302728515625
78	65	9	12	234857556/11774546875
78	65	9	14	234857556/11774546875
78	66	1	12	-44122935791808/4312722156640625
78	66	1	14	-44122935791808/4312722156640625
78	66	9	10	590635160392896/385064478271484375
78	66	9	12	-15001175362878/4312722156640625
78	66	9	14	-15001175362878/4312722156640625
78	67	1	12	-48821818810789872/9811442906357421875
78	67	1	14	-48821818810789872/9811442906357421875
78	67	9	10	53762067799050109104/30660759082366943359375
78	67	9	12	-2041790214680028/1401634700908203125
78	67	9	14	-2041790214680028/1401634700908203125
78	68	1	10	2/3
78	68	1	12	2/3
78	68	1	15	2/3
78	68	2	10	2/3
78	68	3	12	2/3
78	68	5	15	2/3
78	69	1	10	39/280
78	69	1	11	39/280
78	69	1	13	39/280
78	69	2	10	-19/140
78	69	3	11	-19/140
78	69	5	13	-19/140
78	70	1	10	7821/1097600
78	70	1	11	7821/1097600
78	70	1	13	7821/1097600
78	70	2	10	1551/274400
78	70	3	11	1551/274400
78	70	5	13	1551/274400
78	71	1	10	-4729023/614656000
78	71	1	11	-4729023/614656000
78	71	1	13	-4729023/614656000
78	71	2	10	599013/76832000
78	71	3	11	599013/76832000
78	71	5	13	599013/76832000
78	72	1	10	-19800221013/7916769280000
78	72	1	11	-19800221013/7916769280000
78	72	1	13	-19800221013/7916769280000
78	72	2	10	-1155373173/494798080000
78	72	3	11	-1155373173/494798080000
78	72	5	13	-1155373173/494798080000
78	73	1	10	211518878337/633341542400000
78	73	1	11	211518878337/633341542400000
78	73	1	13	211518878337/633341542400000
78	73	2	10	-1127423691/2827417600000
78	73	3	11	-1127423691/2827417600000
78	73	5	13	-1127423691/2827417600000
78	86	5	15	2
78	86	10	15	2
78	87	5	13	-3078/6545
78	87	9	13	-3078/6545
78	88	5	13	14892012/299859175
78	88	9	13	14892012/299859175
78	89	5	13	33307887528/1962578300375
78	89	9	13	33307887528/1962578300375
78	90	5	13	-380394651912768/42205246349564375
78	90	9	13	-380394651912768/42205246349564375
78	91	5	13	980020561227095952/1933633361505291840625
78	91	9	13	980020561227095952/1933633361505291840625
78	92	3	3	1
78	92	3	9	2
78	92	5	5	1
78	92	5	9	2
78	93	3	3	-1917/6440
78	93	3	9	-81/322
78	93	5	5	-1917/6440
78	93	5	9	-81/322
78	94	3	3	16737111/290315200
78	94	3	9	-1098603/36289400
78	94	5	5	16737111/290315200
78	94	5	9	-1098603/36289400
78	95	3	3	2371545621/1869629888000
78	95	3	9	452964879/23370373600
78	95	5	5	2371545621/1869629888000
78	95	5	9	452964879/23370373600
78	96	3	3	-72021229225209/12040416478720000
78	96	3	9	-47528362953/376263014960000
78	96	5	5	-72021229225209/12040416478720000
78	96	5	9	-47528362953/376263014960000
78	97	3	3	148966278288393141/77540282122956800000
78	97	3	9	-14764207415301/6923239475264000
78	97	5	5	148966278288393141/77540282122956800000
78	97	5	9	-14764207415301/6923239475264000
79	50	5	19	1/3
79	50	8	19	1/3
79	50	9	19	1/3
79	50	13	19	1/3
79	50	14	19	1/3
79	50	16	19	1/3
79	51	4	16	-27/370
79	51	6	16	-27/370
79	51	7	16	-27/370
79	51	10	16	-27/370
79	51	11	16	-27/370
79	51	13	16	-27/370
79	52	4	16	198747/23478350
79	52	6	16	198747/23478350
79	52	7	16	198747/23478350
79	52	10	16	198747/23478350
79	52	11	16	198747/23478350
79	52	13	16	198747/23478350
79	53	4	16	124659/86869895
79	53	6	16	124659/86869895
79	53	7	16	124659/86869895
79	53	10	16	124659/86869895
79	53	11	16	124659/86869895
79	53	13	16	124659/86869895
79	54	4	16	-421306800849/452798468950625
79	54	6	16	-421306800849/452798468950625
79	54	7	16	-421306800849/452798468950625
79	54	10	16	-421306800849/452798468950625
79	54	11	16	-421306800849/452798468950625
79	54	13	16	-421306800849/452798468950625
79	55	4	16	37870284243861/335070867023462500
79	55	6	16	37870284243861/335070867023462500
79	55	7	16	37870284243861/335070867023462500
79	55	10	16	37870284243861/335070867023462500
79	55	11	16	37870284243861/335070867023462500
79	55	13	16	37870284243861/335070867023462500
79	56	7	14	2
79	56	10	11	2
79	57	5	12	4941/5950
79	57	8	9	4941/5950
79	58	5	12	74510361/247817500
79	58	8	9	74510361/247817500
79	59	5	12	65019503439/737257062500
79	59	8	9	65019503439/737257062500
79	60	5	12	1660711449928221/100893629003125000
79	60	8	9	1660711449928221/100893629003125000
79	61	5	12	-3293964273282240483/2401268370274375000000
79	61	8	9	-3293964273282240483/2401268370274375000000
79	62	1	9	4
79	62	11	11	2
79	63	1	8	16362/11375
79	63	10	10	-8397/11375
79	64	1	8	384866802/905734375
79	64	10	10	204966369/905734375
79	65	1	8	890083604556/10302728515625
79	65	10	10	-509411747034/10302728515625
79	66	1	8	2920725548962164/2695451347900390625
79	66	10	10	6198725763071802/2695451347900390625
79	67	1	8	-257171529133993463883/30660759082366943359375
79	67	10	10	253093181926034709531/61321518164733886718750
79	68	2	9	4/3
79	68	3	9	4/3
79	68	4	9	4/3
79	68	5	9	4/3
79	68	6	9	4/3
79	68	7	9	4/3
79	69	2	9	51/140
79	69	3	9	51/140
79	69	4	9	3/56
79	69	5	9	51/140
79	69	6	9	3/56
79	69	7	9	3/56
79	70	2	9	35559/548800
79	70	3	9	35559/548800
79	70	4	9	-71523/2195200
79	70	5	9	35559/548800
79	70	6	9	-71523/2195200
79	70	7	9	-71523/2195200
79	71	2	9	-78489/61465600
79	71	3	9	-78489/61465600
79	71	4	9	-2016171/491724800
79	71	5	9	-78489/61465600
79	71	6	9	-2016171/491724800
79	71	7	9	-2016171/491724800
79	72	2	9	-22359640869/3958384640000
79	72	3	9	-22359640869/3958384640000
79	72	4	9	19412002269/9047736320000
79	72	5	9	-22359640869/3958384640000
79	72	6	9	19412002269/9047736320000
79	72	7	9	19412002269/9047736320000
79	73	2	9	-3697892901909/2216695398400000
79	73	3	9	-3697892901909/2216695398400000
79	73	4	9	1349216683047/2837370109952000
79	73	5	9	-3697892901909/2216695398400000
79	73	6	9	1349216683047/2837370109952000
79	73	7	9	1349216683047/2837370109952000
79	86	5	6	4
79	86	10	13	4
79	87	5	6	-39366/32725
79	87	9	11	-39366/32725
79	88	5	6	1990113138/7496479375
79	88	9	11	1990113138/7496479375
79	89	5	6	-5377912947972/245322287546875
79	89	9	11	-5377912947972/245322287546875
79	90	5	6	-2434341817168600716/184647952779344140625
79	90	9	11	-2434341817168600716/184647952779344140625
79	91	5	6	41107783507367690173869/6042604254704037001953125
79	91	9	11	41107783507367690173869/6042604254704037001953125
79	98	2	2	1/2
79	98	3	3	1/2
79	98	5	5	1/2
79	98	10	10	1/2
79	99	2	2	-2097/12740
79	99	3	3	-2097/12740
79	99	5	5	-2097/12740
79	99	9	9	-2097/12740
79	100	2	2	1641141/40576900
79	100	3	3	1641141/40576900
79	100	5	5	1641141/40576900
79	100	9	9	1641141/40576900
79	101	2	2	-551525679/129237426500
79	101	3	3	-551525679/129237426500
79	101	5	5	-551525679/129237426500
79	101	9	9	-551525679/129237426500
79	102	2	2	-4800301174017/2366821919564375
79	102	3	3	-4800301174017/2366821919564375
79	102	5	5	-4800301174017/2366821919564375
79	102	9	9	-4800301174017/2366821919564375
79	103	2	2	76378810587158853/60306622510500275000
79	103	3	3	76378810587158853/60306622510500275000
79	103	5	5	76378810587158853/60306622510500275000
79	103	9	9	76378810587158853/60306622510500275000
80	50	5	19	1/3
80	50	8	19	1/3
80	50	9	19	1/3
80	50	13	19	1/3
80	50	14	19	1/3
80	50	16	19	1/3
80	51	4	16	72/1295
80	51	6	16	72/1295
80	51	7	16	72/1295
80	51	10	16	72/1295
80	51	11	16	72/1295
80	51	13	16	72/1295
80	52	4	16	16956/11739175
80	52	6	16	16956/11739175
80	52	7	16	16956/11739175
80	52	10	16	16956/11739175
80	52	11	16	16956/11739175
80	52	13	16	16956/11739175
80	53	4	16	-7208352/3040446325
80	53	6	16	-7208352/3040446325
80	53	7	16	-7208352/3040446325
80	53	10	16	-7208352/3040446325
80	53	11	16	-7208352/3040446325
80	53	13	16	-7208352/3040446325
80	54	4	16	-10733061168/19686889954375
80	54	6	16	-10733061168/19686889954375
80	54	7	16	-10733061168/19686889954375
80	54	10	16	-10733061168/19686889954375
80	54	11	16	-10733061168/19686889954375
80	54	13	16	-10733061168/19686889954375
80	55	4	16	2544318428544/25494522490915625
80	55	6	16	2544318428544/25494522490915625
80	55	7	16	2544318428544/25494522490915625
80	55	10	16	2544318428544/25494522490915625
80	55	11	16	2544318428544/25494522490915625
80	55	13	16	2544318428544/25494522490915625
80	56	7	18	2
80	56	11	18	2
80	57	5	16	1944/2975
80	57	9	16	1944/2975
80	58	5	16	10376586/61954375
80	58	9	16	10376586/61954375
80	59	5	16	4544883432/184314265625
80	59	9	16	4544883432/184314265625
80	60	5	16	-2071762154226/548334940234375
80	60	9	16	-2071762154226/548334940234375
80	61	5	16	-900529482723336/233042349599609375
80	61	9	16	-900529482723336/233042349599609375
80	62	1	18	4
80	63	1	16	2592/1625
80	64	1	16	488919888/905734375
80	65	1	16	203823921024/1471818359375
80	66	1	16	1833691747174848/117193536865234375
80	67	1	16	-1534070484770167296/190439497406005859375
80	68	9	10	4/3
80	68	9	12	4/3
80	68	9	13	4/3
80	68	9	15	4/3
80	68	9	16	4/3
80	68	9	17	4/3
80	68	10	10	2/3
80	68	12	12	2/3
80	68	15	15	2/3
80	69	9	10	3/28
80	69	9	11	3/28
80	69	9	12	-57/280
80	69	9	13	3/28
80	69	9	14	-57/280
80	69	9	15	-57/280
80	69	10	10	-31/140
80	69	11	11	-31/140
80	69	13	13	-31/140
80	70	9	10	-15147/548800
80	70	9	11	-15147/548800
80	70	9	12	-11259/2195200
80	70	9	13	-15147/548800
80	70	9	14	-11259/2195200
80	70	9	15	-11259/2195200
80	70	10	10	15213/274400
80	70	11	11	15213/274400
80	70	13	13	15213/274400
80	71	9	10	-494019/61465600
80	71	9	11	-494019/61465600
80	71	9	12	5822037/491724800
80	71	9	13	-494019/61465600
80	71	9	14	5822037/491724800
80	71	9	15	5822037/491724800
80	71	10	10	-490761/76832000
80	71	11	11	-490761/76832000
80	71	13	13	-490761/76832000
80	72	9	10	231697341/172103680000
80	72	9	11	231697341/172103680000
80	72	9	12	-4533583203/2753658880000
80	72	9	13	231697341/172103680000
80	72	9	14	-4533583203/2753658880000
80	72	9	15	-4533583203/2753658880000
80	72	10	10	-54290547/21512960000
80	72	11	11	-54290547/21512960000
80	72	13	13	-54290547/21512960000
80	73	9	10	495007767/550731776000
80	73	9	11	495007767/550731776000
80	73	9	12	-2708284215519/3084097945600000
80	73	9	13	495007767/550731776000
80	73	9	14	-2708284215519/3084097945600000
80	73	9	15	-2708284215519/3084097945600000
80	73	10	10	1465015329/860518400000
80	73	11	11	1465015329/860518400000
80	73	13	13	1465015329/860518400000
80	92	9	12	4
80	92	9	14	4
80	93	9	11	-4617/4025
80	93	9	13	-4617/4025
80	94	9	11	102939903/453617500
80	94	9	13	102939903/453617500
80	95	9	11	-47952452871/7303241750000
80	95	9	13	-47952452871/7303241750000
80	96	9	11	-1900016532597033/117582192175000000
80	96	9	13	-1900016532597033/117582192175000000
80	97	9	11	1644907078990163943/270439042002500000000
80	97	9	13	1644907078990163943/270439042002500000000
80	104	5	5	1
80	104	9	9	1
80	105	5	5	-171/500
80	105	9	9	-171/500
80	106	5	5	7794063/85750000
80	106	9	9	7794063/85750000
80	107	5	5	-568209573/42875000000
80	107	9	9	-568209573/42875000000
80	108	5	5	-2892832509033/1050437500000000
80	108	9	9	-2892832509033/1050437500000000
80	109	5	5	1347954044598243/525218750000000000
80	109	9	9	1347954044598243/525218750000000000
81	50	10	10	1/2
81	50	15	15	1/2
81	50	17	17	1/2
81	50	18	18	1/2
81	51	8	8	-27/140
81	51	12	12	-27/140
81	51	14	14	-27/140
81	51	15	15	-27/140
81	52	8	8	2187/34300
81	52	12	12	2187/34300
81	52	14	14	2187/34300
81	52	15	15	2187/34300
81	53	8	8	-19683/1200500
81	53	12	12	-19683/1200500
81	53	14	14	-19683/1200500
81	53	15	15	-19683/1200500
81	54	8	8	531441/241600625
81	54	12	12	531441/241600625
81	54	14	14	531441/241600625
81	54	15	15	531441/241600625
81	55	8	8	43046721/67648175000
81	55	12	12	43046721/67648175000
81	55	14	14	43046721/67648175000
81	55	15	15	43046721/67648175000
81	62	8	8	6
81	62	8	10	12
81	63	7	7	-26001/11375
81	63	7	9	53946/11375
81	64	7	7	670383297/905734375
81	64	7	9	1460911626/905734375
81	65	7	7	-1879418244537/10302728515625
81	65	7	9	4439465732358/10302728515625
81	66	7	7	54984303189763596/2695451347900390625
81	66	7	9	24427119078654696/385064478271484375
81	67	7	7	567215766281076822243/61321518164733886718750
81	67	7	9	-454112288812884348099/30660759082366943359375
81	68	1	8	4
81	70	1	8	-26973/274400
81	72	1	8	6547884561/989596160000
81	98	1	4	3
81	98	1	14	3
81	99	1	4	-2673/6370
81	99	1	13	-2673/6370
81	100	1	4	-387099/20288450
81	100	1	13	-387099/20288450
81	101	1	4	157837977/6461871325
81	101	1	13	157837977/6461871325
81	102	1	4	-5819184884943/2366821919564375
81	102	1	13	-5819184884943/2366821919564375
81	103	1	4	-57133553091194943/30153311255250137500
81	103	1	13	-57133553091194943/30153311255250137500
82	50	10	10	1/2
82	50	15	15	1/2
82	50	17	17	1/2
82	50	18	18	1/2
82	52	8	8	-243/17150
82	52	12	12	-243/17150
82	52	14	14	-243/17150
82	52	15	15	-243/17150
82	54	8	8	531441/483201250
82	54	12	12	531441/483201250
82	54	14	14	531441/483201250
82	54	15	15	531441/483201250
82	62	10	17	12
82	63	9	15	35964/11375
82	64	9	15	438904656/905734375
82	65	9	15	-576213841368/10302728515625
82	66	9	15	-160609969795256208/2695451347900390625
82	67	9	15	-367466024474250440976/30660759082366943359375
82	68	1	18	4
82	70	1	16	-8991/68600
82	72	1	16	727542729/61849760000
82	74	8	8	2
82	74	12	12	2
82	74	14	14	2
82	75	7	7	-162/251
82	75	11	11	-162/251
82	75	13	13	-162/251
82	76	7	7	164110293/1080467150
82	76	11	11	164110293/1080467150
82	76	13	13	164110293/1080467150
82	77	7	7	-3421948599/271197254650
82	77	11	11	-3421948599/271197254650
82	77	13	13	-3421948599/271197254650
82	78	7	7	-70511565519994959/7671546580362805000
82	78	11	11	-70511565519994959/7671546580362805000
82	78	13	13	-70511565519994959/7671546580362805000
82	79	7	7	1896575282974460079/385111638334212811000
82	79	11	11	1896575282974460079/385111638334212811000
82	79	13	13	1896575282974460079/385111638334212811000
82	104	1	13	6
82	105	1	13	-891/875
82	106	1	13	-85293/5359375
82	107	1	13	313077798/4689453125
82	108	1	13	-1073741465394/94375244140625
82	109	1	13	-894797854868907/165156677246093750
83	50	10	15	1/3
83	50	10	17	1/3
83	50	10	18	1/3
83	50	15	17	1/3
83	50	15	18	1/3
83	50	17	18	1/3
83	51	8	12	-3/35
83	51	8	14	-3/35
83	51	8	15	-3/35
83	51	12	14	-3/35
83	51	12	15	-3/35
83	51	14	15	-3/35
83	52	8	12	117/8575
83	52	8	14	117/8575
83	52	8	15	117/8575
83	52	12	14	117/8575
83	52	12	15	117/8575
83	52	14	15	117/8575
83	53	8	12	243/300125
83	53	8	14	243/300125
83	53	8	15	243/300125
83	53	12	14	243/300125
83	53	12	15	243/300125
83	53	14	15	243/300125
83	54	8	12	-312741/241600625
83	54	8	14	-312741/241600625
83	54	8	15	-312741/241600625
83	54	12	14	-312741/241600625
83	54	12	15	-312741/241600625
83	54	14	15	-312741/241600625
83	55	8	12	2604717/8456021875
83	55	8	14	2604717/8456021875
83	55	8	15	2604717/8456021875
83	55	12	14	2604717/8456021875
83	55	12	15	2604717/8456021875
83	55	14	15	2604717/8456021875
83	62	5	10	4
83	62	7	10	4
83	62	9	10	4
83	63	4	9	15984/11375
83	63	6	9	15984/11375
83	63	8	9	3996/11375
83	64	4	9	353598048/905734375
83	64	6	9	353598048/905734375
83	64	8	9	-65562372/905734375
83	65	4	9	665674651008/10302728515625
83	65	6	9	665674651008/10302728515625
83	65	8	9	-252322596828/10302728515625
83	66	4	9	-22171125482862336/2695451347900390625
83	66	6	9	-22171125482862336/2695451347900390625
83	66	8	9	7436094916101444/2695451347900390625
83	67	4	9	-46151733219730910208/4380108440338134765625
83	67	6	9	-46151733219730910208/4380108440338134765625
83	67	8	9	77464182535492891356/30660759082366943359375
83	68	1	4	4/3
83	68	1	6	4/3
83	68	1	7	4/3
83	69	1	4	111/280
83	69	1	6	111/280
83	69	1	7	111/280
83	70	1	4	173493/2195200
83	70	1	6	173493/2195200
83	70	1	7	173493/2195200
83	71	1	4	998001/2458624000
83	71	1	6	998001/2458624000
83	71	1	7	998001/2458624000
83	72	1	4	-448402847301/63334154240000
83	72	1	6	-448402847301/63334154240000
83	72	1	7	-448402847301/63334154240000
83	73	1	4	-177563907781569/70934252748800000
83	73	1	6	-177563907781569/70934252748800000
83	73	1	7	-177563907781569/70934252748800000
83	80	4	4	1/2
83	80	6	6	1/2
83	80	14	14	1/2
83	80	16	16	1/2
83	81	4	4	-1593/8960
83	81	6	6	-1593/8960
83	81	11	11	-1593/8960
83	81	13	13	-1593/8960
83	82	4	4	14310999/280985600
83	82	6	6	14310999/280985600
83	82	11	11	14310999/280985600
83	82	13	13	14310999/280985600
83	83	4	4	-11797616223/1258815488000
83	83	6	6	-11797616223/1258815488000
83	83	11	11	-11797616223/1258815488000
83	83	13	13	-11797616223/1258815488000
83	84	4	4	-64999391762943/129708347883520000
83	84	6	6	-64999391762943/129708347883520000
83	84	11	11	-64999391762943/129708347883520000
83	84	13	13	-64999391762943/129708347883520000
83	85	4	4	100568582691444801/83013342645452800000
83	85	6	6	100568582691444801/83013342645452800000
83	85	11	11	100568582691444801/83013342645452800000
83	85	13	13	100568582691444801/83013342645452800000
83	86	2	6	4
83	86	3	13	4
83	87	2	6	-34992/32725
83	87	3	11	-34992/32725
83	88	2	6	1335737952/7496479375
83	88	3	11	1335737952/7496479375
83	89	2	6	2434799067264/245322287546875
83	89	3	11	2434799067264/245322287546875
83	90	2	6	-3285915092987164416/184647952779344140625
83	90	3	11	-3285915092987164416/184647952779344140625
83	91	2	6	3881789228479846431744/863229179243433857421875
83	91	3	11	3881789228479846431744/863229179243433857421875
83	98	2	3	1
83	98	5	10	1
83	99	2	3	-639/3185
83	99	5	9	-639/3185
83	100	2	3	96633/10144225
83	100	5	9	96633/10144225
83	101	2	3	48084111/4615622375
83	101	5	9	48084111/4615622375
83	102	2	3	-7607976620409/2366821919564375
83	102	5	9	-7607976620409/2366821919564375
83	103	2	3	-471486058373151/1076903973401790625
83	103	5	9	-471486058373151/1076903973401790625
84	50	10	15	1/3
84	50	10	17	1/3
84	50	10	18	1/3
84	50	15	17	1/3
84	50	15	18	1/3
84	50	17	18	1/3
84	51	8	12	3/70
84	51	8	14	3/70
84	51	8	15	3/70
84	51	12	14	3/70
84	51	12	15	3/70
84	51	14	15	3/70
84	52	8	12	-9/2450
84	52	8	14	-9/2450
84	52	8	15	-9/2450
84	52	12	14	-9/2450
84	52	12	15	-9/2450
84	52	14	15	-9/2450
84	53	8	12	-243/85750
84	53	8	14	-243/85750
84	53	8	15	-243/85750
84	53	12	14	-243/85750
84	53	12	15	-243/85750
84	53	14	15	-243/85750
84	54	8	12	-4374/34514375
84	54	8	14	-4374/34514375
84	54	8	15	-4374/34514375
84	54	12	14	-4374/34514375
84	54	12	15	-4374/34514375
84	54	14	15	-4374/34514375
84	55	8	12	1266273/4832012500
84	55	8	14	1266273/4832012500
84	55	8	15	1266273/4832012500
84	55	12	14	1266273/4832012500
84	55	12	15	1266273/4832012500
84	55	14	15	1266273/4832012500
84	62	10	13	4
84	62	10	16	4
84	62	10	18	4
84	63	9	12	1998/2275
84	63	9	14	1998/2275
84	63	9	16	-1998/11375
84	64	9	12	413586/5175625
84	64	9	14	413586/5175625
84	64	9	16	-13612374/129390625
84	65	9	12	-53892054/1682078125
84	65	9	14	-53892054/1682078125
84	65	9	16	21395145438/1471818359375
84	66	9	12	-9015709497768/616103165234375
84	66	9	14	-9015709497768/616103165234375
84	66	9	16	409245695233416/55009211181640625
84	67	9	12	-65171095035633/200233528701171875
84	67	9	14	-65171095035633/200233528701171875
84	67	9	16	-7980774044295228669/4380108440338134765625
84	68	1	13	4/3
84	68	1	16	4/3
84	68	1	17	4/3
84	69	1	12	111/280
84	69	1	14	111/280
84	69	1	15	111/280
84	70	1	12	23643/313600
84	70	1	14	23643/313600
84	70	1	15	23643/313600
84	71	1	12	-998001/351232000
84	71	1	14	-998001/351232000
84	71	1	15	-998001/351232000
84	72	1	12	-76026718179/9047736320000
84	72	1	14	-76026718179/9047736320000
84	72	1	15	-76026718179/9047736320000
84	73	1	12	-25901805579687/10133464678400000
84	73	1	14	-25901805579687/10133464678400000
84	73	1	15	-25901805579687/10133464678400000
84	86	15	15	2
84	87	13	13	-4077/6545
84	88	13	13	5788989/42837025
84	89	13	13	-216965709/40052618375
84	90	13	13	-451562511780612/42205246349564375
84	91	13	13	51113876983979697/11274830096240768750
84	92	3	12	4
84	92	5	14	4
84	93	3	11	-1539/1610
84	93	5	13	-1539/1610
84	94	3	11	161109/1481200
84	94	5	13	161109/1481200
84	95	3	11	2083425867/66772496000
84	95	5	13	2083425867/66772496000
84	96	3	11	-7805838888783/430014874240000
84	96	5	13	-7805838888783/430014874240000
84	97	3	11	4145348480215941/2769295790105600000
84	97	5	13	4145348480215941/2769295790105600000
84	104	5	9	2
84	105	5	9	-261/875
84	106	5	9	-102141/6125000
84	107	5	9	222213051/10718750000
84	108	5	9	-3537587647737/1725718750000000
84	109	5	9	-5856259402306143/3020007812500000000
85	50	10	19	1/2
85	50	15	19	1/2
85	50	17	19	1/2
85	50	18	19	1/2
85	51	8	16	-27/140
85	51	12	16	-27/140
85	51	14	16	-27/140
85	51	15	16	-27/140
85	52	8	16	84807/1269100
85	52	12	16	84807/1269100
85	52	14	16	84807/1269100
85	52	15	16	84807/1269100
85	53	8	16	-177147/8883700
85	53	12	16	-177147/8883700
85	53	14	16	-177147/8883700
85	53	15	16	-177147/8883700
85	54	8	16	1531081521/330751255625
85	54	12	16	1531081521/330751255625
85	54	14	16	1531081521/330751255625
85	54	15	16	1531081521/330751255625
85	55	8	16	-49355457111/92610351575000
85	55	12	16	-49355457111/92610351575000
85	55	14	16	-49355457111/92610351575000
85	55	15	16	-49355457111/92610351575000
85	62	9	10	6
85	63	8	9	4617/1625
85	64	8	9	1134377217/905734375
85	65	8	9	743278165569/1471818359375
85	66	8	9	486610275819280716/2695451347900390625
85	67	8	9	468389399130369083349/8760216880676269531250
85	68	1	8	2
85	68	4	9	2
85	68	6	9	2
85	68	7	9	2
85	68	8	9	2
85	69	1	8	27/35
85	69	4	9	477/560
85	69	6	9	477/560
85	69	7	9	477/560
85	69	8	9	27/70
85	70	1	8	144099/548800
85	70	4	9	1439127/4390400
85	70	6	9	1439127/4390400
85	70	7	9	1439127/4390400
85	70	8	9	21627/548800
85	71	1	8	570807/7683200
85	71	4	9	21598083/196689920
85	71	6	9	21598083/196689920
85	71	7	9	21598083/196689920
85	71	8	9	-452709/76832000
85	72	1	8	4161714471/282741760000
85	72	4	9	3725017939233/126668308480000
85	72	6	9	3725017939233/126668308480000
85	72	7	9	3725017939233/126668308480000
85	72	8	9	-6657361407/1979192320000
85	73	1	8	32366351223/138543462400000
85	73	4	9	648406934597277/141868505497600000
85	73	6	9	648406934597277/141868505497600000
85	73	7	9	648406934597277/141868505497600000
85	73	8	9	-99643593177/277086924800000
85	86	6	6	3
85	86	13	13	3
85	87	6	6	-84807/65450
85	87	11	11	-84807/65450
85	88	6	6	7663989393/14992958750
85	88	11	11	7663989393/14992958750
85	89	6	6	-87776723440431/490644575093750
85	89	11	11	-87776723440431/490644575093750
85	90	6	6	9653667426423311238/184647952779344140625
85	90	11	11	9653667426423311238/184647952779344140625
85	91	6	6	-257720161859308080783099/24170417018816148007812500
85	91	11	11	-257720161859308080783099/24170417018816148007812500
85	98	2	4	3/2
85	98	3	4	3/2
85	98	5	14	3/2
85	98	10	14	3/2
85	99	2	4	-6561/12740
85	99	3	4	-6561/12740
85	99	5	13	-6561/12740
85	99	9	13	-6561/12740
85	100	2	4	6051429/40576900
85	100	3	4	6051429/40576900
85	100	5	13	6051429/40576900
85	100	9	13	6051429/40576900
85	101	2	4	-416118303/12923742650
85	101	3	4	-416118303/12923742650
85	101	5	13	-416118303/12923742650
85	101	9	13	-416118303/12923742650
85	102	2	4	1802983211271/676234834161250
85	102	3	4	1802983211271/676234834161250
85	102	5	13	1802983211271/676234834161250
85	102	9	13	1802983211271/676234834161250
85	103	2	4	99137819655428049/60306622510500275000
85	103	3	4	99137819655428049/60306622510500275000
85	103	5	13	99137819655428049/60306622510500275000
85	103	9	13	99137819655428049/60306622510500275000
86	50	10	19	1/2
86	50	15	19	1/2
86	50	17	19	1/2
86	50	18	19	1/2
86	52	8	16	-7047/634550
86	52	12	16	-7047/634550
86	52	14	16	-7047/634550
86	52	15	16	-7047/634550
86	54	8	16	446941881/661502511250
86	54	12	16	446941881/661502511250
86	54	14	16	446941881/661502511250
86	54	15	16	446941881/661502511250
86	62	10	18	6
86	63	9	16	23328/11375
86	64	9	16	511219998/905734375
86	65	9	16	1025927718624/10302728515625
86	66	9	16	-14312242414553274/2695451347900390625
86	67	9	16	-367558969370803055712/30660759082366943359375
86	68	1	18	2
86	68	9	13	2
86	68	9	16	2
86	68	9	17	2
86	68	9	18	2
86	69	1	16	27/35
86	69	9	12	261/560
86	69	9	14	261/560
86	69	9	15	261/560
86	70	1	16	33777/137200
86	70	9	12	251343/4390400
86	70	9	14	251343/4390400
86	70	9	15	251343/4390400
86	70	9	16	-7047/137200
86	71	1	16	531441/9604000
86	71	9	12	-10422513/983449600
86	71	9	14	-10422513/983449600
86	71	9	15	-10422513/983449600
86	72	1	16	251371593/123699520000
86	72	9	12	-915110742447/126668308480000
86	72	9	14	-915110742447/126668308480000
86	72	9	15	-915110742447/126668308480000
86	72	9	16	446941881/123699520000
86	73	1	16	-47030934177/8658966400000
86	73	9	12	-129899734556139/141868505497600000
86	73	9	14	-129899734556139/141868505497600000
86	73	9	15	-129899734556139/141868505497600000
86	92	12	12	3
86	92	14	14	3
86	93	11	11	-34749/32200
86	93	13	13	-34749/32200
86	94	11	11	2292341229/7257880000
86	94	13	13	2292341229/7257880000
86	95	11	11	-14386738690467/233703736000000
86	95	13	13	-14386738690467/233703736000000
86	96	11	11	-8756415001118619/7525260299200000000
86	96	13	13	-8756415001118619/7525260299200000000
86	97	11	11	1699212588412857457797/242313381634240000000000
86	97	13	13	1699212588412857457797/242313381634240000000000
86	104	5	13	3
86	104	9	13	3
86	105	5	13	-1539/1750
86	105	9	13	-1539/1750
86	106	5	13	1970487/10718750
86	106	9	13	1970487/10718750
86	107	5	13	-49364964/4689453125
86	107	9	13	-49364964/4689453125
86	108	5	13	-1036882311957/94375244140625
86	108	9	13	-1036882311957/94375244140625
86	109	5	13	1590990321265857/330313354492187500
86	109	9	13	1590990321265857/330313354492187500
87	50	19	19	2
87	51	16	16	-1431/1295
87	52	16	16	7099731/11739175
87	53	16	16	-4983361623/15202231625
87	54	16	16	79647175335492/452798468950625
87	55	16	16	-109547420401297467/1172748034582118750
87	68	8	9	16
87	69	8	9	324/35
87	70	8	9	363771/68600
87	71	8	9	28874961/9604000
87	72	8	9	59610142647/35342720000
87	73	8	9	32411985530229/34635865600000
87	98	4	4	6
87	98	14	14	6
87	99	4	4	-10449/3185
87	99	13	13	-10449/3185
87	100	4	4	17983701/10144225
87	100	13	13	17983701/10144225
87	101	4	4	-30575926494/32309356625
87	101	13	13	-30575926494/32309356625
87	102	4	4	1180558820134818/2366821919564375
87	102	13	13	1180558820134818/2366821919564375
87	103	4	4	-3911312950758809199/15076655627625068750
87	103	13	13	-3911312950758809199/15076655627625068750
88	50	19	19	2
88	51	16	16	-432/1295
88	52	16	16	39366/1677025
88	53	16	16	14801616/2171747375
88	54	16	16	-155530460178/64685495564375
88	55	16	16	4407295482864/83767716755865625
88	68	9	18	16
88	69	9	16	216/35
88	70	9	16	729/350
88	71	9	16	19683/34300
88	72	9	16	229051071/2208920000
88	73	9	16	-760492071/154624400000
88	104	13	13	12
88	105	13	13	-4374/875
88	106	13	13	1430298/765625
88	107	13	13	-57395628/95703125
88	108	13	13	2005805011716/13482177734375
88	109	13	13	-29466814972851/1685272216796875
89	56	15	15	12
89	57	13	13	4212/2975
89	58	13	13	-17163576/61954375
89	59	13	13	-25338162096/184314265625
89	60	13	13	129266790509952/12611703625390625
89	61	13	13	104709988981649376/5359974040791015625
89	74	1	16	16
89	75	1	15	-14256/8785
89	76	1	15	-236056032/540233575
89	77	1	15	157884743808/949190391275
89	78	1	15	25424514703588608/958943322545350625
89	79	1	15	-30459855707724567168/1203473869794415034375
89	110	1	1	2
89	111	1	1	-891/2065
89	112	1	1	391473/29849575
89	113	1	1	1952514234/61639372375
89	114	1	1	-27054261494406/2927561990950625
89	115	1	1	-28448024223598947/12090831022626081250
90	56	2	2	3
90	56	2	15	6
90	56	4	4	3
90	56	4	15	6
90	57	2	2	1107/2975
90	57	2	13	-1782/2975
90	57	3	3	1107/2975
90	57	3	13	-1782/2975
90	58	2	2	-4101354/61954375
90	58	2	13	-10216692/61954375
90	58	3	3	-4101354/61954375
90	58	3	13	-10216692/61954375
90	59	2	2	-6650422056/184314265625
90	59	2	13	11303710704/184314265625
90	59	3	3	-6650422056/184314265625
90	59	3	13	11303710704/184314265625
90	60	2	2	23516499186288/12611703625390625
90	60	2	13	128763415263456/12611703625390625
90	60	3	3	23516499186288/12611703625390625
90	60	3	13	128763415263456/12611703625390625
90	61	2	2	191047042035259992/37519818285537109375
90	61	2	13	-50007649677636816/5359974040791015625
90	61	3	3	191047042035259992/37519818285537109375
90	61	3	13	-50007649677636816/5359974040791015625
90	74	1	1	2
90	74	1	2	4
90	75	1	1	2322/8785
90	75	1	2	-1188/1757
90	76	1	1	-22238388/540233575
90	76	1	2	-20472264/540233575
90	77	1	1	-121274521272/4745951956375
90	77	1	2	54918089424/949190391275
90	78	1	1	543052807285824/958943322545350625
90	78	1	2	-6679298985369984/958943322545350625
90	79	1	1	4289838288638777136/1203473869794415034375
90	79	1	2	-318037541806122336/48138954791776601375
90	80	1	7	3
90	80	1	12	3
90	81	1	7	-891/2240
90	81	1	10	-891/2240
90	82	1	7	-2078379/35123200
90	82	1	10	-2078379/35123200
90	83	1	7	590430951/15735193600
90	83	1	10	590430951/15735193600
90	84	1	7	2262333176739/4053385871360000
90	84	1	10	2262333176739/4053385871360000
90	85	1	7	-46265026345418331/9079584351846400000
90	85	1	10	-46265026345418331/9079584351846400000
91	56	2	8	1
91	56	2	12	1
91	56	2	15	1
91	56	2	16	1
91	56	4	9	1
91	56	4	13	1
91	56	4	15	1
91	56	4	17	1
91	56	8	15	1
91	56	9	15	1
91	56	12	15	1
91	56	13	15	1
91	57	2	6	207/1190
91	57	2	10	207/1190
91	57	2	13	243/850
91	57	2	14	-963/5950
91	57	3	7	207/1190
91	57	3	11	207/1190
91	57	3	13	243/850
91	57	3	15	-963/5950
91	57	6	13	-27/170
91	57	7	13	-27/170
91	57	10	13	-27/170
91	57	11	13	-27/170
91	58	2	6	-2673/708050
91	58	2	10	-2673/708050
91	58	2	13	120609/2528750
91	58	2	14	-138753/17701250
91	58	3	7	-2673/708050
91	58	3	11	-2673/708050
91	58	3	13	120609/2528750
91	58	3	15	-138753/17701250
91	58	6	13	-891/101150
91	58	7	13	-891/101150
91	58	10	13	-891/101150
91	58	11	13	-891/101150
91	59	2	6	-2632419/210644875
91	59	2	10	-2632419/210644875
91	59	2	13	-3129597/537359375
91	59	2	14	323478441/26330609375
91	59	3	7	-2632419/210644875
91	59	3	11	-2632419/210644875
91	59	3	13	-3129597/537359375
91	59	3	15	323478441/26330609375
91	59	6	13	52488/4298875
91	59	7	13	52488/4298875
91	59	10	13	52488/4298875
91	59	11	13	52488/4298875
91	60	2	6	-6026390037/2882675114375
91	60	2	10	-6026390037/2882675114375
91	60	2	13	-35911889379/5252687890625
91	60	2	14	-2684830726917/1801671946484375
91	60	3	7	-6026390037/2882675114375
91	60	3	11	-6026390037/2882675114375
91	60	3	13	-35911889379/5252687890625
91	60	3	15	-2684830726917/1801671946484375
91	60	6	13	-11278359/8404300625
91	60	7	13	-11278359/8404300625
91	60	10	13	-11278359/8404300625
91	60	11	13	-11278359/8404300625
91	61	2	6	336288247479/298294207487500
91	61	2	10	336288247479/298294207487500
91	61	2	13	-13458801252069/8929569414062500
91	61	2	14	-26492086028255733/21439896163164062500
91	61	3	7	336288247479/298294207487500
91	61	3	11	336288247479/298294207487500
91	61	3	13	-13458801252069/8929569414062500
91	61	3	15	-26492086028255733/21439896163164062500
91	61	6	13	-3592009719/2857462212500
91	61	7	13	-3592009719/2857462212500
91	61	10	13	-3592009719/2857462212500
91	61	11	13	-3592009719/2857462212500
91	62	4	4	1
91	62	4	15	2
91	62	6	6	1
91	62	6	12	2
91	63	3	3	9/91
91	63	3	13	-342/2275
91	63	5	5	9/91
91	63	5	11	-342/2275
91	64	3	3	-5346/207025
91	64	3	13	-310068/5175625
91	64	5	5	-5346/207025
91	64	5	11	-310068/5175625
91	65	3	3	-180792/18839275
91	65	3	13	179065728/11774546875
91	65	5	5	-180792/18839275
91	65	5	11	179065728/11774546875
91	66	3	3	1457381808/985765064375
91	66	3	13	2830754052576/616103165234375
91	66	5	5	1457381808/985765064375
91	66	5	11	2830754052576/616103165234375
91	67	3	3	24796328472/17940924171625
91	67	3	13	-3241092631162896/1401634700908203125
91	67	5	5	24796328472/17940924171625
91	67	5	11	-3241092631162896/1401634700908203125
91	74	1	4	2/3
91	74	1	5	2/3
91	74	1	6	2/3
91	74	1	7	2/3
91	74	1	10	2/3
91	74	1	11	2/3
91	75	1	3	153/1255
91	75	1	4	-99/1255
91	75	1	5	153/1255
91	75	1	6	-99/1255
91	75	1	9	153/1255
91	75	1	10	-99/1255
91	76	1	3	-8343/11025175
91	76	1	4	-151227/11025175
91	76	1	5	-8343/11025175
91	76	1	6	-151227/11025175
91	76	1	9	-8343/11025175
91	76	1	10	-151227/11025175
91	77	1	3	-118563831/13836594625
91	77	1	4	97936047/13836594625
91	77	1	5	-118563831/13836594625
91	77	1	6	97936047/13836594625
91	77	1	9	-118563831/13836594625
91	77	1	10	97936047/13836594625
91	78	1	3	-677528462196/399393303850625
91	78	1	4	150711707484/399393303850625
91	78	1	5	-677528462196/399393303850625
91	78	1	6	150711707484/399393303850625
91	78	1	9	-677528462196/399393303850625
91	78	1	10	150711707484/399393303850625
91	79	1	3	724597494138261/1002477192665068750
91	79	1	4	-927457548769323/1002477192665068750
91	79	1	5	724597494138261/1002477192665068750
91	79	1	6	-927457548769323/1002477192665068750
91	79	1	9	724597494138261/1002477192665068750
91	79	1	10	-927457548769323/1002477192665068750
91	80	1	8	1/2
91	80	1	15	1/2
91	80	1	17	1/2
91	80	1	18	1/2
91	81	1	8	-297/8960
91	81	1	12	-297/8960
91	81	1	14	-297/8960
91	81	1	15	-297/8960
91	82	1	8	-592191/40140800
91	82	1	12	-592191/40140800
91	82	1	14	-592191/40140800
91	82	1	15	-592191/40140800
91	83	1	8	580038327/179830784000
91	83	1	12	580038327/179830784000
91	83	1	14	580038327/179830784000
91	83	1	15	580038327/179830784000
91	84	1	8	21062039419863/18529763983360000
91	84	1	12	21062039419863/18529763983360000
91	84	1	14	21062039419863/18529763983360000
91	84	1	15	21062039419863/18529763983360000
91	85	1	8	-39264102882772911/83013342645452800000
91	85	1	12	-39264102882772911/83013342645452800000
91	85	1	14	-39264102882772911/83013342645452800000
91	85	1	15	-39264102882772911/83013342645452800000
91	86	1	7	2
91	86	1	11	2
91	87	1	7	-162/595
91	87	1	10	-162/595
91	88	1	7	-144828/3894275
91	88	1	10	-144828/3894275
91	89	1	7	58576608/2317093625
91	89	1	10	58576608/2317093625
91	90	1	7	-6411304224/348803688839375
91	90	1	10	-6411304224/348803688839375
91	91	1	7	-697378231373616/207538194859428125
91	91	1	10	-697378231373616/207538194859428125
91	92	1	2	2
91	93	1	2	-2673/8050
91	94	1	2	-2635821/129605000
91	95	1	2	59333439033/2086640500000
91	96	1	2	-106212947422959/33594912050000000
91	97	1	2	-1770569826707989593/540878084005000000000
92	56	8	8	1/2
92	56	8	15	1
92	56	9	9	1/2
92	56	9	15	1
92	56	12	12	1/2
92	56	12	15	1
92	56	13	13	1/2
92	56	13	15	1
92	56	15	16	1
92	56	15	17	1
92	57	6	6	18/595
92	57	6	13	27/119
92	57	7	7	18/595
92	57	7	13	27/119
92	57	10	10	18/595
92	57	10	13	27/119
92	57	11	11	18/595
92	57	11	13	27/119
92	57	13	14	-648/2975
92	57	13	15	-648/2975
92	58	6	6	-72171/4956350
92	58	6	13	46332/2478175
92	58	7	7	-72171/4956350
92	58	7	13	46332/2478175
92	58	10	10	-72171/4956350
92	58	10	13	46332/2478175
92	58	11	11	-72171/4956350
92	58	11	13	46332/2478175
92	58	13	14	908253/61954375
92	58	13	15	908253/61954375
92	59	6	6	-4223826/1474514125
92	59	6	13	-3136158/294902825
92	59	7	7	-4223826/1474514125
92	59	7	13	-3136158/294902825
92	59	10	10	-4223826/1474514125
92	59	10	13	-3136158/294902825
92	59	11	11	-4223826/1474514125
92	59	11	13	-3136158/294902825
92	59	13	14	2043725256/184314265625
92	59	13	15	2043725256/184314265625
92	60	6	6	45144095553/40357451601250
92	60	6	13	-91450131084/20178725800625
92	60	7	7	45144095553/40357451601250
92	60	7	13	-91450131084/20178725800625
92	60	10	10	45144095553/40357451601250
92	60	10	13	-91450131084/20178725800625
92	60	11	11	45144095553/40357451601250
92	60	11	13	-91450131084/20178725800625
92	60	13	14	-52179389973999/12611703625390625
92	60	13	15	-52179389973999/12611703625390625
92	61	6	6	4915307374938/12006341851371875
92	61	6	13	7671882276/68607667722125
92	61	7	7	4915307374938/12006341851371875
92	61	7	13	7671882276/68607667722125
92	61	10	10	4915307374938/12006341851371875
92	61	10	13	7671882276/68607667722125
92	61	11	11	4915307374938/12006341851371875
92	61	11	13	7671882276/68607667722125
92	61	13	14	-1654008343674264/5359974040791015625
92	61	13	15	-1654008343674264/5359974040791015625
92	62	4	12	2
92	62	4	17	2
92	62	6	15	2
92	62	6	17	2
92	63	3	11	828/2275
92	63	3	15	-108/325
92	63	5	13	828/2275
92	63	5	15	-108/325
92	64	3	11	-85536/36229375
92	64	3	15	-484704/36229375
92	64	5	13	-85536/36229375
92	64	5	15	-484704/36229375
92	65	3	11	-2093058144/82421828125
92	65	3	15	294562656/11774546875
92	65	5	13	-2093058144/82421828125
92	65	5	15	294562656/11774546875
92	66	3	11	-21529159164288/4312722156640625
92	66	3	15	-14636586169728/4312722156640625
92	66	5	13	-21529159164288/4312722156640625
92	66	5	15	-14636586169728/4312722156640625
92	67	3	11	908032189614336/426584474189453125
92	67	3	15	-3448301168118528/1401634700908203125
92	67	5	13	908032189614336/426584474189453125
92	67	5	15	-3448301168118528/1401634700908203125
92	74	1	8	2/3
92	74	1	9	2/3
92	74	1	12	2/3
92	74	1	13	2/3
92	74	1	14	2/3
92	74	1	15	2/3
92	74	4	14	2/3
92	74	6	12	2/3
92	74	8	10	2/3
92	75	1	7	1368/8785
92	75	1	8	-396/8785
92	75	1	11	1368/8785
92	75	1	12	-396/8785
92	75	1	13	1368/8785
92	75	1	14	-396/8785
92	75	3	13	-261/8785
92	75	5	11	-261/8785
92	75	7	9	-261/8785
92	76	1	7	7654662/540233575
92	76	1	8	-10348722/540233575
92	76	1	11	7654662/540233575
92	76	1	12	-10348722/540233575
92	76	1	13	7654662/540233575
92	76	1	14	-10348722/540233575
92	76	3	13	-22560039/1080467150
92	76	5	11	-22560039/1080467150
92	76	7	9	-22560039/1080467150
92	77	1	7	-33521303736/4745951956375
92	77	1	8	20397545388/4745951956375
92	77	1	11	-33521303736/4745951956375
92	77	1	12	20397545388/4745951956375
92	77	1	13	-33521303736/4745951956375
92	77	1	14	20397545388/4745951956375
92	77	3	13	55233758817/18983807825500
92	77	5	11	55233758817/18983807825500
92	77	7	9	55233758817/18983807825500
92	78	1	7	-3124691666945946/958943322545350625
92	78	1	8	1371769454566134/958943322545350625
92	78	1	11	-3124691666945946/958943322545350625
92	78	1	12	1371769454566134/958943322545350625
92	78	1	13	-3124691666945946/958943322545350625
92	78	1	14	1371769454566134/958943322545350625
92	78	3	13	13530212424935667/7671546580362805000
92	78	5	11	13530212424935667/7671546580362805000
92	78	7	9	13530212424935667/7671546580362805000
92	79	1	7	-465294736769976/1203473869794415034375
92	79	1	8	-742694190429344868/1203473869794415034375
92	79	1	11	-465294736769976/1203473869794415034375
92	79	1	12	-742694190429344868/1203473869794415034375
92	79	1	13	-465294736769976/1203473869794415034375
92	79	1	14	-742694190429344868/1203473869794415034375
92	79	3	13	-58205259902887658541/134789073416974483850000
92	79	5	11	-58205259902887658541/134789073416974483850000
92	79	7	9	-58205259902887658541/134789073416974483850000
92	86	1	16	2
92	86	1	17	2
92	87	1	14	-108/595
92	87	1	15	-108/595
92	88	1	14	-1500768/27259925
92	88	1	15	-1500768/27259925
92	89	1	14	291623328/16219655375
92	89	1	15	291623328/16219655375
92	90	1	14	1258384263552/348803688839375
92	90	1	15	1258384263552/348803688839375
92	91	1	14	-3860349738455808/1452767364015996875
92	91	1	15	-3860349738455808/1452767364015996875
92	92	1	7	2
92	93	1	7	-297/1150
92	94	1	7	-35694513/907235000
92	95	1	7	49775689161/2086640500000
92	96	1	7	122406851765367/235164384350000000
92	97	1	7	-1719629389205412399/540878084005000000000
92	104	1	2	1
92	104	1	3	1
92	105	1	2	-297/1750
92	105	1	3	-297/1750
92	106	1	2	-179037/21437500
92	106	1	3	-179037/21437500
92	107	1	2	526294989/37515625000
92	107	1	3	526294989/37515625000
92	108	1	2	-55780513191/30816406250000
92	108	1	3	-55780513191/30816406250000
92	109	1	2	-4051619575237377/2642506835937500000
92	109	1	3	-4051619575237377/2642506835937500000
93	56	15	16	3
93	56	15	17	3
93	57	13	14	2997/5950
93	57	13	15	2997/5950
93	58	13	14	-2048247/123908750
93	58	13	15	-2048247/123908750
93	59	13	14	-13537829619/368628531250
93	59	13	15	-13537829619/368628531250
93	60	13	14	-67897151228682/12611703625390625
93	60	13	15	-67897151228682/12611703625390625
93	61	13	14	73961367966423207/21439896163164062500
93	61	13	15	73961367966423207/21439896163164062500
93	62	12	12	3
93	62	15	15	3
93	63	11	11	459/1625
93	63	13	13	459/1625
93	64	11	11	-71708814/905734375
93	64	13	13	-71708814/905734375
93	65	11	11	-40285231092/1471818359375
93	65	13	13	-40285231092/1471818359375
93	66	11	11	13002678882423648/2695451347900390625
93	66	13	13	13002678882423648/2695451347900390625
93	67	11	11	17291678188091956344/4380108440338134765625
93	67	13	13	17291678188091956344/4380108440338134765625
93	74	1	16	2
93	74	1	17	2
93	74	4	16	2
93	74	6	16	2
93	74	10	16	2
93	75	1	15	999/1757
93	75	1	16	-297/8785
93	75	3	15	-2781/8785
93	75	5	15	-2781/8785
93	75	9	15	-2781/8785
93	76	1	15	50332833/540233575
93	76	1	16	-36683523/540233575
93	76	3	15	-9923391/540233575
93	76	5	15	-9923391/540233575
93	76	9	15	-9923391/540233575
93	77	1	15	-11814012162/949190391275
93	77	1	16	16434202752/4745951956375
93	77	3	15	4666957398/189838078255
93	77	5	15	4666957398/189838078255
93	77	9	15	4666957398/189838078255
93	78	1	15	-13156230836139462/958943322545350625
93	78	1	16	6045502390311474/958943322545350625
93	78	3	15	-2508653706823494/958943322545350625
93	78	5	15	-2508653706823494/958943322545350625
93	78	9	15	-2508653706823494/958943322545350625
93	79	1	15	-278366305838951259/96277909583553202750
93	79	1	16	-1298404926690552747/2406947739588830068750
93	79	3	15	-43224547196214576117/16848634177121810481250
93	79	5	15	-43224547196214576117/16848634177121810481250
93	79	9	15	-43224547196214576117/16848634177121810481250
93	92	1	16	6
93	93	1	15	-2673/4025
93	94	1	15	-68348853/453617500
93	95	1	15	242113713633/3651620875000
93	96	1	15	433022500027989/58791096087500000
93	97	1	15	-659670784455678237/67609760500625000000
93	110	1	2	1/2
93	110	1	3	1/2
93	110	1	5	1/2
93	110	1	9	1/2
93	111	1	2	-297/3304
93	111	1	3	-297/3304
93	111	1	5	-297/3304
93	111	1	9	-297/3304
93	112	1	2	-977103/477593200
93	112	1	3	-977103/477593200
93	112	1	5	-977103/477593200
93	112	1	9	-977103/477593200
93	113	1	2	1363815387/197245991600
93	113	1	3	1363815387/197245991600
93	113	1	5	1363815387/197245991600
93	113	1	9	1363815387/197245991600
93	114	1	2	-111717598420611/93681983710420000
93	114	1	3	-111717598420611/93681983710420000
93	114	1	5	-111717598420611/93681983710420000
93	114	1	9	-111717598420611/93681983710420000
93	115	1	2	-5910382840599963/8843579262263648000
93	115	1	3	-5910382840599963/8843579262263648000
93	115	1	5	-5910382840599963/8843579262263648000
93	115	1	9	-5910382840599963/8843579262263648000
94	56	5	15	6
94	57	4	13	-891/2975
94	58	4	13	-12675123/61954375
94	59	4	13	5921847063/184314265625
94	60	4	13	236571851845116/12611703625390625
94	61	4	13	-55961267391671301/10719948081582031250
94	62	2	2	6
94	63	2	2	9234/11375
94	64	2	2	-108542268/905734375
94	65	2	2	-807332572152/10302728515625
94	66	2	2	2335116687397056/2695451347900390625
94	67	2	2	333410506546182171984/30660759082366943359375
94	74	1	2	4
94	74	2	2	2
94	75	1	2	7614/8785
94	75	2	2	-4239/8785
94	76	1	2	21124962/540233575
94	76	2	2	22728033/540233575
94	77	1	2	-10623859884/189838078255
94	77	2	2	122082665886/4745951956375
94	78	1	2	-17192336211393228/958943322545350625
94	78	2	2	-11141719579397286/958943322545350625
94	79	1	2	3835224326838208617/1203473869794415034375
94	79	2	2	-5491372843921904703/16848634177121810481250
94	80	2	7	3
94	80	3	12	3
94	80	5	12	3
94	80	7	11	3
94	81	2	7	-2673/8960
94	81	3	10	-2673/8960
94	81	5	10	-2673/8960
94	81	7	9	-2673/8960
94	82	2	7	-44774451/561971200
94	82	3	10	-44774451/561971200
94	82	5	10	-44774451/561971200
94	82	7	9	-44774451/561971200
94	83	2	7	29878144461/1007052390400
94	83	3	10	29878144461/1007052390400
94	83	5	10	29878144461/1007052390400
94	83	7	9	29878144461/1007052390400
94	84	2	7	4899477585802419/1037666783068160000
94	84	3	10	4899477585802419/1037666783068160000
94	84	5	10	4899477585802419/1037666783068160000
94	84	7	9	4899477585802419/1037666783068160000
94	85	2	7	-40735545781156485633/9297494376290713600000
94	85	3	10	-40735545781156485633/9297494376290713600000
94	85	5	10	-40735545781156485633/9297494376290713600000
94	85	7	9	-40735545781156485633/9297494376290713600000
95	56	5	15	2
95	56	10	15	2
95	56	14	15	2
95	57	4	13	1998/2975
95	57	8	13	-648/2975
95	57	12	13	-648/2975
95	58	4	13	10088874/61954375
95	58	8	13	-2413476/61954375
95	58	12	13	-2413476/61954375
95	59	4	13	2320271406/184314265625
95	59	8	13	3298240944/184314265625
95	59	12	13	3298240944/184314265625
95	60	4	13	-146233685352798/12611703625390625
95	60	8	13	15149082833352/12611703625390625
95	60	12	13	15149082833352/12611703625390625
95	61	4	13	-33017014530958446/5359974040791015625
95	61	8	13	-11528128150526304/5359974040791015625
95	61	12	13	-11528128150526304/5359974040791015625
95	62	2	11	4
95	63	2	10	7344/11375
95	64	2	10	-24393312/905734375
95	65	2	10	-480940405632/10302728515625
95	66	2	10	-16192342467069696/2695451347900390625
95	67	2	10	135765931923359161344/30660759082366943359375
95	68	2	2	2/3
95	68	3	3	2/3
95	68	5	5	2/3
95	69	2	2	11/140
95	69	3	3	11/140
95	69	5	5	11/140
95	70	2	2	-4227/274400
95	70	3	3	-4227/274400
95	70	5	5	-4227/274400
95	71	2	2	-586179/76832000
95	71	3	3	-586179/76832000
95	71	5	5	-586179/76832000
95	72	2	2	283293099/494798080000
95	72	3	3	283293099/494798080000
95	72	5	5	283293099/494798080000
95	73	2	2	150224240331/138543462400000
95	73	3	3	150224240331/138543462400000
95	73	5	5	150224240331/138543462400000
95	74	1	5	4/3
95	74	1	7	4/3
95	74	1	11	4/3
95	75	1	4	3132/8785
95	75	1	6	3132/8785
95	75	1	10	3132/8785
95	76	1	4	28566108/540233575
95	76	1	6	28566108/540233575
95	76	1	10	28566108/540233575
95	77	1	4	-40639175172/4745951956375
95	77	1	6	-40639175172/4745951956375
95	77	1	10	-40639175172/4745951956375
95	78	1	4	-7376903485189524/958943322545350625
95	78	1	6	-7376903485189524/958943322545350625
95	78	1	10	-7376903485189524/958943322545350625
95	79	1	4	-1616911517473500924/1203473869794415034375
95	79	1	6	-1616911517473500924/1203473869794415034375
95	79	1	10	-1616911517473500924/1203473869794415034375
95	80	2	8	1
95	80	3	15	1
95	80	5	17	1
95	80	11	18	1
95	81	2	8	-3483/17920
95	81	3	12	-3483/17920
95	81	5	14	-3483/17920
95	81	9	15	-3483/17920
95	82	2	8	14748399/2247884800
95	82	3	12	14748399/2247884800
95	82	5	14	14748399/2247884800
95	82	9	15	14748399/2247884800
95	83	2	8	437439893067/40282095616000
95	83	3	12	437439893067/40282095616000
95	83	5	14	437439893067/40282095616000
95	83	9	15	437439893067/40282095616000
95	84	2	8	-49464572355509103/16602668529090560000
95	84	3	12	-49464572355509103/16602668529090560000
95	84	5	14	-49464572355509103/16602668529090560000
95	84	9	15	-49464572355509103/16602668529090560000
95	85	2	8	-172340545636487741643/297519820041302835200000
95	85	3	12	-172340545636487741643/297519820041302835200000
95	85	5	14	-172340545636487741643/297519820041302835200000
95	85	9	15	-172340545636487741643/297519820041302835200000
95	86	5	11	4
95	86	7	10	4
95	87	5	10	-1296/4675
95	87	7	9	-1296/4675
95	88	5	10	-881121888/7496479375
95	88	7	9	-881121888/7496479375
95	89	5	10	949780017792/35046041078125
95	89	7	9	949780017792/35046041078125
95	90	5	10	1653933282131130624/184647952779344140625
95	90	7	9	1653933282131130624/184647952779344140625
95	91	5	10	-3443204278159369491456/863229179243433857421875
95	91	7	9	-3443204278159369491456/863229179243433857421875
95	92	2	2	2
95	93	2	2	-4239/8050
95	94	2	2	62739927/907235000
95	95	2	2	268531803207/14606483500000
95	96	2	2	-2981584635886233/235164384350000000
95	97	2	2	5476564646660644407/3786146588035000000000
96	56	10	15	2
96	56	14	15	2
96	56	15	18	2
96	57	8	13	1647/2975
96	57	12	13	1647/2975
96	57	13	16	-999/2975
96	58	8	13	5993109/61954375
96	58	12	13	5993109/61954375
96	58	13	16	-8019/61954375
96	59	8	13	-830858796/184314265625
96	59	12	13	-830858796/184314265625
96	59	13	16	3501526968/184314265625
96	60	8	13	-124401281282478/12611703625390625
96	60	12	13	-124401281282478/12611703625390625
96	60	13	16	-45341992358478/12611703625390625
96	61	8	13	-28752207391839483/10719948081582031250
96	61	12	13	-28752207391839483/10719948081582031250
96	61	13	16	-13547055165949269/10719948081582031250
96	62	11	11	2
96	63	10	10	54/1625
96	64	10	10	-53044956/905734375
96	65	10	10	-4323646512/1471818359375
96	66	10	10	12638286359605152/2695451347900390625
96	67	10	10	1729879804243625904/4380108440338134765625
96	68	2	10	4/3
96	68	3	12	4/3
96	68	5	15	4/3
96	69	2	10	17/70
96	69	3	11	17/70
96	69	5	13	17/70
96	70	2	10	-33/137200
96	70	3	11	-33/137200
96	70	5	13	-33/137200
96	71	2	10	-624087/38416000
96	71	3	11	-624087/38416000
96	71	5	13	-624087/38416000
96	72	2	10	-821844981/247399040000
96	72	3	11	-821844981/247399040000
96	72	5	13	-821844981/247399040000
96	73	2	10	12672122031/9895961600000
96	73	3	11	12672122031/9895961600000
96	73	5	13	12672122031/9895961600000
96	74	1	9	4/3
96	74	1	13	4/3
96	74	1	15	4/3
96	75	1	8	3726/8785
96	75	1	12	3726/8785
96	75	1	14	3726/8785
96	76	1	8	52209522/540233575
96	76	1	12	52209522/540233575
96	76	1	14	52209522/540233575
96	77	1	8	30337840926/4745951956375
96	77	1	12	30337840926/4745951956375
96	77	1	14	30337840926/4745951956375
96	78	1	8	-6305630510096424/958943322545350625
96	78	1	12	-6305630510096424/958943322545350625
96	78	1	14	-6305630510096424/958943322545350625
96	79	1	8	-166934367398655909/52324950860626740625
96	79	1	12	-166934367398655909/52324950860626740625
96	79	1	14	-166934367398655909/52324950860626740625
96	86	5	16	4
96	86	10	17	4
96	87	5	14	-26244/32725
96	87	9	15	-26244/32725
96	88	5	14	281038248/7496479375
96	88	9	15	281038248/7496479375
96	89	5	14	10284378207552/245322287546875
96	89	9	15	10284378207552/245322287546875
96	90	5	14	-2375113476456916416/184647952779344140625
96	90	9	15	-2375113476456916416/184647952779344140625
96	91	5	14	-10845176321560181706144/6042604254704037001953125
96	91	9	15	-10845176321560181706144/6042604254704037001953125
96	92	7	9	4
96	93	7	9	-486/4025
96	94	7	9	-27593379/226808750
96	95	7	9	20517342687/1825810437500
96	96	7	9	296016071703183/29395548043750000
96	97	7	9	-53696643654266847/33804880250312500000
96	104	2	2	1
96	104	3	3	1
96	105	2	2	-36/125
96	105	3	3	-36/125
96	106	2	2	1091637/21437500
96	106	3	3	1091637/21437500
96	107	2	2	2531817/669921875
96	107	3	3	2531817/669921875
96	108	2	2	-9434221456959/1510003906250000
96	108	3	3	-9434221456959/1510003906250000
96	109	2	2	76606689830931/47187622070312500
96	109	3	3	76606689830931/47187622070312500
97	56	15	18	6
97	57	13	16	3888/2975
97	58	13	16	7473708/61954375
97	59	13	16	-8327326176/184314265625
97	60	13	16	-263638156855464/12611703625390625
97	61	13	16	-3387092327649216/5359974040791015625
97	68	10	10	2
97	68	12	12	2
97	68	15	15	2
97	69	10	10	3/28
97	69	11	11	3/28
97	69	13	13	3/28
97	70	10	10	-16137/274400
97	70	11	11	-16137/274400
97	70	13	13	-16137/274400
97	71	10	10	-154683/15366400
97	71	11	11	-154683/15366400
97	71	13	13	-154683/15366400
97	72	10	10	2281627521/494798080000
97	72	11	11	2281627521/494798080000
97	72	13	13	2281627521/494798080000
97	73	10	10	1132176609/791676928000
97	73	11	11	1132176609/791676928000
97	73	13	13	1132176609/791676928000
97	74	1	17	4
97	75	1	16	2592/1757
97	76	1	16	233915688/540233575
97	77	1	16	73795188672/949190391275
97	78	1	16	-7871750612219376/958943322545350625
97	79	1	16	-618683469684776064/48138954791776601375
97	92	9	16	12
97	93	9	15	-9234/4025
97	94	9	15	8492121/113404375
97	95	9	15	113888337741/912905218750
97	96	9	15	-246447313306659/7348887010937500
97	97	9	15	-55054804291529697/8451220062578125000
97	110	2	2	1/2
97	110	3	3	1/2
97	110	5	5	1/2
97	110	9	9	1/2
97	111	2	2	-513/3304
97	111	3	3	-513/3304
97	111	5	5	-513/3304
97	111	9	9	-513/3304
97	112	2	2	31946967/955186400
97	112	3	3	31946967/955186400
97	112	5	5	31946967/955186400
97	112	9	9	31946967/955186400
97	113	2	2	-1914388263/1577967932800
97	113	3	3	-1914388263/1577967932800
97	113	5	5	-1914388263/1577967932800
97	113	9	9	-1914388263/1577967932800
97	114	2	2	-4048463670608799/1498911739366720000
97	114	3	3	-4048463670608799/1498911739366720000
97	114	5	5	-4048463670608799/1498911739366720000
97	114	9	9	-4048463670608799/1498911739366720000
97	115	2	2	79482074952037941/70748634098109184000
97	115	3	3	79482074952037941/70748634098109184000
97	115	5	5	79482074952037941/70748634098109184000
97	115	9	9	79482074952037941/70748634098109184000
98	56	2	16	4
98	56	4	17	4
98	57	2	14	2664/2975
98	57	3	15	2664/2975
98	58	2	14	4267728/61954375
98	58	3	15	4267728/61954375
98	59	2	14	-8015944032/184314265625
98	59	3	15	-8015944032/184314265625
98	60	2	14	-222760146534336/12611703625390625
98	60	3	15	-222760146534336/12611703625390625
98	61	2	14	28410852692271744/37519818285537109375
98	61	3	15	28410852692271744/37519818285537109375
98	62	12	15	8
98	63	11	13	-14832/11375
98	64	11	13	-56860704/905734375
98	65	11	13	1030011028416/10302728515625
98	66	11	13	-33113787793356672/2695451347900390625
98	67	11	13	-311145080696212614912/30660759082366943359375
98	74	4	4	4/3
98	74	6	6	4/3
98	74	10	10	4/3
98	75	3	3	162/1757
98	75	5	5	162/1757
98	75	9	9	162/1757
98	76	3	3	-20627379/540233575
98	76	5	5	-20627379/540233575
98	76	9	9	-20627379/540233575
98	77	3	3	-16711398441/1898380782550
98	77	5	5	-16711398441/1898380782550
98	77	9	9	-16711398441/1898380782550
98	78	3	3	10858374324546507/3835773290181402500
98	78	5	5	10858374324546507/3835773290181402500
98	78	9	9	10858374324546507/3835773290181402500
98	79	3	3	3410282060338615101/2695781468339489677000
98	79	5	5	3410282060338615101/2695781468339489677000
98	79	9	9	3410282060338615101/2695781468339489677000
98	80	1	19	2
98	82	1	16	-8991/137200
98	84	1	16	727542729/123699520000
98	92	1	10	8
98	93	1	10	-4752/4025
98	94	1	10	-13328064/113404375
98	95	1	10	47224083456/456452609375
98	96	1	10	-9526687893504/1837221752734375
98	97	1	10	-93831163642681344/7394817554755859375
99	56	2	4	24
99	57	2	3	-9504/2975
99	58	2	3	-4167936/8850625
99	59	2	3	1133180928/3761515625
99	60	2	3	7067609137152/1801671946484375
99	61	2	3	-31294386451316736/765710577255859375
99	80	1	1	6
99	81	1	1	81/112
99	82	1	1	-85293/627200
99	83	1	1	-9861183/140492800
99	84	1	1	82303736229/18095472640000
99	85	1	1	8063640917883/810677174272000
100	56	2	4	2
100	56	2	5	2
100	56	2	9	2
100	56	2	13	2
100	56	4	5	2
100	56	4	8	2
100	56	4	12	2
100	57	2	3	1503/2975
100	57	2	4	-1161/2975
100	57	2	7	-99/595
100	57	2	11	-99/595
100	57	3	4	-1161/2975
100	57	3	6	-99/595
100	57	3	10	-99/595
100	58	2	3	3551769/61954375
100	58	2	4	362961/61954375
100	58	2	7	-139887/2478175
100	58	2	11	-139887/2478175
100	58	3	4	362961/61954375
100	58	3	6	-139887/2478175
100	58	3	10	-139887/2478175
100	59	2	3	-3876053634/184314265625
100	59	2	4	4845180402/184314265625
100	59	2	7	24169266/1474514125
100	59	2	11	24169266/1474514125
100	59	3	4	4845180402/184314265625
100	59	3	6	24169266/1474514125
100	59	3	10	24169266/1474514125
100	60	2	3	-6580600764426/548334940234375
100	60	2	4	-500670684198/78333562890625
100	60	2	7	3459733398/877335904375
100	60	2	11	3459733398/877335904375
100	60	3	4	-500670684198/78333562890625
100	60	3	6	3459733398/877335904375
100	60	3	10	3459733398/877335904375
100	61	2	3	-2369766930114303/3262592894394531250
100	61	2	4	-6346939235679279/3262592894394531250
100	61	2	7	-2524367720061/1044029726206250
100	61	2	11	-2524367720061/1044029726206250
100	61	3	4	-6346939235679279/3262592894394531250
100	61	3	6	-2524367720061/1044029726206250
100	61	3	10	-2524367720061/1044029726206250
100	62	2	4	4
100	62	2	6	4
100	63	2	3	-1188/2275
100	63	2	5	-1188/2275
100	64	2	3	-2858328/36229375
100	64	2	5	-2858328/36229375
100	65	2	3	4013862336/82421828125
100	65	2	5	4013862336/82421828125
100	66	2	3	175136499648/187509658984375
100	66	2	5	175136499648/187509658984375
100	67	2	3	-2793017221939296/426584474189453125
100	67	2	5	-2793017221939296/426584474189453125
100	80	1	2	1
100	80	1	3	1
100	80	1	5	1
100	80	1	11	1
100	80	2	11	1
100	80	3	5	1
100	81	1	2	837/4480
100	81	1	3	837/4480
100	81	1	5	837/4480
100	81	1	9	837/4480
100	81	2	9	-1809/17920
100	81	3	5	-1809/17920
100	82	1	2	-14337/140492800
100	82	1	3	-14337/140492800
100	82	1	5	-14337/140492800
100	82	1	9	-14337/140492800
100	82	2	9	-55785753/2247884800
100	82	3	5	-55785753/2247884800
100	83	1	2	-8245267749/629407744000
100	83	1	3	-8245267749/629407744000
100	83	1	5	-8245267749/629407744000
100	83	1	9	-8245267749/629407744000
100	83	2	9	385628135337/40282095616000
100	83	3	5	385628135337/40282095616000
100	84	1	2	-7772554738953/2819746693120000
100	84	1	3	-7772554738953/2819746693120000
100	84	1	5	-7772554738953/2819746693120000
100	84	1	9	-7772554738953/2819746693120000
100	84	2	9	953027579518407/721855153438720000
100	84	3	5	953027579518407/721855153438720000
100	85	1	2	13649262765318099/12632465185177600000
100	85	1	3	13649262765318099/12632465185177600000
100	85	1	5	13649262765318099/12632465185177600000
100	85	1	9	13649262765318099/12632465185177600000
100	85	2	9	-17394832062291615543/12935644349621862400000
100	85	3	5	-17394832062291615543/12935644349621862400000
100	86	1	1	2
100	87	1	1	162/595
100	88	1	1	-98172/2478175
100	89	1	1	-38736144/1474514125
100	90	1	1	187067232/877335904375
100	91	1	1	1900254451824/522014863103125
101	56	2	9	1
101	56	2	10	1
101	56	2	13	1
101	56	2	14	1
101	56	4	8	1
101	56	4	10	1
101	56	4	12	1
101	56	4	14	1
101	56	8	9	1
101	56	12	13	1
101	57	2	7	36/119
101	57	2	8	-432/2975
101	57	2	11	36/119
101	57	2	12	-432/2975
101	57	3	6	36/119
101	57	3	8	-432/2975
101	57	3	10	36/119
101	57	3	12	-432/2975
101	57	6	7	-117/595
101	57	10	11	-117/595
101	58	2	7	21384/354025
101	58	2	8	-88776/8850625
101	58	2	11	21384/354025
101	58	2	12	-88776/8850625
101	58	3	6	21384/354025
101	58	3	8	-88776/8850625
101	58	3	10	21384/354025
101	58	3	12	-88776/8850625
101	58	6	7	2673/354025
101	58	10	11	2673/354025
101	59	2	7	-23328/42128975
101	59	2	8	39470976/3761515625
101	59	2	11	-23328/42128975
101	59	2	12	39470976/3761515625
101	59	3	6	-23328/42128975
101	59	3	8	39470976/3761515625
101	59	3	10	-23328/42128975
101	59	3	12	39470976/3761515625
101	59	6	7	2265003/210644875
101	59	10	11	2265003/210644875
101	60	2	7	-17465067072/2882675114375
101	60	2	8	-1513381465152/1801671946484375
101	60	2	11	-17465067072/2882675114375
101	60	2	12	-1513381465152/1801671946484375
101	60	3	6	-17465067072/2882675114375
101	60	3	8	-1513381465152/1801671946484375
101	60	3	10	-17465067072/2882675114375
101	60	3	12	-1513381465152/1801671946484375
101	60	6	7	-8854994601/2882675114375
101	60	10	11	-8854994601/2882675114375
101	61	2	7	-141989697792/68607667722125
101	61	2	8	-113476207371264/109387225322265625
101	61	2	11	-141989697792/68607667722125
101	61	2	12	-113476207371264/109387225322265625
101	61	3	6	-141989697792/68607667722125
101	61	3	8	-113476207371264/109387225322265625
101	61	3	10	-141989697792/68607667722125
101	61	3	12	-113476207371264/109387225322265625
101	61	6	7	-918725617251/1715191693053125
101	61	10	11	-918725617251/1715191693053125
101	62	4	5	2
101	62	4	11	2
101	62	6	7	2
101	62	6	11	2
101	63	3	4	-144/325
101	63	3	10	-216/2275
101	63	5	6	-144/325
101	63	5	10	-216/2275
101	64	3	4	171072/5175625
101	64	3	10	-313632/5175625
101	64	5	6	171072/5175625
101	64	5	10	-313632/5175625
101	65	3	4	36205056/1682078125
101	65	3	10	106655616/11774546875
101	65	5	6	36205056/1682078125
101	65	5	10	106655616/11774546875
101	66	3	4	-752454531072/88014737890625
101	66	3	10	3040450960896/616103165234375
101	66	5	6	-752454531072/88014737890625
101	66	5	10	3040450960896/616103165234375
101	67	3	4	-11978107600896/28604789814453125
101	67	3	10	-1834397330761728/1401634700908203125
101	67	5	6	-11978107600896/28604789814453125
101	67	5	10	-1834397330761728/1401634700908203125
101	68	2	3	2/3
101	68	2	5	2/3
101	68	3	5	2/3
101	69	2	3	-13/140
101	69	2	5	-13/140
101	69	3	5	-13/140
101	70	2	3	-453/39200
101	70	2	5	-453/39200
101	70	3	5	-453/39200
101	71	2	3	13221/1568000
101	71	2	5	13221/1568000
101	71	3	5	13221/1568000
101	72	2	3	-9583299/70685440000
101	72	2	5	-9583299/70685440000
101	72	3	5	-9583299/70685440000
101	73	2	3	-439992891/403916800000
101	73	2	5	-439992891/403916800000
101	73	3	5	-439992891/403916800000
101	80	1	4	1/2
101	80	1	6	1/2
101	80	1	14	1/2
101	80	1	16	1/2
101	81	1	4	81/640
101	81	1	6	81/640
101	81	1	11	81/640
101	81	1	13	81/640
101	82	1	4	165969/10035200
101	82	1	6	165969/10035200
101	82	1	11	165969/10035200
101	82	1	13	165969/10035200
101	83	1	4	-11750751/3211264000
101	83	1	6	-11750751/3211264000
101	83	1	11	-11750751/3211264000
101	83	1	13	-11750751/3211264000
101	84	1	4	-428400435951/165444321280000
101	84	1	6	-428400435951/165444321280000
101	84	1	11	-428400435951/165444321280000
101	84	1	13	-428400435951/165444321280000
101	85	1	4	-17399097207711/52942182809600000
101	85	1	6	-17399097207711/52942182809600000
101	85	1	11	-17399097207711/52942182809600000
101	85	1	13	-17399097207711/52942182809600000
101	86	1	5	2
101	86	1	10	2
101	86	2	10	2
101	86	3	5	2
101	87	1	5	216/595
101	87	1	9	216/595
101	87	2	9	-864/4675
101	87	3	5	-864/4675
101	88	1	5	-7776/3894275
101	88	1	9	-7776/3894275
101	88	2	9	-54416448/1070925625
101	88	3	5	-54416448/1070925625
101	89	1	5	-57946752/2317093625
101	89	1	9	-57946752/2317093625
101	89	2	9	86325543936/5006577296875
101	89	3	5	86325543936/5006577296875
101	90	1	5	-1722106925568/348803688839375
101	90	1	9	-1722106925568/348803688839375
101	90	2	9	11229716410288128/3768325566925390625
101	90	3	5	11229716410288128/3768325566925390625
101	91	1	5	428152406059008/207538194859428125
101	91	1	9	428152406059008/207538194859428125
101	91	2	9	-42181088481838596096/17616922025376201171875
101	91	3	5	-42181088481838596096/17616922025376201171875
102	56	2	5	2
102	56	2	17	2
102	56	4	5	2
102	56	4	16	2
102	57	2	4	162/425
102	57	2	15	-198/2975
102	57	3	4	162/425
102	57	3	14	-198/2975
102	58	2	4	135756/61954375
102	58	2	15	-4227876/61954375
102	58	3	4	135756/61954375
102	58	3	14	-4227876/61954375
102	59	2	4	-696148344/26330609375
102	59	2	15	1282847544/184314265625
102	59	3	4	-696148344/26330609375
102	59	3	14	1282847544/184314265625
102	60	2	4	-74635906603968/12611703625390625
102	60	2	15	79870029279552/12611703625390625
102	60	3	4	-74635906603968/12611703625390625
102	60	3	14	79870029279552/12611703625390625
102	61	2	4	11277635799025872/5359974040791015625
102	61	2	15	-41471719274014128/37519818285537109375
102	61	3	4	11277635799025872/5359974040791015625
102	61	3	14	-41471719274014128/37519818285537109375
102	62	2	12	4
102	62	2	15	4
102	63	2	11	-4752/11375
102	63	2	13	-4752/11375
102	64	2	11	-94002768/905734375
102	64	2	13	-94002768/905734375
102	65	2	11	428919758784/10302728515625
102	65	2	13	428919758784/10302728515625
102	66	2	11	15389933383531584/2695451347900390625
102	66	2	13	15389933383531584/2695451347900390625
102	67	2	11	-188300889822536232192/30660759082366943359375
102	67	2	13	-188300889822536232192/30660759082366943359375
102	74	2	4	4/3
102	74	2	6	4/3
102	74	2	10	4/3
102	75	2	3	-1584/8785
102	75	2	5	-1584/8785
102	75	2	9	-1584/8785
102	76	2	3	-12607164/540233575
102	76	2	5	-12607164/540233575
102	76	2	9	-12607164/540233575
102	77	2	3	15245979408/949190391275
102	77	2	5	15245979408/949190391275
102	77	2	9	15245979408/949190391275
102	78	2	3	-107399129226516/958943322545350625
102	78	2	5	-107399129226516/958943322545350625
102	78	2	9	-107399129226516/958943322545350625
102	79	2	3	-17213276333413703664/8424317088560905240625
102	79	2	5	-17213276333413703664/8424317088560905240625
102	79	2	9	-17213276333413703664/8424317088560905240625
102	80	1	7	1
102	80	1	12	1
102	80	2	2	1/2
102	80	2	12	1
102	80	3	3	1/2
102	80	3	7	1
102	80	5	5	1/2
102	80	5	7	1
102	80	11	11	1/2
102	80	11	12	1
102	81	1	7	81/320
102	81	1	10	81/320
102	81	2	2	1647/35840
102	81	2	10	-351/1792
102	81	3	3	1647/35840
102	81	3	7	-351/1792
102	81	5	5	1647/35840
102	81	5	7	-351/1792
102	81	9	9	1647/35840
102	81	9	10	-351/1792
102	82	1	7	1017927/35123200
102	82	1	10	1017927/35123200
102	82	2	2	-59891481/4495769600
102	82	2	10	1840239/561971200
102	82	3	3	-59891481/4495769600
102	82	3	7	1840239/561971200
102	82	5	5	-59891481/4495769600
102	82	5	7	1840239/561971200
102	82	9	9	-59891481/4495769600
102	82	9	10	1840239/561971200
102	83	1	7	-23442453/2247884800
102	83	1	10	-23442453/2247884800
102	83	2	2	-358471145943/80564191232000
102	83	2	10	13197471183/1007052390400
102	83	3	3	-358471145943/80564191232000
102	83	3	7	13197471183/1007052390400
102	83	5	5	-358471145943/80564191232000
102	83	5	7	13197471183/1007052390400
102	83	9	9	-358471145943/80564191232000
102	83	9	10	13197471183/1007052390400
102	84	1	7	-24368678076447/4053385871360000
102	84	1	10	-24368678076447/4053385871360000
102	84	2	2	27654957301128417/33205337058181120000
102	84	2	10	-3354611554521711/1037666783068160000
102	84	3	3	27654957301128417/33205337058181120000
102	84	3	7	-3354611554521711/1037666783068160000
102	84	5	5	27654957301128417/33205337058181120000
102	84	5	7	-3354611554521711/1037666783068160000
102	84	9	9	27654957301128417/33205337058181120000
102	84	9	10	-3354611554521711/1037666783068160000
102	85	1	7	-497058722471439/1297083478835200000
102	85	1	10	-497058722471439/1297083478835200000
102	85	2	2	382041793906992389007/595039640082605670400000
102	85	2	10	-355003755564716739/371899775051628544000
102	85	3	3	382041793906992389007/595039640082605670400000
102	85	3	7	-355003755564716739/371899775051628544000
102	85	5	5	382041793906992389007/595039640082605670400000
102	85	5	7	-355003755564716739/371899775051628544000
102	85	9	9	382041793906992389007/595039640082605670400000
102	85	9	10	-355003755564716739/371899775051628544000
102	92	1	1	2
102	93	1	1	2349/8050
102	94	1	1	-32243913/907235000
102	95	1	1	-408681258597/14606483500000
102	96	1	1	-167841180934713/235164384350000000
102	97	1	1	14397186194129716443/3786146588035000000000
103	56	2	10	1
103	56	2	14	1
103	56	2	17	1
103	56	2	18	1
103	56	4	10	1
103	56	4	14	1
103	56	4	16	1
103	56	4	18	1
103	57	2	8	1431/5950
103	57	2	12	1431/5950
103	57	2	15	2097/5950
103	57	2	16	-81/850
103	57	3	8	1431/5950
103	57	3	12	1431/5950
103	57	3	14	2097/5950
103	57	3	16	-81/850
103	58	2	8	10287/361250
103	58	2	12	10287/361250
103	58	2	15	34263/361250
103	58	2	16	-359073/17701250
103	58	3	8	10287/361250
103	58	3	12	10287/361250
103	58	3	14	34263/361250
103	58	3	16	-359073/17701250
103	59	2	8	-191600883/26330609375
103	59	2	12	-191600883/26330609375
103	59	2	15	335127861/26330609375
103	59	2	16	28323837/3761515625
103	59	3	8	-191600883/26330609375
103	59	3	12	-191600883/26330609375
103	59	3	14	335127861/26330609375
103	59	3	16	28323837/3761515625
103	60	2	8	-8078253537717/1801671946484375
103	60	2	12	-8078253537717/1801671946484375
103	60	2	15	-7377870461877/1801671946484375
103	60	2	16	217377142749/257381706640625
103	60	3	8	-8078253537717/1801671946484375
103	60	3	12	-8078253537717/1801671946484375
103	60	3	14	-7377870461877/1801671946484375
103	60	3	16	217377142749/257381706640625
103	61	2	8	-9434073223492119/21439896163164062500
103	61	2	12	-9434073223492119/21439896163164062500
103	61	2	15	-69796139174938233/21439896163164062500
103	61	2	16	-384704991831033/437548901289062500
103	61	3	8	-9434073223492119/21439896163164062500
103	61	3	12	-9434073223492119/21439896163164062500
103	61	3	14	-69796139174938233/21439896163164062500
103	61	3	16	-384704991831033/437548901289062500
103	62	11	12	2
103	62	11	15	2
103	63	10	11	-4374/11375
103	63	10	13	-4374/11375
103	64	10	11	1615788/129390625
103	64	10	13	1615788/129390625
103	65	10	11	31240227744/1471818359375
103	65	10	13	31240227744/1471818359375
103	66	10	11	-2204207966221344/385064478271484375
103	66	10	13	-2204207966221344/385064478271484375
103	67	10	11	-4945415018895664272/4380108440338134765625
103	67	10	13	-4945415018895664272/4380108440338134765625
103	68	2	12	2/3
103	68	2	15	2/3
103	68	3	10	2/3
103	68	3	15	2/3
103	68	5	10	2/3
103	68	5	12	2/3
103	69	2	11	-1/20
103	69	2	13	-1/20
103	69	3	10	-1/20
103	69	3	13	-1/20
103	69	5	10	-1/20
103	69	5	11	-1/20
103	70	2	11	-759/39200
103	70	2	13	-759/39200
103	70	3	10	-759/39200
103	70	3	13	-759/39200
103	70	5	10	-759/39200
103	70	5	11	-759/39200
103	71	2	11	7713/1568000
103	71	2	13	7713/1568000
103	71	3	10	7713/1568000
103	71	3	13	7713/1568000
103	71	5	10	7713/1568000
103	71	5	11	7713/1568000
103	72	2	11	14498811/10097920000
103	72	2	13	14498811/10097920000
103	72	3	10	14498811/10097920000
103	72	3	13	14498811/10097920000
103	72	5	10	14498811/10097920000
103	72	5	11	14498811/10097920000
103	73	2	11	-293693769/403916800000
103	73	2	13	-293693769/403916800000
103	73	3	10	-293693769/403916800000
103	73	3	13	-293693769/403916800000
103	73	5	10	-293693769/403916800000
103	73	5	11	-293693769/403916800000
103	74	4	5	2/3
103	74	6	7	2/3
103	74	10	11	2/3
103	75	3	4	-1458/8785
103	75	5	6	-1458/8785
103	75	9	10	-1458/8785
103	76	3	4	472473/22050350
103	76	5	6	472473/22050350
103	76	9	10	472473/22050350
103	77	3	4	6195007737/1355986273250
103	77	5	6	6195007737/1355986273250
103	77	9	10	6195007737/1355986273250
103	78	3	4	-3517856496577683/1095935225766115000
103	78	5	6	-3517856496577683/1095935225766115000
103	78	9	10	-3517856496577683/1095935225766115000
103	79	3	4	3928494772827730053/9627790958355320275000
103	79	5	6	3928494772827730053/9627790958355320275000
103	79	9	10	3928494772827730053/9627790958355320275000
103	80	1	8	1/2
103	80	1	15	1/2
103	80	1	17	1/2
103	80	1	18	1/2
103	81	1	8	1431/8960
103	81	1	12	1431/8960
103	81	1	14	1431/8960
103	81	1	15	1431/8960
103	82	1	8	1460673/40140800
103	82	1	12	1460673/40140800
103	82	1	14	1460673/40140800
103	82	1	15	1460673/40140800
103	83	1	8	409977207/179830784000
103	83	1	12	409977207/179830784000
103	83	1	14	409977207/179830784000
103	83	1	15	409977207/179830784000
103	84	1	8	-974386976121/378158448640000
103	84	1	12	-974386976121/378158448640000
103	84	1	14	-974386976121/378158448640000
103	84	1	15	-974386976121/378158448640000
103	85	1	8	-102304194790212207/83013342645452800000
103	85	1	12	-102304194790212207/83013342645452800000
103	85	1	14	-102304194790212207/83013342645452800000
103	85	1	15	-102304194790212207/83013342645452800000
103	86	5	5	1
103	86	5	7	2
103	86	10	10	1
103	86	10	11	2
103	87	5	5	1647/32725
103	87	5	7	-14634/32725
103	87	9	9	1647/32725
103	87	9	10	-14634/32725
103	88	5	5	-31595346/1070925625
103	88	5	7	38461068/1070925625
103	88	9	9	-31595346/1070925625
103	88	9	10	38461068/1070925625
103	89	5	5	-165047938632/35046041078125
103	89	5	7	722705592384/35046041078125
103	89	9	9	-165047938632/35046041078125
103	89	9	10	722705592384/35046041078125
103	90	5	5	8782807469233104/3768325566925390625
103	90	5	7	-32399456698114272/3768325566925390625
103	90	9	9	8782807469233104/3768325566925390625
103	90	9	10	-32399456698114272/3768325566925390625
103	91	5	5	575677184279418987336/863229179243433857421875
103	91	5	7	-208237116818409964272/863229179243433857421875
103	91	9	9	575677184279418987336/863229179243433857421875
103	91	9	10	-208237116818409964272/863229179243433857421875
103	92	1	9	2
103	92	2	9	2
103	93	1	9	189/575
103	93	2	9	-108/575
103	94	1	9	-719037/64802500
103	94	2	9	-3076623/64802500
103	95	1	9	-247277529/10646125000
103	95	2	9	310932351/18630718750
103	96	1	9	-3943309757553/1199818287500000
103	96	2	9	3019800285567/1199818287500000
103	97	1	9	418113953768529/197113004375000000
103	97	2	9	-759605887286649/344947757656250000
104	56	2	18	4
104	56	4	18	4
104	57	2	16	3456/2975
104	57	3	16	3456/2975
104	58	2	16	14512608/61954375
104	58	3	16	14512608/61954375
104	59	2	16	1498217472/184314265625
104	59	3	16	1498217472/184314265625
104	60	2	16	-207476365268736/12611703625390625
104	60	3	16	-207476365268736/12611703625390625
104	61	2	16	-4917233750777856/765710577255859375
104	61	3	16	-4917233750777856/765710577255859375
104	68	10	12	8/3
104	68	10	15	8/3
104	68	12	15	8/3
104	69	10	11	-19/35
104	69	10	13	-19/35
104	69	11	13	-19/35
104	70	10	11	2013/68600
104	70	10	13	2013/68600
104	70	11	13	2013/68600
104	71	10	11	520011/19208000
104	71	10	13	520011/19208000
104	71	11	13	520011/19208000
104	72	10	11	-1092903381/123699520000
104	72	10	13	-1092903381/123699520000
104	72	11	13	-1092903381/123699520000
104	73	10	11	-4812919317/4947980800000
104	73	10	13	-4812919317/4947980800000
104	73	11	13	-4812919317/4947980800000
104	80	1	19	2
104	81	1	16	27/35
104	82	1	16	33777/137200
104	83	1	16	531441/9604000
104	84	1	16	251371593/123699520000
104	85	1	16	-47030934177/8658966400000
104	92	9	9	4
104	92	9	10	8
104	93	9	9	54/4025
104	93	9	10	-8208/4025
104	94	9	9	-12961377/113404375
104	94	9	10	33016896/113404375
104	95	9	9	-1050147099/912905218750
104	95	9	10	19339098624/456452609375
104	96	9	9	65733133219767/7348887010937500
104	96	9	10	-68844006549504/1837221752734375
104	97	9	9	1268439566773707/8451220062578125000
104	97	9	10	972822528608256/150914643974609375
105	56	8	12	5
105	56	9	13	5
105	57	6	10	-45/68
105	57	7	11	-45/68
105	58	6	10	-57915/793016
105	58	7	11	-57915/793016
105	59	6	10	703485/13481272
105	59	7	11	703485/13481272
105	60	6	10	-627330015/516575380496
105	60	7	11	-627330015/516575380496
105	61	6	10	-409710600765/70254251747456
105	61	7	11	-409710600765/70254251747456
105	62	4	6	10
105	63	3	5	207/91
105	64	3	5	52569/289835
105	65	3	5	-14721426/131874925
105	66	3	5	-64346338278/1380071090125
105	67	3	5	93881827953/54602812696250
105	86	1	4	10
105	87	1	4	-135/119
105	88	1	4	-241785/1090397
105	89	1	4	13581270/129757243
105	90	1	4	32168123730/3906601315001
105	91	1	4	-13158210782295/929771112970238
106	56	8	12	1
106	56	8	16	1
106	56	9	13	1
106	56	9	17	1
106	56	12	16	1
106	56	13	17	1
106	57	6	10	603/2380
106	57	6	14	-117/476
106	57	7	11	603/2380
106	57	7	15	-117/476
106	57	10	14	-117/476
106	57	11	15	-117/476
106	58	6	10	97119/2832200
106	58	6	14	86427/2832200
106	58	7	11	97119/2832200
106	58	7	15	86427/2832200
106	58	10	14	86427/2832200
106	58	11	15	86427/2832200
106	59	6	10	-10891989/1685159000
106	59	6	14	303264/42128975
106	59	7	11	-10891989/1685159000
106	59	7	15	303264/42128975
106	59	10	14	303264/42128975
106	59	11	15	303264/42128975
106	60	6	10	-32594542803/6588971690000
106	60	6	14	-218620504737/46122801830000
106	60	7	11	-32594542803/6588971690000
106	60	7	15	-218620504737/46122801830000
106	60	10	14	-218620504737/46122801830000
106	60	11	15	-218620504737/46122801830000
106	61	6	10	-157336662976947/219544536710800000
106	61	6	14	4684434937533/8781781468432000
106	61	7	11	-157336662976947/219544536710800000
106	61	7	15	4684434937533/8781781468432000
106	61	10	14	4684434937533/8781781468432000
106	61	11	15	4684434937533/8781781468432000
106	62	4	8	2
106	62	4	15	2
106	62	6	8	2
106	62	6	12	2
106	62	8	12	2
106	62	8	15	2
106	63	3	7	621/2275
106	63	3	13	1413/2275
106	63	5	7	621/2275
106	63	5	11	1413/2275
106	63	7	11	-2781/11375
106	63	7	13	-2781/11375
106	64	3	7	-2673/105625
106	64	3	13	674487/5175625
106	64	5	7	-2673/105625
106	64	5	11	674487/5175625
106	64	7	11	-4227957/129390625
106	64	7	13	-4227957/129390625
106	65	3	7	-241746606/11774546875
106	65	3	13	18999198/11774546875
106	65	5	7	-241746606/11774546875
106	65	5	11	18999198/11774546875
106	65	7	11	28390995396/1471818359375
106	65	7	13	28390995396/1471818359375
106	66	3	7	-577821981834/616103165234375
106	66	3	13	-7540510546314/616103165234375
106	66	5	7	-577821981834/616103165234375
106	66	5	11	-7540510546314/616103165234375
106	66	7	11	76193485891326/385064478271484375
106	66	7	13	76193485891326/385064478271484375
106	67	3	7	263536871109597/121881278339843750
106	67	3	13	-12998464325848917/2803269401816406250
106	67	5	7	263536871109597/121881278339843750
106	67	5	11	-12998464325848917/2803269401816406250
106	67	7	11	-19168839893119431231/8760216880676269531250
106	67	7	13	-19168839893119431231/8760216880676269531250
106	74	4	6	2/3
106	74	4	10	2/3
106	74	6	10	2/3
106	75	3	5	3069/17570
106	75	3	9	3069/17570
106	75	5	9	3069/17570
106	76	3	5	7876359/308704900
106	76	3	9	7876359/308704900
106	76	5	9	7876359/308704900
106	77	3	5	-21301342821/5423945093000
106	77	3	9	-21301342821/5423945093000
106	77	5	9	-21301342821/5423945093000
106	78	3	5	-1925908179039027/547967612883057500
106	78	3	9	-1925908179039027/547967612883057500
106	78	5	9	-1925908179039027/547967612883057500
106	79	3	5	-47126780397796150161/77022327666842562200000
106	79	3	9	-47126780397796150161/77022327666842562200000
106	79	5	9	-47126780397796150161/77022327666842562200000
106	86	1	8	2
106	86	1	14	2
106	87	1	8	-81/595
106	87	1	12	-81/595
106	88	1	8	-217971/3894275
106	88	1	12	-217971/3894275
106	89	1	8	29406402/2317093625
106	89	1	12	29406402/2317093625
106	90	1	8	1415557939302/348803688839375
106	90	1	12	1415557939302/348803688839375
106	91	1	8	-739244396050191/415076389718856250
106	91	1	12	-739244396050191/415076389718856250
106	92	1	4	2
106	92	1	6	2
106	93	1	4	-891/4025
106	93	1	6	-891/4025
106	94	1	4	-10835127/259210000
106	94	1	6	-10835127/259210000
106	95	1	4	5754266001/298091500000
106	95	1	6	5754266001/298091500000
106	96	1	4	194476672235529/134379648200000000
106	96	1	6	194476672235529/134379648200000000
106	97	1	4	-54442728733891311/22076656490000000000
106	97	1	6	-54442728733891311/22076656490000000000
106	98	1	6	1/2
106	98	1	7	1/2
106	98	1	11	1/2
106	98	1	12	1/2
106	99	1	6	-891/12740
106	99	1	7	-891/12740
106	99	1	10	-891/12740
106	99	1	11	-891/12740
106	100	1	6	-358587/40576900
106	100	1	7	-358587/40576900
106	100	1	10	-358587/40576900
106	100	1	11	-358587/40576900
106	101	1	6	832925511/129237426500
106	101	1	7	832925511/129237426500
106	101	1	10	832925511/129237426500
106	101	1	11	832925511/129237426500
106	102	1	6	-225053985141/2366821919564375
106	102	1	7	-225053985141/2366821919564375
106	102	1	10	-225053985141/2366821919564375
106	102	1	11	-225053985141/2366821919564375
106	103	1	6	-50990108745650481/60306622510500275000
106	103	1	7	-50990108745650481/60306622510500275000
106	103	1	10	-50990108745650481/60306622510500275000
106	103	1	11	-50990108745650481/60306622510500275000
107	56	8	16	1
107	56	9	17	1
107	56	12	16	1
107	56	13	17	1
107	57	6	14	333/2380
107	57	7	15	333/2380
107	57	10	14	333/2380
107	57	11	15	333/2380
107	58	6	14	-34749/2832200
107	58	7	15	-34749/2832200
107	58	10	14	-34749/2832200
107	58	11	15	-34749/2832200
107	59	6	14	-2238759/210644875
107	59	7	15	-2238759/210644875
107	59	10	14	-2238759/210644875
107	59	11	15	-2238759/210644875
107	60	6	14	-26725111569/46122801830000
107	60	7	15	-26725111569/46122801830000
107	60	10	14	-26725111569/46122801830000
107	60	11	15	-26725111569/46122801830000
107	61	6	14	246922607919303/219544536710800000
107	61	7	15	246922607919303/219544536710800000
107	61	10	14	246922607919303/219544536710800000
107	61	11	15	246922607919303/219544536710800000
107	62	4	17	2
107	62	6	17	2
107	62	12	15	2
107	62	12	17	2
107	62	15	17	2
107	63	3	15	999/2275
107	63	5	15	999/2275
107	63	11	13	5067/11375
107	63	11	15	-4779/11375
107	63	13	15	-4779/11375
107	64	3	15	154143/5175625
107	64	5	15	154143/5175625
107	64	11	13	4215807/129390625
107	64	11	15	2797983/129390625
107	64	13	15	2797983/129390625
107	65	3	15	-267518214/11774546875
107	65	5	15	-267518214/11774546875
107	65	11	13	-33004076778/1471818359375
107	65	11	15	4930867062/210259765625
107	65	13	15	4930867062/210259765625
107	66	3	15	-5264092339434/616103165234375
107	66	5	15	-5264092339434/616103165234375
107	66	11	13	-485728504428582/55009211181640625
107	66	11	15	-2952169882527114/385064478271484375
107	66	13	15	-2952169882527114/385064478271484375
107	67	3	15	1802999478148569/2803269401816406250
107	67	5	15	1802999478148569/2803269401816406250
107	67	11	13	4430101775225869917/8760216880676269531250
107	67	11	15	-1286591215572951867/1251459554382324218750
107	67	13	15	-1286591215572951867/1251459554382324218750
107	74	4	8	2/3
107	74	4	12	2/3
107	74	6	8	2/3
107	74	6	14	2/3
107	74	8	12	2/3
107	74	8	14	2/3
107	74	10	12	2/3
107	74	10	14	2/3
107	74	12	14	2/3
107	75	3	7	1737/17570
107	75	3	11	1737/17570
107	75	5	7	1737/17570
107	75	5	13	1737/17570
107	75	7	11	-1521/17570
107	75	7	13	-1521/17570
107	75	9	11	1737/17570
107	75	9	13	1737/17570
107	75	11	13	-1521/17570
107	76	3	7	-2132649/308704900
107	76	3	11	-2132649/308704900
107	76	5	7	-2132649/308704900
107	76	5	13	-2132649/308704900
107	76	7	11	-455463/44100700
107	76	7	13	-455463/44100700
107	76	9	11	-2132649/308704900
107	76	9	13	-2132649/308704900
107	76	11	13	-455463/44100700
107	77	3	7	-40253552397/5423945093000
107	77	3	11	-40253552397/5423945093000
107	77	5	7	-40253552397/5423945093000
107	77	5	13	-40253552397/5423945093000
107	77	7	11	37656262449/5423945093000
107	77	7	13	37656262449/5423945093000
107	77	9	11	-40253552397/5423945093000
107	77	9	13	-40253552397/5423945093000
107	77	11	13	37656262449/5423945093000
107	78	3	7	-335389938762087/547967612883057500
107	78	3	11	-335389938762087/547967612883057500
107	78	5	7	-335389938762087/547967612883057500
107	78	5	13	-335389938762087/547967612883057500
107	78	7	11	-44460800647587/547967612883057500
107	78	7	13	-44460800647587/547967612883057500
107	78	9	11	-335389938762087/547967612883057500
107	78	9	13	-335389938762087/547967612883057500
107	78	11	13	-44460800647587/547967612883057500
107	79	3	7	58666911979384252827/77022327666842562200000
107	79	3	11	58666911979384252827/77022327666842562200000
107	79	5	7	58666911979384252827/77022327666842562200000
107	79	5	13	58666911979384252827/77022327666842562200000
107	79	7	11	-61107423116636330811/77022327666842562200000
107	79	7	13	-61107423116636330811/77022327666842562200000
107	79	9	11	58666911979384252827/77022327666842562200000
107	79	9	13	58666911979384252827/77022327666842562200000
107	79	11	13	-61107423116636330811/77022327666842562200000
107	86	1	18	2
107	87	1	16	-27/595
107	88	1	16	-266571/3894275
107	89	1	16	10904382/2317093625
107	90	1	16	2231562211398/348803688839375
107	91	1	16	-307978114551237/415076389718856250
107	92	1	13	2
107	92	1	15	2
107	93	1	12	-297/1610
107	93	1	14	-297/1610
107	94	1	12	-555741/10368400
107	94	1	14	-555741/10368400
107	95	1	12	599957523/33386248000
107	95	1	14	599957523/33386248000
107	96	1	12	724456651113/215007437120000
107	96	1	14	724456651113/215007437120000
107	97	1	12	-1806089830946973/692323947526400000
107	97	1	14	-1806089830946973/692323947526400000
107	104	1	6	1
107	104	1	7	1
107	104	1	10	1
107	104	1	11	1
107	105	1	6	-99/700
107	105	1	7	-99/700
107	105	1	10	-99/700
107	105	1	11	-99/700
107	106	1	6	-1971/122500
107	106	1	7	-1971/122500
107	106	1	10	-1971/122500
107	106	1	11	-1971/122500
107	107	1	6	2141073/171500000
107	107	1	7	2141073/171500000
107	107	1	10	2141073/171500000
107	107	1	11	2141073/171500000
107	108	1	6	-501608133/1380575000000
107	108	1	7	-501608133/1380575000000
107	108	1	10	-501608133/1380575000000
107	108	1	11	-501608133/1380575000000
107	109	1	6	-1506346111413/966402500000000
107	109	1	7	-1506346111413/966402500000000
107	109	1	10	-1506346111413/966402500000000
107	109	1	11	-1506346111413/966402500000000
108	56	8	9	3
108	56	12	13	3
108	57	6	7	135/238
108	57	10	11	135/238
108	58	6	7	2673/198254
108	58	10	11	2673/198254
108	59	6	7	-776385/23592226
108	59	10	11	-776385/23592226
108	60	6	7	-266389722/32285961281
108	60	10	11	-266389722/32285961281
108	61	6	7	30367424475/15368117569756
108	61	10	11	30367424475/15368117569756
108	62	4	13	6
108	62	6	16	6
108	63	3	12	-54/65
108	63	5	14	-54/65
108	64	3	12	-117612/1449175
108	64	5	14	-117612/1449175
108	65	3	12	6176088/94196375
108	65	5	14	6176088/94196375
108	66	3	12	-19257217344/6900355450625
108	66	5	14	-19257217344/6900355450625
108	67	3	12	-3257285502384/448523104290625
108	67	5	14	-3257285502384/448523104290625
108	86	1	15	6
108	87	1	13	162/119
108	88	1	13	113724/1090397
108	89	1	13	-8975448/129757243
108	90	1	13	-110097569088/3906601315001
108	91	1	13	645356441232/464885556485119
108	92	3	5	6
108	93	3	5	-405/644
108	94	3	5	-824499/5806304
108	95	3	5	437257845/7478519552
108	96	3	5	65059538661/9632333182976
108	97	3	5	-99553075488675/12406445139673088
109	56	5	8	1
109	56	5	9	1
109	56	5	12	1
109	56	5	13	1
109	56	8	13	1
109	56	9	12	1
109	57	4	6	-81/476
109	57	4	7	-81/476
109	57	4	10	-81/476
109	57	4	11	-81/476
109	57	6	11	-9/2380
109	57	7	10	-9/2380
109	58	4	6	-79299/19825400
109	58	4	7	-79299/19825400
109	58	4	10	-79299/19825400
109	58	4	11	-79299/19825400
109	58	6	11	-653103/19825400
109	58	7	10	-653103/19825400
109	59	4	6	14033979/1179611300
109	59	4	7	14033979/1179611300
109	59	4	10	14033979/1179611300
109	59	4	11	14033979/1179611300
109	59	6	11	4409721/11796113000
109	59	7	10	4409721/11796113000
109	60	4	6	-88204620897/46122801830000
109	60	4	7	-88204620897/46122801830000
109	60	4	10	-88204620897/46122801830000
109	60	4	11	-88204620897/46122801830000
109	60	6	11	959643438093/322859612810000
109	60	7	10	959643438093/322859612810000
109	61	4	6	-64551107461977/61472470279024000
109	61	4	7	-64551107461977/61472470279024000
109	61	4	10	-64551107461977/61472470279024000
109	61	4	11	-64551107461977/61472470279024000
109	61	6	11	-86422681332153/1536811756975600000
109	61	7	10	-86422681332153/1536811756975600000
109	62	2	4	2
109	62	2	5	2
109	62	2	6	2
109	62	2	7	2
109	62	4	7	2
109	62	5	6	2
109	63	2	3	1161/2275
109	63	2	4	-4509/11375
109	63	2	5	1161/2275
109	63	2	6	-4509/11375
109	63	3	6	-423/2275
109	63	4	5	-423/2275
109	64	2	3	2219481/36229375
109	64	2	4	8702721/905734375
109	64	2	5	2219481/36229375
109	64	2	6	8702721/905734375
109	64	3	6	-1871991/36229375
109	64	4	5	-1871991/36229375
109	65	2	3	-1612050822/82421828125
109	65	2	4	261994101318/10302728515625
109	65	2	5	-1612050822/82421828125
109	65	2	6	261994101318/10302728515625
109	65	3	6	1452682674/82421828125
109	65	4	5	1452682674/82421828125
109	66	2	3	-51526054772838/4312722156640625
109	66	2	4	-17935929621268038/2695451347900390625
109	66	2	5	-51526054772838/4312722156640625
109	66	2	6	-17935929621268038/2695451347900390625
109	66	3	6	13308006725082/4312722156640625
109	66	4	5	13308006725082/4312722156640625
109	67	2	3	-19313403737073183/19622885812714843750
109	67	2	4	-14861897594120589219/8760216880676269531250
109	67	2	5	-19313403737073183/19622885812714843750
109	67	2	6	-14861897594120589219/8760216880676269531250
109	67	3	6	-6971565884543433/2803269401816406250
109	67	4	5	-6971565884543433/2803269401816406250
109	80	2	3	1/2
109	80	2	5	1/2
109	80	2	14	1/2
109	80	2	16	1/2
109	80	3	6	1/2
109	80	3	11	1/2
109	80	3	16	1/2
109	80	4	5	1/2
109	80	4	11	1/2
109	80	5	11	1/2
109	80	5	14	1/2
109	80	6	11	1/2
109	81	2	3	4239/35840
109	81	2	5	4239/35840
109	81	2	11	-459/17920
109	81	2	13	-459/17920
109	81	3	6	-459/17920
109	81	3	9	4239/35840
109	81	3	13	-459/17920
109	81	4	5	-459/17920
109	81	4	9	-459/17920
109	81	5	9	4239/35840
109	81	5	11	-459/17920
109	81	6	9	-459/17920
109	82	2	3	51989607/4495769600
109	82	2	5	51989607/4495769600
109	82	2	11	-16973793/1123942400
109	82	2	13	-16973793/1123942400
109	82	3	6	-16973793/1123942400
109	82	3	9	51989607/4495769600
109	82	3	13	-16973793/1123942400
109	82	4	5	-16973793/1123942400
109	82	4	9	-16973793/1123942400
109	82	5	9	51989607/4495769600
109	82	5	11	-16973793/1123942400
109	82	6	9	-16973793/1123942400
109	83	2	3	-405243622647/80564191232000
109	83	2	5	-405243622647/80564191232000
109	83	2	11	24726749067/10070523904000
109	83	2	13	24726749067/10070523904000
109	83	3	6	24726749067/10070523904000
109	83	3	9	-405243622647/80564191232000
109	83	3	13	24726749067/10070523904000
109	83	4	5	24726749067/10070523904000
109	83	4	9	24726749067/10070523904000
109	83	5	9	-405243622647/80564191232000
109	83	5	11	24726749067/10070523904000
109	83	6	9	24726749067/10070523904000
109	84	2	3	-81994945071365919/33205337058181120000
109	84	2	5	-81994945071365919/33205337058181120000
109	84	2	11	2533917490976241/2075333566136320000
109	84	2	13	2533917490976241/2075333566136320000
109	84	3	6	2533917490976241/2075333566136320000
109	84	3	9	-81994945071365919/33205337058181120000
109	84	3	13	2533917490976241/2075333566136320000
109	84	4	5	2533917490976241/2075333566136320000
109	84	4	9	2533917490976241/2075333566136320000
109	84	5	9	-81994945071365919/33205337058181120000
109	84	5	11	2533917490976241/2075333566136320000
109	84	6	9	2533917490976241/2075333566136320000
109	85	2	3	-33688740169843303761/595039640082605670400000
109	85	2	5	-33688740169843303761/595039640082605670400000
109	85	2	11	-946124415274475277/2656426964654489600000
109	85	2	13	-946124415274475277/2656426964654489600000
109	85	3	6	-946124415274475277/2656426964654489600000
109	85	3	9	-33688740169843303761/595039640082605670400000
109	85	3	13	-946124415274475277/2656426964654489600000
109	85	4	5	-946124415274475277/2656426964654489600000
109	85	4	9	-946124415274475277/2656426964654489600000
109	85	5	9	-33688740169843303761/595039640082605670400000
109	85	5	11	-946124415274475277/2656426964654489600000
109	85	6	9	-946124415274475277/2656426964654489600000
109	86	1	2	2
109	86	1	3	2
109	86	2	3	2
109	87	1	2	243/595
109	87	1	3	243/595
109	87	2	3	-8181/32725
109	88	1	2	313227/27259925
109	88	1	3	313227/27259925
109	88	2	3	-304793199/7496479375
109	89	1	2	-438261678/16219655375
109	89	1	3	-438261678/16219655375
109	89	2	3	5656674419622/245322287546875
109	90	1	2	-18144631871766/2441625821875625
109	90	1	3	-18144631871766/2441625821875625
109	90	2	3	153031343464773882/184647952779344140625
109	91	1	2	754404676345413/415076389718856250
109	91	1	3	754404676345413/415076389718856250
109	91	2	3	-5321713754773426462731/1726458358486867714843750
110	56	8	10	1
110	56	8	13	1
110	56	9	10	1
110	56	9	12	1
110	56	12	14	1
110	56	13	14	1
110	57	6	8	-135/476
110	57	6	11	909/2380
110	57	7	8	-135/476
110	57	7	10	909/2380
110	57	10	12	-135/476
110	57	11	12	-135/476
110	58	6	8	154143/2832200
110	58	6	11	339471/2832200
110	58	7	8	154143/2832200
110	58	7	10	339471/2832200
110	58	10	12	154143/2832200
110	58	11	12	154143/2832200
110	59	6	8	-6561/9629480
110	59	6	11	43661997/1685159000
110	59	7	8	-6561/9629480
110	59	7	10	43661997/1685159000
110	59	10	12	-6561/9629480
110	59	11	12	-6561/9629480
110	60	6	8	-195112835397/46122801830000
110	60	6	11	16880527899/46122801830000
110	60	7	8	-195112835397/46122801830000
110	60	7	10	16880527899/46122801830000
110	60	10	12	-195112835397/46122801830000
110	60	11	12	-195112835397/46122801830000
110	61	6	8	52722667287/35844005993600
110	61	6	11	-620357623641621/219544536710800000
110	61	7	8	52722667287/35844005993600
110	61	7	10	-620357623641621/219544536710800000
110	61	10	12	52722667287/35844005993600
110	61	11	12	52722667287/35844005993600
110	62	4	9	2
110	62	4	11	2
110	62	6	9	2
110	62	6	11	2
110	63	3	8	-837/2275
110	63	3	10	1539/2275
110	63	5	8	-837/2275
110	63	5	10	1539/2275
110	64	3	8	9801/739375
110	64	3	10	902583/5175625
110	64	5	8	9801/739375
110	64	5	10	902583/5175625
110	65	3	8	207052038/11774546875
110	65	3	10	261035946/11774546875
110	65	5	8	207052038/11774546875
110	65	5	10	261035946/11774546875
110	66	3	8	-2897720198154/616103165234375
110	66	3	10	-4389269594634/616103165234375
110	66	5	8	-2897720198154/616103165234375
110	66	5	10	-4389269594634/616103165234375
110	67	3	8	-2143309836570867/2803269401816406250
110	67	3	10	-14984949560915331/2803269401816406250
110	67	5	8	-2143309836570867/2803269401816406250
110	67	5	10	-14984949560915331/2803269401816406250
110	68	2	4	2/3
110	68	2	6	2/3
110	68	3	4	2/3
110	68	3	7	2/3
110	68	5	6	2/3
110	68	5	7	2/3
110	69	2	4	-43/280
110	69	2	6	-43/280
110	69	3	4	-43/280
110	69	3	7	-43/280
110	69	5	6	-43/280
110	69	5	7	-43/280
110	70	2	4	2337/156800
110	70	2	6	2337/156800
110	70	3	4	2337/156800
110	70	3	7	2337/156800
110	70	5	6	2337/156800
110	70	5	7	2337/156800
110	71	2	4	526707/87808000
110	71	2	6	526707/87808000
110	71	3	4	526707/87808000
110	71	3	7	526707/87808000
110	71	5	6	526707/87808000
110	71	5	7	526707/87808000
110	72	2	4	-471582837/161566720000
110	72	2	6	-471582837/161566720000
110	72	3	4	-471582837/161566720000
110	72	3	7	-471582837/161566720000
110	72	5	6	-471582837/161566720000
110	72	5	7	-471582837/161566720000
110	73	2	4	54902448891/633341542400000
110	73	2	6	54902448891/633341542400000
110	73	3	4	54902448891/633341542400000
110	73	3	7	54902448891/633341542400000
110	73	5	6	54902448891/633341542400000
110	73	5	7	54902448891/633341542400000
110	86	1	6	2
110	86	1	13	2
110	86	5	10	2
110	86	5	13	2
110	86	6	10	2
110	87	1	6	297/595
110	87	1	11	297/595
110	87	5	9	18441/32725
110	87	5	11	513/32725
110	87	6	9	513/32725
110	88	1	6	264141/3894275
110	88	1	11	264141/3894275
110	88	5	9	109257903/1070925625
110	88	5	11	-8663679/152989375
110	88	6	9	-8663679/152989375
110	89	1	6	-2401326/210644875
110	89	1	11	-2401326/210644875
110	89	5	9	-113382386226/35046041078125
110	89	5	11	-46734409782/35046041078125
110	89	6	9	-46734409782/35046041078125
110	90	1	6	-3152963988378/348803688839375
110	90	1	11	-3152963988378/348803688839375
110	90	5	9	-264220780339771434/26378278968477734375
110	90	5	11	115805751320505366/26378278968477734375
110	90	6	9	115805751320505366/26378278968477734375
110	91	1	6	-52130090908683/37734217247168750
110	91	1	11	-52130090908683/37734217247168750
110	91	5	9	-5055943236149329554969/1726458358486867714843750
110	91	5	11	297984951533246164983/1726458358486867714843750
110	91	6	9	297984951533246164983/1726458358486867714843750
110	98	2	5	1/2
110	98	2	10	1/2
110	98	3	5	1/2
110	98	3	10	1/2
110	99	2	5	-459/12740
110	99	2	9	-459/12740
110	99	3	5	-459/12740
110	99	3	9	-459/12740
110	100	2	5	-551907/40576900
110	100	2	9	-551907/40576900
110	100	3	5	-551907/40576900
110	100	3	9	-551907/40576900
110	101	2	5	428339259/129237426500
110	101	2	9	428339259/129237426500
110	101	3	5	428339259/129237426500
110	101	3	9	428339259/129237426500
110	102	2	5	2239400250999/2366821919564375
110	102	2	9	2239400250999/2366821919564375
110	102	3	5	2239400250999/2366821919564375
110	102	3	9	2239400250999/2366821919564375
110	103	2	5	-27632516003138169/60306622510500275000
110	103	2	9	-27632516003138169/60306622510500275000
110	103	3	5	-27632516003138169/60306622510500275000
110	103	3	9	-27632516003138169/60306622510500275000
111	56	5	8	1/2
111	56	5	9	1/2
111	56	5	12	1/2
111	56	5	13	1/2
111	56	8	17	1/2
111	56	9	16	1/2
111	56	12	17	1/2
111	56	13	16	1/2
111	57	4	6	513/4760
111	57	4	7	513/4760
111	57	4	10	513/4760
111	57	4	11	513/4760
111	57	6	15	-279/4760
111	57	7	14	-279/4760
111	57	10	15	-279/4760
111	57	11	14	-279/4760
111	58	4	6	284229/39650800
111	58	4	7	284229/39650800
111	58	4	10	284229/39650800
111	58	4	11	284229/39650800
111	58	6	15	-364419/39650800
111	58	7	14	-364419/39650800
111	58	10	15	-364419/39650800
111	58	11	14	-364419/39650800
111	59	4	6	-63451431/11796113000
111	59	4	7	-63451431/11796113000
111	59	4	10	-63451431/11796113000
111	59	4	11	-63451431/11796113000
111	59	6	15	7141284/1474514125
111	59	7	14	7141284/1474514125
111	59	10	15	7141284/1474514125
111	59	11	14	7141284/1474514125
111	60	4	6	-1281648565719/645719225620000
111	60	4	7	-1281648565719/645719225620000
111	60	4	10	-1281648565719/645719225620000
111	60	4	11	-1281648565719/645719225620000
111	60	6	15	118405323801/645719225620000
111	60	7	14	118405323801/645719225620000
111	60	10	15	118405323801/645719225620000
111	60	11	14	118405323801/645719225620000
111	61	4	6	452740614972381/3073623513951200000
111	61	4	7	452740614972381/3073623513951200000
111	61	4	10	452740614972381/3073623513951200000
111	61	4	11	452740614972381/3073623513951200000
111	61	6	15	-1784846007822483/3073623513951200000
111	61	7	14	-1784846007822483/3073623513951200000
111	61	10	15	-1784846007822483/3073623513951200000
111	61	11	14	-1784846007822483/3073623513951200000
111	62	2	12	1
111	62	2	13	1
111	62	2	15	1
111	62	2	16	1
111	62	4	5	1
111	62	4	16	1
111	62	5	12	1
111	62	6	7	1
111	62	6	13	1
111	62	7	15	1
111	63	2	11	6399/22750
111	63	2	12	-783/4550
111	63	2	13	6399/22750
111	63	2	14	-783/4550
111	63	3	4	747/4550
111	63	3	14	-9/910
111	63	4	11	-3447/22750
111	63	5	6	747/4550
111	63	5	12	-9/910
111	63	6	13	-3447/22750
111	64	2	11	82438641/1811468750
111	64	2	12	-289251/72458750
111	64	2	13	82438641/1811468750
111	64	2	14	-289251/72458750
111	64	3	4	-482031/72458750
111	64	3	14	-97119/2898350
111	64	4	11	-19290231/1811468750
111	64	5	6	-482031/72458750
111	64	5	12	-97119/2898350
111	64	6	13	-19290231/1811468750
111	65	2	11	-62893345779/10302728515625
111	65	2	12	1009947852/82421828125
111	65	2	13	-62893345779/10302728515625
111	65	2	14	1009947852/82421828125
111	65	3	4	-999515133/82421828125
111	65	3	14	656829/659374625
111	65	4	11	121544112033/10302728515625
111	65	5	6	-999515133/82421828125
111	65	5	12	656829/659374625
111	65	6	13	121544112033/10302728515625
111	66	2	11	-17789578039331379/2695451347900390625
111	66	2	12	-8628983365959/4312722156640625
111	66	2	13	-17789578039331379/2695451347900390625
111	66	2	14	-8628983365959/4312722156640625
111	66	3	4	-6964429716099/4312722156640625
111	66	3	14	21210276141/6900355450625
111	66	4	11	-2718335494695699/2695451347900390625
111	66	5	6	-6964429716099/4312722156640625
111	66	5	12	21210276141/6900355450625
111	66	6	13	-2718335494695699/2695451347900390625
111	67	2	11	-167683375577315522817/122643036329467773437500
111	67	2	12	-43171982329790331/39245771625429687500
111	67	2	13	-167683375577315522817/122643036329467773437500
111	67	2	14	-43171982329790331/39245771625429687500
111	67	3	4	6568325454895317/5606538803632812500
111	67	3	14	-1917085837833/12558646920137500
111	67	4	11	-21979101025360073817/17520433761352539062500
111	67	5	6	6568325454895317/5606538803632812500
111	67	5	12	-1917085837833/12558646920137500
111	67	6	13	-21979101025360073817/17520433761352539062500
111	74	4	7	1/3
111	74	4	11	1/3
111	74	5	6	1/3
111	74	5	10	1/3
111	74	6	11	1/3
111	74	7	10	1/3
111	75	3	6	-657/35140
111	75	3	10	-657/35140
111	75	4	5	-657/35140
111	75	4	9	-657/35140
111	75	5	10	-657/35140
111	75	6	9	-657/35140
111	76	3	6	-42483123/4321868600
111	76	3	10	-42483123/4321868600
111	76	4	5	-42483123/4321868600
111	76	4	9	-42483123/4321868600
111	76	5	10	-42483123/4321868600
111	76	6	9	-42483123/4321868600
111	77	3	6	134534545029/75935231302000
111	77	3	10	134534545029/75935231302000
111	77	4	5	134534545029/75935231302000
111	77	4	9	134534545029/75935231302000
111	77	5	10	134534545029/75935231302000
111	77	6	9	134534545029/75935231302000
111	78	3	6	5910249194525871/7671546580362805000
111	78	3	10	5910249194525871/7671546580362805000
111	78	4	5	5910249194525871/7671546580362805000
111	78	4	9	5910249194525871/7671546580362805000
111	78	5	10	5910249194525871/7671546580362805000
111	78	6	9	5910249194525871/7671546580362805000
111	79	3	6	-273583625970133594089/1078312587335795870800000
111	79	3	10	-273583625970133594089/1078312587335795870800000
111	79	4	5	-273583625970133594089/1078312587335795870800000
111	79	4	9	-273583625970133594089/1078312587335795870800000
111	79	5	10	-273583625970133594089/1078312587335795870800000
111	79	6	9	-273583625970133594089/1078312587335795870800000
111	80	2	4	1/4
111	80	2	6	1/4
111	80	2	15	1/4
111	80	2	17	1/4
111	80	3	4	1/4
111	80	3	8	1/4
111	80	3	14	1/4
111	80	3	18	1/4
111	80	5	6	1/4
111	80	5	8	1/4
111	80	5	16	1/4
111	80	5	18	1/4
111	80	11	14	1/4
111	80	11	15	1/4
111	80	11	16	1/4
111	80	11	17	1/4
111	81	2	4	1269/35840
111	81	2	6	1269/35840
111	81	2	12	-2619/71680
111	81	2	14	-2619/71680
111	81	3	4	1269/35840
111	81	3	8	-2619/71680
111	81	3	11	1269/35840
111	81	3	15	-2619/71680
111	81	5	6	1269/35840
111	81	5	8	-2619/71680
111	81	5	13	1269/35840
111	81	5	15	-2619/71680
111	81	9	11	1269/35840
111	81	9	12	-2619/71680
111	81	9	13	1269/35840
111	81	9	14	-2619/71680
111	82	2	4	-6709473/2247884800
111	82	2	6	-6709473/2247884800
111	82	2	12	-23913873/8991539200
111	82	2	14	-23913873/8991539200
111	82	3	4	-6709473/2247884800
111	82	3	8	-23913873/8991539200
111	82	3	11	-6709473/2247884800
111	82	3	15	-23913873/8991539200
111	82	5	6	-6709473/2247884800
111	82	5	8	-23913873/8991539200
111	82	5	13	-6709473/2247884800
111	82	5	15	-23913873/8991539200
111	82	9	11	-6709473/2247884800
111	82	9	12	-23913873/8991539200
111	82	9	13	-6709473/2247884800
111	82	9	14	-23913873/8991539200
111	83	2	4	-54152637237/20141047808000
111	83	2	6	-54152637237/20141047808000
111	83	2	12	439389297387/161128382464000
111	83	2	14	439389297387/161128382464000
111	83	3	4	-54152637237/20141047808000
111	83	3	8	439389297387/161128382464000
111	83	3	11	-54152637237/20141047808000
111	83	3	15	439389297387/161128382464000
111	83	5	6	-54152637237/20141047808000
111	83	5	8	439389297387/161128382464000
111	83	5	13	-54152637237/20141047808000
111	83	5	15	439389297387/161128382464000
111	83	9	11	-54152637237/20141047808000
111	83	9	12	439389297387/161128382464000
111	83	9	13	-54152637237/20141047808000
111	83	9	14	439389297387/161128382464000
111	84	2	4	-668450400674319/4150667132272640000
111	84	2	6	-668450400674319/4150667132272640000
111	84	2	12	-13946993986852719/66410674116362240000
111	84	2	14	-13946993986852719/66410674116362240000
111	84	3	4	-668450400674319/4150667132272640000
111	84	3	8	-13946993986852719/66410674116362240000
111	84	3	11	-668450400674319/4150667132272640000
111	84	3	15	-13946993986852719/66410674116362240000
111	84	5	6	-668450400674319/4150667132272640000
111	84	5	8	-13946993986852719/66410674116362240000
111	84	5	13	-668450400674319/4150667132272640000
111	84	5	15	-13946993986852719/66410674116362240000
111	84	9	11	-668450400674319/4150667132272640000
111	84	9	12	-13946993986852719/66410674116362240000
111	84	9	13	-668450400674319/4150667132272640000
111	84	9	14	-13946993986852719/66410674116362240000
111	85	2	4	1506147494046399027/5312853929308979200000
111	85	2	6	1506147494046399027/5312853929308979200000
111	85	2	12	-332388544512445944939/1190079280165211340800000
111	85	2	14	-332388544512445944939/1190079280165211340800000
111	85	3	4	1506147494046399027/5312853929308979200000
111	85	3	8	-332388544512445944939/1190079280165211340800000
111	85	3	11	1506147494046399027/5312853929308979200000
111	85	3	15	-332388544512445944939/1190079280165211340800000
111	85	5	6	1506147494046399027/5312853929308979200000
111	85	5	8	-332388544512445944939/1190079280165211340800000
111	85	5	13	1506147494046399027/5312853929308979200000
111	85	5	15	-332388544512445944939/1190079280165211340800000
111	85	9	11	1506147494046399027/5312853929308979200000
111	85	9	12	-332388544512445944939/1190079280165211340800000
111	85	9	13	1506147494046399027/5312853929308979200000
111	85	9	14	-332388544512445944939/1190079280165211340800000
111	86	1	7	1
111	86	1	11	1
111	86	2	11	1
111	86	2	15	1
111	86	3	7	1
111	86	3	15	1
111	87	1	7	297/1190
111	87	1	10	297/1190
111	87	2	10	-12447/65450
111	87	2	13	-1053/13090
111	87	3	7	-12447/65450
111	87	3	13	-1053/13090
111	88	1	7	1485459/54519850
111	88	1	10	1485459/54519850
111	88	2	10	16835769/14992958750
111	88	2	13	-17135631/599718350
111	88	3	7	16835769/14992958750
111	88	3	13	-17135631/599718350
111	89	1	7	-15766083/1474514125
111	89	1	10	-15766083/1474514125
111	89	2	10	3217510155033/245322287546875
111	89	2	13	15576122367/1962578300375
111	89	3	7	3217510155033/245322287546875
111	89	3	13	15576122367/1962578300375
111	90	1	7	-14291840333979/2441625821875625
111	90	1	10	-14291840333979/2441625821875625
111	90	2	10	-541509501313947699/184647952779344140625
111	90	2	13	604196793352701/295436724446950625
111	90	3	7	-541509501313947699/184647952779344140625
111	90	3	13	604196793352701/295436724446950625
111	91	1	7	-148927253140341/528279041460362500
111	91	1	10	-148927253140341/528279041460362500
111	91	2	10	-3580811188660183268817/3452916716973735429687500
111	91	2	13	-1297125945206605683/1104933349431595337500
111	91	3	7	-3580811188660183268817/3452916716973735429687500
111	91	3	13	-1297125945206605683/1104933349431595337500
111	92	1	3	1
111	92	1	5	1
111	92	2	3	1
111	92	2	5	1
111	93	1	3	162/805
111	93	1	5	162/805
111	93	2	3	-459/3220
111	93	2	5	-459/3220
111	94	1	3	708831/145157600
111	94	1	5	708831/145157600
111	94	2	3	-2220291/145157600
111	94	2	5	-2220291/145157600
111	95	1	3	-780096339/58425934000
111	95	1	5	-780096339/58425934000
111	95	2	3	5765012919/467407472000
111	95	2	5	5765012919/467407472000
111	96	1	3	-217440679473/61430696320000
111	96	1	5	-217440679473/61430696320000
111	96	2	3	-195565505031/430014874240000
111	96	2	5	-195565505031/430014874240000
111	97	1	3	1118810235962763/1211566908171200000
111	97	1	5	1118810235962763/1211566908171200000
111	97	2	3	-14573836223638497/9692535265369600000
111	97	2	5	-14573836223638497/9692535265369600000
112	56	8	10	1/2
112	56	8	17	1/2
112	56	9	10	1/2
112	56	9	16	1/2
112	56	12	14	1/2
112	56	12	17	1/2
112	56	13	14	1/2
112	56	13	16	1/2
112	57	6	8	243/4760
112	57	6	15	639/4760
112	57	7	8	243/4760
112	57	7	14	639/4760
112	57	10	12	243/4760
112	57	10	15	639/4760
112	57	11	12	243/4760
112	57	11	14	639/4760
112	58	6	8	-375111/39650800
112	58	6	15	847341/39650800
112	58	7	8	-375111/39650800
112	58	7	14	847341/39650800
112	58	10	12	-375111/39650800
112	58	10	15	847341/39650800
112	58	11	12	-375111/39650800
112	58	11	14	847341/39650800
112	59	6	8	-93474567/23592226000
112	59	6	15	-3157299/1474514125
112	59	7	8	-93474567/23592226000
112	59	7	14	-3157299/1474514125
112	59	10	12	-93474567/23592226000
112	59	10	15	-3157299/1474514125
112	59	11	12	-93474567/23592226000
112	59	11	14	-3157299/1474514125
112	60	6	8	204044350941/645719225620000
112	60	6	15	-1658566468359/645719225620000
112	60	7	8	204044350941/645719225620000
112	60	7	14	-1658566468359/645719225620000
112	60	10	12	204044350941/645719225620000
112	60	10	15	-1658566468359/645719225620000
112	60	11	12	204044350941/645719225620000
112	60	11	14	-1658566468359/645719225620000
112	61	6	8	1387634483200131/3073623513951200000
112	61	6	15	-1717887232832517/3073623513951200000
112	61	7	8	1387634483200131/3073623513951200000
112	61	7	14	-1717887232832517/3073623513951200000
112	61	10	12	1387634483200131/3073623513951200000
112	61	10	15	-1717887232832517/3073623513951200000
112	61	11	12	1387634483200131/3073623513951200000
112	61	11	14	-1717887232832517/3073623513951200000
112	62	4	13	1
112	62	4	18	1
112	62	6	16	1
112	62	6	18	1
112	62	11	12	1
112	62	11	15	1
112	62	12	13	1
112	62	15	16	1
112	63	3	12	45/182
112	63	3	16	-459/4550
112	63	5	14	45/182
112	63	5	16	-459/4550
112	63	10	11	4401/22750
112	63	10	13	4401/22750
112	63	11	12	-1089/4550
112	63	13	14	-1089/4550
112	64	3	12	88209/2898350
112	64	3	16	-1487079/72458750
112	64	5	14	88209/2898350
112	64	5	16	-1487079/72458750
112	64	10	11	12179241/1811468750
112	64	10	13	12179241/1811468750
112	64	11	12	1926261/72458750
112	64	13	14	1926261/72458750
112	65	3	12	-201933/26374985
112	65	3	16	681156459/82421828125
112	65	5	14	-201933/26374985
112	65	5	16	681156459/82421828125
112	65	10	11	-108973033371/10302728515625
112	65	10	13	-108973033371/10302728515625
112	65	11	12	686795274/82421828125
112	65	13	14	686795274/82421828125
112	66	3	12	-34100528499/6900355450625
112	66	3	16	499416778683/616103165234375
112	66	5	14	-34100528499/6900355450625
112	66	5	16	499416778683/616103165234375
112	66	10	11	-7847075543644179/2695451347900390625
112	66	10	13	-7847075543644179/2695451347900390625
112	66	11	12	-2888660395377/616103165234375
112	66	13	14	-2888660395377/616103165234375
112	67	3	12	-52733296107/100469175361100
112	67	3	16	-39143997690818283/39245771625429687500
112	67	5	14	-52733296107/100469175361100
112	67	5	16	-39143997690818283/39245771625429687500
112	67	10	11	66893004824510315817/122643036329467773437500
112	67	10	13	66893004824510315817/122643036329467773437500
112	67	11	12	13120152549335667/39245771625429687500
112	67	13	14	13120152549335667/39245771625429687500
112	68	2	13	1/3
112	68	2	16	1/3
112	68	3	13	1/3
112	68	3	17	1/3
112	68	5	16	1/3
112	68	5	17	1/3
112	69	2	12	-31/560
112	69	2	14	-31/560
112	69	3	12	-31/560
112	69	3	15	-31/560
112	69	5	14	-31/560
112	69	5	15	-31/560
112	70	2	12	-5169/2195200
112	70	2	14	-5169/2195200
112	70	3	12	-5169/2195200
112	70	3	15	-5169/2195200
112	70	5	14	-5169/2195200
112	70	5	15	-5169/2195200
112	71	2	12	5195817/1229312000
112	71	2	14	5195817/1229312000
112	71	3	12	5195817/1229312000
112	71	3	15	5195817/1229312000
112	71	5	14	5195817/1229312000
112	71	5	15	5195817/1229312000
112	72	2	12	-8891443413/15833538560000
112	72	2	14	-8891443413/15833538560000
112	72	3	12	-8891443413/15833538560000
112	72	3	15	-8891443413/15833538560000
112	72	5	14	-8891443413/15833538560000
112	72	5	15	-8891443413/15833538560000
112	73	2	12	-3751674757191/8866781593600000
112	73	2	14	-3751674757191/8866781593600000
112	73	3	12	-3751674757191/8866781593600000
112	73	3	15	-3751674757191/8866781593600000
112	73	5	14	-3751674757191/8866781593600000
112	73	5	15	-3751674757191/8866781593600000
112	74	4	9	1/3
112	74	4	13	1/3
112	74	6	9	1/3
112	74	6	15	1/3
112	74	10	13	1/3
112	74	10	15	1/3
112	75	3	8	-1989/35140
112	75	3	12	-1989/35140
112	75	5	8	-1989/35140
112	75	5	14	-1989/35140
112	75	9	12	-1989/35140
112	75	9	14	-1989/35140
112	76	3	8	-1409967/4321868600
112	76	3	12	-1409967/4321868600
112	76	5	8	-1409967/4321868600
112	76	5	14	-1409967/4321868600
112	76	9	12	-1409967/4321868600
112	76	9	14	-1409967/4321868600
112	77	3	8	260484736707/75935231302000
112	77	3	12	260484736707/75935231302000
112	77	5	8	260484736707/75935231302000
112	77	5	14	260484736707/75935231302000
112	77	9	12	260484736707/75935231302000
112	77	9	14	260484736707/75935231302000
112	78	3	8	-4837722602194989/7671546580362805000
112	78	3	12	-4837722602194989/7671546580362805000
112	78	5	8	-4837722602194989/7671546580362805000
112	78	5	14	-4837722602194989/7671546580362805000
112	78	9	12	-4837722602194989/7671546580362805000
112	78	9	14	-4837722602194989/7671546580362805000
112	79	3	8	-269037977391077341473/1078312587335795870800000
112	79	3	12	-269037977391077341473/1078312587335795870800000
112	79	5	8	-269037977391077341473/1078312587335795870800000
112	79	5	14	-269037977391077341473/1078312587335795870800000
112	79	9	12	-269037977391077341473/1078312587335795870800000
112	79	9	14	-269037977391077341473/1078312587335795870800000
112	86	1	16	1
112	86	1	17	1
112	86	5	15	1
112	86	5	17	1
112	86	10	15	1
112	86	10	16	1
112	87	1	14	351/1190
112	87	1	15	351/1190
112	87	5	13	1971/13090
112	87	5	15	-8073/65450
112	87	9	13	1971/13090
112	87	9	14	-8073/65450
112	88	1	14	2997891/54519850
112	88	1	15	2997891/54519850
112	88	5	13	-5601879/599718350
112	88	5	15	-251863911/14992958750
112	88	9	13	-5601879/599718350
112	88	9	14	-251863911/14992958750
112	89	1	14	-43243551/16219655375
112	89	1	15	-43243551/16219655375
112	89	5	13	-21680765451/1962578300375
112	89	5	15	2445725513907/245322287546875
112	89	9	13	-21680765451/1962578300375
112	89	9	14	2445725513907/245322287546875
112	90	1	14	-15466877642619/2441625821875625
112	90	1	15	-15466877642619/2441625821875625
112	90	5	13	-305379018373059/295436724446950625
112	90	5	15	3067921206829323/26378278968477734375
112	90	9	13	-305379018373059/295436724446950625
112	90	9	14	3067921206829323/26378278968477734375
112	91	1	14	-10706798057860593/5811069456063987500
112	91	1	15	-10706798057860593/5811069456063987500
112	91	5	13	8492068333386050067/7734533446021167362500
112	91	5	15	-1218030655169556035847/1050887696470267304687500
112	91	9	13	8492068333386050067/7734533446021167362500
112	91	9	14	-1218030655169556035847/1050887696470267304687500
112	92	1	12	1
112	92	1	14	1
112	92	3	7	1
112	92	3	14	1
112	92	5	7	1
112	92	5	12	1
112	93	1	11	3537/16100
112	93	1	13	3537/16100
112	93	3	7	-351/1610
112	93	3	13	-297/6440
112	93	5	7	-351/1610
112	93	5	11	-297/6440
112	94	1	11	57077541/3628940000
112	94	1	13	57077541/3628940000
112	94	3	7	2176551/145157600
112	94	3	13	-8827947/290315200
112	94	5	7	2176551/145157600
112	94	5	11	-8827947/290315200
112	95	1	11	-633327116733/58425934000000
112	95	1	13	-633327116733/58425934000000
112	95	3	7	2551369509/233703736000
112	95	3	13	8232473799/1869629888000
112	95	5	7	2551369509/233703736000
112	95	5	11	8232473799/1869629888000
112	96	1	11	-7887804807631617/1881315074800000000
112	96	1	13	-7887804807631617/1881315074800000000
112	96	3	7	-12400823389617/3010104119680000
112	96	3	13	29965963491927/12040416478720000
112	96	5	7	-12400823389617/3010104119680000
112	96	5	11	29965963491927/12040416478720000
112	97	1	11	7479739697701635171/30289172704280000000000
112	97	1	13	7479739697701635171/30289172704280000000000
112	97	3	7	-1365653956957173/4846267632684800000
112	97	3	13	-49383781236414999/77540282122956800000
112	97	5	7	-1365653956957173/4846267632684800000
112	97	5	11	-49383781236414999/77540282122956800000
112	104	2	5	1/2
112	104	2	9	1/2
112	104	3	5	1/2
112	104	3	9	1/2
112	105	2	5	-351/7000
112	105	2	9	-351/7000
112	105	3	5	-351/7000
112	105	3	9	-351/7000
112	106	2	5	-497367/42875000
112	106	2	9	-497367/42875000
112	106	3	5	-497367/42875000
112	106	3	9	-497367/42875000
112	107	2	5	1350159759/300125000000
112	107	2	9	1350159759/300125000000
112	107	3	5	1350159759/300125000000
112	107	3	9	1350159759/300125000000
112	108	2	5	6788905973109/12080031250000000
112	108	2	9	6788905973109/12080031250000000
112	108	3	5	6788905973109/12080031250000000
112	108	3	9	6788905973109/12080031250000000
112	109	2	5	-25239176768733759/42280109375000000000
112	109	2	9	-25239176768733759/42280109375000000000
112	109	3	5	-25239176768733759/42280109375000000000
112	109	3	9	-25239176768733759/42280109375000000000
113	56	8	14	1
113	56	9	14	1
113	56	10	12	1
113	56	10	13	1
113	57	6	12	-54/595
113	57	7	12	-54/595
113	57	8	10	-54/595
113	57	8	11	-54/595
113	58	6	12	-52569/2478175
113	58	7	12	-52569/2478175
113	58	8	10	-52569/2478175
113	58	8	11	-52569/2478175
113	59	6	12	10720674/1474514125
113	59	7	12	10720674/1474514125
113	59	8	10	10720674/1474514125
113	59	8	11	10720674/1474514125
113	60	6	12	19936891017/20178725800625
113	60	7	12	19936891017/20178725800625
113	60	8	10	19936891017/20178725800625
113	60	8	11	19936891017/20178725800625
113	61	6	12	-10373523183774/12006341851371875
113	61	7	12	-10373523183774/12006341851371875
113	61	8	10	-10373523183774/12006341851371875
113	61	8	11	-10373523183774/12006341851371875
113	62	4	7	2
113	62	5	6	2
113	62	5	11	2
113	62	7	11	2
113	63	3	6	1332/2275
113	63	4	5	1332/2275
113	63	4	10	-2916/11375
113	63	6	10	-2916/11375
113	64	3	6	3977424/36229375
113	64	4	5	3977424/36229375
113	64	4	10	-26048304/905734375
113	64	6	10	-26048304/905734375
113	65	3	6	-324539136/82421828125
113	65	4	5	-324539136/82421828125
113	65	4	10	200717471232/10302728515625
113	65	6	10	200717471232/10302728515625
113	66	3	6	-50868040601088/4312722156640625
113	66	4	5	-50868040601088/4312722156640625
113	66	4	10	-900896168037888/2695451347900390625
113	66	6	10	-900896168037888/2695451347900390625
113	67	3	6	-4972406747963904/1401634700908203125
113	67	4	5	-4972406747963904/1401634700908203125
113	67	4	10	-9216251756343203328/4380108440338134765625
113	67	6	10	-9216251756343203328/4380108440338134765625
113	68	2	3	2/3
113	68	2	5	2/3
113	68	3	5	2/3
113	69	2	3	23/140
113	69	2	5	23/140
113	69	3	5	23/140
113	70	2	3	4749/274400
113	70	2	5	4749/274400
113	70	3	5	4749/274400
113	71	2	3	-549999/76832000
113	71	2	5	-549999/76832000
113	71	3	5	-549999/76832000
113	72	2	3	-1870026453/494798080000
113	72	2	5	-1870026453/494798080000
113	72	3	5	-1870026453/494798080000
113	73	2	3	-861677919/6023628800000
113	73	2	5	-861677919/6023628800000
113	73	3	5	-861677919/6023628800000
113	80	4	6	1/2
113	80	4	14	1/2
113	80	6	16	1/2
113	80	14	16	1/2
113	81	4	6	-729/8960
113	81	4	11	-729/8960
113	81	6	13	-729/8960
113	81	11	13	-729/8960
113	82	4	6	-401193/280985600
113	82	4	11	-401193/280985600
113	82	6	13	-401193/280985600
113	82	11	13	-401193/280985600
113	83	4	6	6301295937/1258815488000
113	83	4	11	6301295937/1258815488000
113	83	6	13	6301295937/1258815488000
113	83	11	13	6301295937/1258815488000
113	84	4	6	-103914273779199/129708347883520000
113	84	4	11	-103914273779199/129708347883520000
113	84	6	13	-103914273779199/129708347883520000
113	84	11	13	-103914273779199/129708347883520000
113	85	4	6	-31872286706084127/83013342645452800000
113	85	4	11	-31872286706084127/83013342645452800000
113	85	6	13	-31872286706084127/83013342645452800000
113	85	11	13	-31872286706084127/83013342645452800000
113	86	1	4	2
113	86	2	4	2
113	86	2	5	2
113	86	3	4	2
113	86	3	10	2
113	86	4	5	2
113	86	4	10	2
113	87	1	4	324/595
113	87	2	4	-2916/6545
113	87	2	5	14148/32725
113	87	3	4	-2916/6545
113	87	3	9	14148/32725
113	87	4	5	-108/935
113	87	4	9	-108/935
113	88	1	4	2290032/27259925
113	88	2	4	10493712/299859175
113	88	2	5	218906064/7496479375
113	88	3	4	10493712/299859175
113	88	3	9	218906064/7496479375
113	88	4	5	-17266608/299859175
113	88	4	9	-17266608/299859175
113	89	1	4	-196515072/16219655375
113	89	2	4	40882693248/1962578300375
113	89	2	5	-5266190744064/245322287546875
113	89	3	4	40882693248/1962578300375
113	89	3	9	-5266190744064/245322287546875
113	89	4	5	3013231104/280368328625
113	89	4	9	3013231104/280368328625
113	90	1	4	-29138136251904/2441625821875625
113	90	2	4	-2526522416653824/295436724446950625
113	90	2	5	-1475928722721443328/184647952779344140625
113	90	3	4	-2526522416653824/295436724446950625
113	90	3	9	-1475928722721443328/184647952779344140625
113	90	4	5	1297142689337856/295436724446950625
113	90	4	9	1297142689337856/295436724446950625
113	91	1	4	-3310462276793856/1452767364015996875
113	91	2	4	-80674905344859648/276233337357898834375
113	91	2	5	487820728142172808704/863229179243433857421875
113	91	3	4	-80674905344859648/276233337357898834375
113	91	3	9	487820728142172808704/863229179243433857421875
113	91	4	5	-417191686342184448/276233337357898834375
113	91	4	9	-417191686342184448/276233337357898834375
114	56	8	14	1/2
114	56	8	18	1/2
114	56	9	14	1/2
114	56	9	18	1/2
114	56	10	12	1/2
114	56	10	13	1/2
114	56	12	18	1/2
114	56	13	18	1/2
114	57	6	12	351/2380
114	57	6	16	-243/2380
114	57	7	12	351/2380
114	57	7	16	-243/2380
114	57	8	10	351/2380
114	57	8	11	351/2380
114	57	10	16	-243/2380
114	57	11	16	-243/2380
114	58	6	12	303831/9912700
114	58	6	16	79299/9912700
114	58	7	12	303831/9912700
114	58	7	16	79299/9912700
114	58	8	10	303831/9912700
114	58	8	11	303831/9912700
114	58	10	16	79299/9912700
114	58	11	16	79299/9912700
114	59	6	12	8614593/5898056500
114	59	6	16	21316689/5898056500
114	59	7	12	8614593/5898056500
114	59	7	16	21316689/5898056500
114	59	8	10	8614593/5898056500
114	59	8	11	8614593/5898056500
114	59	10	16	21316689/5898056500
114	59	11	16	21316689/5898056500
114	60	6	12	-40728634407/20178725800625
114	60	6	16	-29075904747/20178725800625
114	60	7	12	-40728634407/20178725800625
114	60	7	16	-29075904747/20178725800625
114	60	8	10	-40728634407/20178725800625
114	60	8	11	-40728634407/20178725800625
114	60	10	16	-29075904747/20178725800625
114	60	11	16	-29075904747/20178725800625
114	61	6	12	-81366228069633/96050734810975000
114	61	6	16	-94975415433/13721533544425000
114	61	7	12	-81366228069633/96050734810975000
114	61	7	16	-94975415433/13721533544425000
114	61	8	10	-81366228069633/96050734810975000
114	61	8	11	-81366228069633/96050734810975000
114	61	10	16	-94975415433/13721533544425000
114	61	11	16	-94975415433/13721533544425000
114	62	4	9	1
114	62	4	16	1
114	62	6	9	1
114	62	6	13	1
114	62	11	13	1
114	62	11	16	1
114	63	3	8	459/2275
114	63	3	14	171/455
114	63	5	8	459/2275
114	63	5	12	171/455
114	63	10	12	-621/2275
114	63	10	14	-621/2275
114	64	3	8	500742/36229375
114	64	3	14	165726/1449175
114	64	5	8	500742/36229375
114	64	5	12	165726/1449175
114	64	10	12	1725462/36229375
114	64	10	14	1725462/36229375
114	65	3	8	-664314372/82421828125
114	65	3	14	15014484/659374625
114	65	5	8	-664314372/82421828125
114	65	5	12	15014484/659374625
114	65	10	12	138227148/82421828125
114	65	10	14	138227148/82421828125
114	66	3	8	-12634035230304/4312722156640625
114	66	3	14	-5895242208/6900355450625
114	66	5	8	-12634035230304/4312722156640625
114	66	5	12	-5895242208/6900355450625
114	66	10	12	-2764832903712/616103165234375
114	66	10	14	-2764832903712/616103165234375
114	67	3	8	1212157667454264/9811442906357421875
114	67	3	14	-9586343917224/3139661730034375
114	67	5	8	1212157667454264/9811442906357421875
114	67	5	12	-9586343917224/3139661730034375
114	67	10	12	533442963756168/426584474189453125
114	67	10	14	533442963756168/426584474189453125
114	68	2	12	1/3
114	68	2	15	1/3
114	68	3	10	1/3
114	68	3	15	1/3
114	68	4	10	1/3
114	68	4	12	1/3
114	68	5	10	1/3
114	68	5	12	1/3
114	68	6	10	1/3
114	68	6	15	1/3
114	68	7	12	1/3
114	68	7	15	1/3
114	69	2	11	29/280
114	69	2	13	29/280
114	69	3	10	29/280
114	69	3	13	29/280
114	69	4	10	-19/560
114	69	4	11	-19/560
114	69	5	10	29/280
114	69	5	11	29/280
114	69	6	10	-19/560
114	69	6	13	-19/560
114	69	7	11	-19/560
114	69	7	13	-19/560
114	70	2	11	12111/548800
114	70	2	13	12111/548800
114	70	3	10	12111/548800
114	70	3	13	12111/548800
114	70	4	10	-14619/2195200
114	70	4	11	-14619/2195200
114	70	5	10	12111/548800
114	70	5	11	12111/548800
114	70	6	10	-14619/2195200
114	70	6	13	-14619/2195200
114	70	7	11	-14619/2195200
114	70	7	13	-14619/2195200
114	71	2	11	87957/153664000
114	71	2	13	87957/153664000
114	71	3	10	87957/153664000
114	71	3	13	87957/153664000
114	71	4	10	3364083/1229312000
114	71	4	11	3364083/1229312000
114	71	5	10	87957/153664000
114	71	5	11	87957/153664000
114	71	6	10	3364083/1229312000
114	71	6	13	3364083/1229312000
114	71	7	11	3364083/1229312000
114	71	7	13	3364083/1229312000
114	72	2	11	-1890879093/989596160000
114	72	2	13	-1890879093/989596160000
114	72	3	10	-1890879093/989596160000
114	72	3	13	-1890879093/989596160000
114	72	4	10	3919548987/15833538560000
114	72	4	11	3919548987/15833538560000
114	72	5	10	-1890879093/989596160000
114	72	5	11	-1890879093/989596160000
114	72	6	10	3919548987/15833538560000
114	72	6	13	3919548987/15833538560000
114	72	7	11	3919548987/15833538560000
114	72	7	13	3919548987/15833538560000
114	73	2	11	-30188260413/39583846400000
114	73	2	13	-30188260413/39583846400000
114	73	3	10	-30188260413/39583846400000
114	73	3	13	-30188260413/39583846400000
114	73	4	10	-58757125491/180954726400000
114	73	4	11	-58757125491/180954726400000
114	73	5	10	-30188260413/39583846400000
114	73	5	11	-30188260413/39583846400000
114	73	6	10	-58757125491/180954726400000
114	73	6	13	-58757125491/180954726400000
114	73	7	11	-58757125491/180954726400000
114	73	7	13	-58757125491/180954726400000
114	86	1	8	1
114	86	1	14	1
114	86	5	6	1
114	86	5	8	1
114	86	6	15	1
114	86	10	13	1
114	86	10	14	1
114	86	13	15	1
114	87	1	8	27/85
114	87	1	12	27/85
114	87	5	6	2781/32725
114	87	5	8	-6183/32725
114	87	6	13	-1026/6545
114	87	9	11	2781/32725
114	87	9	12	-6183/32725
114	87	11	13	-1026/6545
114	88	1	8	1986282/27259925
114	88	1	12	1986282/27259925
114	88	5	6	-156026898/7496479375
114	88	5	8	57441798/7496479375
114	88	6	13	-1037853/299859175
114	88	9	11	-156026898/7496479375
114	88	9	12	57441798/7496479375
114	88	11	13	-1037853/299859175
114	89	1	8	12360924/2317093625
114	89	1	12	12360924/2317093625
114	89	5	6	-1602846447588/245322287546875
114	89	5	8	2243733115716/245322287546875
114	89	6	13	18315149598/1962578300375
114	89	9	11	-1602846447588/245322287546875
114	89	9	12	2243733115716/245322287546875
114	89	11	13	18315149598/1962578300375
114	90	1	8	-11326189634784/2441625821875625
114	90	1	12	-11326189634784/2441625821875625
114	90	5	6	182846713165700256/184647952779344140625
114	90	5	8	-475936065394578144/184647952779344140625
114	90	6	13	-58110595240617/42205246349564375
114	90	9	11	182846713165700256/184647952779344140625
114	90	9	12	-475936065394578144/184647952779344140625
114	90	11	13	-58110595240617/42205246349564375
114	91	1	8	-484029919698408/207538194859428125
114	91	1	12	-484029919698408/207538194859428125
114	91	5	6	4514674169656225008936/6042604254704037001953125
114	91	5	8	-2318509427672128914648/6042604254704037001953125
114	91	6	13	-1357628088073378986/1933633361505291840625
114	91	9	11	4514674169656225008936/6042604254704037001953125
114	91	9	12	-2318509427672128914648/6042604254704037001953125
114	91	11	13	-1357628088073378986/1933633361505291840625
114	92	3	4	1
114	92	3	9	1
114	92	4	9	1
114	92	5	6	1
114	92	5	9	1
114	92	6	9	1
114	93	3	4	-1647/6440
114	93	3	9	837/3220
114	93	4	9	27/16100
114	93	5	6	-1647/6440
114	93	5	9	837/3220
114	93	6	9	27/16100
114	94	3	4	10716543/290315200
114	94	3	9	2836053/72578800
114	94	4	9	-51693147/1814470000
114	94	5	6	10716543/290315200
114	94	5	9	2836053/72578800
114	94	6	9	-51693147/1814470000
114	95	3	4	9596899359/1869629888000
114	95	3	9	-1087938459/233703736000
114	95	4	9	-4187420469/29212967000000
114	95	5	6	9596899359/1869629888000
114	95	5	9	-1087938459/233703736000
114	95	6	9	-4187420469/29212967000000
114	96	3	4	-56346347169513/12040416478720000
114	96	3	9	-3583439169993/752526029920000
114	96	4	9	1045616548512087/470328768700000000
114	96	5	6	-56346347169513/12040416478720000
114	96	5	9	-3583439169993/752526029920000
114	96	6	9	1045616548512087/470328768700000000
114	97	3	4	64239301307752551/77540282122956800000
114	97	3	9	-321044104908243/346161973763200000
114	97	4	9	2881195615927701/154536595430000000000
114	97	5	6	64239301307752551/77540282122956800000
114	97	5	9	-321044104908243/346161973763200000
114	97	6	9	2881195615927701/154536595430000000000
114	98	2	6	1/4
114	98	2	11	1/4
114	98	3	7	1/4
114	98	3	12	1/4
114	98	5	6	1/4
114	98	5	7	1/4
114	98	10	11	1/4
114	98	10	12	1/4
114	99	2	6	-171/3185
114	99	2	10	-171/3185
114	99	3	7	-171/3185
114	99	3	11	-171/3185
114	99	5	6	-171/3185
114	99	5	7	-171/3185
114	99	9	10	-171/3185
114	99	9	11	-171/3185
114	100	2	6	143181/40576900
114	100	2	10	143181/40576900
114	100	3	7	143181/40576900
114	100	3	11	143181/40576900
114	100	5	6	143181/40576900
114	100	5	7	143181/40576900
114	100	9	10	143181/40576900
114	100	9	11	143181/40576900
114	101	2	6	86554899/32309356625
114	101	2	10	86554899/32309356625
114	101	3	7	86554899/32309356625
114	101	3	11	86554899/32309356625
114	101	5	6	86554899/32309356625
114	101	5	7	86554899/32309356625
114	101	9	10	86554899/32309356625
114	101	9	11	86554899/32309356625
114	102	2	6	-9286832909097/9467287678257500
114	102	2	10	-9286832909097/9467287678257500
114	102	3	7	-9286832909097/9467287678257500
114	102	3	11	-9286832909097/9467287678257500
114	102	5	6	-9286832909097/9467287678257500
114	102	5	7	-9286832909097/9467287678257500
114	102	9	10	-9286832909097/9467287678257500
114	102	9	11	-9286832909097/9467287678257500
114	103	2	6	-564736597679313/7538327813812534375
114	103	2	10	-564736597679313/7538327813812534375
114	103	3	7	-564736597679313/7538327813812534375
114	103	3	11	-564736597679313/7538327813812534375
114	103	5	6	-564736597679313/7538327813812534375
114	103	5	7	-564736597679313/7538327813812534375
114	103	9	10	-564736597679313/7538327813812534375
114	103	9	11	-564736597679313/7538327813812534375
115	56	8	18	1
115	56	9	18	1
115	56	12	18	1
115	56	13	18	1
115	57	6	16	108/595
115	57	7	16	108/595
115	57	10	16	108/595
115	57	11	16	108/595
115	58	6	16	16929/2478175
115	58	7	16	16929/2478175
115	58	10	16	16929/2478175
115	58	11	16	16929/2478175
115	59	6	16	-12150972/1474514125
115	59	7	16	-12150972/1474514125
115	59	10	16	-12150972/1474514125
115	59	11	16	-12150972/1474514125
115	60	6	16	-44572960503/20178725800625
115	60	7	16	-44572960503/20178725800625
115	60	10	16	-44572960503/20178725800625
115	60	11	16	-44572960503/20178725800625
115	61	6	16	567240991524/1715191693053125
115	61	7	16	567240991524/1715191693053125
115	61	10	16	567240991524/1715191693053125
115	61	11	16	567240991524/1715191693053125
115	62	4	18	2
115	62	6	18	2
115	63	3	16	1296/2275
115	63	5	16	1296/2275
115	64	3	16	3899016/36229375
115	64	5	16	3899016/36229375
115	65	3	16	-39051072/82421828125
115	65	5	16	-39051072/82421828125
115	66	3	16	-40303485858528/4312722156640625
115	66	5	16	-40303485858528/4312722156640625
115	67	3	16	-29962061834920704/9811442906357421875
115	67	5	16	-29962061834920704/9811442906357421875
115	68	10	12	2/3
115	68	10	13	2/3
115	68	10	15	2/3
115	68	10	16	2/3
115	68	12	13	2/3
115	68	12	15	2/3
115	68	12	17	2/3
115	68	15	16	2/3
115	68	15	17	2/3
115	69	10	11	17/140
115	69	10	12	-43/280
115	69	10	13	17/140
115	69	10	14	-43/280
115	69	11	12	-43/280
115	69	11	13	17/140
115	69	11	15	-43/280
115	69	13	14	-43/280
115	69	13	15	-43/280
115	70	10	11	429/274400
115	70	10	12	16269/1097600
115	70	10	13	429/274400
115	70	10	14	16269/1097600
115	70	11	12	16269/1097600
115	70	11	13	429/274400
115	70	11	15	16269/1097600
115	70	13	14	16269/1097600
115	70	13	15	16269/1097600
115	71	10	11	-553401/76832000
115	71	10	12	3721779/614656000
115	71	10	13	-553401/76832000
115	71	10	14	3721779/614656000
115	71	11	12	3721779/614656000
115	71	11	13	-553401/76832000
115	71	11	15	3721779/614656000
115	71	13	14	3721779/614656000
115	71	13	15	3721779/614656000
115	72	10	11	-802485333/494798080000
115	72	10	12	-23204817333/7916769280000
115	72	10	13	-802485333/494798080000
115	72	10	14	-23204817333/7916769280000
115	72	11	12	-23204817333/7916769280000
115	72	11	13	-802485333/494798080000
115	72	11	15	-23204817333/7916769280000
115	72	13	14	-23204817333/7916769280000
115	72	13	15	-23204817333/7916769280000
115	73	10	11	9350081991/19791923200000
115	73	10	12	51167976291/633341542400000
115	73	10	13	9350081991/19791923200000
115	73	10	14	51167976291/633341542400000
115	73	11	12	51167976291/633341542400000
115	73	11	13	9350081991/19791923200000
115	73	11	15	51167976291/633341542400000
115	73	13	14	51167976291/633341542400000
115	73	13	15	51167976291/633341542400000
115	86	1	18	2
115	87	1	16	432/595
115	88	1	16	5631768/27259925
115	89	1	16	545455296/16219655375
115	90	1	16	-14338992436704/2441625821875625
115	91	1	16	-9558097910270208/1452767364015996875
115	92	9	12	2
115	92	9	13	2
115	92	9	14	2
115	92	9	15	2
115	92	12	14	2
115	93	9	11	1593/8050
115	93	9	12	-513/1610
115	93	9	13	1593/8050
115	93	9	14	-513/1610
115	93	11	13	-5373/16100
115	94	9	11	-34773057/907235000
115	94	9	12	-259281/36289400
115	94	9	13	-34773057/907235000
115	94	9	14	-259281/36289400
115	94	11	13	-8062497/3628940000
115	95	9	11	-222775087401/14606483500000
115	95	9	12	2289113217/116851868000
115	95	9	13	-222775087401/14606483500000
115	95	9	14	2289113217/116851868000
115	95	11	13	2301553010781/116851868000000
115	96	9	11	325197849890007/235164384350000000
115	96	9	12	-1105376553801/376263014960000
115	96	9	13	325197849890007/235164384350000000
115	96	9	14	-1105376553801/376263014960000
115	96	11	13	-13285884270703113/3762630149600000000
115	97	9	11	935789123146325193/540878084005000000000
115	97	9	12	-263440082948913/173080986881600000
115	97	9	13	935789123146325193/540878084005000000000
115	97	9	14	-263440082948913/173080986881600000
115	97	11	13	-169622946056254218651/121156690817120000000000
115	104	5	6	1
115	104	5	7	1
115	104	9	10	1
115	104	9	11	1
115	105	5	6	-171/700
115	105	5	7	-171/700
115	105	9	10	-171/700
115	105	9	11	-171/700
115	106	5	6	103167/3430000
115	106	5	7	103167/3430000
115	106	9	10	103167/3430000
115	106	9	11	103167/3430000
115	107	5	6	17078283/2401000000
115	107	5	7	17078283/2401000000
115	107	9	10	17078283/2401000000
115	107	9	11	17078283/2401000000
115	108	5	6	-179241789519/38656100000000
115	108	5	7	-179241789519/38656100000000
115	108	9	10	-179241789519/38656100000000
115	108	9	11	-179241789519/38656100000000
115	109	5	6	13905869891589/27059270000000000
115	109	5	7	13905869891589/27059270000000000
115	109	9	10	13905869891589/27059270000000000
115	109	9	11	13905869891589/27059270000000000
116	56	16	16	1
116	56	17	17	1
116	57	14	14	-981/2975
116	57	15	15	-981/2975
116	58	14	14	411237/5057500
116	58	15	15	411237/5057500
116	59	14	14	-919284309/105322437500
116	59	15	15	-919284309/105322437500
116	60	14	14	-115511863076217/28826751143750000
116	60	15	15	-115511863076217/28826751143750000
116	61	14	14	217608879391726257/85759584652656250000
116	61	15	15	217608879391726257/85759584652656250000
116	62	8	8	2
116	62	8	12	4
116	62	8	15	4
116	62	8	17	4
116	63	7	7	108/11375
116	63	7	11	11988/11375
116	63	7	13	11988/11375
116	63	7	15	-11556/11375
116	64	7	7	-7417818/129390625
116	64	7	11	21080736/129390625
116	64	7	13	21080736/129390625
116	64	7	15	18537984/129390625
116	65	7	7	-1202316372/1471818359375
116	65	7	11	-3687964344/210259765625
116	65	7	13	-3687964344/210259765625
116	65	7	15	32231463624/1471818359375
116	66	7	7	1732996303650126/385064478271484375
116	66	7	11	-7509281167629648/385064478271484375
116	66	7	13	-7509281167629648/385064478271484375
116	66	7	15	-7220220459154128/385064478271484375
116	67	7	7	468446638006025604/4380108440338134765625
116	67	7	11	-2521934716448967408/625729777191162109375
116	67	7	13	-2521934716448967408/625729777191162109375
116	67	7	15	13673709207514986192/4380108440338134765625
116	74	4	14	4/3
116	74	6	12	4/3
116	74	8	10	4/3
116	75	3	13	3996/8785
116	75	5	11	3996/8785
116	75	7	9	3996/8785
116	76	3	13	9109341/77176225
116	76	5	11	9109341/77176225
116	76	7	9	9109341/77176225
116	77	3	13	10117869003/677993136625
116	77	5	11	10117869003/677993136625
116	77	7	9	10117869003/677993136625
116	78	3	13	-2763672254696043/547967612883057500
116	78	5	11	-2763672254696043/547967612883057500
116	78	7	9	-2763672254696043/547967612883057500
116	79	3	13	-18061266124506620403/4813895479177660137500
116	79	5	11	-18061266124506620403/4813895479177660137500
116	79	7	9	-18061266124506620403/4813895479177660137500
116	92	1	8	4
116	93	1	8	-891/4025
116	94	1	8	-7086609/64802500
116	95	1	8	20357201799/1043320250000
116	96	1	8	133199033540121/16797456025000000
116	97	1	8	-702640466202693051/270439042002500000000
116	98	1	8	1
116	98	1	13	1
116	98	1	15	1
116	98	1	17	1
116	99	1	8	-297/3185
116	99	1	12	-297/3185
116	99	1	14	-297/3185
116	99	1	15	-297/3185
116	100	1	8	-258228/10144225
116	100	1	12	-258228/10144225
116	100	1	14	-258228/10144225
116	100	1	15	-258228/10144225
116	101	1	8	282477294/32309356625
116	101	1	12	282477294/32309356625
116	101	1	14	282477294/32309356625
116	101	1	15	282477294/32309356625
116	102	1	8	3523007655756/2366821919564375
116	102	1	12	3523007655756/2366821919564375
116	102	1	14	3523007655756/2366821919564375
116	102	1	15	3523007655756/2366821919564375
116	103	1	8	-9194014668556476/7538327813812534375
116	103	1	12	-9194014668556476/7538327813812534375
116	103	1	14	-9194014668556476/7538327813812534375
116	103	1	15	-9194014668556476/7538327813812534375
116	104	1	4	2
116	105	1	4	-198/875
116	106	1	4	-55971/1531250
116	107	1	4	24385779/1339843750
116	108	1	4	13015770849/15408203125000
116	109	1	4	-201021773935257/94375244140625000
117	56	16	16	1
117	56	17	17	1
117	57	14	14	333/5950
117	57	15	15	333/5950
117	58	14	14	-7265457/247817500
117	58	15	15	-7265457/247817500
117	59	14	14	-7775156061/1474514125000
117	59	15	15	-7775156061/1474514125000
117	60	14	14	460937998837521/201787258006250000
117	60	15	15	460937998837521/201787258006250000
117	61	14	14	901420578538586973/1200634185137187500000
117	61	15	15	901420578538586973/1200634185137187500000
117	62	12	17	4
117	62	15	17	4
117	63	11	15	7992/11375
117	63	13	15	7992/11375
117	64	11	15	-11214288/905734375
117	64	13	15	-11214288/905734375
117	65	11	15	-513875785824/10302728515625
117	65	13	15	-513875785824/10302728515625
117	66	11	15	-23457204898946496/2695451347900390625
117	66	13	15	-23457204898946496/2695451347900390625
117	67	11	15	134890074908843755392/30660759082366943359375
117	67	13	15	134890074908843755392/30660759082366943359375
117	74	4	16	4/3
117	74	6	16	4/3
117	74	8	8	2/3
117	74	8	16	4/3
117	74	10	16	4/3
117	74	12	12	2/3
117	74	12	16	4/3
117	74	14	14	2/3
117	74	14	16	4/3
117	75	3	15	2664/8785
117	75	5	15	2664/8785
117	75	7	7	369/8785
117	75	7	15	-72/251
117	75	9	15	2664/8785
117	75	11	11	369/8785
117	75	11	15	-72/251
117	75	13	13	369/8785
117	75	13	15	-72/251
117	76	3	15	13512096/540233575
117	76	5	15	13512096/540233575
117	76	7	7	-20887227/1080467150
117	76	7	15	9592992/540233575
117	76	9	15	13512096/540233575
117	76	11	11	-20887227/1080467150
117	76	11	15	9592992/540233575
117	76	13	13	-20887227/1080467150
117	76	13	15	9592992/540233575
117	77	3	15	-13578855552/949190391275
117	77	5	15	-13578855552/949190391275
117	77	7	7	-75697150401/18983807825500
117	77	7	15	2046612096/135598627325
117	77	9	15	-13578855552/949190391275
117	77	11	11	-75697150401/18983807825500
117	77	11	15	2046612096/135598627325
117	77	13	13	-75697150401/18983807825500
117	77	13	15	2046612096/135598627325
117	78	3	15	-5854641481967616/958943322545350625
117	78	5	15	-5854641481967616/958943322545350625
117	78	7	7	11290094689430619/7671546580362805000
117	78	7	15	-5160426412935168/958943322545350625
117	78	9	15	-5854641481967616/958943322545350625
117	78	11	11	11290094689430619/7671546580362805000
117	78	11	15	-5160426412935168/958943322545350625
117	78	13	13	11290094689430619/7671546580362805000
117	78	13	15	-5160426412935168/958943322545350625
117	79	3	15	1297527392624292864/8424317088560905240625
117	79	5	15	1297527392624292864/8424317088560905240625
117	79	7	7	76952243007393887169/134789073416974483850000
117	79	7	15	-24418663720547328/48138954791776601375
117	79	9	15	1297527392624292864/8424317088560905240625
117	79	11	11	76952243007393887169/134789073416974483850000
117	79	11	15	-24418663720547328/48138954791776601375
117	79	13	13	76952243007393887169/134789073416974483850000
117	79	13	15	-24418663720547328/48138954791776601375
117	92	1	17	4
117	93	1	16	-594/4025
117	94	1	16	-15702417/113404375
117	95	1	16	14357626569/912905218750
117	96	1	16	95636510499447/7348887010937500
117	97	1	16	-150506500880508399/59158540438046875000
117	104	1	14	2
117	104	1	16	2
117	105	1	14	-198/875
117	105	1	15	-198/875
117	106	1	14	-256986/5359375
117	106	1	15	-256986/5359375
117	107	1	14	103493214/4689453125
117	107	1	15	103493214/4689453125
117	108	1	14	197032091922/94375244140625
117	108	1	15	197032091922/94375244140625
117	109	1	14	-261228391926678/82578338623046875
117	109	1	15	-261228391926678/82578338623046875
117	110	1	4	1/3
117	110	1	6	1/3
117	110	1	7	1/3
117	110	1	10	1/3
117	110	1	11	1/3
117	110	1	13	1/3
117	111	1	4	-99/2065
117	111	1	6	-99/2065
117	111	1	7	-99/2065
117	111	1	10	-99/2065
117	111	1	11	-99/2065
117	111	1	13	-99/2065
117	112	1	4	-143046/29849575
117	112	1	6	-143046/29849575
117	112	1	7	-143046/29849575
117	112	1	10	-143046/29849575
117	112	1	11	-143046/29849575
117	112	1	13	-143046/29849575
117	113	1	4	49942332/12327874475
117	113	1	6	49942332/12327874475
117	113	1	7	49942332/12327874475
117	113	1	10	49942332/12327874475
117	113	1	11	49942332/12327874475
117	113	1	13	49942332/12327874475
117	114	1	4	-543010824864/2927561990950625
117	114	1	6	-543010824864/2927561990950625
117	114	1	7	-543010824864/2927561990950625
117	114	1	10	-543010824864/2927561990950625
117	114	1	11	-543010824864/2927561990950625
117	114	1	13	-543010824864/2927561990950625
117	115	1	4	-2901790316760984/6045415511313040625
117	115	1	6	-2901790316760984/6045415511313040625
117	115	1	7	-2901790316760984/6045415511313040625
117	115	1	10	-2901790316760984/6045415511313040625
117	115	1	11	-2901790316760984/6045415511313040625
117	115	1	13	-2901790316760984/6045415511313040625
118	56	16	17	2
118	57	14	15	-171/425
118	58	14	15	2428623/123908750
118	59	14	15	2184261147/105322437500
118	60	14	15	-28366514421993/4386679521875000
118	61	14	15	-3163813385504157/3728677593593750000
118	62	5	12	4
118	62	7	15	4
118	63	4	11	10656/11375
118	63	6	13	10656/11375
118	64	4	11	82461888/905734375
118	64	6	13	82461888/905734375
118	65	4	11	-399707923968/10302728515625
118	65	6	13	-399707923968/10302728515625
118	66	4	11	-2217834791396352/117193536865234375
118	66	6	13	-2217834791396352/117193536865234375
118	67	4	11	-12488446479900672/27205642486572265625
118	67	6	13	-12488446479900672/27205642486572265625
118	74	4	15	4/3
118	74	6	13	4/3
118	74	9	10	4/3
118	75	3	14	54/1757
118	75	5	12	54/1757
118	75	8	9	54/1757
118	76	3	14	-22062699/540233575
118	76	5	12	-22062699/540233575
118	76	8	9	-22062699/540233575
118	77	3	14	-5423237307/1898380782550
118	77	5	12	-5423237307/1898380782550
118	77	8	9	-5423237307/1898380782550
118	78	3	14	569387050724349/166772751747017500
118	78	5	12	569387050724349/166772751747017500
118	78	8	9	569387050724349/166772751747017500
118	79	3	14	47309125051136169/117207889927803899000
118	79	5	12	47309125051136169/117207889927803899000
118	79	8	9	47309125051136169/117207889927803899000
118	80	4	4	1/2
118	80	6	6	1/2
118	80	14	14	1/2
118	80	16	16	1/2
118	81	4	4	27/1792
118	81	6	6	27/1792
118	81	11	11	27/1792
118	81	13	13	27/1792
118	82	4	4	-4164777/280985600
118	82	6	6	-4164777/280985600
118	82	11	11	-4164777/280985600
118	82	13	13	-4164777/280985600
118	83	4	4	-344235987/251763097600
118	83	6	6	-344235987/251763097600
118	83	11	11	-344235987/251763097600
118	83	13	13	-344235987/251763097600
118	84	4	4	6742459460007/5639493386240000
118	84	6	6	6742459460007/5639493386240000
118	84	11	11	6742459460007/5639493386240000
118	84	13	13	6742459460007/5639493386240000
118	85	4	4	27206402955327/144371030687744000
118	85	6	6	27206402955327/144371030687744000
118	85	11	11	27206402955327/144371030687744000
118	85	13	13	27206402955327/144371030687744000
118	86	2	16	4
118	86	3	17	4
118	87	2	14	-23328/32725
118	87	3	15	-23328/32725
118	88	2	14	-50995008/7496479375
118	88	3	15	-50995008/7496479375
118	89	2	14	12000328920576/245322287546875
118	89	3	15	12000328920576/245322287546875
118	90	2	14	-73882992634094592/8028171859971484375
118	90	3	15	-73882992634094592/8028171859971484375
118	91	2	14	-152910514707930390528/37531703445366689453125
118	91	3	15	-152910514707930390528/37531703445366689453125
118	92	1	7	4
118	93	1	7	4131/4025
118	94	1	7	57753567/453617500
118	95	1	7	-271206565443/7303241750000
118	96	1	7	-2789470457512713/117582192175000000
118	97	1	7	-4305419231071898043/1893073294017500000000
118	104	2	3	2
118	105	2	3	-279/875
118	106	2	3	-200313/10718750
118	107	2	3	471708927/18757812500
118	108	2	3	-88327810233/32826171875000
118	109	2	3	-153127759733793/57445800781250000
119	56	16	17	2
119	57	14	15	1098/2975
119	58	14	15	762453/123908750
119	59	14	15	-8010512253/368628531250
119	60	14	15	-512804477918799/100893629003125000
119	61	14	15	415760522392805049/300158546284296875000
119	62	12	13	4
119	62	15	16	4
119	63	11	12	1332/2275
119	63	13	14	1332/2275
119	64	11	12	-1591488/36229375
119	64	13	14	-1591488/36229375
119	65	11	12	-3657754584/82421828125
119	65	13	14	-3657754584/82421828125
119	66	11	12	-14322380719536/4312722156640625
119	66	13	14	-14322380719536/4312722156640625
119	67	11	12	45377914026843792/9811442906357421875
119	67	13	14	45377914026843792/9811442906357421875
119	74	4	17	4/3
119	74	6	17	4/3
119	74	10	17	4/3
119	75	3	16	-1062/8785
119	75	5	16	-1062/8785
119	75	9	16	-1062/8785
119	76	3	16	-16747884/540233575
119	76	5	16	-16747884/540233575
119	76	9	16	-16747884/540233575
119	77	3	16	49451510151/4745951956375
119	77	5	16	49451510151/4745951956375
119	77	9	16	49451510151/4745951956375
119	78	3	16	1570481243903583/958943322545350625
119	78	5	16	1570481243903583/958943322545350625
119	78	9	16	1570481243903583/958943322545350625
119	79	3	16	-3213835619178746997/2406947739588830068750
119	79	5	16	-3213835619178746997/2406947739588830068750
119	79	9	16	-3213835619178746997/2406947739588830068750
119	86	15	15	2
119	87	13	13	972/6545
119	88	13	13	-16959942/299859175
119	89	13	13	-27941750604/1962578300375
119	90	13	13	1205693836664706/295436724446950625
119	91	13	13	3965075812581336252/1933633361505291840625
119	92	1	16	4
119	92	3	16	4
119	92	5	16	4
119	93	1	15	4428/4025
119	93	3	15	-513/805
119	93	5	15	-513/805
119	94	1	15	37466469/226808750
119	94	3	15	-650511/18144700
119	94	5	15	-650511/18144700
119	95	1	15	-27509925267/912905218750
119	95	3	15	2891216187/58425934000
119	95	5	15	2891216187/58425934000
119	96	1	15	-780125785141977/29395548043750000
119	96	3	15	-1019814552801/188131507480000
119	96	5	15	-1019814552801/188131507480000
119	97	1	15	-76285241995018977/16902440125156250000
119	97	3	15	-445701812850513/86540493440800000
119	97	5	15	-445701812850513/86540493440800000
119	110	2	3	1/3
119	110	2	5	1/3
119	110	2	9	1/3
119	110	3	5	1/3
119	110	3	9	1/3
119	110	5	9	1/3
119	111	2	3	-81/2065
119	111	2	5	-81/2065
119	111	2	9	-81/2065
119	111	3	5	-81/2065
119	111	3	9	-81/2065
119	111	5	9	-81/2065
119	112	2	3	-3124089/477593200
119	112	2	5	-3124089/477593200
119	112	2	9	-3124089/477593200
119	112	3	5	-3124089/477593200
119	112	3	9	-3124089/477593200
119	112	5	9	-3124089/477593200
119	113	2	3	3348845937/986229958000
119	113	2	5	3348845937/986229958000
119	113	2	9	3348845937/986229958000
119	113	3	5	3348845937/986229958000
119	113	3	9	3348845937/986229958000
119	113	5	9	3348845937/986229958000
119	114	2	3	119794921995627/749455869683360000
119	114	2	5	119794921995627/749455869683360000
119	114	2	9	119794921995627/749455869683360000
119	114	3	5	119794921995627/749455869683360000
119	114	3	9	119794921995627/749455869683360000
119	114	5	9	119794921995627/749455869683360000
119	115	2	3	-94532762112403203/221089481556591200000
119	115	2	5	-94532762112403203/221089481556591200000
119	115	2	9	-94532762112403203/221089481556591200000
119	115	3	5	-94532762112403203/221089481556591200000
119	115	3	9	-94532762112403203/221089481556591200000
119	115	5	9	-94532762112403203/221089481556591200000
120	56	5	16	1
120	56	5	17	1
120	57	4	14	-432/2975
120	57	4	15	-432/2975
120	58	4	14	-2988333/247817500
120	58	4	15	-2988333/247817500
120	59	4	14	2096921844/184314265625
120	59	4	15	2096921844/184314265625
120	60	4	14	-3045702483711/4118107306250000
120	60	4	15	-3045702483711/4118107306250000
120	61	4	14	-46317237317927127/37519818285537109375
120	61	4	15	-46317237317927127/37519818285537109375
120	62	2	5	2
120	62	2	7	2
120	62	5	15	2
120	62	7	12	2
120	63	2	4	4266/11375
120	63	2	6	4266/11375
120	63	4	13	-522/11375
120	63	6	11	-522/11375
120	64	2	4	884196/905734375
120	64	2	6	884196/905734375
120	64	4	13	-61857756/905734375
120	64	6	11	-61857756/905734375
120	65	2	4	-266067655632/10302728515625
120	65	2	6	-266067655632/10302728515625
120	65	4	13	48932451216/10302728515625
120	65	6	11	48932451216/10302728515625
120	66	2	4	-15017567844283488/2695451347900390625
120	66	2	6	-15017567844283488/2695451347900390625
120	66	4	13	17164774889115552/2695451347900390625
120	66	6	11	17164774889115552/2695451347900390625
120	67	2	4	9051953751545441328/4380108440338134765625
120	67	2	6	9051953751545441328/4380108440338134765625
120	67	4	13	-3273168776220354096/4380108440338134765625
120	67	6	11	-3273168776220354096/4380108440338134765625
120	74	2	4	2/3
120	74	2	5	2/3
120	74	2	6	2/3
120	74	2	7	2/3
120	74	2	10	2/3
120	74	2	11	2/3
120	75	2	3	1467/8785
120	75	2	4	-243/1757
120	75	2	5	1467/8785
120	75	2	6	-243/1757
120	75	2	9	1467/8785
120	75	2	10	-243/1757
120	76	2	3	10469493/540233575
120	76	2	4	3372921/540233575
120	76	2	5	10469493/540233575
120	76	2	6	3372921/540233575
120	76	2	9	10469493/540233575
120	76	2	10	3372921/540233575
120	77	2	3	-6066950139/949190391275
120	77	2	4	7611475149/949190391275
120	77	2	5	-6066950139/949190391275
120	77	2	6	7611475149/949190391275
120	77	2	9	-6066950139/949190391275
120	77	2	10	7611475149/949190391275
120	78	2	3	-3601698448923108/958943322545350625
120	78	2	4	-2389174462730484/958943322545350625
120	78	2	5	-3601698448923108/958943322545350625
120	78	2	6	-2389174462730484/958943322545350625
120	78	2	9	-3601698448923108/958943322545350625
120	78	2	10	-2389174462730484/958943322545350625
120	79	2	3	-4674826950030862461/16848634177121810481250
120	79	2	4	-269289751278455739/673945367084872419250
120	79	2	5	-4674826950030862461/16848634177121810481250
120	79	2	6	-269289751278455739/673945367084872419250
120	79	2	9	-4674826950030862461/16848634177121810481250
120	79	2	10	-269289751278455739/673945367084872419250
120	80	2	7	1/2
120	80	2	18	1/2
120	80	3	12	1/2
120	80	3	17	1/2
120	80	4	7	1/2
120	80	4	12	1/2
120	80	5	12	1/2
120	80	5	15	1/2
120	80	6	7	1/2
120	80	6	12	1/2
120	80	7	11	1/2
120	80	7	14	1/2
120	80	7	16	1/2
120	80	8	11	1/2
120	80	12	14	1/2
120	80	12	16	1/2
120	81	2	7	513/3584
120	81	2	15	-27/35840
120	81	3	10	513/3584
120	81	3	14	-27/35840
120	81	4	7	-729/8960
120	81	4	10	-729/8960
120	81	5	10	513/3584
120	81	5	12	-27/35840
120	81	6	7	-729/8960
120	81	6	10	-729/8960
120	81	7	9	513/3584
120	81	7	11	-729/8960
120	81	7	13	-729/8960
120	81	8	9	-27/35840
120	81	10	11	-729/8960
120	81	10	13	-729/8960
120	82	2	7	27501039/1123942400
120	82	2	15	-74209041/4495769600
120	82	3	10	27501039/1123942400
120	82	3	14	-74209041/4495769600
120	82	4	7	-918297/280985600
120	82	4	10	-918297/280985600
120	82	5	10	27501039/1123942400
120	82	5	12	-74209041/4495769600
120	82	6	7	-918297/280985600
120	82	6	10	-918297/280985600
120	82	7	9	27501039/1123942400
120	82	7	11	-918297/280985600
120	82	7	13	-918297/280985600
120	82	8	9	-74209041/4495769600
120	82	10	11	-918297/280985600
120	82	10	13	-918297/280985600
120	83	2	7	-4927894929/2014104780800
120	83	2	15	6011207883/80564191232000
120	83	3	10	-4927894929/2014104780800
120	83	3	14	6011207883/80564191232000
120	83	4	7	1486440477/251763097600
120	83	4	10	1486440477/251763097600
120	83	5	10	-4927894929/2014104780800
120	83	5	12	6011207883/80564191232000
120	83	6	7	1486440477/251763097600
120	83	6	10	1486440477/251763097600
120	83	7	9	-4927894929/2014104780800
120	83	7	11	1486440477/251763097600
120	83	7	13	1486440477/251763097600
120	83	8	9	6011207883/80564191232000
120	83	10	11	1486440477/251763097600
120	83	10	13	1486440477/251763097600
120	84	2	7	-6778186788134511/2075333566136320000
120	84	2	15	49562186521121937/33205337058181120000
120	84	3	10	-6778186788134511/2075333566136320000
120	84	3	14	49562186521121937/33205337058181120000
120	84	4	7	-101071174968927/129708347883520000
120	84	4	10	-101071174968927/129708347883520000
120	84	5	10	-6778186788134511/2075333566136320000
120	84	5	12	49562186521121937/33205337058181120000
120	84	6	7	-101071174968927/129708347883520000
120	84	6	10	-101071174968927/129708347883520000
120	84	7	9	-6778186788134511/2075333566136320000
120	84	7	11	-101071174968927/129708347883520000
120	84	7	13	-101071174968927/129708347883520000
120	84	8	9	49562186521121937/33205337058181120000
120	84	10	11	-101071174968927/129708347883520000
120	84	10	13	-101071174968927/129708347883520000
120	85	2	7	-576203584515779043/743799550103257088000
120	85	2	15	-6691567119329087307/595039640082605670400000
120	85	3	10	-576203584515779043/743799550103257088000
120	85	3	14	-6691567119329087307/595039640082605670400000
120	85	4	7	-46517710999457727/83013342645452800000
120	85	4	10	-46517710999457727/83013342645452800000
120	85	5	10	-576203584515779043/743799550103257088000
120	85	5	12	-6691567119329087307/595039640082605670400000
120	85	6	7	-46517710999457727/83013342645452800000
120	85	6	10	-46517710999457727/83013342645452800000
120	85	7	9	-576203584515779043/743799550103257088000
120	85	7	11	-46517710999457727/83013342645452800000
120	85	7	13	-46517710999457727/83013342645452800000
120	85	8	9	-6691567119329087307/595039640082605670400000
120	85	10	11	-46517710999457727/83013342645452800000
120	85	10	13	-46517710999457727/83013342645452800000
120	86	2	2	1
120	86	2	7	2
120	86	3	3	1
120	86	3	11	2
120	87	2	2	3483/32725
120	87	2	7	-7398/32725
120	87	3	3	3483/32725
120	87	3	10	-7398/32725
120	88	2	2	-186136542/7496479375
120	88	2	7	-350554716/7496479375
120	88	3	3	-186136542/7496479375
120	88	3	10	-350554716/7496479375
120	89	2	2	-2536486641576/245322287546875
120	89	2	7	5307240034224/245322287546875
120	89	3	3	-2536486641576/245322287546875
120	89	3	10	5307240034224/245322287546875
120	90	2	2	231155181296154576/184647952779344140625
120	90	2	7	359149257350780832/184647952779344140625
120	90	3	3	231155181296154576/184647952779344140625
120	90	3	10	359149257350780832/184647952779344140625
120	91	2	2	1280547920121438631464/863229179243433857421875
120	91	2	7	-2624525440443089645904/863229179243433857421875
120	91	3	3	1280547920121438631464/863229179243433857421875
120	91	3	10	-2624525440443089645904/863229179243433857421875
120	92	1	2	2
120	93	1	2	3537/8050
120	94	1	2	20895813/907235000
120	95	1	2	-397762980399/14606483500000
120	96	1	2	-2169683045794953/235164384350000000
120	97	1	2	5136938567371651599/3786146588035000000000
121	56	5	16	1
121	56	5	17	1
121	57	4	14	1431/5950
121	57	4	15	1431/5950
121	58	4	14	6554277/247817500
121	58	4	15	6554277/247817500
121	59	4	14	-12887332713/1474514125000
121	59	4	15	-12887332713/1474514125000
121	60	4	14	-139812043479417/28826751143750000
121	60	4	15	-139812043479417/28826751143750000
121	61	4	14	-379714031666248689/1200634185137187500000
121	61	4	15	-379714031666248689/1200634185137187500000
121	62	2	13	2
121	62	2	16	2
121	62	12	16	2
121	62	13	15	2
121	63	2	12	972/2275
121	63	2	14	972/2275
121	63	11	14	-72/325
121	63	12	13	-72/325
121	64	2	12	926964/36229375
121	64	2	14	926964/36229375
121	64	11	14	-1490724/36229375
121	64	12	13	-1490724/36229375
121	65	2	12	-1862641656/82421828125
121	65	2	14	-1862641656/82421828125
121	65	11	14	225010224/11774546875
121	65	12	13	225010224/11774546875
121	66	2	12	-34120042277688/4312722156640625
121	66	2	14	-34120042277688/4312722156640625
121	66	11	14	5928310120392/4312722156640625
121	66	12	13	5928310120392/4312722156640625
121	67	2	12	7828300132108272/9811442906357421875
121	67	2	14	7828300132108272/9811442906357421875
121	67	11	14	-3382743991411872/1401634700908203125
121	67	12	13	-3382743991411872/1401634700908203125
121	74	4	5	2/3
121	74	6	7	2/3
121	74	10	11	2/3
121	75	3	4	801/8785
121	75	5	6	801/8785
121	75	9	10	801/8785
121	76	3	4	-9500409/1080467150
121	76	5	6	-9500409/1080467150
121	76	9	10	-9500409/1080467150
121	77	3	4	-133242671007/18983807825500
121	77	5	6	-133242671007/18983807825500
121	77	9	10	-133242671007/18983807825500
121	78	3	4	-2267065460262213/7671546580362805000
121	78	5	6	-2267065460262213/7671546580362805000
121	78	9	10	-2267065460262213/7671546580362805000
121	79	3	4	102202318424626895241/134789073416974483850000
121	79	5	6	102202318424626895241/134789073416974483850000
121	79	9	10	102202318424626895241/134789073416974483850000
121	80	2	8	1/2
121	80	2	19	1/2
121	80	3	15	1/2
121	80	3	19	1/2
121	80	5	17	1/2
121	80	5	19	1/2
121	80	11	18	1/2
121	80	11	19	1/2
121	81	2	8	3429/35840
121	81	2	16	-27/560
121	81	3	12	3429/35840
121	81	3	16	-27/560
121	81	5	14	3429/35840
121	81	5	16	-27/560
121	81	9	15	3429/35840
121	81	9	16	-27/560
121	82	2	8	12011247/4495769600
121	82	2	16	-96471/8780800
121	82	3	12	12011247/4495769600
121	82	3	16	-96471/8780800
121	82	5	14	12011247/4495769600
121	82	5	16	-96471/8780800
121	82	9	15	12011247/4495769600
121	82	9	16	-96471/8780800
121	83	2	8	-440896818357/80564191232000
121	83	2	16	10018647/2458624000
121	83	3	12	-440896818357/80564191232000
121	83	3	16	10018647/2458624000
121	83	5	14	-440896818357/80564191232000
121	83	5	16	10018647/2458624000
121	83	9	15	-440896818357/80564191232000
121	83	9	16	10018647/2458624000
121	84	2	8	-47330380942695279/33205337058181120000
121	84	2	16	64628008569/126668308480000
121	84	3	12	-47330380942695279/33205337058181120000
121	84	3	16	64628008569/126668308480000
121	84	5	14	-47330380942695279/33205337058181120000
121	84	5	16	64628008569/126668308480000
121	84	9	15	-47330380942695279/33205337058181120000
121	84	9	16	64628008569/126668308480000
121	85	2	8	186945012741821211189/595039640082605670400000
121	85	2	16	-18078125750703/35467126374400000
121	85	3	12	186945012741821211189/595039640082605670400000
121	85	3	16	-18078125750703/35467126374400000
121	85	5	14	186945012741821211189/595039640082605670400000
121	85	5	16	-18078125750703/35467126374400000
121	85	9	15	186945012741821211189/595039640082605670400000
121	85	9	16	-18078125750703/35467126374400000
121	86	7	15	2
121	86	11	15	2
121	87	7	13	-2052/6545
121	87	10	13	-2052/6545
121	88	7	13	-5801868/299859175
121	88	10	13	-5801868/299859175
121	89	7	13	48099425832/1962578300375
121	89	10	13	48099425832/1962578300375
121	90	7	13	-728528603073336/295436724446950625
121	90	10	13	-728528603073336/295436724446950625
121	91	7	13	-5002642792998940752/1933633361505291840625
121	91	10	13	-5002642792998940752/1933633361505291840625
121	92	1	10	2
121	92	2	10	2
121	92	3	3	1
121	92	3	10	2
121	92	5	5	1
121	92	5	10	2
121	93	1	10	1917/4025
121	93	2	10	-1539/4025
121	93	3	3	81/920
121	93	3	10	-27/161
121	93	5	5	81/920
121	93	5	10	-27/161
121	94	1	10	4967649/113404375
121	94	2	10	395361/113404375
121	94	3	3	-7854489/290315200
121	94	3	10	-251991/4536175
121	94	5	5	-7854489/290315200
121	94	5	10	-251991/4536175
121	95	1	10	-10372193046/456452609375
121	95	2	10	11845347498/456452609375
121	95	3	3	-2273209353/267089984000
121	95	3	10	11927898/730324175
121	95	5	5	-2273209353/267089984000
121	95	5	10	11927898/730324175
121	96	1	10	-19506662010666/1837221752734375
121	96	2	10	-10945104985386/1837221752734375
121	96	3	3	21187570035591/12040416478720000
121	96	3	10	1595385882/419936400625
121	96	5	5	21187570035591/12040416478720000
121	96	5	10	1595385882/419936400625
121	97	1	10	491183112901203/14789635109511718750
121	97	2	10	-29442386001730221/14789635109511718750
121	97	3	3	13609317570132087/11077183160422400000
121	97	3	10	-450636990273/189307329401750
121	97	5	5	13609317570132087/11077183160422400000
121	97	5	10	-450636990273/189307329401750
122	56	10	16	1/2
122	56	10	17	1/2
122	56	14	16	1/2
122	56	14	17	1/2
122	57	8	14	-2727/23800
122	57	8	15	-2727/23800
122	57	12	14	-2727/23800
122	57	12	15	-2727/23800
122	58	8	14	1793907/141610000
122	58	8	15	1793907/141610000
122	58	12	14	1793907/141610000
122	58	12	15	1793907/141610000
122	59	8	14	100061811/30092125000
122	59	8	15	100061811/30092125000
122	59	12	14	100061811/30092125000
122	59	12	15	100061811/30092125000
122	60	8	14	-109035607839057/57653502287500000
122	60	8	15	-109035607839057/57653502287500000
122	60	12	14	-109035607839057/57653502287500000
122	60	12	15	-109035607839057/57653502287500000
122	61	8	14	31405892310534069/196021907777500000000
122	61	8	15	31405892310534069/196021907777500000000
122	61	12	14	31405892310534069/196021907777500000000
122	61	12	15	31405892310534069/196021907777500000000
122	62	5	11	1
122	62	5	15	1
122	62	7	11	1
122	62	7	12	1
122	62	9	12	1
122	62	9	15	1
122	63	4	10	837/3250
122	63	4	13	1179/3250
122	63	6	10	837/3250
122	63	6	11	1179/3250
122	63	8	11	-1593/22750
122	63	8	13	-1593/22750
122	64	4	10	9806103/258781250
122	64	4	13	26698167/258781250
122	64	6	10	9806103/258781250
122	64	6	11	26698167/258781250
122	64	8	11	-869859/36968750
122	64	8	13	-869859/36968750
122	65	4	10	-1027327941/210259765625
122	65	4	13	3531839517/210259765625
122	65	6	10	-1027327941/210259765625
122	65	6	11	3531839517/210259765625
122	65	8	11	8285466996/1471818359375
122	65	8	13	8285466996/1471818359375
122	66	4	10	-258623201045331/55009211181640625
122	66	4	13	-160482022543251/55009211181640625
122	66	6	10	-258623201045331/55009211181640625
122	66	6	11	-160482022543251/55009211181640625
122	66	8	11	539841679619103/385064478271484375
122	66	8	13	539841679619103/385064478271484375
122	67	4	10	-311923805939842419/357559872680664062500
122	67	4	13	-1170915785783280333/357559872680664062500
122	67	6	10	-311923805939842419/357559872680664062500
122	67	6	11	-1170915785783280333/357559872680664062500
122	67	8	11	-11902251966129611883/17520433761352539062500
122	67	8	13	-11902251966129611883/17520433761352539062500
122	68	2	4	1/3
122	68	2	6	1/3
122	68	3	4	1/3
122	68	3	7	1/3
122	68	5	6	1/3
122	68	5	7	1/3
122	69	2	4	29/560
122	69	2	6	29/560
122	69	3	4	29/560
122	69	3	7	29/560
122	69	5	6	29/560
122	69	5	7	29/560
122	70	2	4	-831/313600
122	70	2	6	-831/313600
122	70	3	4	-831/313600
122	70	3	7	-831/313600
122	70	5	6	-831/313600
122	70	5	7	-831/313600
122	71	2	4	-93699/25088000
122	71	2	6	-93699/25088000
122	71	3	4	-93699/25088000
122	71	3	7	-93699/25088000
122	71	5	6	-93699/25088000
122	71	5	7	-93699/25088000
122	72	2	4	-937984563/2261934080000
122	72	2	6	-937984563/2261934080000
122	72	3	4	-937984563/2261934080000
122	72	3	7	-937984563/2261934080000
122	72	5	6	-937984563/2261934080000
122	72	5	7	-937984563/2261934080000
122	73	2	4	65013200181/180954726400000
122	73	2	6	65013200181/180954726400000
122	73	3	4	65013200181/180954726400000
122	73	3	7	65013200181/180954726400000
122	73	5	6	65013200181/180954726400000
122	73	5	7	65013200181/180954726400000
122	74	4	7	1/3
122	74	4	11	1/3
122	74	5	6	1/3
122	74	5	10	1/3
122	74	6	11	1/3
122	74	7	10	1/3
122	75	3	6	3861/35140
122	75	3	10	3861/35140
122	75	4	5	3861/35140
122	75	4	9	3861/35140
122	75	5	10	3861/35140
122	75	6	9	3861/35140
122	76	3	6	16678467/617409800
122	76	3	10	16678467/617409800
122	76	4	5	16678467/617409800
122	76	4	9	16678467/617409800
122	76	5	10	16678467/617409800
122	76	6	9	16678467/617409800
122	77	3	6	30772776177/10847890186000
122	77	3	10	30772776177/10847890186000
122	77	4	5	30772776177/10847890186000
122	77	4	9	30772776177/10847890186000
122	77	5	10	30772776177/10847890186000
122	77	6	9	30772776177/10847890186000
122	78	3	6	-1500206059655199/1095935225766115000
122	78	3	10	-1500206059655199/1095935225766115000
122	78	4	5	-1500206059655199/1095935225766115000
122	78	4	9	-1500206059655199/1095935225766115000
122	78	5	10	-1500206059655199/1095935225766115000
122	78	6	9	-1500206059655199/1095935225766115000
122	79	3	6	-131235716714474092149/154044655333685124400000
122	79	3	10	-131235716714474092149/154044655333685124400000
122	79	4	5	-131235716714474092149/154044655333685124400000
122	79	4	9	-131235716714474092149/154044655333685124400000
122	79	5	10	-131235716714474092149/154044655333685124400000
122	79	6	9	-131235716714474092149/154044655333685124400000
122	80	4	8	1/4
122	80	4	15	1/4
122	80	6	8	1/4
122	80	6	17	1/4
122	80	14	15	1/4
122	80	14	18	1/4
122	80	16	17	1/4
122	80	16	18	1/4
122	81	4	8	-351/5120
122	81	4	12	-351/5120
122	81	6	8	-351/5120
122	81	6	14	-351/5120
122	81	11	12	-351/5120
122	81	11	15	-351/5120
122	81	13	14	-351/5120
122	81	13	15	-351/5120
122	82	4	8	3863457/321126400
122	82	4	12	3863457/321126400
122	82	6	8	3863457/321126400
122	82	6	14	3863457/321126400
122	82	11	12	3863457/321126400
122	82	11	15	3863457/321126400
122	82	13	14	3863457/321126400
122	82	13	15	3863457/321126400
122	83	4	8	169647777/411041792000
122	83	4	12	169647777/411041792000
122	83	6	8	169647777/411041792000
122	83	6	14	169647777/411041792000
122	83	11	12	169647777/411041792000
122	83	11	15	169647777/411041792000
122	83	13	14	169647777/411041792000
122	83	13	15	169647777/411041792000
122	84	4	8	-96404315198607/84707492495360000
122	84	4	12	-96404315198607/84707492495360000
122	84	6	8	-96404315198607/84707492495360000
122	84	6	14	-96404315198607/84707492495360000
122	84	11	12	-96404315198607/84707492495360000
122	84	11	15	-96404315198607/84707492495360000
122	84	13	14	-96404315198607/84707492495360000
122	84	13	15	-96404315198607/84707492495360000
122	85	4	8	34676551695035601/108425590394060800000
122	85	4	12	34676551695035601/108425590394060800000
122	85	6	8	34676551695035601/108425590394060800000
122	85	6	14	34676551695035601/108425590394060800000
122	85	11	12	34676551695035601/108425590394060800000
122	85	11	15	34676551695035601/108425590394060800000
122	85	13	14	34676551695035601/108425590394060800000
122	85	13	15	34676551695035601/108425590394060800000
122	86	2	6	1
122	86	2	8	1
122	86	3	13	1
122	86	3	14	1
122	86	5	11	1
122	86	5	14	1
122	86	6	11	1
122	86	7	10	1
122	86	7	13	1
122	86	8	10	1
122	87	2	6	1107/9350
122	87	2	8	-1971/9350
122	87	3	11	1107/9350
122	87	3	12	-1971/9350
122	87	5	10	20709/65450
122	87	5	12	2781/65450
122	87	6	10	-8073/65450
122	87	7	9	20709/65450
122	87	7	11	-8073/65450
122	87	8	9	2781/65450
122	88	2	6	-33480297/2141851250
122	88	2	8	31674807/2141851250
122	88	3	11	-33480297/2141851250
122	88	3	12	31674807/2141851250
122	88	5	10	150927543/2141851250
122	88	5	12	-59636817/2141851250
122	88	6	10	-30917133/2141851250
122	88	7	9	150927543/2141851250
122	88	7	11	-30917133/2141851250
122	88	8	9	-59636817/2141851250
122	89	2	6	-44415024111/5006577296875
122	89	2	8	46975231287/5006577296875
122	89	3	11	-44415024111/5006577296875
122	89	3	12	46975231287/5006577296875
122	89	5	10	123839550783/35046041078125
122	89	5	12	-129764527443/35046041078125
122	89	6	10	318731582286/35046041078125
122	89	7	9	123839550783/35046041078125
122	89	7	11	318731582286/35046041078125
122	89	8	9	-129764527443/35046041078125
122	90	2	6	417246758973549/3768325566925390625
122	90	2	8	-13274343571285971/3768325566925390625
122	90	3	11	417246758973549/3768325566925390625
122	90	3	12	-13274343571285971/3768325566925390625
122	90	5	10	-141888420193300677/26378278968477734375
122	90	5	12	55129422363091803/26378278968477734375
122	90	6	10	-1772099334380817/26378278968477734375
122	90	7	9	-141888420193300677/26378278968477734375
122	90	7	11	-1772099334380817/26378278968477734375
122	90	8	9	55129422363091803/26378278968477734375
122	91	2	6	67410264386449247931/70467688101504804687500
122	91	2	8	-12459572148225250683/70467688101504804687500
122	91	3	11	67410264386449247931/70467688101504804687500
122	91	3	12	-12459572148225250683/70467688101504804687500
122	91	5	10	-8325928668205658974581/3452916716973735429687500
122	91	5	12	1688308915280586309531/3452916716973735429687500
122	91	6	10	-143695444699391236821/150126813781466757812500
122	91	7	9	-8325928668205658974581/3452916716973735429687500
122	91	7	11	-143695444699391236821/150126813781466757812500
122	91	8	9	1688308915280586309531/3452916716973735429687500
122	92	1	4	1
122	92	1	6	1
122	92	2	4	1
122	92	2	6	1
122	93	1	4	1107/4025
122	93	1	6	1107/4025
122	93	2	4	-3861/16100
122	93	2	6	-3861/16100
122	94	1	4	23593113/518420000
122	94	1	6	23593113/518420000
122	94	2	4	14193387/518420000
122	94	2	6	14193387/518420000
122	95	1	4	-1209697497/298091500000
122	95	1	6	-1209697497/298091500000
122	95	2	4	9403809129/1192366000000
122	95	2	6	9403809129/1192366000000
122	96	1	4	-1469286704649591/268759296400000000
122	96	1	6	-1469286704649591/268759296400000000
122	96	2	4	-1237127384044071/268759296400000000
122	96	2	6	-1237127384044071/268759296400000000
122	97	1	4	-197037667447931151/154536595430000000000
122	97	1	6	-197037667447931151/154536595430000000000
122	97	2	4	235215386548752753/618146381720000000000
122	97	2	6	235215386548752753/618146381720000000000
122	98	2	7	1/4
122	98	2	12	1/4
122	98	3	6	1/4
122	98	3	11	1/4
122	98	5	11	1/4
122	98	5	12	1/4
122	98	6	10	1/4
122	98	7	10	1/4
122	99	2	7	-549/25480
122	99	2	11	-549/25480
122	99	3	6	-549/25480
122	99	3	10	-549/25480
122	99	5	10	-549/25480
122	99	5	11	-549/25480
122	99	6	9	-549/25480
122	99	7	9	-549/25480
122	100	2	7	-536031/81153800
122	100	2	11	-536031/81153800
122	100	3	6	-536031/81153800
122	100	3	10	-536031/81153800
122	100	5	10	-536031/81153800
122	100	5	11	-536031/81153800
122	100	6	9	-536031/81153800
122	100	7	9	-536031/81153800
122	101	2	7	524156103/258474853000
122	101	2	11	524156103/258474853000
122	101	3	6	524156103/258474853000
122	101	3	10	524156103/258474853000
122	101	5	10	524156103/258474853000
122	101	5	11	524156103/258474853000
122	101	6	9	524156103/258474853000
122	101	7	9	524156103/258474853000
122	102	2	7	1993928335443/4733643839128750
122	102	2	11	1993928335443/4733643839128750
122	102	3	6	1993928335443/4733643839128750
122	102	3	10	1993928335443/4733643839128750
122	102	5	10	1993928335443/4733643839128750
122	102	5	11	1993928335443/4733643839128750
122	102	6	9	1993928335443/4733643839128750
122	102	7	9	1993928335443/4733643839128750
122	103	2	7	-34387579446016779/120613245021000550000
122	103	2	11	-34387579446016779/120613245021000550000
122	103	3	6	-34387579446016779/120613245021000550000
122	103	3	10	-34387579446016779/120613245021000550000
122	103	5	10	-34387579446016779/120613245021000550000
122	103	5	11	-34387579446016779/120613245021000550000
122	103	6	9	-34387579446016779/120613245021000550000
122	103	7	9	-34387579446016779/120613245021000550000
123	56	10	16	1/2
123	56	10	17	1/2
123	56	14	16	1/2
123	56	14	17	1/2
123	57	8	14	1863/23800
123	57	8	15	1863/23800
123	57	12	14	1863/23800
123	57	12	15	1863/23800
123	58	8	14	-1983771/991270000
123	58	8	15	-1983771/991270000
123	58	12	14	-1983771/991270000
123	58	12	15	-1983771/991270000
123	59	8	14	-7043699331/1474514125000
123	59	8	15	-7043699331/1474514125000
123	59	12	14	-7043699331/1474514125000
123	59	12	15	-7043699331/1474514125000
123	60	8	14	-275525186747319/403574516012500000
123	60	8	15	-275525186747319/403574516012500000
123	60	12	14	-275525186747319/403574516012500000
123	60	12	15	-275525186747319/403574516012500000
123	61	8	14	155150303380478397/417611890482500000000
123	61	8	15	155150303380478397/417611890482500000000
123	61	12	14	155150303380478397/417611890482500000000
123	61	12	15	155150303380478397/417611890482500000000
123	62	11	13	1
123	62	11	16	1
123	62	12	16	1
123	62	12	18	1
123	62	13	15	1
123	62	15	18	1
123	63	10	12	513/4550
123	63	10	14	513/4550
123	63	11	14	1251/4550
123	63	11	16	-513/3250
123	63	12	13	1251/4550
123	63	13	16	-513/3250
123	64	10	12	-1240191/72458750
123	64	10	14	-1240191/72458750
123	64	11	14	3316221/72458750
123	64	11	16	-8898579/1811468750
123	64	12	13	3316221/72458750
123	64	13	16	-8898579/1811468750
123	65	10	12	-713423457/82421828125
123	65	10	14	-713423457/82421828125
123	65	11	14	-314734086/82421828125
123	65	11	16	15000466788/1471818359375
123	65	12	13	-314734086/82421828125
123	65	13	16	15000466788/1471818359375
123	66	10	12	1395478385901/4312722156640625
123	66	10	14	1395478385901/4312722156640625
123	66	11	14	-23191132313799/4312722156640625
123	66	11	16	-3777017111134119/2695451347900390625
123	66	12	13	-23191132313799/4312722156640625
123	66	13	16	-3777017111134119/2695451347900390625
123	67	10	12	37854021108168081/39245771625429687500
123	67	10	14	37854021108168081/39245771625429687500
123	67	11	14	-50161498518721833/39245771625429687500
123	67	11	16	-14862053907118073781/17520433761352539062500
123	67	12	13	-50161498518721833/39245771625429687500
123	67	13	16	-14862053907118073781/17520433761352539062500
123	68	2	13	1/3
123	68	2	16	1/3
123	68	3	13	1/3
123	68	3	17	1/3
123	68	5	16	1/3
123	68	5	17	1/3
123	69	2	12	41/560
123	69	2	14	41/560
123	69	3	12	41/560
123	69	3	15	41/560
123	69	5	14	41/560
123	69	5	15	41/560
123	70	2	12	10671/2195200
123	70	2	14	10671/2195200
123	70	3	12	10671/2195200
123	70	3	15	10671/2195200
123	70	5	14	10671/2195200
123	70	5	15	10671/2195200
123	71	2	12	-4746447/1229312000
123	71	2	14	-4746447/1229312000
123	71	3	12	-4746447/1229312000
123	71	3	15	-4746447/1229312000
123	71	5	14	-4746447/1229312000
123	71	5	15	-4746447/1229312000
123	72	2	12	-3251397699/2261934080000
123	72	2	14	-3251397699/2261934080000
123	72	3	12	-3251397699/2261934080000
123	72	3	15	-3251397699/2261934080000
123	72	5	14	-3251397699/2261934080000
123	72	5	15	-3251397699/2261934080000
123	73	2	12	1042460973441/8866781593600000
123	73	2	14	1042460973441/8866781593600000
123	73	3	12	1042460973441/8866781593600000
123	73	3	15	1042460973441/8866781593600000
123	73	5	14	1042460973441/8866781593600000
123	73	5	15	1042460973441/8866781593600000
123	74	4	9	1/3
123	74	4	13	1/3
123	74	6	9	1/3
123	74	6	15	1/3
123	74	10	13	1/3
123	74	10	15	1/3
123	75	3	8	2529/35140
123	75	3	12	2529/35140
123	75	5	8	2529/35140
123	75	5	14	2529/35140
123	75	9	12	2529/35140
123	75	9	14	2529/35140
123	76	3	8	25426953/4321868600
123	76	3	12	25426953/4321868600
123	76	5	8	25426953/4321868600
123	76	5	14	25426953/4321868600
123	76	9	12	25426953/4321868600
123	76	9	14	25426953/4321868600
123	77	3	8	-220143640887/75935231302000
123	77	3	12	-220143640887/75935231302000
123	77	5	8	-220143640887/75935231302000
123	77	5	14	-220143640887/75935231302000
123	77	9	12	-220143640887/75935231302000
123	77	9	14	-220143640887/75935231302000
123	78	3	8	-1326246622224147/1095935225766115000
123	78	3	12	-1326246622224147/1095935225766115000
123	78	5	8	-1326246622224147/1095935225766115000
123	78	5	14	-1326246622224147/1095935225766115000
123	78	9	12	-1326246622224147/1095935225766115000
123	78	9	14	-1326246622224147/1095935225766115000
123	79	3	8	12521218668988508973/1078312587335795870800000
123	79	3	12	12521218668988508973/1078312587335795870800000
123	79	5	8	12521218668988508973/1078312587335795870800000
123	79	5	14	12521218668988508973/1078312587335795870800000
123	79	9	12	12521218668988508973/1078312587335795870800000
123	79	9	14	12521218668988508973/1078312587335795870800000
123	86	5	16	1
123	86	5	18	1
123	86	10	17	1
123	86	10	18	1
123	86	15	16	1
123	86	15	17	1
123	87	5	14	12123/65450
123	87	5	16	-1161/13090
123	87	9	15	12123/65450
123	87	9	16	-1161/13090
123	87	13	14	-3051/13090
123	87	13	15	-3051/13090
123	88	5	14	48046689/14992958750
123	88	5	16	-13935807/599718350
123	88	9	15	48046689/14992958750
123	88	9	16	-13935807/599718350
123	88	13	14	13926573/599718350
123	88	13	15	13926573/599718350
123	89	5	14	-2681091875457/245322287546875
123	89	5	16	14873242437/1962578300375
123	89	9	15	-2681091875457/245322287546875
123	89	9	16	14873242437/1962578300375
123	89	13	14	17833467222/1962578300375
123	89	13	15	17833467222/1962578300375
123	90	5	14	-475598901258815139/184647952779344140625
123	90	5	16	367454291550957/295436724446950625
123	90	9	15	-475598901258815139/184647952779344140625
123	90	9	16	367454291550957/295436724446950625
123	90	13	14	-1340447099170023/295436724446950625
123	90	13	15	-1340447099170023/295436724446950625
123	91	5	14	16813993036069729555731/24170417018816148007812500
123	91	5	16	-7453369246064313897/7734533446021167362500
123	91	9	15	16813993036069729555731/24170417018816148007812500
123	91	9	16	-7453369246064313897/7734533446021167362500
123	91	13	14	1255177945030523553/7734533446021167362500
123	91	13	15	1255177945030523553/7734533446021167362500
123	92	1	13	1
123	92	1	15	1
123	92	3	12	1
123	92	3	13	1
123	92	5	14	1
123	92	5	15	1
123	92	7	12	1
123	92	7	14	1
123	93	1	12	27/92
123	93	1	14	27/92
123	93	3	11	27/184
123	93	3	12	-1269/6440
123	93	5	13	27/184
123	93	5	14	-1269/6440
123	93	7	11	-1917/16100
123	93	7	13	-1917/16100
123	94	1	12	7913781/145157600
123	94	1	14	7913781/145157600
123	94	3	11	-2925963/290315200
123	94	3	12	2095389/290315200
123	94	5	13	-2925963/290315200
123	94	5	14	2095389/290315200
123	94	7	11	-63265779/3628940000
123	94	7	13	-63265779/3628940000
123	95	1	12	-34110639/13354499200
123	95	1	14	-34110639/13354499200
123	95	3	11	-574566453/53417996800
123	95	3	12	20632527603/1869629888000
123	95	5	13	-574566453/53417996800
123	95	5	14	20632527603/1869629888000
123	95	7	11	561094836993/58425934000000
123	95	7	13	561094836993/58425934000000
123	96	1	12	-18603760226337/3010104119680000
123	96	1	14	-18603760226337/3010104119680000
123	96	3	11	-10634428296873/12040416478720000
123	96	3	12	-37562594785209/12040416478720000
123	96	5	13	-10634428296873/12040416478720000
123	96	5	14	-37562594785209/12040416478720000
123	96	7	11	468702340182063/1881315074800000000
123	96	7	13	468702340182063/1881315074800000000
123	97	1	12	-99521010464499/55385915802112000
123	97	1	14	-99521010464499/55385915802112000
123	97	3	11	477394071554529/443087326416896000
123	97	3	12	-44599991268483963/77540282122956800000
123	97	5	13	477394071554529/443087326416896000
123	97	5	14	-44599991268483963/77540282122956800000
123	97	7	11	-33918352887201302871/30289172704280000000000
123	97	7	13	-33918352887201302871/30289172704280000000000
123	104	2	6	1/2
123	104	2	10	1/2
123	104	3	7	1/2
123	104	3	11	1/2
123	104	5	10	1/2
123	104	5	11	1/2
123	104	6	9	1/2
123	104	7	9	1/2
123	105	2	6	-153/1400
123	105	2	10	-153/1400
123	105	3	7	-153/1400
123	105	3	11	-153/1400
123	105	5	10	-9/350
123	105	5	11	-9/350
123	105	6	9	-9/350
123	105	7	9	-9/350
123	106	2	6	13257/1715000
123	106	2	10	13257/1715000
123	106	3	7	13257/1715000
123	106	3	11	13257/1715000
123	106	5	10	-101763/6860000
123	106	5	11	-101763/6860000
123	106	6	9	-101763/6860000
123	106	7	9	-101763/6860000
123	107	2	6	12901113/2401000000
123	107	2	10	12901113/2401000000
123	107	3	7	12901113/2401000000
123	107	3	11	12901113/2401000000
123	107	5	10	2910897/1200500000
123	107	5	11	2910897/1200500000
123	107	6	9	2910897/1200500000
123	107	7	9	2910897/1200500000
123	108	2	6	-39815369451/19328050000000
123	108	2	10	-39815369451/19328050000000
123	108	3	7	-39815369451/19328050000000
123	108	3	11	-39815369451/19328050000000
123	108	5	10	91007375121/77312200000000
123	108	5	11	91007375121/77312200000000
123	108	6	9	91007375121/77312200000000
123	108	7	9	91007375121/77312200000000
123	109	2	6	-1693689456537/13529635000000000
123	109	2	10	-1693689456537/13529635000000000
123	109	3	7	-1693689456537/13529635000000000
123	109	3	11	-1693689456537/13529635000000000
123	109	5	10	-4680275368509/13529635000000000
123	109	5	11	-4680275368509/13529635000000000
123	109	6	9	-4680275368509/13529635000000000
123	109	7	9	-4680275368509/13529635000000000
124	56	16	18	1
124	56	17	18	1
124	57	14	16	-1863/5950
124	57	15	16	-1863/5950
124	58	14	16	4657257/61954375
124	58	15	16	4657257/61954375
124	59	14	16	-6796520217/737257062500
124	59	15	16	-6796520217/737257062500
124	60	14	16	-121394909920491/50446814501562500
124	60	15	16	-121394909920491/50446814501562500
124	61	14	16	3295065100827033/1864338796796875000
124	61	15	16	3295065100827033/1864338796796875000
124	62	9	12	2
124	62	9	15	2
124	63	8	11	1026/1625
124	63	8	13	1026/1625
124	64	8	11	137202984/905734375
124	64	8	13	137202984/905734375
124	65	8	11	25927576092/1471818359375
124	65	8	13	25927576092/1471818359375
124	66	8	11	-15115644990312408/2695451347900390625
124	66	8	13	-15115644990312408/2695451347900390625
124	67	8	11	-16788295541329632504/4380108440338134765625
124	67	8	13	-16788295541329632504/4380108440338134765625
124	68	4	10	2/3
124	68	4	12	2/3
124	68	6	10	2/3
124	68	6	15	2/3
124	68	7	12	2/3
124	68	7	15	2/3
124	69	4	10	53/280
124	69	4	11	53/280
124	69	6	10	53/280
124	69	6	13	53/280
124	69	7	11	53/280
124	69	7	13	53/280
124	70	4	10	39237/1097600
124	70	4	11	39237/1097600
124	70	6	10	39237/1097600
124	70	6	13	39237/1097600
124	70	7	11	39237/1097600
124	70	7	13	39237/1097600
124	71	4	10	-42453/614656000
124	71	4	11	-42453/614656000
124	71	6	10	-42453/614656000
124	71	6	13	-42453/614656000
124	71	7	11	-42453/614656000
124	71	7	13	-42453/614656000
124	72	4	10	-24076601541/7916769280000
124	72	4	11	-24076601541/7916769280000
124	72	6	10	-24076601541/7916769280000
124	72	6	13	-24076601541/7916769280000
124	72	7	11	-24076601541/7916769280000
124	72	7	13	-24076601541/7916769280000
124	73	4	10	-633309443181/633341542400000
124	73	4	11	-633309443181/633341542400000
124	73	6	10	-633309443181/633341542400000
124	73	6	13	-633309443181/633341542400000
124	73	7	11	-633309443181/633341542400000
124	73	7	13	-633309443181/633341542400000
124	74	4	15	2/3
124	74	6	13	2/3
124	74	9	10	2/3
124	75	3	14	342/1255
124	75	5	12	342/1255
124	75	8	9	342/1255
124	76	3	14	103623543/1080467150
124	76	5	12	103623543/1080467150
124	76	8	9	103623543/1080467150
124	77	3	14	35991421821/1355986273250
124	77	5	12	35991421821/1355986273250
124	77	8	9	35991421821/1355986273250
124	78	3	14	31240904264318619/7671546580362805000
124	78	5	12	31240904264318619/7671546580362805000
124	78	8	9	31240904264318619/7671546580362805000
124	79	3	14	-9195522802332333129/9627790958355320275000
124	79	5	12	-9195522802332333129/9627790958355320275000
124	79	8	9	-9195522802332333129/9627790958355320275000
124	86	6	6	1
124	86	6	16	2
124	86	13	13	1
124	86	13	17	2
124	87	6	6	-216/4675
124	87	6	14	-18846/32725
124	87	11	11	-216/4675
124	87	11	15	-18846/32725
124	88	6	6	-170986707/7496479375
124	88	6	14	869121576/7496479375
124	88	11	11	-170986707/7496479375
124	88	11	15	869121576/7496479375
124	89	6	6	117712685592/35046041078125
124	89	6	14	-1141716272868/245322287546875
124	89	11	11	117712685592/35046041078125
124	89	11	15	-1141716272868/245322287546875
124	90	6	6	256534853527381041/184647952779344140625
124	90	6	14	-1414448509919611608/184647952779344140625
124	90	11	11	256534853527381041/184647952779344140625
124	90	11	15	-1414448509919611608/184647952779344140625
124	91	6	6	-318805571933571057336/863229179243433857421875
124	91	6	14	18393474771751253044104/6042604254704037001953125
124	91	11	11	-318805571933571057336/863229179243433857421875
124	91	11	15	18393474771751253044104/6042604254704037001953125
124	92	1	8	2
124	92	7	9	2
124	92	8	9	2
124	93	1	8	5319/8050
124	93	7	9	2862/4025
124	93	8	9	783/4025
124	94	1	8	152044857/907235000
124	94	7	9	91675881/453617500
124	94	8	9	-14415489/453617500
124	95	1	8	319405508523/14606483500000
124	95	7	9	65365806141/1825810437500
124	95	8	9	-47303346897/3651620875000
124	96	1	8	-1377221461195473/235164384350000000
124	96	7	9	-175016922647697/58791096087500000
124	96	8	9	48298560730983/58791096087500000
124	97	1	8	-17398361143711922607/3786146588035000000000
124	97	7	9	-174618225310701861/33804880250312500000
124	97	8	9	85392337008321747/67609760500625000000
124	98	2	8	1/2
124	98	2	13	1/2
124	98	3	8	1/2
124	98	3	13	1/2
124	98	5	15	1/2
124	98	5	17	1/2
124	98	10	15	1/2
124	98	10	17	1/2
124	99	2	8	-729/6370
124	99	2	12	-729/6370
124	99	3	8	-729/6370
124	99	3	12	-729/6370
124	99	5	14	-729/6370
124	99	5	15	-729/6370
124	99	9	14	-729/6370
124	99	9	15	-729/6370
124	100	2	8	121284/10144225
124	100	2	12	121284/10144225
124	100	3	8	121284/10144225
124	100	3	12	121284/10144225
124	100	5	14	121284/10144225
124	100	5	15	121284/10144225
124	100	9	14	121284/10144225
124	100	9	15	121284/10144225
124	101	2	8	122172381/32309356625
124	101	2	12	122172381/32309356625
124	101	3	8	122172381/32309356625
124	101	3	12	122172381/32309356625
124	101	5	14	122172381/32309356625
124	101	5	15	122172381/32309356625
124	101	9	14	122172381/32309356625
124	101	9	15	122172381/32309356625
124	102	2	8	-4716268574922/2366821919564375
124	102	2	12	-4716268574922/2366821919564375
124	102	3	8	-4716268574922/2366821919564375
124	102	3	12	-4716268574922/2366821919564375
124	102	5	14	-4716268574922/2366821919564375
124	102	5	15	-4716268574922/2366821919564375
124	102	9	14	-4716268574922/2366821919564375
124	102	9	15	-4716268574922/2366821919564375
124	103	2	8	921267680598234/7538327813812534375
124	103	2	12	921267680598234/7538327813812534375
124	103	3	8	921267680598234/7538327813812534375
124	103	3	12	921267680598234/7538327813812534375
124	103	5	14	921267680598234/7538327813812534375
124	103	5	15	921267680598234/7538327813812534375
124	103	9	14	921267680598234/7538327813812534375
124	103	9	15	921267680598234/7538327813812534375
124	104	2	4	1
124	104	3	4	1
124	105	2	4	-243/875
124	105	3	4	-243/875
124	106	2	4	1097847/21437500
124	106	3	4	1097847/21437500
124	107	2	4	3208329/18757812500
124	107	3	4	3208329/18757812500
124	108	2	4	-906847884657/215714843750000
124	108	3	4	-906847884657/215714843750000
124	109	2	4	1776238218146457/1321253417968750000
124	109	3	4	1776238218146457/1321253417968750000
125	56	16	18	1
125	56	17	18	1
125	57	14	16	216/2975
125	57	15	16	216/2975
125	58	14	16	-2727351/123908750
125	58	15	16	-2727351/123908750
125	59	14	16	-1024749468/184314265625
125	59	15	16	-1024749468/184314265625
125	60	14	16	60722661295449/50446814501562500
125	60	15	16	60722661295449/50446814501562500
125	61	14	16	3418280050085298/5359974040791015625
125	61	15	16	3418280050085298/5359974040791015625
125	62	12	18	2
125	62	15	18	2
125	63	11	16	5184/11375
125	63	13	16	5184/11375
125	64	11	16	42356196/905734375
125	64	13	16	42356196/905734375
125	65	11	16	-158237463168/10302728515625
125	65	13	16	-158237463168/10302728515625
125	66	11	16	-3053178891122184/385064478271484375
125	66	13	16	-3053178891122184/385064478271484375
125	67	11	16	-13512290864532247296/30660759082366943359375
125	67	13	16	-13512290864532247296/30660759082366943359375
125	68	10	13	2/3
125	68	10	16	2/3
125	68	12	13	2/3
125	68	12	17	2/3
125	68	15	16	2/3
125	68	15	17	2/3
125	69	10	12	29/280
125	69	10	14	29/280
125	69	11	12	29/280
125	69	11	15	29/280
125	69	13	14	29/280
125	69	13	15	29/280
125	70	10	12	-5907/1097600
125	70	10	14	-5907/1097600
125	70	11	12	-5907/1097600
125	70	11	15	-5907/1097600
125	70	13	14	-5907/1097600
125	70	13	15	-5907/1097600
125	71	10	12	-4614741/614656000
125	71	10	14	-4614741/614656000
125	71	11	12	-4614741/614656000
125	71	11	15	-4614741/614656000
125	71	13	14	-4614741/614656000
125	71	13	15	-4614741/614656000
125	72	10	12	-6545577141/7916769280000
125	72	10	14	-6545577141/7916769280000
125	72	11	12	-6545577141/7916769280000
125	72	11	15	-6545577141/7916769280000
125	72	13	14	-6545577141/7916769280000
125	72	13	15	-6545577141/7916769280000
125	73	10	12	460249395867/633341542400000
125	73	10	14	460249395867/633341542400000
125	73	11	12	460249395867/633341542400000
125	73	11	15	460249395867/633341542400000
125	73	13	14	460249395867/633341542400000
125	73	13	15	460249395867/633341542400000
125	74	4	17	2/3
125	74	6	17	2/3
125	74	10	17	2/3
125	75	3	16	1728/8785
125	75	5	16	1728/8785
125	75	9	16	1728/8785
125	76	3	16	21370311/540233575
125	76	5	16	21370311/540233575
125	76	9	16	21370311/540233575
125	77	3	16	3642457248/4745951956375
125	77	5	16	3642457248/4745951956375
125	77	9	16	3642457248/4745951956375
125	78	3	16	-6130407648038229/1917886645090701250
125	78	5	16	-6130407648038229/1917886645090701250
125	78	9	16	-6130407648038229/1917886645090701250
125	79	3	16	-1427172891961772016/1203473869794415034375
125	79	5	16	-1427172891961772016/1203473869794415034375
125	79	9	16	-1427172891961772016/1203473869794415034375
125	92	1	17	2
125	92	9	16	2
125	92	9	17	2
125	92	12	12	1
125	92	12	16	2
125	92	14	14	1
125	92	14	16	2
125	93	1	16	2808/4025
125	93	9	15	1566/4025
125	93	9	16	-513/4025
125	93	11	11	837/32200
125	93	11	15	-3861/8050
125	93	13	13	837/32200
125	93	13	15	-3861/8050
125	94	1	16	41473053/226808750
125	94	9	15	3445497/226808750
125	94	9	16	-5939406/113404375
125	94	11	11	-214631937/7257880000
125	94	11	15	49467267/907235000
125	94	13	13	-214631937/7257880000
125	94	13	15	49467267/907235000
125	95	1	16	9849806226/456452609375
125	95	9	15	-18789254019/912905218750
125	95	9	16	10085785713/912905218750
125	95	11	11	-547150061349/233703736000000
125	95	11	15	232820975673/14606483500000
125	95	13	13	-547150061349/233703736000000
125	95	13	15	232820975673/14606483500000
125	96	1	16	-140262326589033/14697774021875000
125	96	9	15	-86125048390593/14697774021875000
125	96	9	16	13122087674643/3674443505468750
125	96	11	11	17939947459366647/7525260299200000000
125	96	11	15	-2174734094892993/235164384350000000
125	96	13	13	17939947459366647/7525260299200000000
125	96	13	15	-2174734094892993/235164384350000000
125	97	1	16	-97696740109218003/14789635109511718750
125	97	9	15	8272579308225363/8451220062578125000
125	97	9	16	-6095930307583617/4225610031289062500
125	97	11	11	77641790804114310099/242313381634240000000000
125	97	11	15	57725768862347157/77268297715000000000
125	97	13	13	77641790804114310099/242313381634240000000000
125	97	13	15	57725768862347157/77268297715000000000
125	104	5	14	1
125	104	5	16	1
125	104	9	14	1
125	104	9	16	1
125	105	5	14	-171/875
125	105	5	15	-171/875
125	105	9	14	-171/875
125	105	9	15	-171/875
125	106	5	14	77949/10718750
125	106	5	15	77949/10718750
125	106	9	14	77949/10718750
125	106	9	15	77949/10718750
125	107	5	14	100018071/9378906250
125	107	5	15	100018071/9378906250
125	107	9	14	100018071/9378906250
125	107	9	15	100018071/9378906250
125	108	5	14	-162220679073/53928710937500
125	108	5	15	-162220679073/53928710937500
125	108	9	14	-162220679073/53928710937500
125	108	9	15	-162220679073/53928710937500
125	109	5	14	-177088598432919/330313354492187500
125	109	5	15	-177088598432919/330313354492187500
125	109	9	14	-177088598432919/330313354492187500
125	109	9	15	-177088598432919/330313354492187500
125	110	2	4	1/6
125	110	2	6	1/6
125	110	2	10	1/6
125	110	3	4	1/6
125	110	3	7	1/6
125	110	3	11	1/6
125	110	5	6	1/6
125	110	5	7	1/6
125	110	5	13	1/6
125	110	9	10	1/6
125	110	9	11	1/6
125	110	9	13	1/6
125	111	2	4	-171/4130
125	111	2	6	-171/4130
125	111	2	10	-171/4130
125	111	3	4	-171/4130
125	111	3	7	-171/4130
125	111	3	11	-171/4130
125	111	5	6	-171/4130
125	111	5	7	-171/4130
125	111	5	13	-171/4130
125	111	9	10	-171/4130
125	111	9	11	-171/4130
125	111	9	13	-171/4130
125	112	2	4	2565999/477593200
125	112	2	6	2565999/477593200
125	112	2	10	2565999/477593200
125	112	3	4	2565999/477593200
125	112	3	7	2565999/477593200
125	112	3	11	2565999/477593200
125	112	5	6	2565999/477593200
125	112	5	7	2565999/477593200
125	112	5	13	2565999/477593200
125	112	9	10	2565999/477593200
125	112	9	11	2565999/477593200
125	112	9	13	2565999/477593200
125	113	2	4	1091140227/986229958000
125	113	2	6	1091140227/986229958000
125	113	2	10	1091140227/986229958000
125	113	3	4	1091140227/986229958000
125	113	3	7	1091140227/986229958000
125	113	3	11	1091140227/986229958000
125	113	5	6	1091140227/986229958000
125	113	5	7	1091140227/986229958000
125	113	5	13	1091140227/986229958000
125	113	9	10	1091140227/986229958000
125	113	9	11	1091140227/986229958000
125	113	9	13	1091140227/986229958000
125	114	2	4	-295205407704549/374727934841680000
125	114	2	6	-295205407704549/374727934841680000
125	114	2	10	-295205407704549/374727934841680000
125	114	3	4	-295205407704549/374727934841680000
125	114	3	7	-295205407704549/374727934841680000
125	114	3	11	-295205407704549/374727934841680000
125	114	5	6	-295205407704549/374727934841680000
125	114	5	7	-295205407704549/374727934841680000
125	114	5	13	-295205407704549/374727934841680000
125	114	9	10	-295205407704549/374727934841680000
125	114	9	11	-295205407704549/374727934841680000
125	114	9	13	-295205407704549/374727934841680000
125	115	2	4	11363192459575263/110544740778295600000
125	115	2	6	11363192459575263/110544740778295600000
125	115	2	10	11363192459575263/110544740778295600000
125	115	3	4	11363192459575263/110544740778295600000
125	115	3	7	11363192459575263/110544740778295600000
125	115	3	11	11363192459575263/110544740778295600000
125	115	5	6	11363192459575263/110544740778295600000
125	115	5	7	11363192459575263/110544740778295600000
125	115	5	13	11363192459575263/110544740778295600000
125	115	9	10	11363192459575263/110544740778295600000
125	115	9	11	11363192459575263/110544740778295600000
125	115	9	13	11363192459575263/110544740778295600000
126	56	5	5	4
126	57	4	4	-3456/2975
126	58	4	4	13032333/61954375
126	59	4	4	2338655328/184314265625
126	60	4	4	-1249913178511119/50446814501562500
126	61	4	4	255373891637167944/37519818285537109375
126	62	2	8	16
126	63	2	7	-14256/11375
126	64	2	7	-392516928/905734375
126	65	2	7	1207643694048/10302728515625
126	66	2	7	1617432979731264/55009211181640625
126	67	2	7	-503939566030184323776/30660759082366943359375
126	80	2	11	4
126	80	3	5	4
126	81	2	9	729/640
126	81	3	5	729/640
126	82	2	9	111180519/561971200
126	82	3	5	111180519/561971200
126	83	2	9	-22618660401/1438646272000
126	83	3	5	-22618660401/1438646272000
126	84	2	9	-100840776090743583/4150667132272640000
126	84	3	5	-100840776090743583/4150667132272640000
126	85	2	9	-65012111034767015751/10625707858617958400000
126	85	3	5	-65012111034767015751/10625707858617958400000
126	98	1	1	2
126	99	1	1	972/3185
126	100	1	1	-47142/1449175
126	101	1	1	-940296276/32309356625
126	102	1	1	-3307103136018/2366821919564375
126	103	1	1	29344076546011236/7538327813812534375
127	56	5	5	2
127	57	4	4	81/425
127	58	4	4	-6507297/123908750
127	59	4	4	-1945841697/105322437500
127	60	4	4	318378650881041/100893629003125000
127	61	4	4	228457860783162561/85759584652656250000
127	62	2	17	8
127	63	2	15	-4752/11375
127	64	2	15	-248124384/905734375
127	65	2	15	465631125696/10302728515625
127	66	2	15	67848332772152448/2695451347900390625
127	67	2	15	-226954890110967904512/30660759082366943359375
127	74	2	8	8/3
127	74	2	12	8/3
127	74	2	14	8/3
127	75	2	7	-2376/8785
127	75	2	11	-2376/8785
127	75	2	13	-2376/8785
127	76	2	7	-36902952/540233575
127	76	2	11	-36902952/540233575
127	76	2	13	-36902952/540233575
127	77	2	7	25009849656/949190391275
127	77	2	11	25009849656/949190391275
127	77	2	13	25009849656/949190391275
127	78	2	7	3632850623979288/958943322545350625
127	78	2	11	3632850623979288/958943322545350625
127	78	2	13	3632850623979288/958943322545350625
127	79	2	7	-32049309431860113096/8424317088560905240625
127	79	2	11	-32049309431860113096/8424317088560905240625
127	79	2	13	-32049309431860113096/8424317088560905240625
127	80	2	12	2
127	80	3	7	2
127	80	5	7	2
127	80	7	7	1
127	80	11	12	2
127	80	12	12	1
127	81	2	10	243/640
127	81	3	7	243/640
127	81	5	7	243/640
127	81	7	7	-1161/4480
127	81	9	10	243/640
127	81	10	10	-1161/4480
127	82	2	10	471663/280985600
127	82	3	7	471663/280985600
127	82	5	7	471663/280985600
127	82	7	7	4489911/140492800
127	82	9	10	471663/280985600
127	82	10	10	4489911/140492800
127	83	2	10	-75996063/2877292544
127	83	3	7	-75996063/2877292544
127	83	5	7	-75996063/2877292544
127	83	7	7	6270747921/629407744000
127	83	9	10	-75996063/2877292544
127	83	10	10	6270747921/629407744000
127	84	2	10	-3028945326015087/518833391534080000
127	84	3	7	-3028945326015087/518833391534080000
127	84	5	7	-3028945326015087/518833391534080000
127	84	7	7	-407290081104063/64854173941760000
127	84	9	10	-3028945326015087/518833391534080000
127	84	10	10	-407290081104063/64854173941760000
127	85	2	10	1407743837676431523/664106741163622400000
127	85	3	7	1407743837676431523/664106741163622400000
127	85	5	7	1407743837676431523/664106741163622400000
127	85	7	7	162632858802182199/290546699259084800000
127	85	9	10	1407743837676431523/664106741163622400000
127	85	10	10	162632858802182199/290546699259084800000
127	104	1	1	2
127	105	1	1	279/875
127	106	1	1	-313713/10718750
127	107	1	1	-566624727/18757812500
127	108	1	1	-1612850732559/755001953125000
127	109	1	1	5238888414079239/1321253417968750000
128	56	5	10	1
128	56	5	14	1
128	57	4	8	-3159/11900
128	57	4	12	-3159/11900
128	58	4	8	21181581/495635000
128	58	4	12	21181581/495635000
128	59	4	8	1245874851/368628531250
128	59	4	12	1245874851/368628531250
128	60	4	8	-939033607081959/201787258006250000
128	60	4	12	-939033607081959/201787258006250000
128	61	4	8	5155416348551281917/4802536740548750000000
128	61	4	12	5155416348551281917/4802536740548750000000
128	62	2	8	2
128	62	2	9	2
128	62	5	5	1
128	62	5	8	2
128	62	7	7	1
128	62	7	8	2
128	62	8	11	2
128	63	2	7	999/1625
128	63	2	8	-3321/11375
128	63	4	4	-7173/22750
128	63	4	7	-4779/11375
128	63	6	6	-7173/22750
128	63	6	7	-4779/11375
128	63	7	10	1107/11375
128	64	2	7	118599309/905734375
128	64	2	8	-13956219/905734375
128	64	4	4	127523889/1811468750
128	64	4	7	27378081/905734375
128	64	6	6	127523889/1811468750
128	64	6	7	27378081/905734375
128	64	7	10	-48268791/905734375
128	65	2	7	6735050208/1471818359375
128	65	2	8	197718963012/10302728515625
128	65	4	4	-40183440093/10302728515625
128	65	4	7	185754100338/10302728515625
128	65	6	6	-40183440093/10302728515625
128	65	6	7	185754100338/10302728515625
128	65	7	10	-84898329606/10302728515625
128	66	2	7	-28113842947126158/2695451347900390625
128	66	2	8	-5119887329951598/2695451347900390625
128	66	4	4	-13793802478691139/2695451347900390625
128	66	4	7	-18484508096035398/2695451347900390625
128	66	6	6	-13793802478691139/2695451347900390625
128	66	6	7	-18484508096035398/2695451347900390625
128	66	7	10	10238661506773242/2695451347900390625
128	67	2	7	-37468721177616861117/8760216880676269531250
128	67	2	8	-103846966583761868517/61321518164733886718750
128	67	4	4	41052475676556507717/17520433761352539062500
128	67	4	7	-353950002981330867/1251459554382324218750
128	67	6	6	41052475676556507717/17520433761352539062500
128	67	6	7	-353950002981330867/1251459554382324218750
128	67	7	10	64736498041125228819/61321518164733886718750
128	68	2	7	2/3
128	68	3	6	2/3
128	68	4	5	2/3
128	69	2	7	-19/280
128	69	3	6	-19/280
128	69	4	5	-19/280
128	70	2	7	-16377/1097600
128	70	3	6	-16377/1097600
128	70	4	5	-16377/1097600
128	71	2	7	3664701/614656000
128	71	3	6	3664701/614656000
128	71	4	5	3664701/614656000
128	72	2	7	5322264219/7916769280000
128	72	3	6	5322264219/7916769280000
128	72	4	5	5322264219/7916769280000
128	73	2	7	-3428634865419/4433390796800000
128	73	3	6	-3428634865419/4433390796800000
128	73	4	5	-3428634865419/4433390796800000
128	80	2	14	1/2
128	80	2	16	1/2
128	80	3	6	1/2
128	80	3	16	1/2
128	80	4	5	1/2
128	80	4	11	1/2
128	80	5	14	1/2
128	80	6	11	1/2
128	81	2	11	2997/17920
128	81	2	13	2997/17920
128	81	3	6	2997/17920
128	81	3	13	2997/17920
128	81	4	5	2997/17920
128	81	4	9	2997/17920
128	81	5	11	2997/17920
128	81	6	9	2997/17920
128	82	2	11	47349279/1123942400
128	82	2	13	47349279/1123942400
128	82	3	6	47349279/1123942400
128	82	3	13	47349279/1123942400
128	82	4	5	47349279/1123942400
128	82	4	9	47349279/1123942400
128	82	5	11	47349279/1123942400
128	82	6	9	47349279/1123942400
128	83	2	11	48850233867/10070523904000
128	83	2	13	48850233867/10070523904000
128	83	3	6	48850233867/10070523904000
128	83	3	13	48850233867/10070523904000
128	83	4	5	48850233867/10070523904000
128	83	4	9	48850233867/10070523904000
128	83	5	11	48850233867/10070523904000
128	83	6	9	48850233867/10070523904000
128	84	2	11	-4085152988256783/2075333566136320000
128	84	2	13	-4085152988256783/2075333566136320000
128	84	3	6	-4085152988256783/2075333566136320000
128	84	3	13	-4085152988256783/2075333566136320000
128	84	4	5	-4085152988256783/2075333566136320000
128	84	4	9	-4085152988256783/2075333566136320000
128	84	5	11	-4085152988256783/2075333566136320000
128	84	6	9	-4085152988256783/2075333566136320000
128	85	2	11	-3526739828013739149/2656426964654489600000
128	85	2	13	-3526739828013739149/2656426964654489600000
128	85	3	6	-3526739828013739149/2656426964654489600000
128	85	3	13	-3526739828013739149/2656426964654489600000
128	85	4	5	-3526739828013739149/2656426964654489600000
128	85	4	9	-3526739828013739149/2656426964654489600000
128	85	5	11	-3526739828013739149/2656426964654489600000
128	85	6	9	-3526739828013739149/2656426964654489600000
128	86	2	10	2
128	86	2	13	2
128	86	3	5	2
128	86	3	6	2
128	87	2	9	19197/32725
128	87	2	11	-2349/32725
128	87	3	5	19197/32725
128	87	3	6	-2349/32725
128	88	2	9	836222049/7496479375
128	88	2	11	-434302479/7496479375
128	88	3	5	836222049/7496479375
128	88	3	6	-434302479/7496479375
128	89	2	9	-681565642326/245322287546875
128	89	2	11	1575629385678/245322287546875
128	89	3	5	-681565642326/245322287546875
128	89	3	6	1575629385678/245322287546875
128	90	2	9	-2108170704386281158/184647952779344140625
128	90	2	11	840209411917828602/184647952779344140625
128	90	3	5	-2108170704386281158/184647952779344140625
128	90	3	6	840209411917828602/184647952779344140625
128	91	2	9	-881199872582565732219/246636908355266816406250
128	91	2	11	-1505519770550582423619/1726458358486867714843750
128	91	3	5	-881199872582565732219/246636908355266816406250
128	91	3	6	-1505519770550582423619/1726458358486867714843750
128	98	1	2	1/2
128	98	1	3	1/2
128	98	1	5	1/2
128	98	1	10	1/2
128	99	1	2	1269/12740
128	99	1	3	1269/12740
128	99	1	5	1269/12740
128	99	1	9	1269/12740
128	100	1	2	104409/40576900
128	100	1	3	104409/40576900
128	100	1	5	104409/40576900
128	100	1	9	104409/40576900
128	101	1	2	-823031523/129237426500
128	101	1	3	-823031523/129237426500
128	101	1	5	-823031523/129237426500
128	101	1	9	-823031523/129237426500
128	102	1	2	-571728892671/338117417080625
128	102	1	3	-571728892671/338117417080625
128	102	1	5	-571728892671/338117417080625
128	102	1	9	-571728892671/338117417080625
128	103	1	2	25268799371561379/60306622510500275000
128	103	1	3	25268799371561379/60306622510500275000
128	103	1	5	25268799371561379/60306622510500275000
128	103	1	9	25268799371561379/60306622510500275000
129	56	5	10	1
129	56	5	14	1
129	57	4	8	1431/11900
129	57	4	12	1431/11900
129	58	4	8	-7900659/495635000
129	58	4	12	-7900659/495635000
129	59	4	8	-3401871939/368628531250
129	59	4	12	-3401871939/368628531250
129	60	4	8	20779790041881/201787258006250000
129	60	4	12	20779790041881/201787258006250000
129	61	4	8	4892008936867865667/4802536740548750000000
129	61	4	12	4892008936867865667/4802536740548750000000
129	62	2	17	2
129	62	2	18	2
129	62	11	17	2
129	63	2	15	7587/11375
129	63	2	16	-2727/11375
129	63	10	15	-2187/11375
129	64	2	15	143856729/905734375
129	64	2	16	-31584411/905734375
129	64	10	15	-40871871/905734375
129	65	2	15	108616265874/10302728515625
129	65	2	16	200173984236/10302728515625
129	65	10	15	170691409026/10302728515625
129	66	2	15	-32793243598391238/2695451347900390625
129	66	2	16	1268213074591122/2695451347900390625
129	66	10	15	5889933543087162/2695451347900390625
129	67	2	15	-374215570479021930381/61321518164733886718750
129	67	2	16	-139511444647509269019/61321518164733886718750
129	67	10	15	-129683014589193095619/61321518164733886718750
129	68	2	17	2/3
129	68	3	16	2/3
129	68	5	13	2/3
129	69	2	15	-1/40
129	69	3	14	-1/40
129	69	5	12	-1/40
129	70	2	15	-25233/1097600
129	70	3	14	-25233/1097600
129	70	5	12	-25233/1097600
129	71	2	15	233271/87808000
129	71	3	14	233271/87808000
129	71	5	12	233271/87808000
129	72	2	15	17033885739/7916769280000
129	72	3	14	17033885739/7916769280000
129	72	5	12	17033885739/7916769280000
129	73	2	15	-271365568281/633341542400000
129	73	3	14	-271365568281/633341542400000
129	73	5	12	-271365568281/633341542400000
129	74	5	8	2/3
129	74	5	12	2/3
129	74	7	8	2/3
129	74	7	14	2/3
129	74	11	12	2/3
129	74	11	14	2/3
129	75	4	7	-2187/17570
129	75	4	11	-2187/17570
129	75	6	7	-2187/17570
129	75	6	13	-2187/17570
129	75	10	11	-2187/17570
129	75	10	13	-2187/17570
129	76	4	7	5726781/2160934300
129	76	4	11	5726781/2160934300
129	76	6	7	5726781/2160934300
129	76	6	13	5726781/2160934300
129	76	10	11	5726781/2160934300
129	76	10	13	5726781/2160934300
129	77	4	7	273141010683/37967615651000
129	77	4	11	273141010683/37967615651000
129	77	6	7	273141010683/37967615651000
129	77	6	13	273141010683/37967615651000
129	77	10	11	273141010683/37967615651000
129	77	10	13	273141010683/37967615651000
129	78	4	7	-6730458955179453/3835773290181402500
129	78	4	11	-6730458955179453/3835773290181402500
129	78	6	7	-6730458955179453/3835773290181402500
129	78	6	13	-6730458955179453/3835773290181402500
129	78	10	11	-6730458955179453/3835773290181402500
129	78	10	13	-6730458955179453/3835773290181402500
129	79	4	7	-235749543287269804299/539156293667897935400000
129	79	4	11	-235749543287269804299/539156293667897935400000
129	79	6	7	-235749543287269804299/539156293667897935400000
129	79	6	13	-235749543287269804299/539156293667897935400000
129	79	10	11	-235749543287269804299/539156293667897935400000
129	79	10	13	-235749543287269804299/539156293667897935400000
129	80	2	15	1/2
129	80	2	17	1/2
129	80	3	8	1/2
129	80	3	18	1/2
129	80	5	8	1/2
129	80	5	18	1/2
129	80	11	15	1/2
129	80	11	17	1/2
129	81	2	12	4293/35840
129	81	2	14	4293/35840
129	81	3	8	4293/35840
129	81	3	15	4293/35840
129	81	5	8	4293/35840
129	81	5	15	4293/35840
129	81	9	12	4293/35840
129	81	9	14	4293/35840
129	82	2	12	60937839/4495769600
129	82	2	14	60937839/4495769600
129	82	3	8	60937839/4495769600
129	82	3	15	60937839/4495769600
129	82	5	8	60937839/4495769600
129	82	5	15	60937839/4495769600
129	82	9	12	60937839/4495769600
129	82	9	14	60937839/4495769600
129	83	2	12	-322852356117/80564191232000
129	83	2	14	-322852356117/80564191232000
129	83	3	8	-322852356117/80564191232000
129	83	3	15	-322852356117/80564191232000
129	83	5	8	-322852356117/80564191232000
129	83	5	15	-322852356117/80564191232000
129	83	9	12	-322852356117/80564191232000
129	83	9	14	-322852356117/80564191232000
129	84	2	12	-31960980251343/13829794693120000
129	84	2	14	-31960980251343/13829794693120000
129	84	3	8	-31960980251343/13829794693120000
129	84	3	15	-31960980251343/13829794693120000
129	84	5	8	-31960980251343/13829794693120000
129	84	5	15	-31960980251343/13829794693120000
129	84	9	12	-31960980251343/13829794693120000
129	84	9	14	-31960980251343/13829794693120000
129	85	2	12	-108800512024450412907/595039640082605670400000
129	85	2	14	-108800512024450412907/595039640082605670400000
129	85	3	8	-108800512024450412907/595039640082605670400000
129	85	3	15	-108800512024450412907/595039640082605670400000
129	85	5	8	-108800512024450412907/595039640082605670400000
129	85	5	15	-108800512024450412907/595039640082605670400000
129	85	9	12	-108800512024450412907/595039640082605670400000
129	85	9	14	-108800512024450412907/595039640082605670400000
129	86	5	7	2
129	86	7	7	1
129	86	10	11	2
129	86	11	11	1
129	87	5	7	10611/32725
129	87	7	7	-18171/65450
129	87	9	10	10611/32725
129	87	10	10	-18171/65450
129	88	5	7	-103161519/7496479375
129	88	7	7	658410201/14992958750
129	88	9	10	-103161519/7496479375
129	88	10	10	658410201/14992958750
129	89	5	7	-5823517369122/245322287546875
129	89	7	7	1526664203091/245322287546875
129	89	9	10	-5823517369122/245322287546875
129	89	10	10	1526664203091/245322287546875
129	90	5	7	-563770693548412038/184647952779344140625
129	90	7	7	-1178777194165687779/184647952779344140625
129	90	9	10	-563770693548412038/184647952779344140625
129	90	10	10	-1178777194165687779/184647952779344140625
129	91	5	7	27577800290369638337067/12085208509408074003906250
129	91	7	7	30586999499750709387333/24170417018816148007812500
129	91	9	10	27577800290369638337067/12085208509408074003906250
129	91	10	10	30586999499750709387333/24170417018816148007812500
129	92	2	12	2
129	92	2	14	2
129	93	2	11	-81/575
129	93	2	13	-81/575
129	94	2	11	-104311881/1814470000
129	94	2	13	-104311881/1814470000
129	95	2	11	28264335291/2086640500000
129	95	2	13	28264335291/2086640500000
129	96	2	11	4013112291816303/940657537400000000
129	96	2	13	4013112291816303/940657537400000000
129	97	2	11	-2119934506011556923/1081756168010000000000
129	97	2	13	-2119934506011556923/1081756168010000000000
129	104	1	5	1
129	104	1	9	1
129	105	1	5	657/3500
129	105	1	9	657/3500
129	106	1	5	16767/21437500
129	106	1	9	16767/21437500
129	107	1	5	-1919058237/150062500000
129	107	1	9	-1919058237/150062500000
129	108	1	5	-2408318274213/862859375000000
129	108	1	9	-2408318274213/862859375000000
129	109	1	5	21267262585890513/21140054687500000000
129	109	1	9	21267262585890513/21140054687500000000
130	56	5	18	2
130	57	4	16	-1431/2975
130	58	4	16	3934656/61954375
130	59	4	16	3620943729/368628531250
130	60	4	16	-193915514117691/25223407250781250
130	61	4	16	24989404163368563/21439896163164062500
130	62	2	9	4
130	63	2	8	10908/11375
130	64	2	8	109346112/905734375
130	65	2	8	-241086674376/10302728515625
130	66	2	8	-6265643584037328/385064478271484375
130	67	2	8	-64132598782059565392/30660759082366943359375
130	68	4	15	4/3
130	68	6	12	4/3
130	68	7	10	4/3
130	69	4	13	1/28
130	69	6	11	1/28
130	69	7	10	1/28
130	70	4	13	-22011/548800
130	70	6	11	-22011/548800
130	70	7	10	-22011/548800
130	71	4	13	-201249/61465600
130	71	6	11	-201249/61465600
130	71	7	10	-201249/61465600
130	72	4	13	13015499067/3958384640000
130	72	6	11	13015499067/3958384640000
130	72	7	10	13015499067/3958384640000
130	73	4	13	117899307/258506752000
130	73	6	11	117899307/258506752000
130	73	7	10	117899307/258506752000
130	74	5	5	2/3
130	74	7	7	2/3
130	74	11	11	2/3
130	75	4	4	-396/1757
130	75	6	6	-396/1757
130	75	10	10	-396/1757
130	76	4	4	63237591/1080467150
130	76	6	6	63237591/1080467150
130	76	10	10	63237591/1080467150
130	77	4	4	-7441623981/949190391275
130	77	6	6	-7441623981/949190391275
130	77	10	10	-7441623981/949190391275
130	78	4	4	-16303994272740213/7671546580362805000
130	78	6	6	-16303994272740213/7671546580362805000
130	78	10	10	-16303994272740213/7671546580362805000
130	79	4	4	2311428079711697661/1347890734169744838500
130	79	6	6	2311428079711697661/1347890734169744838500
130	79	10	10	2311428079711697661/1347890734169744838500
130	80	2	18	1
130	80	3	17	1
130	80	5	15	1
130	80	8	11	1
130	81	2	15	1377/3584
130	81	3	14	1377/3584
130	81	5	12	1377/3584
130	81	8	9	1377/3584
130	82	2	15	273409263/2247884800
130	82	3	14	273409263/2247884800
130	82	5	12	273409263/2247884800
130	82	8	9	273409263/2247884800
130	83	2	15	215614293903/8056419123200
130	83	3	14	215614293903/8056419123200
130	83	5	12	215614293903/8056419123200
130	83	8	9	215614293903/8056419123200
130	84	2	15	10367466074879121/16602668529090560000
130	84	3	14	10367466074879121/16602668529090560000
130	84	5	12	10367466074879121/16602668529090560000
130	84	8	9	10367466074879121/16602668529090560000
130	85	2	15	-33472803246173998083/11900792801652113408000
130	85	3	14	-33472803246173998083/11900792801652113408000
130	85	5	12	-33472803246173998083/11900792801652113408000
130	85	8	9	-33472803246173998083/11900792801652113408000
130	86	6	7	4
130	86	11	13	4
130	87	6	7	-26244/32725
130	87	10	11	-26244/32725
130	88	6	7	351926208/7496479375
130	88	10	11	351926208/7496479375
130	89	6	7	8889090490872/245322287546875
130	89	10	11	8889090490872/245322287546875
130	90	6	7	-2237539037784079536/184647952779344140625
130	90	10	11	-2237539037784079536/184647952779344140625
130	91	6	7	-6148713087176107924944/6042604254704037001953125
130	91	10	11	-6148713087176107924944/6042604254704037001953125
130	92	2	9	4
130	93	2	9	4698/4025
130	94	2	9	51008859/226808750
130	95	2	9	-3457377999/1825810437500
130	96	2	9	-615542057467857/29395548043750000
130	97	2	9	-233596079171300079/33804880250312500000
130	98	2	2	1/2
130	98	3	3	1/2
130	98	5	5	1/2
130	98	10	10	1/2
130	99	2	2	18/637
130	99	3	3	18/637
130	99	5	5	18/637
130	99	9	9	18/637
130	100	2	2	-297189/20288450
130	100	3	3	-297189/20288450
130	100	5	5	-297189/20288450
130	100	9	9	-297189/20288450
130	101	2	2	-17214606/6461871325
130	101	3	3	-17214606/6461871325
130	101	5	5	-17214606/6461871325
130	101	9	9	-17214606/6461871325
130	102	2	2	5394107405223/4733643839128750
130	102	3	3	5394107405223/4733643839128750
130	102	5	5	5394107405223/4733643839128750
130	102	9	9	5394107405223/4733643839128750
130	103	2	2	114430152823614/301533112552501375
130	103	3	3	114430152823614/301533112552501375
130	103	5	5	114430152823614/301533112552501375
130	103	9	9	114430152823614/301533112552501375
131	56	5	18	2
131	57	4	16	864/2975
131	58	4	16	-836649/61954375
131	59	4	16	-3341701008/184314265625
131	60	4	16	-48157818148071/25223407250781250
131	61	4	16	8076290378601672/5359974040791015625
131	62	2	18	4
131	63	2	16	1728/1625
131	64	2	16	150537528/905734375
131	65	2	16	-26128946304/1471818359375
131	66	2	16	-54247777545427056/2695451347900390625
131	67	2	16	-18498918058863374592/4380108440338134765625
131	68	10	17	4/3
131	68	12	16	4/3
131	68	13	15	4/3
131	69	10	15	-19/140
131	69	11	14	-19/140
131	69	12	13	-19/140
131	70	10	15	-16467/548800
131	70	11	14	-16467/548800
131	70	12	13	-16467/548800
131	71	10	15	3680091/307328000
131	71	11	14	3680091/307328000
131	71	12	13	3680091/307328000
131	72	10	15	5398566219/3958384640000
131	72	11	14	5398566219/3958384640000
131	72	12	13	5398566219/3958384640000
131	73	10	15	-494006846517/316670771200000
131	73	11	14	-494006846517/316670771200000
131	73	12	13	-494006846517/316670771200000
131	80	2	19	1
131	80	3	19	1
131	80	5	19	1
131	80	11	19	1
131	81	2	16	81/280
131	81	3	16	81/280
131	81	5	16	81/280
131	81	9	16	81/280
131	82	2	16	245673/4390400
131	82	3	16	245673/4390400
131	82	5	16	245673/4390400
131	82	9	16	245673/4390400
131	83	2	16	177147/1229312000
131	83	3	16	177147/1229312000
131	83	5	16	177147/1229312000
131	83	9	16	177147/1229312000
131	84	2	16	-304880792967/63334154240000
131	84	3	16	-304880792967/63334154240000
131	84	5	16	-304880792967/63334154240000
131	84	9	16	-304880792967/63334154240000
131	85	2	16	-29094891303411/17733563187200000
131	85	3	16	-29094891303411/17733563187200000
131	85	5	16	-29094891303411/17733563187200000
131	85	9	16	-29094891303411/17733563187200000
131	92	9	10	4
131	92	10	10	2
131	92	10	12	4
131	92	10	14	4
131	93	9	10	2106/4025
131	93	10	10	-2403/4025
131	93	10	11	-3078/4025
131	93	10	13	-3078/4025
131	94	9	10	-6238782/113404375
131	94	10	10	13210209/113404375
131	94	10	11	2579202/113404375
131	94	10	13	2579202/113404375
131	95	9	10	-18027187308/456452609375
131	95	10	10	949468554/456452609375
131	95	10	11	19561988916/456452609375
131	95	10	13	19561988916/456452609375
131	96	9	10	-1959046706772/1837221752734375
131	96	10	10	-21869831334186/1837221752734375
131	96	10	11	-20748079488852/1837221752734375
131	96	10	13	-20748079488852/1837221752734375
131	97	9	10	4454014132212021/1056402507822265625
131	97	10	10	57531941597727603/14789635109511718750
131	97	10	11	-17538521275404621/7394817554755859375
131	97	10	13	-17538521275404621/7394817554755859375
131	104	5	5	1
131	104	9	9	1
131	105	5	5	153/3500
131	105	9	9	153/3500
131	106	5	5	-2541537/85750000
131	106	9	9	-2541537/85750000
131	107	5	5	-1216707561/300125000000
131	107	9	9	-1216707561/300125000000
131	108	5	5	57221289639441/24160062500000000
131	108	9	9	57221289639441/24160062500000000
131	109	5	5	48177508153860873/84560218750000000000
131	109	9	9	48177508153860873/84560218750000000000
132	56	10	10	1
132	56	14	14	1
132	57	8	8	-2403/5950
132	57	12	12	-2403/5950
132	58	8	8	363771/2528750
132	58	12	12	363771/2528750
132	59	8	8	-2240535573/52661218750
132	59	12	12	-2240535573/52661218750
132	60	8	8	15813727394238/1801671946484375
132	60	12	12	15813727394238/1801671946484375
132	61	8	8	-2401077495255633/21439896163164062500
132	61	12	12	-2401077495255633/21439896163164062500
132	62	8	9	4
132	62	8	11	4
132	63	7	8	-15552/11375
132	63	7	10	19764/11375
132	64	7	8	50041476/129390625
132	64	7	10	87229224/129390625
132	65	7	8	-113498791488/1471818359375
132	65	7	10	46854672912/210259765625
132	66	7	8	141106022657316/55009211181640625
132	66	7	10	21423838623818112/385064478271484375
132	67	7	8	25908203780191940544/4380108440338134765625
132	67	7	10	3427662137567885856/625729777191162109375
132	68	2	8	4/3
132	68	3	8	4/3
132	68	4	4	2/3
132	68	5	8	4/3
132	68	6	6	2/3
132	68	7	7	2/3
132	69	2	8	-9/35
132	69	3	8	-9/35
132	69	4	4	-139/560
132	69	5	8	-9/35
132	69	6	6	-139/560
132	69	7	7	-139/560
132	70	2	8	27/1400
132	70	3	8	27/1400
132	70	4	4	48459/627200
132	70	5	8	27/1400
132	70	6	6	48459/627200
132	70	7	7	48459/627200
132	71	2	8	2187/274400
132	71	3	8	2187/274400
132	71	4	4	-12281067/702464000
132	71	5	8	2187/274400
132	71	6	6	-12281067/702464000
132	71	7	7	-12281067/702464000
132	72	2	8	-26788563/8835680000
132	72	3	8	-26788563/8835680000
132	72	4	4	20827097757/18095472640000
132	72	5	8	-26788563/8835680000
132	72	6	6	20827097757/18095472640000
132	72	7	7	20827097757/18095472640000
132	73	2	8	-1594323/1236995200000
132	73	3	8	-1594323/1236995200000
132	73	4	4	26241564511683/20266929356800000
132	73	5	8	-1594323/1236995200000
132	73	6	6	26241564511683/20266929356800000
132	73	7	7	26241564511683/20266929356800000
132	86	5	13	4
132	86	6	10	4
132	87	5	11	51516/32725
132	87	6	9	51516/32725
132	88	5	11	573501384/1070925625
132	88	6	9	573501384/1070925625
132	89	5	11	5068595154096/35046041078125
132	89	6	9	5068595154096/35046041078125
132	90	5	11	85595102852812416/3768325566925390625
132	90	6	9	85595102852812416/3768325566925390625
132	91	5	11	-3397756455504112999392/863229179243433857421875
132	91	6	9	-3397756455504112999392/863229179243433857421875
132	98	1	4	1
132	98	1	14	1
132	98	2	14	1
132	98	3	14	1
132	98	4	5	1
132	98	4	10	1
132	99	1	4	783/3185
132	99	1	13	783/3185
132	99	2	13	27/637
132	99	3	13	27/637
132	99	4	5	27/637
132	99	4	9	27/637
132	100	1	4	369846/10144225
132	100	1	13	369846/10144225
132	100	2	13	-225018/10144225
132	100	3	13	-225018/10144225
132	100	4	5	-225018/10144225
132	100	4	9	-225018/10144225
132	101	1	4	-18265824/6461871325
132	101	1	13	-18265824/6461871325
132	101	2	13	-19210608/6461871325
132	101	3	13	-19210608/6461871325
132	101	4	5	-19210608/6461871325
132	101	4	9	-19210608/6461871325
132	102	1	4	-8207158154256/2366821919564375
132	102	1	13	-8207158154256/2366821919564375
132	102	2	13	3123402051312/2366821919564375
132	102	3	13	3123402051312/2366821919564375
132	102	4	5	3123402051312/2366821919564375
132	102	4	9	3123402051312/2366821919564375
132	103	1	4	-5494278489520536/7538327813812534375
132	103	1	13	-5494278489520536/7538327813812534375
132	103	2	13	95178672483624/301533112552501375
132	103	3	13	95178672483624/301533112552501375
132	103	4	5	95178672483624/301533112552501375
132	103	4	9	95178672483624/301533112552501375
133	56	10	10	1
133	56	14	14	1
133	57	8	8	-54/2975
133	57	12	12	-54/2975
133	58	8	8	-1652643/61954375
133	58	12	12	-1652643/61954375
133	59	8	8	269932662/184314265625
133	59	12	12	269932662/184314265625
133	60	8	8	24520135572801/12611703625390625
133	60	12	12	24520135572801/12611703625390625
133	61	8	8	-6741326031340014/37519818285537109375
133	61	12	12	-6741326031340014/37519818285537109375
133	62	11	17	4
133	63	10	15	13176/11375
133	64	10	15	201460608/905734375
133	65	10	15	-10681098048/10302728515625
133	66	10	15	-53867163285086976/2695451347900390625
133	67	10	15	-203424216992729823744/30660759082366943359375
133	68	2	18	4/3
133	68	3	18	4/3
133	68	5	18	4/3
133	69	2	16	-6/35
133	69	3	16	-6/35
133	69	5	16	-6/35
133	70	2	16	-351/17150
133	70	3	16	-351/17150
133	70	5	16	-351/17150
133	71	2	16	16281/1200500
133	71	3	16	16281/1200500
133	71	5	16	16281/1200500
133	72	2	16	-540189/3865610000
133	72	3	16	-540189/3865610000
133	72	5	16	-540189/3865610000
133	73	2	16	-413913807/270592700000
133	73	3	16	-413913807/270592700000
133	73	5	16	-413913807/270592700000
133	74	8	9	4/3
133	74	12	13	4/3
133	74	14	15	4/3
133	75	7	8	-3186/8785
133	75	11	12	-3186/8785
133	75	13	14	-3186/8785
133	76	7	8	33528897/540233575
133	76	11	12	33528897/540233575
133	76	13	14	33528897/540233575
133	77	7	8	28648035693/9491903912750
133	77	11	12	28648035693/9491903912750
133	77	13	14	28648035693/9491903912750
133	78	7	8	-23746821542242461/3835773290181402500
133	78	11	12	-23746821542242461/3835773290181402500
133	78	13	14	-23746821542242461/3835773290181402500
133	79	7	8	110360649041489533167/67394536708487241925000
133	79	11	12	110360649041489533167/67394536708487241925000
133	79	13	14	110360649041489533167/67394536708487241925000
133	86	5	17	4
133	86	10	16	4
133	87	5	15	34344/32725
133	87	9	14	34344/32725
133	88	5	15	1180770048/7496479375
133	88	9	14	1180770048/7496479375
133	89	5	15	-5031190210752/245322287546875
133	89	9	14	-5031190210752/245322287546875
133	90	5	15	-3731165702543874816/184647952779344140625
133	90	9	14	-3731165702543874816/184647952779344140625
133	91	5	15	-23175616529014526393856/6042604254704037001953125
133	91	9	14	-23175616529014526393856/6042604254704037001953125
133	92	7	7	2
133	93	7	7	-4941/8050
133	94	7	7	116569287/907235000
133	95	7	7	-39128406507/14606483500000
133	96	7	7	-2630636475048153/235164384350000000
133	97	7	7	16386340968767545893/3786146588035000000000
133	104	1	13	2
133	104	2	13	2
133	104	3	13	2
133	105	1	13	54/125
133	105	2	13	-54/875
133	105	3	13	-54/875
133	106	1	13	172044/5359375
133	106	2	13	-317844/5359375
133	106	3	13	-317844/5359375
133	107	1	13	-13069512/669921875
133	107	2	13	26296488/4689453125
133	107	3	13	26296488/4689453125
133	108	1	13	-721977478848/94375244140625
133	108	2	13	451444249152/94375244140625
133	108	3	13	451444249152/94375244140625
133	109	1	13	3700181345904/11796905517578125
133	109	2	13	-63896715992304/82578338623046875
133	109	3	13	-63896715992304/82578338623046875
134	56	10	14	2
134	57	8	12	-2511/5950
134	58	8	12	9726561/247817500
134	59	8	12	9388731951/737257062500
134	60	8	12	-599561840237139/100893629003125000
134	61	8	12	620906518109848833/2401268370274375000000
134	62	9	11	4
134	63	8	10	-1458/11375
134	64	8	10	-90655038/905734375
134	65	8	10	101843227476/10302728515625
134	66	8	10	18321021308289204/2695451347900390625
134	67	8	10	-35475851380147282233/30660759082366943359375
134	68	2	7	4/3
134	68	3	6	4/3
134	68	4	5	4/3
134	69	2	7	53/140
134	69	3	6	53/140
134	69	4	5	53/140
134	70	2	7	37479/548800
134	70	3	6	37479/548800
134	70	4	5	37479/548800
134	71	2	7	-881019/307328000
134	71	3	6	-881019/307328000
134	71	4	5	-881019/307328000
134	72	2	7	-28251331173/3958384640000
134	72	3	6	-28251331173/3958384640000
134	72	4	5	-28251331173/3958384640000
134	73	2	7	-4501442145987/2216695398400000
134	73	3	6	-4501442145987/2216695398400000
134	73	4	5	-4501442145987/2216695398400000
134	86	4	4	2
134	86	4	5	4
134	86	4	6	4
134	86	4	10	4
134	86	4	13	4
134	87	4	4	-621/935
134	87	4	5	8586/6545
134	87	4	6	-4374/6545
134	87	4	9	8586/6545
134	87	4	11	-4374/6545
134	88	4	4	49846833/299859175
134	88	4	5	96427746/299859175
134	88	4	6	899586/299859175
134	88	4	9	96427746/299859175
134	88	4	11	899586/299859175
134	89	4	4	-5360979978/280368328625
134	89	4	5	67111078068/1962578300375
134	89	4	6	70271380548/1962578300375
134	89	4	9	67111078068/1962578300375
134	89	4	11	70271380548/1962578300375
134	90	4	4	-2239920574082694/295436724446950625
134	90	4	5	-4656355067302668/295436724446950625
134	90	4	6	-295294173409044/42205246349564375
134	90	4	9	-4656355067302668/295436724446950625
134	90	4	11	-295294173409044/42205246349564375
134	91	4	4	122666223469764861/24020290205034681250
134	91	4	5	-19132346778507982179/1933633361505291840625
134	91	4	6	-4267437000533016579/1933633361505291840625
134	91	4	9	-19132346778507982179/1933633361505291840625
134	91	4	11	-4267437000533016579/1933633361505291840625
134	98	2	3	1
134	98	5	10	1
134	99	2	3	1179/6370
134	99	5	9	1179/6370
134	100	2	3	65853/20288450
134	100	5	9	65853/20288450
134	101	2	3	-702968139/64618713250
134	101	5	9	-702968139/64618713250
134	102	2	3	-6074086158162/2366821919564375
134	102	5	9	-6074086158162/2366821919564375
134	103	2	3	20766987384968169/30153311255250137500
134	103	5	9	20766987384968169/30153311255250137500
135	56	10	14	2
135	57	8	12	297/850
135	58	8	12	2456001/247817500
135	59	8	12	-1699410537/105322437500
135	60	8	12	-395515195832979/100893629003125000
135	61	8	12	249362047923885369/343038338610625000000
135	62	11	18	4
135	63	10	16	-8046/11375
135	64	10	16	16389378/905734375
135	65	10	16	356870819628/10302728515625
135	66	10	16	-22436307643758156/2695451347900390625
135	67	10	16	-52304858332637286231/30660759082366943359375
135	68	2	17	4/3
135	68	3	16	4/3
135	68	5	13	4/3
135	69	2	15	13/28
135	69	3	14	13/28
135	69	5	12	13/28
135	70	2	15	66639/548800
135	70	3	14	66639/548800
135	70	5	12	66639/548800
135	71	2	15	876213/61465600
135	71	3	14	876213/61465600
135	71	5	12	876213/61465600
135	72	2	15	-25128146133/3958384640000
135	72	3	14	-25128146133/3958384640000
135	72	5	12	-25128146133/3958384640000
135	73	2	15	-387739007487/88667815936000
135	73	3	14	-387739007487/88667815936000
135	73	5	12	-387739007487/88667815936000
135	86	5	8	4
135	86	10	14	4
135	87	5	8	25758/32725
135	87	9	12	25758/32725
135	88	5	8	324738882/7496479375
135	88	9	12	324738882/7496479375
135	89	5	8	-8680087500156/245322287546875
135	89	9	12	-8680087500156/245322287546875
135	90	5	8	-2104762442666535756/184647952779344140625
135	90	9	12	-2104762442666535756/184647952779344140625
135	91	5	8	6438325658378555070783/6042604254704037001953125
135	91	9	12	6438325658378555070783/6042604254704037001953125
135	92	4	12	4
135	92	6	14	4
135	93	4	11	-4617/8050
135	93	6	13	-4617/8050
135	94	4	11	-56514267/1814470000
135	94	6	13	-56514267/1814470000
135	95	4	11	2160647255799/58425934000000
135	95	6	13	2160647255799/58425934000000
135	96	4	11	-938594105374959/268759296400000000
135	96	6	13	-938594105374959/268759296400000000
135	97	4	11	-194542305078731483799/60578345408560000000000
135	97	6	13	-194542305078731483799/60578345408560000000000
135	98	6	6	1/2
135	98	7	7	1/2
135	98	11	11	1/2
135	98	12	12	1/2
135	99	6	6	-369/2548
135	99	7	7	-369/2548
135	99	10	10	-369/2548
135	99	11	11	-369/2548
135	100	6	6	1055997/40576900
135	100	7	7	1055997/40576900
135	100	10	10	1055997/40576900
135	100	11	11	1055997/40576900
135	101	6	6	43548273/25847485300
135	101	7	7	43548273/25847485300
135	101	10	10	43548273/25847485300
135	101	11	11	43548273/25847485300
135	102	6	6	-7351876331001/2366821919564375
135	102	7	7	-7351876331001/2366821919564375
135	102	10	10	-7351876331001/2366821919564375
135	102	11	11	-7351876331001/2366821919564375
135	103	6	6	2022222065595201/2412264900420011000
135	103	7	7	2022222065595201/2412264900420011000
135	103	10	10	2022222065595201/2412264900420011000
135	103	11	11	2022222065595201/2412264900420011000
135	104	5	9	2
135	105	5	9	414/875
135	106	5	9	2314413/42875000
135	107	5	9	-549571959/37515625000
135	108	5	9	-103839991186959/12080031250000000
135	109	5	9	-344769763525731/459566406250000000
136	56	10	18	1
136	56	14	18	1
136	57	8	16	-297/850
136	57	12	16	-297/850
136	58	8	16	1820313/17701250
136	58	12	16	1820313/17701250
136	59	8	16	-169096653/7523031250
136	59	12	16	-169096653/7523031250
136	60	8	16	467749921914/257381706640625
136	60	12	16	467749921914/257381706640625
136	61	8	16	538708433885919/437548901289062500
136	61	12	16	538708433885919/437548901289062500
136	62	9	11	2
136	63	8	10	8046/11375
136	64	8	10	27156708/129390625
136	65	8	10	67312868184/1471818359375
136	66	8	10	1263402393068736/385064478271484375
136	67	8	10	-12368401655328815472/4380108440338134765625
136	68	2	8	2/3
136	68	3	8	2/3
136	68	4	15	2/3
136	68	5	8	2/3
136	68	6	12	2/3
136	68	7	10	2/3
136	68	8	10	2/3
136	68	8	12	2/3
136	68	8	15	2/3
136	69	2	8	9/70
136	69	3	8	9/70
136	69	4	13	11/40
136	69	5	8	9/70
136	69	6	11	11/40
136	69	7	10	11/40
136	70	2	8	27/2800
136	70	3	8	27/2800
136	70	4	13	15411/156800
136	70	5	8	27/2800
136	70	6	11	15411/156800
136	70	7	10	15411/156800
136	70	8	10	-297/19600
136	70	8	11	-297/19600
136	70	8	13	-297/19600
136	71	2	8	-2187/548800
136	71	3	8	-2187/548800
136	71	4	13	351747/12544000
136	71	5	8	-2187/548800
136	71	6	11	351747/12544000
136	71	7	10	351747/12544000
136	72	2	8	-26788563/17671360000
136	72	3	8	-26788563/17671360000
136	72	4	13	771511851/161566720000
136	72	5	8	-26788563/17671360000
136	72	6	11	771511851/161566720000
136	72	7	10	771511851/161566720000
136	72	8	10	2381643/2524480000
136	72	8	11	2381643/2524480000
136	72	8	13	2381643/2524480000
136	73	2	8	1594323/2473990400000
136	73	3	8	1594323/2473990400000
136	73	4	13	-9408773781/12925337600000
136	73	5	8	1594323/2473990400000
136	73	6	11	-9408773781/12925337600000
136	73	7	10	-9408773781/12925337600000
136	86	5	14	2
136	86	6	8	2
136	86	8	10	2
136	86	13	14	2
136	87	5	12	28026/32725
136	87	6	8	-21708/32725
136	87	8	9	28026/32725
136	87	11	12	-21708/32725
136	88	5	12	347741748/1070925625
136	88	6	8	190632042/1070925625
136	88	8	9	347741748/1070925625
136	88	11	12	190632042/1070925625
136	89	5	12	3612110943384/35046041078125
136	89	6	8	-1092551288148/35046041078125
136	89	8	9	3612110943384/35046041078125
136	89	11	12	-1092551288148/35046041078125
136	90	5	12	88342883187605568/3768325566925390625
136	90	6	8	-29192741407570194/26378278968477734375
136	90	8	9	88342883187605568/3768325566925390625
136	90	11	12	-29192741407570194/26378278968477734375
136	91	5	12	850487285944299641328/863229179243433857421875
136	91	6	8	2841360257627570279196/863229179243433857421875
136	91	8	9	850487285944299641328/863229179243433857421875
136	91	11	12	2841360257627570279196/863229179243433857421875
136	92	4	4	1
136	92	4	9	2
136	92	6	6	1
136	92	6	9	2
136	93	4	4	-12393/32200
136	93	4	9	891/1150
136	93	6	6	-12393/32200
136	93	6	9	891/1150
136	94	4	4	131454009/1036840000
136	94	4	9	33367059/129605000
136	94	6	6	131454009/1036840000
136	94	6	9	33367059/129605000
136	95	4	4	-1080534875697/33386248000000
136	95	4	9	19870047549/298091500000
136	95	6	6	-1080534875697/33386248000000
136	95	6	9	19870047549/298091500000
136	96	4	4	4535089187477841/1075037185600000000
136	96	4	9	43664140119303/4799273150000000
136	96	6	6	4535089187477841/1075037185600000000
136	96	6	9	43664140119303/4799273150000000
136	97	4	4	45790721977627661607/34616197376320000000000
136	97	4	9	-27986234497530507/11038328245000000000
136	97	6	6	45790721977627661607/34616197376320000000000
136	97	6	9	-27986234497530507/11038328245000000000
136	98	2	4	1/2
136	98	3	4	1/2
136	98	4	6	1/2
136	98	4	7	1/2
136	98	4	11	1/2
136	98	4	12	1/2
136	98	5	14	1/2
136	98	6	14	1/2
136	98	7	14	1/2
136	98	10	14	1/2
136	98	11	14	1/2
136	98	12	14	1/2
136	99	2	4	27/1274
136	99	3	4	27/1274
136	99	4	6	-513/6370
136	99	4	7	-513/6370
136	99	4	10	-513/6370
136	99	4	11	-513/6370
136	99	5	13	27/1274
136	99	6	13	-513/6370
136	99	7	13	-513/6370
136	99	9	13	27/1274
136	99	10	13	-513/6370
136	99	11	13	-513/6370
136	100	2	4	-112509/10144225
136	100	3	4	-112509/10144225
136	100	4	6	9963/10144225
136	100	4	7	9963/10144225
136	100	4	10	9963/10144225
136	100	4	11	9963/10144225
136	100	5	13	-112509/10144225
136	100	6	13	9963/10144225
136	100	7	13	9963/10144225
136	100	9	13	-112509/10144225
136	100	10	13	9963/10144225
136	100	11	13	9963/10144225
136	101	2	4	-9605304/6461871325
136	101	3	4	-9605304/6461871325
136	101	4	6	23934528/6461871325
136	101	4	7	23934528/6461871325
136	101	4	10	23934528/6461871325
136	101	4	11	23934528/6461871325
136	101	5	13	-9605304/6461871325
136	101	6	13	23934528/6461871325
136	101	7	13	23934528/6461871325
136	101	9	13	-9605304/6461871325
136	101	10	13	23934528/6461871325
136	101	11	13	23934528/6461871325
136	102	2	4	1561701025656/2366821919564375
136	102	3	4	1561701025656/2366821919564375
136	102	4	6	-1756735621128/2366821919564375
136	102	4	7	-1756735621128/2366821919564375
136	102	4	10	-1756735621128/2366821919564375
136	102	4	11	-1756735621128/2366821919564375
136	102	5	13	1561701025656/2366821919564375
136	102	6	13	-1756735621128/2366821919564375
136	102	7	13	-1756735621128/2366821919564375
136	102	9	13	1561701025656/2366821919564375
136	102	10	13	-1756735621128/2366821919564375
136	102	11	13	-1756735621128/2366821919564375
136	103	2	4	47589336241812/301533112552501375
136	103	3	4	47589336241812/301533112552501375
136	103	4	6	-1412638548947532/7538327813812534375
136	103	4	7	-1412638548947532/7538327813812534375
136	103	4	10	-1412638548947532/7538327813812534375
136	103	4	11	-1412638548947532/7538327813812534375
136	103	5	13	47589336241812/301533112552501375
136	103	6	13	-1412638548947532/7538327813812534375
136	103	7	13	-1412638548947532/7538327813812534375
136	103	9	13	47589336241812/301533112552501375
136	103	10	13	-1412638548947532/7538327813812534375
136	103	11	13	-1412638548947532/7538327813812534375
137	56	10	18	1
137	56	14	18	1
137	57	8	16	108/2975
137	57	12	16	108/2975
137	58	8	16	-1467477/61954375
137	58	12	16	-1467477/61954375
137	59	8	16	-493098516/184314265625
137	59	12	16	-493098516/184314265625
137	60	8	16	19126477090881/12611703625390625
137	60	12	16	19126477090881/12611703625390625
137	61	8	16	1602357539740164/5359974040791015625
137	61	12	16	1602357539740164/5359974040791015625
137	62	11	18	2
137	63	10	16	4752/11375
137	64	10	16	31650264/905734375
137	65	10	16	-149972492736/10302728515625
137	66	10	16	-16549598551976928/2695451347900390625
137	67	10	16	-1767923492299100928/30660759082366943359375
137	68	2	18	2/3
137	68	3	18	2/3
137	68	5	18	2/3
137	68	10	17	2/3
137	68	10	18	2/3
137	68	12	16	2/3
137	68	12	18	2/3
137	68	13	15	2/3
137	68	15	18	2/3
137	69	2	16	6/35
137	69	3	16	6/35
137	69	5	16	6/35
137	69	10	15	53/280
137	69	10	16	-3/35
137	69	11	14	53/280
137	69	11	16	-3/35
137	69	12	13	53/280
137	69	13	16	-3/35
137	70	2	16	837/34300
137	70	3	16	837/34300
137	70	5	16	837/34300
137	70	10	15	37389/1097600
137	70	10	16	-297/34300
137	70	11	14	37389/1097600
137	70	11	16	-297/34300
137	70	12	13	37389/1097600
137	70	13	16	-297/34300
137	71	2	16	-4617/1200500
137	71	3	16	-4617/1200500
137	71	5	16	-4617/1200500
137	71	10	15	-923949/614656000
137	71	10	16	14823/2401000
137	71	11	14	-923949/614656000
137	71	11	16	14823/2401000
137	71	12	13	-923949/614656000
137	71	13	16	14823/2401000
137	72	2	16	-25524477/7731220000
137	72	3	16	-25524477/7731220000
137	72	5	16	-25524477/7731220000
137	72	10	15	-28460563893/7916769280000
137	72	10	16	-1379997/7731220000
137	72	11	14	-28460563893/7916769280000
137	72	11	16	-1379997/7731220000
137	72	12	13	-28460563893/7916769280000
137	72	13	16	-1379997/7731220000
137	73	2	16	-149019993/270592700000
137	73	3	16	-149019993/270592700000
137	73	5	16	-149019993/270592700000
137	73	10	15	-643052492541/633341542400000
137	73	10	16	-48557961/77312200000
137	73	11	14	-643052492541/633341542400000
137	73	11	16	-48557961/77312200000
137	73	12	13	-643052492541/633341542400000
137	73	13	16	-48557961/77312200000
137	86	5	18	2
137	86	10	18	2
137	87	5	16	3888/6545
137	87	9	16	3888/6545
137	88	5	16	36549144/299859175
137	88	9	16	36549144/299859175
137	89	5	16	7448677056/1962578300375
137	89	9	16	7448677056/1962578300375
137	90	5	16	-2728430661516768/295436724446950625
137	90	9	16	-2728430661516768/295436724446950625
137	91	5	16	-6996631342433571072/1933633361505291840625
137	91	9	16	-6996631342433571072/1933633361505291840625
137	92	9	13	2
137	92	9	15	2
137	92	12	13	2
137	92	14	15	2
137	93	9	12	729/1610
137	93	9	14	729/1610
137	93	11	12	-243/460
137	93	13	14	-243/460
137	94	9	12	1708047/36289400
137	94	9	14	1708047/36289400
137	94	11	12	12205647/145157600
137	94	13	14	12205647/145157600
137	95	9	12	-1688388057/116851868000
137	95	9	14	-1688388057/116851868000
137	95	11	12	945433539/133544992000
137	95	13	14	945433539/133544992000
137	96	9	12	-2854557209673/376263014960000
137	96	9	14	-2854557209673/376263014960000
137	96	11	12	-55771030400553/6020208239360000
137	96	13	14	-55771030400553/6020208239360000
137	97	9	12	-11830659472593/24725855268800000
137	97	9	14	-11830659472593/24725855268800000
137	97	11	12	11550667198408299/5538591580211200000
137	97	13	14	11550667198408299/5538591580211200000
137	104	5	13	1
137	104	6	6	1/2
137	104	6	13	1
137	104	7	7	1/2
137	104	7	13	1
137	104	9	13	1
137	104	10	10	1/2
137	104	10	13	1
137	104	11	11	1/2
137	104	11	13	1
137	105	5	13	81/875
137	105	6	6	-9/56
137	105	6	13	-27/175
137	105	7	7	-9/56
137	105	7	13	-27/175
137	105	9	13	81/875
137	105	10	10	-9/56
137	105	10	13	-27/175
137	105	11	11	-9/56
137	105	11	13	-27/175
137	106	5	13	-105948/5359375
137	106	6	6	10287/274400
137	106	6	13	-972/214375
137	106	7	7	10287/274400
137	106	7	13	-972/214375
137	106	9	13	-105948/5359375
137	106	10	10	10287/274400
137	106	10	13	-972/214375
137	106	11	11	10287/274400
137	106	11	13	-972/214375
137	107	5	13	-33185538/4689453125
137	107	6	6	-22599/7683200
137	107	6	13	354294/37515625
137	107	7	7	-22599/7683200
137	107	7	13	354294/37515625
137	107	9	13	-33185538/4689453125
137	107	10	10	-22599/7683200
137	107	10	13	354294/37515625
137	107	11	11	-22599/7683200
137	107	11	13	354294/37515625
137	108	5	13	77014303956/94375244140625
137	108	6	6	-290252079/123699520000
137	108	6	13	-27634932/21571484375
137	108	7	7	-290252079/123699520000
137	108	7	13	-27634932/21571484375
137	108	9	13	77014303956/94375244140625
137	108	10	10	-290252079/123699520000
137	108	10	13	-27634932/21571484375
137	108	11	11	-290252079/123699520000
137	108	11	13	-27634932/21571484375
137	109	5	13	66073100810436/82578338623046875
137	109	6	6	846703611/692717312000
137	109	6	13	-19648436652/26425068359375
137	109	7	7	846703611/692717312000
137	109	7	13	-19648436652/26425068359375
137	109	9	13	66073100810436/82578338623046875
137	109	10	10	846703611/692717312000
137	109	10	13	-19648436652/26425068359375
137	109	11	11	846703611/692717312000
137	109	11	13	-19648436652/26425068359375
138	56	18	18	2
138	57	16	16	-2727/2975
138	58	16	16	24385779/61954375
138	59	16	16	-28772077959/184314265625
138	60	16	16	703795294292292/12611703625390625
138	61	16	16	-183671310531061917/10719948081582031250
138	68	8	10	8/3
138	68	8	12	8/3
138	68	8	15	8/3
138	69	8	10	36/35
138	69	8	11	36/35
138	69	8	13	36/35
138	70	8	10	12177/34300
138	70	8	11	12177/34300
138	70	8	13	12177/34300
138	71	8	10	50301/480200
138	71	8	11	50301/480200
138	71	8	13	50301/480200
138	72	8	10	728920539/30924880000
138	72	8	11	728920539/30924880000
138	72	8	13	728920539/30924880000
138	73	8	10	14348907/6311200000
138	73	8	11	14348907/6311200000
138	73	8	13	14348907/6311200000
138	92	8	9	8
138	93	8	9	15552/4025
138	94	8	9	198301851/113404375
138	95	8	9	333672672024/456452609375
138	96	8	9	4049805508115463/14697774021875000
138	97	8	9	94281140425394367/1056402507822265625
138	98	4	4	1
138	98	4	8	2
138	98	4	13	2
138	98	14	14	1
138	98	14	15	2
138	98	14	17	2
138	99	4	4	-513/3185
138	99	4	8	-2322/3185
138	99	4	12	-2322/3185
138	99	13	13	-513/3185
138	99	13	14	-2322/3185
138	99	13	15	-2322/3185
138	100	4	4	95742/10144225
138	100	4	8	337284/1449175
138	100	4	12	337284/1449175
138	100	13	13	95742/10144225
138	100	13	14	337284/1449175
138	100	13	15	337284/1449175
138	101	4	4	122664456/32309356625
138	101	4	8	-392715216/6461871325
138	101	4	12	-392715216/6461871325
138	101	13	13	122664456/32309356625
138	101	13	14	-392715216/6461871325
138	101	13	15	-392715216/6461871325
138	102	4	4	-2721564630864/2366821919564375
138	102	4	8	24821763946848/2366821919564375
138	102	4	12	24821763946848/2366821919564375
138	102	13	13	-2721564630864/2366821919564375
138	102	13	14	24821763946848/2366821919564375
138	102	13	15	24821763946848/2366821919564375
138	103	4	4	-148145271189624/7538327813812534375
138	103	4	8	2989608242290704/7538327813812534375
138	103	4	12	2989608242290704/7538327813812534375
138	103	13	13	-148145271189624/7538327813812534375
138	103	13	14	2989608242290704/7538327813812534375
138	103	13	15	2989608242290704/7538327813812534375
138	104	4	4	2
138	105	4	4	-774/875
138	106	4	4	3871557/10718750
138	107	4	4	-1249083909/9378906250
138	108	4	4	32096157439761/755001953125000
138	109	4	4	-6997947745154607/660626708984375000
139	56	18	18	2
139	57	16	16	-432/2975
139	58	16	16	-2197206/61954375
139	59	16	16	1705964976/184314265625
139	60	16	16	822167924814/548334940234375
139	61	16	16	-205159753955952/233042349599609375
139	68	10	18	8/3
139	68	12	18	8/3
139	68	15	18	8/3
139	69	10	16	24/35
139	69	11	16	24/35
139	69	13	16	24/35
139	70	10	16	891/8575
139	70	11	16	891/8575
139	70	13	16	891/8575
139	71	10	16	-3159/300125
139	71	11	16	-3159/300125
139	71	13	16	-3159/300125
139	72	10	16	-981963/84035000
139	72	11	16	-981963/84035000
139	72	13	16	-981963/84035000
139	73	10	16	-1003833/420175000
139	73	11	16	-1003833/420175000
139	73	13	16	-1003833/420175000
139	92	9	17	8
139	93	9	16	10368/4025
139	94	9	16	70920036/113404375
139	95	9	16	31937478336/456452609375
139	96	9	16	-49012738250274/1837221752734375
139	97	9	16	-18462030604432992/1056402507822265625
139	104	13	13	2
139	104	13	14	4
139	104	13	16	4
139	105	13	13	-54/875
139	105	13	14	-972/875
139	105	13	15	-972/875
139	106	13	13	-269244/5359375
139	106	13	14	1094472/5359375
139	106	13	15	1094472/5359375
139	107	13	13	22359888/4689453125
139	107	13	14	5668704/4689453125
139	107	13	15	5668704/4689453125
139	108	13	13	14064054624/4103271484375
139	108	13	14	-69827095872/4103271484375
139	108	13	15	-69827095872/4103271484375
139	109	13	13	-2007852122448/3590362548828125
139	109	13	14	19344163296096/3590362548828125
139	109	13	15	19344163296096/3590362548828125
139	110	4	4	1/3
139	110	6	6	1/3
139	110	7	7	1/3
139	110	10	10	1/3
139	110	11	11	1/3
139	110	13	13	1/3
139	111	4	4	-243/2065
139	111	6	6	-243/2065
139	111	7	7	-243/2065
139	111	10	10	-243/2065
139	111	11	11	-243/2065
139	111	13	13	-243/2065
139	112	4	4	3970863/119398300
139	112	6	6	3970863/119398300
139	112	7	7	3970863/119398300
139	112	10	10	3970863/119398300
139	112	11	11	3970863/119398300
139	112	13	13	3970863/119398300
139	113	4	4	-1452428253/246557489500
139	113	6	6	-1452428253/246557489500
139	113	7	7	-1452428253/246557489500
139	113	10	10	-1452428253/246557489500
139	113	11	11	-1452428253/246557489500
139	113	13	13	-1452428253/246557489500
139	114	4	4	-924657915987/2036564863270000
139	114	6	6	-924657915987/2036564863270000
139	114	7	7	-924657915987/2036564863270000
139	114	10	10	-924657915987/2036564863270000
139	114	11	11	-924657915987/2036564863270000
139	114	13	13	-924657915987/2036564863270000
139	115	4	4	3456236682862839/4205506442652550000
139	115	6	6	3456236682862839/4205506442652550000
139	115	7	7	3456236682862839/4205506442652550000
139	115	10	10	3456236682862839/4205506442652550000
139	115	11	11	3456236682862839/4205506442652550000
139	115	13	13	3456236682862839/4205506442652550000
140	62	8	17	8
140	62	17	17	4
140	63	7	15	11988/11375
140	63	15	15	-13554/11375
140	64	7	15	-98382924/905734375
140	64	15	15	209428578/905734375
140	65	7	15	-819147568464/10302728515625
140	65	15	15	49819326372/10302728515625
140	66	7	15	-6445049617851192/2695451347900390625
140	66	15	15	-64409944677169356/2695451347900390625
140	67	7	15	259703298201311287938/30660759082366943359375
140	67	15	15	236384654021689134231/30660759082366943359375
140	74	8	12	8/3
140	74	8	14	8/3
140	74	12	14	8/3
140	75	7	11	5994/8785
140	75	7	13	5994/8785
140	75	11	13	5994/8785
140	76	7	11	51036561/540233575
140	76	7	13	51036561/540233575
140	76	11	13	51036561/540233575
140	77	7	11	-159646470723/9491903912750
140	77	7	13	-159646470723/9491903912750
140	77	11	13	-159646470723/9491903912750
140	78	7	11	-12892526788571613/958943322545350625
140	78	7	13	-12892526788571613/958943322545350625
140	78	11	13	-12892526788571613/958943322545350625
140	79	7	11	-277861454040843371151/134789073416974483850000
140	79	7	13	-277861454040843371151/134789073416974483850000
140	79	11	13	-277861454040843371151/134789073416974483850000
140	98	1	18	2
140	99	1	16	-297/3185
140	100	1	16	-702999/10144225
140	101	1	16	326285091/32309356625
140	102	1	16	15330931314732/2366821919564375
140	103	1	16	-24990714869061447/15076655627625068750
140	104	1	8	4
140	104	1	12	4
140	105	1	8	-297/875
140	105	1	12	-297/875
140	106	1	8	-564003/5359375
140	106	1	12	-564003/5359375
140	107	1	8	1188439857/37515625000
140	107	1	12	1188439857/37515625000
140	108	1	8	10146520817829/1510003906250000
140	108	1	12	10146520817829/1510003906250000
140	109	1	8	-23352670975826313/5285013671875000000
140	109	1	12	-23352670975826313/5285013671875000000
141	62	5	8	2
141	62	5	13	2
141	62	7	8	2
141	62	7	16	2
141	62	8	13	2
141	62	8	16	2
141	63	4	7	3996/11375
141	63	4	12	-1116/2275
141	63	6	7	3996/11375
141	63	6	14	-1116/2275
141	63	7	12	-54/325
141	63	7	14	-54/325
141	64	4	7	2185056/905734375
141	64	4	12	2210976/36229375
141	64	6	7	2185056/905734375
141	64	6	14	2210976/36229375
141	64	7	12	-1648026/36229375
141	64	7	14	-1648026/36229375
141	65	4	7	-210231446112/10302728515625
141	65	4	12	1163577312/82421828125
141	65	6	7	-210231446112/10302728515625
141	65	6	14	1163577312/82421828125
141	65	7	12	160495182/11774546875
141	65	7	14	160495182/11774546875
141	66	4	7	-11475319700158848/2695451347900390625
141	66	4	12	-40318922579328/4312722156640625
141	66	6	7	-11475319700158848/2695451347900390625
141	66	6	14	-40318922579328/4312722156640625
141	66	7	12	10586603389842/4312722156640625
141	66	7	14	10586603389842/4312722156640625
141	67	4	7	5912282287265718528/4380108440338134765625
141	67	4	12	1498095812374272/1401634700908203125
141	67	6	7	5912282287265718528/4380108440338134765625
141	67	6	14	1498095812374272/1401634700908203125
141	67	7	12	-2337841426856454/1401634700908203125
141	67	7	14	-2337841426856454/1401634700908203125
141	80	4	6	1/2
141	80	4	14	1/2
141	80	6	16	1/2
141	80	14	16	1/2
141	81	4	6	999/8960
141	81	4	11	999/8960
141	81	6	13	999/8960
141	81	11	13	999/8960
141	82	4	6	3020247/280985600
141	82	4	11	3020247/280985600
141	82	6	13	3020247/280985600
141	82	11	13	3020247/280985600
141	83	4	6	-4906361727/1258815488000
141	83	4	11	-4906361727/1258815488000
141	83	6	13	-4906361727/1258815488000
141	83	11	13	-4906361727/1258815488000
141	84	4	6	-244278640760319/129708347883520000
141	84	4	11	-244278640760319/129708347883520000
141	84	6	13	-244278640760319/129708347883520000
141	84	11	13	-244278640760319/129708347883520000
141	85	4	6	-6025131719494623/83013342645452800000
141	85	4	11	-6025131719494623/83013342645452800000
141	85	6	13	-6025131719494623/83013342645452800000
141	85	11	13	-6025131719494623/83013342645452800000
141	86	2	14	2
141	86	2	15	2
141	86	3	8	2
141	86	3	15	2
141	87	2	12	-8748/32725
141	87	2	13	3996/6545
141	87	3	8	-8748/32725
141	87	3	13	3996/6545
141	88	2	12	-195651936/7496479375
141	88	2	13	37348128/299859175
141	88	3	8	-195651936/7496479375
141	88	3	13	37348128/299859175
141	89	2	12	4910463821664/245322287546875
141	89	2	13	536007456/1962578300375
141	89	3	8	4910463821664/245322287546875
141	89	3	13	536007456/1962578300375
141	90	2	12	-139128581187462528/184647952779344140625
141	90	2	13	-3535379332027776/295436724446950625
141	90	3	8	-139128581187462528/184647952779344140625
141	90	3	13	-3535379332027776/295436724446950625
141	91	2	12	-37134413202749988096/17616922025376201171875
141	91	2	13	-1186616061077905152/276233337357898834375
141	91	3	8	-37134413202749988096/17616922025376201171875
141	91	3	13	-1186616061077905152/276233337357898834375
141	92	3	5	2
141	92	3	6	2
141	92	4	5	2
141	93	3	5	1809/3220
141	93	3	6	-81/644
141	93	4	5	-81/644
141	94	3	5	13786119/145157600
141	94	3	6	-7973073/145157600
141	94	4	5	-7973073/145157600
141	95	3	5	-8061585993/934814944000
141	95	3	6	2123461089/186962988800
141	95	4	5	2123461089/186962988800
141	96	3	5	-71575328968569/6020208239360000
141	96	3	6	23767065606807/6020208239360000
141	96	4	5	23767065606807/6020208239360000
141	97	3	5	-109896971398432137/38770141061478400000
141	97	3	6	-2397669084584667/1550805642459136000
141	97	4	5	-2397669084584667/1550805642459136000
141	98	1	6	1/2
141	98	1	7	1/2
141	98	1	11	1/2
141	98	1	12	1/2
141	99	1	6	783/6370
141	99	1	7	783/6370
141	99	1	10	783/6370
141	99	1	11	783/6370
141	100	1	6	255069/20288450
141	100	1	7	255069/20288450
141	100	1	10	255069/20288450
141	100	1	11	255069/20288450
141	101	1	6	-51562899/9231244750
141	101	1	7	-51562899/9231244750
141	101	1	10	-51562899/9231244750
141	101	1	11	-51562899/9231244750
141	102	1	6	-13570310092257/4733643839128750
141	102	1	7	-13570310092257/4733643839128750
141	102	1	10	-13570310092257/4733643839128750
141	102	1	11	-13570310092257/4733643839128750
141	103	1	6	-163669454115273/2153807946803581250
141	103	1	7	-163669454115273/2153807946803581250
141	103	1	10	-163669454115273/2153807946803581250
141	103	1	11	-163669454115273/2153807946803581250
142	62	8	9	2
142	62	8	13	2
142	62	8	16	2
142	62	8	18	2
142	62	13	13	1
142	62	16	16	1
142	63	7	8	999/11375
142	63	7	12	1377/2275
142	63	7	14	1377/2275
142	63	7	16	-4887/11375
142	63	12	12	-9/26
142	63	14	14	-9/26
142	64	7	8	-42904809/905734375
142	64	7	12	4780539/36229375
142	64	7	14	4780539/36229375
142	64	7	16	37191879/905734375
142	64	12	12	273051/2898350
142	64	14	14	273051/2898350
142	65	7	8	-67782366783/10302728515625
142	65	7	12	735809589/82421828125
142	65	7	14	735809589/82421828125
142	65	7	16	135867753351/10302728515625
142	65	12	12	-560601/37678550
142	65	14	14	-560601/37678550
142	66	7	8	8109926459290692/2695451347900390625
142	66	7	12	-33551840913228/4312722156640625
142	66	7	14	-33551840913228/4312722156640625
142	66	7	16	-2437613750986884/385064478271484375
142	66	12	12	-15594276654/6900355450625
142	66	14	14	-15594276654/6900355450625
142	67	7	8	45748741554058668183/61321518164733886718750
142	67	7	12	-72279525861664731/19622885812714843750
142	67	7	14	-72279525861664731/19622885812714843750
142	67	7	16	18571380188829427881/61321518164733886718750
142	67	12	12	182538350847/71763696686500
142	67	14	14	182538350847/71763696686500
142	68	4	13	2/3
142	68	6	16	2/3
142	68	7	17	2/3
142	69	4	12	-13/80
142	69	6	14	-13/80
142	69	7	15	-13/80
142	70	4	12	89301/4390400
142	70	6	14	89301/4390400
142	70	7	15	89301/4390400
142	71	4	12	3116061/702464000
142	71	6	14	3116061/702464000
142	71	7	15	3116061/702464000
142	72	4	12	-378772493733/126668308480000
142	72	6	14	-378772493733/126668308480000
142	72	7	15	-378772493733/126668308480000
142	73	4	12	7249059734787/20266929356800000
142	73	6	14	7249059734787/20266929356800000
142	73	7	15	7249059734787/20266929356800000
142	86	6	15	2
142	86	13	15	2
142	87	6	13	2997/6545
142	87	11	13	2997/6545
142	88	6	13	15419079/299859175
142	88	11	13	15419079/299859175
142	89	6	13	-24900313761/1962578300375
142	89	11	13	-24900313761/1962578300375
142	90	6	13	-312204455967924/42205246349564375
142	90	11	13	-312204455967924/42205246349564375
142	91	6	13	-2625889885783880931/3867266723010583681250
142	91	11	13	-2625889885783880931/3867266723010583681250
142	92	3	8	2
142	92	3	14	2
142	92	5	8	2
142	92	5	12	2
142	93	3	8	-81/230
142	93	3	13	2187/3220
142	93	5	8	-81/230
142	93	5	11	2187/3220
142	94	3	8	560601/72578800
142	94	3	13	25600293/145157600
142	94	5	8	560601/72578800
142	94	5	11	25600293/145157600
142	95	3	8	592911009/33386248000
142	95	3	13	21518577531/934814944000
142	95	5	8	592911009/33386248000
142	95	5	11	21518577531/934814944000
142	96	3	8	-6231792488697/1505052059840000
142	96	3	13	-41714458465833/6020208239360000
142	96	5	8	-6231792488697/1505052059840000
142	96	5	11	-41714458465833/6020208239360000
142	97	3	8	-642741051604203/692323947526400000
142	97	3	13	-208376689841686251/38770141061478400000
142	97	5	8	-642741051604203/692323947526400000
142	97	5	11	-208376689841686251/38770141061478400000
142	98	1	8	1/2
142	98	1	13	1/2
142	98	1	15	1/2
142	98	1	17	1/2
142	98	2	15	1/2
142	98	3	17	1/2
142	98	5	8	1/2
142	98	10	13	1/2
142	99	1	8	1863/12740
142	99	1	12	1863/12740
142	99	1	14	1863/12740
142	99	1	15	1863/12740
142	99	2	14	-639/12740
142	99	3	15	-639/12740
142	99	5	8	-639/12740
142	99	9	12	-639/12740
142	100	1	8	1116747/40576900
142	100	1	12	1116747/40576900
142	100	1	14	1116747/40576900
142	100	1	15	1116747/40576900
142	100	2	14	-59211/5796700
142	100	3	15	-59211/5796700
142	100	5	8	-59211/5796700
142	100	9	12	-59211/5796700
142	101	1	8	-28067958/32309356625
142	101	1	12	-28067958/32309356625
142	101	1	14	-28067958/32309356625
142	101	1	15	-28067958/32309356625
142	101	2	14	131933691/32309356625
142	101	3	15	131933691/32309356625
142	101	5	8	131933691/32309356625
142	101	9	12	131933691/32309356625
142	102	1	8	-13694114587617/4733643839128750
142	102	1	12	-13694114587617/4733643839128750
142	102	1	14	-13694114587617/4733643839128750
142	102	1	15	-13694114587617/4733643839128750
142	102	2	14	1909992019023/4733643839128750
142	102	3	15	1909992019023/4733643839128750
142	102	5	8	1909992019023/4733643839128750
142	102	9	12	1909992019023/4733643839128750
142	103	1	8	-2312620711745229/2622027065673925000
142	103	1	12	-2312620711745229/2622027065673925000
142	103	1	14	-2312620711745229/2622027065673925000
142	103	1	15	-2312620711745229/2622027065673925000
142	103	2	14	-29542170837280869/60306622510500275000
142	103	3	15	-29542170837280869/60306622510500275000
142	103	5	8	-29542170837280869/60306622510500275000
142	103	9	12	-29542170837280869/60306622510500275000
142	104	4	5	1
142	104	4	9	1
142	105	4	5	-9/3500
142	105	4	9	-9/3500
142	106	4	5	-297351/10718750
142	106	4	9	-297351/10718750
142	107	4	5	32119011/150062500000
142	107	4	9	32119011/150062500000
142	108	4	5	12731558229549/6040015625000000
142	108	4	9	12731558229549/6040015625000000
142	109	4	5	-573119585725941/21140054687500000000
142	109	4	9	-573119585725941/21140054687500000000
143	62	8	18	8
143	63	7	16	15552/11375
143	64	7	16	20196216/905734375
143	65	7	16	-705039391296/10302728515625
143	66	7	16	-40214038259015352/2695451347900390625
143	67	7	16	113026900132696024512/30660759082366943359375
143	68	13	13	4/3
143	68	16	16	4/3
143	68	17	17	4/3
143	69	12	12	-23/56
143	69	14	14	-23/56
143	69	15	15	-23/56
143	70	12	12	190461/2195200
143	70	14	14	190461/2195200
143	70	15	15	190461/2195200
143	71	12	12	-1099377/491724800
143	71	14	14	-1099377/491724800
143	71	15	15	-1099377/491724800
143	72	12	12	-467452298133/63334154240000
143	72	14	14	-467452298133/63334154240000
143	72	15	15	-467452298133/63334154240000
143	73	12	12	360359197299/123363917824000
143	73	14	14	360359197299/123363917824000
143	73	15	15	360359197299/123363917824000
143	92	12	14	8
143	93	11	13	7047/4025
143	94	11	13	144405423/907235000
143	95	11	13	-1846501851879/29212967000000
143	96	11	13	-27127950291955593/940657537400000000
143	97	11	13	-20130101582354741151/30289172704280000000000
143	98	1	18	2
143	99	1	16	432/637
143	100	1	16	1694682/10144225
143	101	1	16	12912048/923124475
143	102	1	16	-27304393766994/2366821919564375
143	103	1	16	-274465357403472/43076158936071625
143	104	5	8	4
143	104	9	12	4
143	105	5	8	-513/875
143	105	9	12	-513/875
143	106	5	8	-612117/21437500
143	106	9	12	-612117/21437500
143	107	5	8	2832127821/75031250000
143	107	9	12	2832127821/75031250000
143	108	5	8	-23770781442279/6040015625000000
143	108	9	12	-23770781442279/6040015625000000
143	109	5	8	-68565528995897673/21140054687500000000
143	109	9	12	-68565528995897673/21140054687500000000
144	62	17	17	6
144	63	15	15	5994/11375
144	64	15	15	-21021444/129390625
144	65	15	15	-74965303656/1471818359375
144	66	15	15	4077454696020288/385064478271484375
144	67	15	15	32204751911755232112/4380108440338134765625
144	74	8	16	4
144	74	12	16	4
144	74	14	16	4
144	74	16	16	2
144	75	7	15	5994/8785
144	75	11	15	5994/8785
144	75	13	15	5994/8785
144	75	15	15	-4779/8785
144	76	7	15	-1447794/77176225
144	76	11	15	-1447794/77176225
144	76	13	15	-1447794/77176225
144	76	15	15	6204519/77176225
144	77	7	15	-1337105556/27119725465
144	77	11	15	-1337105556/27119725465
144	77	13	15	-1337105556/27119725465
144	77	15	15	1442330874/96856162375
144	78	7	15	-150684702486732/19570271888680625
144	78	11	15	-150684702486732/19570271888680625
144	78	13	15	-150684702486732/19570271888680625
144	78	15	15	-1752744445011018/136991903220764375
144	79	7	15	5460149559900857067/1203473869794415034375
144	79	11	15	5460149559900857067/1203473869794415034375
144	79	13	15	5460149559900857067/1203473869794415034375
144	79	15	15	103919119255757979/49121382440588368750
144	104	1	17	6
144	105	1	16	-297/875
144	106	1	16	-158436/765625
144	107	1	16	49966389/1339843750
144	108	1	16	514077976161/26964355468750
144	109	1	16	-292451297981139/47187622070312500
144	110	1	8	1
144	110	1	12	1
144	110	1	14	1
144	110	1	15	1
144	111	1	8	-891/8260
144	111	1	12	-891/8260
144	111	1	14	-891/8260
144	111	1	15	-891/8260
144	112	1	8	-828873/34113800
144	112	1	12	-828873/34113800
144	112	1	14	-828873/34113800
144	112	1	15	-828873/34113800
144	113	1	8	5845851/563559976
144	113	1	12	5845851/563559976
144	113	1	14	5845851/563559976
144	113	1	15	5845851/563559976
144	114	1	8	158885447211/136562658470000
144	114	1	12	158885447211/136562658470000
144	114	1	14	158885447211/136562658470000
144	114	1	15	158885447211/136562658470000
144	115	1	8	-162623790666029781/110544740778295600000
144	115	1	12	-162623790666029781/110544740778295600000
144	115	1	14	-162623790666029781/110544740778295600000
144	115	1	15	-162623790666029781/110544740778295600000
145	62	5	5	1
145	62	5	17	2
145	62	7	7	1
145	62	7	17	2
145	63	4	4	801/11375
145	63	4	15	-3186/11375
145	63	6	6	801/11375
145	63	6	15	-3186/11375
145	64	4	4	-25861518/905734375
145	64	4	15	-25178364/905734375
145	64	6	6	-25861518/905734375
145	64	6	15	-25178364/905734375
145	65	4	4	-69340141368/10302728515625
145	65	4	15	233516697552/10302728515625
145	65	6	6	-69340141368/10302728515625
145	65	6	15	233516697552/10302728515625
145	66	4	4	5670408438729936/2695451347900390625
145	66	4	15	-2602025402552928/2695451347900390625
145	66	6	6	5670408438729936/2695451347900390625
145	66	6	15	-2602025402552928/2695451347900390625
145	67	4	4	4239021786542838648/4380108440338134765625
145	67	4	15	-11278026962245510128/4380108440338134765625
145	67	6	6	4239021786542838648/4380108440338134765625
145	67	6	15	-11278026962245510128/4380108440338134765625
145	74	2	8	2/3
145	74	2	9	2/3
145	74	2	12	2/3
145	74	2	13	2/3
145	74	2	14	2/3
145	74	2	15	2/3
145	74	5	14	2/3
145	74	7	12	2/3
145	74	8	11	2/3
145	75	2	7	333/1757
145	75	2	8	-1017/8785
145	75	2	11	333/1757
145	75	2	12	-1017/8785
145	75	2	13	333/1757
145	75	2	14	-1017/8785
145	75	4	13	36/8785
145	75	6	11	36/8785
145	75	7	10	36/8785
145	76	2	7	17387541/540233575
145	76	2	8	-860787/540233575
145	76	2	11	17387541/540233575
145	76	2	12	-860787/540233575
145	76	2	13	17387541/540233575
145	76	2	14	-860787/540233575
145	76	4	13	-23414427/1080467150
145	76	6	11	-23414427/1080467150
145	76	7	10	-23414427/1080467150
145	77	2	7	-3024023949/949190391275
145	77	2	8	7414671393/949190391275
145	77	2	11	-3024023949/949190391275
145	77	2	12	7414671393/949190391275
145	77	2	13	-3024023949/949190391275
145	77	2	14	7414671393/949190391275
145	77	4	13	-1898038251/4745951956375
145	77	6	11	-1898038251/4745951956375
145	77	7	10	-1898038251/4745951956375
145	78	2	7	-4058439231817044/958943322545350625
145	78	2	8	-1328227749773028/958943322545350625
145	78	2	11	-4058439231817044/958943322545350625
145	78	2	12	-1328227749773028/958943322545350625
145	78	2	13	-4058439231817044/958943322545350625
145	78	2	14	-1328227749773028/958943322545350625
145	78	4	13	14799061799150499/7671546580362805000
145	78	6	11	14799061799150499/7671546580362805000
145	78	7	10	14799061799150499/7671546580362805000
145	79	2	7	-672535976970212631/673945367084872419250
145	79	2	8	-10924908955184801889/16848634177121810481250
145	79	2	11	-672535976970212631/673945367084872419250
145	79	2	12	-10924908955184801889/16848634177121810481250
145	79	2	13	-672535976970212631/673945367084872419250
145	79	2	14	-10924908955184801889/16848634177121810481250
145	79	4	13	2001268472029399989/33697268354243620962500
145	79	6	11	2001268472029399989/33697268354243620962500
145	79	7	10	2001268472029399989/33697268354243620962500
145	80	4	7	1/2
145	80	4	12	1/2
145	80	6	7	1/2
145	80	6	12	1/2
145	80	7	8	1/2
145	80	7	14	1/2
145	80	7	16	1/2
145	80	7	18	1/2
145	80	12	14	1/2
145	80	12	15	1/2
145	80	12	16	1/2
145	80	12	17	1/2
145	81	4	7	999/8960
145	81	4	10	999/8960
145	81	6	7	999/8960
145	81	6	10	999/8960
145	81	7	8	-405/3584
145	81	7	11	999/8960
145	81	7	13	999/8960
145	81	7	15	-405/3584
145	81	10	11	999/8960
145	81	10	12	-405/3584
145	81	10	13	999/8960
145	81	10	14	-405/3584
145	82	4	7	2503143/280985600
145	82	4	10	2503143/280985600
145	82	6	7	2503143/280985600
145	82	6	10	2503143/280985600
145	82	7	8	10772919/1123942400
145	82	7	11	2503143/280985600
145	82	7	13	2503143/280985600
145	82	7	15	10772919/1123942400
145	82	10	11	2503143/280985600
145	82	10	12	10772919/1123942400
145	82	10	13	2503143/280985600
145	82	10	14	10772919/1123942400
145	83	4	7	-1291224483/251763097600
145	83	4	10	-1291224483/251763097600
145	83	6	7	-1291224483/251763097600
145	83	6	10	-1291224483/251763097600
145	83	7	8	2032289433/402820956160
145	83	7	11	-1291224483/251763097600
145	83	7	13	-1291224483/251763097600
145	83	7	15	2032289433/402820956160
145	83	10	11	-1291224483/251763097600
145	83	10	12	2032289433/402820956160
145	83	10	13	-1291224483/251763097600
145	83	10	14	2032289433/402820956160
145	84	4	7	-276176988032607/129708347883520000
145	84	4	10	-276176988032607/129708347883520000
145	84	6	7	-276176988032607/129708347883520000
145	84	6	10	-276176988032607/129708347883520000
145	84	7	8	-4546095176469951/2075333566136320000
145	84	7	11	-276176988032607/129708347883520000
145	84	7	13	-276176988032607/129708347883520000
145	84	7	15	-4546095176469951/2075333566136320000
145	84	10	11	-276176988032607/129708347883520000
145	84	10	12	-4546095176469951/2075333566136320000
145	84	10	13	-276176988032607/129708347883520000
145	84	10	14	-4546095176469951/2075333566136320000
145	85	4	7	727485371104311/11859048949350400000
145	85	4	10	727485371104311/11859048949350400000
145	85	6	7	727485371104311/11859048949350400000
145	85	6	10	727485371104311/11859048949350400000
145	85	7	8	-4284327746141469/148759910020651417600
145	85	7	11	727485371104311/11859048949350400000
145	85	7	13	727485371104311/11859048949350400000
145	85	7	15	-4284327746141469/148759910020651417600
145	85	10	11	727485371104311/11859048949350400000
145	85	10	12	-4284327746141469/148759910020651417600
145	85	10	13	727485371104311/11859048949350400000
145	85	10	14	-4284327746141469/148759910020651417600
145	86	2	11	2
145	86	2	17	2
145	86	3	7	2
145	86	3	16	2
145	87	2	10	12798/32725
145	87	2	15	-1566/32725
145	87	3	7	12798/32725
145	87	3	14	-1566/32725
145	88	2	10	49326084/7496479375
145	88	2	15	-515351484/7496479375
145	88	3	7	49326084/7496479375
145	88	3	14	-515351484/7496479375
145	89	2	10	-6389679063024/245322287546875
145	89	2	15	1224001999152/245322287546875
145	89	3	7	-6389679063024/245322287546875
145	89	3	14	1224001999152/245322287546875
145	90	2	10	-1185432177921065568/184647952779344140625
145	90	2	15	1191077069090062752/184647952779344140625
145	90	3	7	-1185432177921065568/184647952779344140625
145	90	3	14	1191077069090062752/184647952779344140625
145	91	2	10	1628973191850247445904/863229179243433857421875
145	91	2	15	-682626310476402518928/863229179243433857421875
145	91	3	7	1628973191850247445904/863229179243433857421875
145	91	3	14	-682626310476402518928/863229179243433857421875
145	92	2	7	2
145	93	2	7	-1917/8050
145	94	2	7	-38716947/907235000
145	95	2	7	321287833179/14606483500000
145	96	2	7	298604414704167/235164384350000000
145	97	2	7	-11216693565892882899/3786146588035000000000
145	104	1	2	1
145	104	1	3	1
145	105	1	2	27/125
145	105	1	3	27/125
145	106	1	2	221913/21437500
145	106	1	3	221913/21437500
145	107	1	2	-36035199/2679687500
145	107	1	3	-36035199/2679687500
145	108	1	2	-6607662612759/1510003906250000
145	108	1	3	-6607662612759/1510003906250000
145	109	1	2	134116785734607/188750488281250000
145	109	1	3	134116785734607/188750488281250000
146	62	5	13	1
146	62	5	17	1
146	62	7	16	1
146	62	7	17	1
146	62	13	17	1
146	62	16	17	1
146	63	4	12	639/4550
146	63	4	15	5589/22750
146	63	6	14	639/4550
146	63	6	15	5589/22750
146	63	12	15	-837/4550
146	63	14	15	-837/4550
146	64	4	12	-858519/72458750
146	64	4	15	52138161/1811468750
146	64	6	14	-858519/72458750
146	64	6	15	52138161/1811468750
146	64	12	15	164349/72458750
146	64	14	15	164349/72458750
146	65	4	12	-868050189/82421828125
146	65	4	15	-86970378699/10302728515625
146	65	6	14	-868050189/82421828125
146	65	6	15	-86970378699/10302728515625
146	65	12	15	922988358/82421828125
146	65	14	15	922988358/82421828125
146	66	4	12	-2660470928019/4312722156640625
146	66	4	15	-13638878016092739/2695451347900390625
146	66	6	14	-2660470928019/4312722156640625
146	66	6	15	-13638878016092739/2695451347900390625
146	66	12	15	-10932149457639/4312722156640625
146	66	14	15	-10932149457639/4312722156640625
146	67	4	12	6152153154419169/5606538803632812500
146	67	4	15	-329504904263040147/761757989624023437500
146	67	6	14	6152153154419169/5606538803632812500
146	67	6	15	-329504904263040147/761757989624023437500
146	67	12	15	-29691960807589569/39245771625429687500
146	67	14	15	-29691960807589569/39245771625429687500
146	74	5	8	1/3
146	74	5	12	1/3
146	74	7	8	1/3
146	74	7	14	1/3
146	74	8	13	1/3
146	74	8	15	1/3
146	74	9	12	1/3
146	74	9	14	1/3
146	74	11	12	1/3
146	74	11	14	1/3
146	74	12	15	1/3
146	74	13	14	1/3
146	75	4	7	333/5020
146	75	4	11	333/5020
146	75	6	7	333/5020
146	75	6	13	333/5020
146	75	7	12	-927/35140
146	75	7	14	-927/35140
146	75	8	11	-927/35140
146	75	8	13	-927/35140
146	75	10	11	333/5020
146	75	10	13	333/5020
146	75	11	14	-927/35140
146	75	12	13	-927/35140
146	76	4	7	12883293/4321868600
146	76	4	11	12883293/4321868600
146	76	6	7	12883293/4321868600
146	76	6	13	12883293/4321868600
146	76	7	12	-35146143/4321868600
146	76	7	14	-35146143/4321868600
146	76	8	11	-35146143/4321868600
146	76	8	13	-35146143/4321868600
146	76	10	11	12883293/4321868600
146	76	10	13	12883293/4321868600
146	76	11	14	-35146143/4321868600
146	76	12	13	-35146143/4321868600
146	77	4	7	-37689723549/10847890186000
146	77	4	11	-37689723549/10847890186000
146	77	6	7	-37689723549/10847890186000
146	77	6	13	-37689723549/10847890186000
146	77	7	12	171704971989/75935231302000
146	77	7	14	171704971989/75935231302000
146	77	8	11	171704971989/75935231302000
146	77	8	13	171704971989/75935231302000
146	77	10	11	-37689723549/10847890186000
146	77	10	13	-37689723549/10847890186000
146	77	11	14	171704971989/75935231302000
146	77	12	13	171704971989/75935231302000
146	78	4	7	-8034736587150429/7671546580362805000
146	78	4	11	-8034736587150429/7671546580362805000
146	78	6	7	-8034736587150429/7671546580362805000
146	78	6	13	-8034736587150429/7671546580362805000
146	78	7	12	534044837517633/1095935225766115000
146	78	7	14	534044837517633/1095935225766115000
146	78	8	11	534044837517633/1095935225766115000
146	78	8	13	534044837517633/1095935225766115000
146	78	10	11	-8034736587150429/7671546580362805000
146	78	10	13	-8034736587150429/7671546580362805000
146	78	11	14	534044837517633/1095935225766115000
146	78	12	13	534044837517633/1095935225766115000
146	79	4	7	23507552446643565261/154044655333685124400000
146	79	4	11	23507552446643565261/154044655333685124400000
146	79	6	7	23507552446643565261/154044655333685124400000
146	79	6	13	23507552446643565261/154044655333685124400000
146	79	7	12	-312710944017542565339/1078312587335795870800000
146	79	7	14	-312710944017542565339/1078312587335795870800000
146	79	8	11	-312710944017542565339/1078312587335795870800000
146	79	8	13	-312710944017542565339/1078312587335795870800000
146	79	10	11	23507552446643565261/154044655333685124400000
146	79	10	13	23507552446643565261/154044655333685124400000
146	79	11	14	-312710944017542565339/1078312587335795870800000
146	79	12	13	-312710944017542565339/1078312587335795870800000
146	80	4	8	1/4
146	80	4	15	1/4
146	80	6	8	1/4
146	80	6	17	1/4
146	80	14	15	1/4
146	80	14	18	1/4
146	80	16	17	1/4
146	80	16	18	1/4
146	81	4	8	999/35840
146	81	4	12	999/35840
146	81	6	8	999/35840
146	81	6	14	999/35840
146	81	11	12	999/35840
146	81	11	15	999/35840
146	81	13	14	999/35840
146	81	13	15	999/35840
146	82	4	8	-9907353/2247884800
146	82	4	12	-9907353/2247884800
146	82	6	8	-9907353/2247884800
146	82	6	14	-9907353/2247884800
146	82	11	12	-9907353/2247884800
146	82	11	15	-9907353/2247884800
146	82	13	14	-9907353/2247884800
146	82	13	15	-9907353/2247884800
146	83	4	8	-43650378927/20141047808000
146	83	4	12	-43650378927/20141047808000
146	83	6	8	-43650378927/20141047808000
146	83	6	14	-43650378927/20141047808000
146	83	11	12	-43650378927/20141047808000
146	83	11	15	-43650378927/20141047808000
146	83	13	14	-43650378927/20141047808000
146	83	13	15	-43650378927/20141047808000
146	84	4	8	402204030238881/4150667132272640000
146	84	4	12	402204030238881/4150667132272640000
146	84	6	8	402204030238881/4150667132272640000
146	84	6	14	402204030238881/4150667132272640000
146	84	11	12	402204030238881/4150667132272640000
146	84	11	15	402204030238881/4150667132272640000
146	84	13	14	402204030238881/4150667132272640000
146	84	13	15	402204030238881/4150667132272640000
146	85	4	8	1302268395106549377/5312853929308979200000
146	85	4	12	1302268395106549377/5312853929308979200000
146	85	6	8	1302268395106549377/5312853929308979200000
146	85	6	14	1302268395106549377/5312853929308979200000
146	85	11	12	1302268395106549377/5312853929308979200000
146	85	11	15	1302268395106549377/5312853929308979200000
146	85	13	14	1302268395106549377/5312853929308979200000
146	85	13	15	1302268395106549377/5312853929308979200000
146	86	2	16	1
146	86	2	18	1
146	86	3	17	1
146	86	3	18	1
146	86	7	15	1
146	86	7	17	1
146	86	11	15	1
146	86	11	16	1
146	87	2	14	13581/65450
146	87	2	16	-1593/13090
146	87	3	15	13581/65450
146	87	3	16	-1593/13090
146	87	7	13	2997/13090
146	87	7	15	-1971/9350
146	87	10	13	2997/13090
146	87	10	14	-1971/9350
146	88	2	14	151949601/14992958750
146	88	2	16	-10862343/599718350
146	88	3	15	151949601/14992958750
146	88	3	16	-10862343/599718350
146	88	7	13	11692917/599718350
146	88	7	15	172647369/14992958750
146	88	10	13	11692917/599718350
146	88	10	14	172647369/14992958750
146	89	2	14	-2835903355011/245322287546875
146	89	2	16	20052115299/1962578300375
146	89	3	15	-2835903355011/245322287546875
146	89	3	16	20052115299/1962578300375
146	89	7	13	-20825637516/1962578300375
146	89	7	15	401373629919/35046041078125
146	89	10	13	-20825637516/1962578300375
146	89	10	14	401373629919/35046041078125
146	90	2	14	-679953247621119459/184647952779344140625
146	90	2	16	77629073310477/295436724446950625
146	90	3	15	-679953247621119459/184647952779344140625
146	90	3	16	77629073310477/295436724446950625
146	90	7	13	-1370221527605463/295436724446950625
146	90	7	15	-708002961158685699/184647952779344140625
146	90	10	13	-1370221527605463/295436724446950625
146	90	10	14	-708002961158685699/184647952779344140625
146	91	2	14	1807667279321283799731/3452916716973735429687500
146	91	2	16	-1369938043574715303/1104933349431595337500
146	91	3	15	1807667279321283799731/3452916716973735429687500
146	91	3	16	-1369938043574715303/1104933349431595337500
146	91	7	13	592315849235077929/7734533446021167362500
146	91	7	15	-1593518747982709784067/3452916716973735429687500
146	91	10	13	592315849235077929/7734533446021167362500
146	91	10	14	-1593518747982709784067/3452916716973735429687500
146	92	2	13	1
146	92	2	15	1
146	92	3	7	1
146	92	3	15	1
146	92	5	7	1
146	92	5	13	1
146	93	2	12	-27/161
146	93	2	14	-27/161
146	93	3	7	27/161
146	93	3	14	-27/6440
146	93	5	7	27/161
146	93	5	12	-27/6440
146	94	2	12	-774441/145157600
146	94	2	14	-774441/145157600
146	94	3	7	-774441/145157600
146	94	3	14	-9708579/290315200
146	94	5	7	-774441/145157600
146	94	5	12	-9708579/290315200
146	95	2	12	283179321/23370373600
146	95	2	14	283179321/23370373600
146	95	3	7	-283179321/23370373600
146	95	3	14	786670461/1869629888000
146	95	5	7	-283179321/23370373600
146	95	5	12	786670461/1869629888000
146	96	2	12	-5383761456177/3010104119680000
146	96	2	14	-5383761456177/3010104119680000
146	96	3	7	-5383761456177/3010104119680000
146	96	3	14	5268468519873/1720059496960000
146	96	5	7	-5383761456177/3010104119680000
146	96	5	12	5268468519873/1720059496960000
146	97	2	12	-109123002484821/96925352653696000
146	97	2	14	-109123002484821/96925352653696000
146	97	3	7	109123002484821/96925352653696000
146	97	3	14	-4982526237566709/77540282122956800000
146	97	5	7	109123002484821/96925352653696000
146	97	5	12	-4982526237566709/77540282122956800000
146	104	1	6	1/2
146	104	1	7	1/2
146	104	1	10	1/2
146	104	1	11	1/2
146	104	2	7	1/2
146	104	2	11	1/2
146	104	3	6	1/2
146	104	3	10	1/2
146	105	1	6	171/1400
146	105	1	7	171/1400
146	105	1	10	171/1400
146	105	1	11	171/1400
146	105	2	7	-9/200
146	105	2	11	-9/200
146	105	3	6	-9/200
146	105	3	10	-9/200
146	106	1	6	21843/1715000
146	106	1	7	21843/1715000
146	106	1	10	21843/1715000
146	106	1	11	21843/1715000
146	106	2	7	-22383/1715000
146	106	2	11	-22383/1715000
146	106	3	6	-22383/1715000
146	106	3	10	-22383/1715000
146	107	1	6	-12590559/2401000000
146	107	1	7	-12590559/2401000000
146	107	1	10	-12590559/2401000000
146	107	1	11	-12590559/2401000000
146	107	2	7	1458729/343000000
146	107	2	11	1458729/343000000
146	107	3	6	1458729/343000000
146	107	3	10	1458729/343000000
146	108	1	6	-52967550051/19328050000000
146	108	1	7	-52967550051/19328050000000
146	108	1	10	-52967550051/19328050000000
146	108	1	11	-52967550051/19328050000000
146	108	2	7	15536375829/19328050000000
146	108	2	11	15536375829/19328050000000
146	108	3	6	15536375829/19328050000000
146	108	3	10	15536375829/19328050000000
146	109	1	6	-1368281991141/13529635000000000
146	109	1	7	-1368281991141/13529635000000000
146	109	1	10	-1368281991141/13529635000000000
146	109	1	11	-1368281991141/13529635000000000
146	109	2	7	-1158230920041/1932805000000000
146	109	2	11	-1158230920041/1932805000000000
146	109	3	6	-1158230920041/1932805000000000
146	109	3	10	-1158230920041/1932805000000000
147	62	13	13	1
147	62	13	17	2
147	62	16	16	1
147	62	16	17	2
147	63	12	12	18/455
147	63	12	15	918/2275
147	63	14	14	18/455
147	63	14	15	918/2275
147	64	12	12	-43011/1449175
147	64	12	15	685584/36229375
147	64	14	14	-43011/1449175
147	64	14	15	685584/36229375
147	65	12	12	-2404242/659374625
147	65	12	15	-1763623044/82421828125
147	65	14	14	-2404242/659374625
147	65	14	15	-1763623044/82421828125
147	66	12	12	16444077057/6900355450625
147	66	12	15	-4066424501544/616103165234375
147	66	14	14	16444077057/6900355450625
147	66	14	15	-4066424501544/616103165234375
147	67	12	12	1600220932218/3139661730034375
147	67	12	15	9139665989505528/9811442906357421875
147	67	14	14	1600220932218/3139661730034375
147	67	14	15	9139665989505528/9811442906357421875
147	74	8	9	2/3
147	74	8	17	2/3
147	74	12	13	2/3
147	74	12	17	2/3
147	74	14	15	2/3
147	74	14	17	2/3
147	75	7	8	666/8785
147	75	7	16	-963/8785
147	75	11	12	666/8785
147	75	11	16	-963/8785
147	75	13	14	666/8785
147	75	13	16	-963/8785
147	76	7	8	-12541149/1080467150
147	76	7	16	-1190538/540233575
147	76	11	12	-12541149/1080467150
147	76	11	16	-1190538/540233575
147	76	13	14	-12541149/1080467150
147	76	13	16	-1190538/540233575
147	77	7	8	-56196546201/9491903912750
147	77	7	16	66580942707/9491903912750
147	77	11	12	-56196546201/9491903912750
147	77	11	16	66580942707/9491903912750
147	77	13	14	-56196546201/9491903912750
147	77	13	16	66580942707/9491903912750
147	78	7	8	1712219848577667/7671546580362805000
147	78	7	16	-2134402979298777/1917886645090701250
147	78	11	12	1712219848577667/7671546580362805000
147	78	11	16	-2134402979298777/1917886645090701250
147	78	13	14	1712219848577667/7671546580362805000
147	78	13	16	-2134402979298777/1917886645090701250
147	79	7	8	45229204947914225433/67394536708487241925000
147	79	7	16	-2710425353801787621/4813895479177660137500
147	79	11	12	45229204947914225433/67394536708487241925000
147	79	11	16	-2710425353801787621/4813895479177660137500
147	79	13	14	45229204947914225433/67394536708487241925000
147	79	13	16	-2710425353801787621/4813895479177660137500
147	86	15	16	2
147	86	15	17	2
147	87	13	14	1998/6545
147	87	13	15	1998/6545
147	88	13	14	-5567616/299859175
147	88	13	15	-5567616/299859175
147	89	13	14	-44602229124/1962578300375
147	89	13	15	-44602229124/1962578300375
147	90	13	14	-652277635460568/295436724446950625
147	90	13	15	-652277635460568/295436724446950625
147	91	13	14	4421592410049194328/1933633361505291840625
147	91	13	15	4421592410049194328/1933633361505291840625
147	92	3	16	2
147	92	3	17	2
147	92	5	16	2
147	92	5	17	2
147	92	7	16	2
147	93	3	15	729/1610
147	93	3	16	-27/115
147	93	5	15	729/1610
147	93	5	16	-27/115
147	93	7	15	-1674/4025
147	94	3	15	1316817/36289400
147	94	3	16	-701541/18144700
147	94	5	15	1316817/36289400
147	94	5	16	-701541/18144700
147	94	7	15	9190989/453617500
147	95	3	15	-2544008067/116851868000
147	95	3	16	83829897/4173281000
147	95	5	15	-2544008067/116851868000
147	95	5	16	83829897/4173281000
147	95	7	15	42595566957/1825810437500
147	96	3	15	-3426111376353/376263014960000
147	96	3	16	85659254703/94065753740000
147	96	5	15	-3426111376353/376263014960000
147	96	5	16	85659254703/94065753740000
147	96	7	15	-437182613798697/58791096087500000
147	97	3	15	52627586646249/173080986881600000
147	97	3	16	-54062898247521/21635123360200000
147	97	5	15	52627586646249/173080986881600000
147	97	5	16	-54062898247521/21635123360200000
147	97	7	15	-36097629601464873/33804880250312500000
147	104	1	14	1
147	104	1	16	1
147	104	2	14	1
147	104	3	16	1
147	105	1	14	477/1750
147	105	1	15	477/1750
147	105	2	14	-261/1750
147	105	3	15	-261/1750
147	106	1	14	433539/10718750
147	106	1	15	433539/10718750
147	106	2	14	-124389/10718750
147	106	3	15	-124389/10718750
147	107	1	14	-69662511/9378906250
147	107	1	15	-69662511/9378906250
147	107	2	14	110926827/9378906250
147	107	3	15	110926827/9378906250
147	108	1	14	-606889705014/94375244140625
147	108	1	15	-606889705014/94375244140625
147	108	2	14	-83467559214/94375244140625
147	108	3	15	-83467559214/94375244140625
147	109	1	14	-354432669825231/330313354492187500
147	109	1	15	-354432669825231/330313354492187500
147	109	2	14	-426476298678417/330313354492187500
147	109	3	15	-426476298678417/330313354492187500
147	110	2	7	1/6
147	110	2	11	1/6
147	110	2	13	1/6
147	110	3	6	1/6
147	110	3	10	1/6
147	110	3	13	1/6
147	110	4	5	1/6
147	110	4	9	1/6
147	110	5	10	1/6
147	110	5	11	1/6
147	110	6	9	1/6
147	110	7	9	1/6
147	111	2	7	-153/16520
147	111	2	11	-153/16520
147	111	2	13	-153/16520
147	111	3	6	-153/16520
147	111	3	10	-153/16520
147	111	3	13	-153/16520
147	111	4	5	-153/16520
147	111	4	9	-153/16520
147	111	5	10	-153/16520
147	111	5	11	-153/16520
147	111	6	9	-153/16520
147	111	7	9	-153/16520
147	112	2	7	-1161459/238796600
147	112	2	11	-1161459/238796600
147	112	2	13	-1161459/238796600
147	112	3	6	-1161459/238796600
147	112	3	10	-1161459/238796600
147	112	3	13	-1161459/238796600
147	112	4	5	-1161459/238796600
147	112	4	9	-1161459/238796600
147	112	5	10	-1161459/238796600
147	112	5	11	-1161459/238796600
147	112	6	9	-1161459/238796600
147	112	7	9	-1161459/238796600
147	113	2	7	3424297437/3944919832000
147	113	2	11	3424297437/3944919832000
147	113	2	13	3424297437/3944919832000
147	113	3	6	3424297437/3944919832000
147	113	3	10	3424297437/3944919832000
147	113	3	13	3424297437/3944919832000
147	113	4	5	3424297437/3944919832000
147	113	4	9	3424297437/3944919832000
147	113	5	10	3424297437/3944919832000
147	113	5	11	3424297437/3944919832000
147	113	6	9	3424297437/3944919832000
147	113	7	9	3424297437/3944919832000
147	114	2	7	141407838807183/374727934841680000
147	114	2	11	141407838807183/374727934841680000
147	114	2	13	141407838807183/374727934841680000
147	114	3	6	141407838807183/374727934841680000
147	114	3	10	141407838807183/374727934841680000
147	114	3	13	141407838807183/374727934841680000
147	114	4	5	141407838807183/374727934841680000
147	114	4	9	141407838807183/374727934841680000
147	114	5	10	141407838807183/374727934841680000
147	114	5	11	141407838807183/374727934841680000
147	114	6	9	141407838807183/374727934841680000
147	114	7	9	141407838807183/374727934841680000
147	115	2	7	-54367125171956271/442178963113182400000
147	115	2	11	-54367125171956271/442178963113182400000
147	115	2	13	-54367125171956271/442178963113182400000
147	115	3	6	-54367125171956271/442178963113182400000
147	115	3	10	-54367125171956271/442178963113182400000
147	115	3	13	-54367125171956271/442178963113182400000
147	115	4	5	-54367125171956271/442178963113182400000
147	115	4	9	-54367125171956271/442178963113182400000
147	115	5	10	-54367125171956271/442178963113182400000
147	115	5	11	-54367125171956271/442178963113182400000
147	115	6	9	-54367125171956271/442178963113182400000
147	115	7	9	-54367125171956271/442178963113182400000
148	62	9	17	4
148	63	8	15	-10368/11375
148	64	8	15	93978792/905734375
148	65	8	15	244419399936/10302728515625
148	66	8	15	-38271828806305776/2695451347900390625
148	67	8	15	43287748938560558592/30660759082366943359375
148	68	4	4	2/3
148	68	6	6	2/3
148	68	7	7	2/3
148	69	4	4	1/112
148	69	6	6	1/112
148	69	7	7	1/112
148	70	4	4	-85299/4390400
148	70	6	6	-85299/4390400
148	70	7	7	-85299/4390400
148	71	4	4	-770841/983449600
148	71	6	6	-770841/983449600
148	71	7	7	-770841/983449600
148	72	4	4	196213374027/126668308480000
148	72	6	6	196213374027/126668308480000
148	72	7	7	196213374027/126668308480000
148	73	4	4	593963271981/5674740219904000
148	73	6	6	593963271981/5674740219904000
148	73	7	7	593963271981/5674740219904000
148	74	5	14	4/3
148	74	7	12	4/3
148	74	8	11	4/3
148	75	4	13	918/1757
148	75	6	11	918/1757
148	75	7	10	918/1757
148	76	4	13	92431611/540233575
148	76	6	11	92431611/540233575
148	76	7	10	92431611/540233575
148	77	4	13	77221861191/1898380782550
148	77	6	11	77221861191/1898380782550
148	77	7	10	77221861191/1898380782550
148	78	4	13	10611974163696867/3835773290181402500
148	78	6	11	10611974163696867/3835773290181402500
148	78	7	10	10611974163696867/3835773290181402500
148	79	4	13	-9081493632637051041/2695781468339489677000
148	79	6	11	-9081493632637051041/2695781468339489677000
148	79	7	10	-9081493632637051041/2695781468339489677000
148	80	8	8	1/2
148	80	15	15	1/2
148	80	17	17	1/2
148	80	18	18	1/2
148	81	8	8	-1269/7168
148	81	12	12	-1269/7168
148	81	14	14	-1269/7168
148	81	15	15	-1269/7168
148	82	8	8	226199223/4495769600
148	82	12	12	226199223/4495769600
148	82	14	14	226199223/4495769600
148	82	15	15	226199223/4495769600
148	83	8	8	-145898603811/16112838246400
148	83	12	12	-145898603811/16112838246400
148	83	14	14	-145898603811/16112838246400
148	83	15	15	-145898603811/16112838246400
148	84	8	8	-20193711740943039/33205337058181120000
148	84	12	12	-20193711740943039/33205337058181120000
148	84	14	14	-20193711740943039/33205337058181120000
148	84	15	15	-20193711740943039/33205337058181120000
148	85	8	8	29144750575704744591/23801585603304226816000
148	85	12	12	29144750575704744591/23801585603304226816000
148	85	14	14	29144750575704744591/23801585603304226816000
148	85	15	15	29144750575704744591/23801585603304226816000
148	86	6	11	4
148	86	7	13	4
148	87	6	10	34344/32725
148	87	7	11	34344/32725
148	88	6	10	1251658008/7496479375
148	88	7	11	1251658008/7496479375
148	89	6	10	-3205258137072/245322287546875
148	89	7	11	-3205258137072/245322287546875
148	90	6	10	-3280488700248045936/184647952779344140625
148	90	7	11	-3280488700248045936/184647952779344140625
148	91	6	10	-24467732960457880825056/6042604254704037001953125
148	91	7	11	-24467732960457880825056/6042604254704037001953125
148	92	2	8	4
148	93	2	8	-3483/4025
148	94	2	8	34953363/453617500
148	95	2	8	226318224231/7303241750000
148	96	2	8	-1629792367728993/117582192175000000
148	97	2	8	511002933716298699/1893073294017500000000
148	98	2	17	1
148	98	3	15	1
148	98	5	13	1
148	98	8	10	1
148	99	2	15	18/637
148	99	3	14	18/637
148	99	5	12	18/637
148	99	8	9	18/637
148	100	2	15	-305694/10144225
148	100	3	14	-305694/10144225
148	100	5	12	-305694/10144225
148	100	8	9	-305694/10144225
148	101	2	15	-2399868/923124475
148	101	3	14	-2399868/923124475
148	101	5	12	-2399868/923124475
148	101	8	9	-2399868/923124475
148	102	2	15	5854150586268/2366821919564375
148	102	3	14	5854150586268/2366821919564375
148	102	5	12	5854150586268/2366821919564375
148	102	8	9	5854150586268/2366821919564375
148	103	2	15	15651726817032/43076158936071625
148	103	3	14	15651726817032/43076158936071625
148	103	5	12	15651726817032/43076158936071625
148	103	8	9	15651726817032/43076158936071625
148	104	1	4	2
148	105	1	4	477/875
148	106	1	4	989253/10718750
148	107	1	4	-103817619/18757812500
148	108	1	4	-7335479853999/755001953125000
148	109	1	4	-3271184847321723/1321253417968750000
149	62	9	17	2
149	62	17	18	2
149	63	8	15	513/1625
149	63	15	16	-6183/11375
149	64	8	15	-4265379/905734375
149	64	15	16	84404349/905734375
149	65	8	15	-26435686176/1471818359375
149	65	15	16	44497121904/10302728515625
149	66	8	15	-7649255600405838/2695451347900390625
149	66	15	16	-24759340248195918/2695451347900390625
149	67	8	15	11093071264451975781/8760216880676269531250
149	67	15	16	150062822059316892669/61321518164733886718750
149	68	4	13	2/3
149	68	6	16	2/3
149	68	7	17	2/3
149	69	4	12	53/560
149	69	6	14	53/560
149	69	7	15	53/560
149	70	4	12	-31083/4390400
149	70	6	14	-31083/4390400
149	70	7	15	-31083/4390400
149	71	4	12	-33585093/4917248000
149	71	6	14	-33585093/4917248000
149	71	7	15	-33585093/4917248000
149	72	4	12	-60891231141/126668308480000
149	72	6	14	-60891231141/126668308480000
149	72	7	15	-60891231141/126668308480000
149	73	4	12	96324563914533/141868505497600000
149	73	6	14	96324563914533/141868505497600000
149	73	7	15	96324563914533/141868505497600000
149	74	8	13	2/3
149	74	8	15	2/3
149	74	9	12	2/3
149	74	9	14	2/3
149	74	12	15	2/3
149	74	13	14	2/3
149	75	7	12	513/2510
149	75	7	14	513/2510
149	75	8	11	513/2510
149	75	8	13	513/2510
149	75	11	14	513/2510
149	75	12	13	513/2510
149	76	7	12	97249329/2160934300
149	76	7	14	97249329/2160934300
149	76	8	11	97249329/2160934300
149	76	8	13	97249329/2160934300
149	76	11	14	97249329/2160934300
149	76	12	13	97249329/2160934300
149	77	7	12	16118782677/5423945093000
149	77	7	14	16118782677/5423945093000
149	77	8	11	16118782677/5423945093000
149	77	8	13	16118782677/5423945093000
149	77	11	14	16118782677/5423945093000
149	77	12	13	16118782677/5423945093000
149	78	7	12	-10687564974236553/3835773290181402500
149	78	7	14	-10687564974236553/3835773290181402500
149	78	8	11	-10687564974236553/3835773290181402500
149	78	8	13	-10687564974236553/3835773290181402500
149	78	11	14	-10687564974236553/3835773290181402500
149	78	12	13	-10687564974236553/3835773290181402500
149	79	7	12	-101559374100739906299/77022327666842562200000
149	79	7	14	-101559374100739906299/77022327666842562200000
149	79	8	11	-101559374100739906299/77022327666842562200000
149	79	8	13	-101559374100739906299/77022327666842562200000
149	79	11	14	-101559374100739906299/77022327666842562200000
149	79	12	13	-101559374100739906299/77022327666842562200000
149	86	6	16	2
149	86	13	17	2
149	86	16	16	1
149	86	17	17	1
149	87	6	14	6399/32725
149	87	11	15	6399/32725
149	87	14	14	-2997/9350
149	87	15	15	-2997/9350
149	88	6	14	-283034979/7496479375
149	88	11	15	-283034979/7496479375
149	88	14	14	1114064361/14992958750
149	88	15	15	1114064361/14992958750
149	89	6	14	-3633785233128/245322287546875
149	89	11	15	-3633785233128/245322287546875
149	89	14	14	-195826974003/35046041078125
149	89	15	15	-195826974003/35046041078125
149	90	6	14	35633213245791486/26378278968477734375
149	90	11	15	35633213245791486/26378278968477734375
149	90	14	14	-878727452344420419/184647952779344140625
149	90	15	15	-878727452344420419/184647952779344140625
149	91	6	14	19963872967605169075083/12085208509408074003906250
149	91	11	15	19963872967605169075083/12085208509408074003906250
149	91	14	14	8395614734248840426731/3452916716973735429687500
149	91	15	15	8395614734248840426731/3452916716973735429687500
149	92	7	12	2
149	92	7	14	2
149	93	7	11	4293/8050
149	93	7	13	4293/8050
149	94	7	11	153140301/1814470000
149	94	7	13	153140301/1814470000
149	95	7	11	-243047632617/29212967000000
149	95	7	13	-243047632617/29212967000000
149	96	7	11	-9379998324775377/940657537400000000
149	96	7	13	-9379998324775377/940657537400000000
149	97	7	11	-32741486845572119121/15144586352140000000000
149	97	7	13	-32741486845572119121/15144586352140000000000
149	98	2	18	1/2
149	98	3	18	1/2
149	98	5	18	1/2
149	98	10	18	1/2
149	99	2	16	-729/12740
149	99	3	16	-729/12740
149	99	5	16	-729/12740
149	99	9	16	-729/12740
149	100	2	16	-8019/828100
149	100	3	16	-8019/828100
149	100	5	16	-8019/828100
149	100	9	16	-8019/828100
149	101	2	16	623380293/129237426500
149	101	3	16	623380293/129237426500
149	101	5	16	623380293/129237426500
149	101	9	16	623380293/129237426500
149	102	2	16	600296090283/2366821919564375
149	102	3	16	600296090283/2366821919564375
149	102	5	16	600296090283/2366821919564375
149	102	9	16	600296090283/2366821919564375
149	103	2	16	-35729703891454779/60306622510500275000
149	103	3	16	-35729703891454779/60306622510500275000
149	103	5	16	-35729703891454779/60306622510500275000
149	103	9	16	-35729703891454779/60306622510500275000
149	104	1	8	1
149	104	1	12	1
149	104	2	8	1
149	104	2	12	1
149	104	3	8	1
149	104	3	12	1
149	104	5	12	1
149	104	8	9	1
149	105	1	8	1053/3500
149	105	1	12	1053/3500
149	105	2	8	-729/3500
149	105	2	12	-729/3500
149	105	3	8	-729/3500
149	105	3	12	-729/3500
149	105	5	12	81/1750
149	105	8	9	81/1750
149	106	1	8	1307097/21437500
149	106	1	12	1307097/21437500
149	106	2	8	296703/21437500
149	106	2	12	296703/21437500
149	106	3	8	296703/21437500
149	106	3	12	296703/21437500
149	106	5	12	-2349567/85750000
149	106	8	9	-2349567/85750000
149	107	1	8	85207707/150062500000
149	107	1	12	85207707/150062500000
149	107	2	8	1414164501/150062500000
149	107	2	12	1414164501/150062500000
149	107	3	8	1414164501/150062500000
149	107	3	12	1414164501/150062500000
149	107	5	12	-600705477/150062500000
149	107	8	9	-600705477/150062500000
149	108	1	8	-32982679825371/6040015625000000
149	108	1	12	-32982679825371/6040015625000000
149	108	2	8	-20639750023971/6040015625000000
149	108	2	12	-20639750023971/6040015625000000
149	108	3	8	-20639750023971/6040015625000000
149	108	3	12	-20639750023971/6040015625000000
149	108	5	12	48693537248121/24160062500000000
149	108	8	9	48693537248121/24160062500000000
149	109	1	8	-41941470739432563/21140054687500000000
149	109	1	12	-41941470739432563/21140054687500000000
149	109	2	8	-4485542411606841/21140054687500000000
149	109	2	12	-4485542411606841/21140054687500000000
149	109	3	8	-4485542411606841/21140054687500000000
149	109	3	12	-4485542411606841/21140054687500000000
149	109	5	12	22162121365687101/42280109375000000000
149	109	8	9	22162121365687101/42280109375000000000
150	62	17	18	4
150	63	15	16	5184/11375
150	64	15	16	-62272152/905734375
150	65	15	16	-364013937792/10302728515625
150	66	15	16	3362441398600464/2695451347900390625
150	67	15	16	121816020258561164544/30660759082366943359375
150	68	13	13	2/3
150	68	16	16	2/3
150	68	17	17	2/3
150	69	12	12	29/560
150	69	14	14	29/560
150	69	15	15	29/560
150	70	12	12	-81987/4390400
150	70	14	14	-81987/4390400
150	70	15	15	-81987/4390400
150	71	12	12	-24471621/4917248000
150	71	14	14	-24471621/4917248000
150	71	15	15	-24471621/4917248000
150	72	12	12	167092567659/126668308480000
150	72	14	14	167092567659/126668308480000
150	72	15	15	167092567659/126668308480000
150	73	12	12	101799836549469/141868505497600000
150	73	14	14	101799836549469/141868505497600000
150	73	15	15	101799836549469/141868505497600000
150	74	8	17	4/3
150	74	12	17	4/3
150	74	14	17	4/3
150	75	7	16	2592/8785
150	75	11	16	2592/8785
150	75	13	16	2592/8785
150	76	7	16	14168358/540233575
150	76	11	16	14168358/540233575
150	76	13	16	14168358/540233575
150	77	7	16	-54507423312/4745951956375
150	77	11	16	-54507423312/4745951956375
150	77	13	16	-54507423312/4745951956375
150	78	7	16	-4933926234466029/958943322545350625
150	78	11	16	-4933926234466029/958943322545350625
150	78	13	16	-4933926234466029/958943322545350625
150	79	7	16	-68451550265888424/1203473869794415034375
150	79	11	16	-68451550265888424/1203473869794415034375
150	79	13	16	-68451550265888424/1203473869794415034375
150	92	12	16	4
150	92	14	16	4
150	92	16	16	2
150	93	11	15	2349/4025
150	93	13	15	2349/4025
150	93	15	15	-2322/4025
150	94	11	15	-19389213/453617500
150	94	13	15	-19389213/453617500
150	94	15	15	23238333/226808750
150	95	11	15	-318094187697/7303241750000
150	95	13	15	-318094187697/7303241750000
150	95	15	15	6697317897/912905218750
150	96	11	15	-390554180280513/117582192175000000
150	96	13	15	-390554180280513/117582192175000000
150	96	15	15	-183385532577753/14697774021875000
150	97	11	15	172431547227605907/38634148857500000000
150	97	13	15	172431547227605907/38634148857500000000
150	97	15	15	27687182268850659/8451220062578125000
150	104	1	17	2
150	104	5	17	2
150	104	9	17	2
150	105	1	16	576/875
150	105	5	16	-171/875
150	105	9	16	-171/875
150	106	1	16	810891/5359375
150	106	5	16	-495963/10718750
150	106	9	16	-495963/10718750
150	107	1	16	31749408/4689453125
150	107	5	16	324431973/18757812500
150	107	9	16	324431973/18757812500
150	108	1	16	-2484750630591/188750488281250
150	108	5	16	1728551093841/755001953125000
150	108	9	16	1728551093841/755001953125000
150	109	1	16	-491487909017904/82578338623046875
150	109	5	16	-2995314196939011/1321253417968750000
150	109	9	16	-2995314196939011/1321253417968750000
150	110	2	8	1/3
150	110	2	12	1/3
150	110	2	14	1/3
150	110	3	8	1/3
150	110	3	12	1/3
150	110	3	15	1/3
150	110	5	8	1/3
150	110	5	14	1/3
150	110	5	15	1/3
150	110	9	12	1/3
150	110	9	14	1/3
150	110	9	15	1/3
150	111	2	8	-513/8260
150	111	2	12	-513/8260
150	111	2	14	-513/8260
150	111	3	8	-513/8260
150	111	3	12	-513/8260
150	111	3	15	-513/8260
150	111	5	8	-513/8260
150	111	5	14	-513/8260
150	111	5	15	-513/8260
150	111	9	12	-513/8260
150	111	9	14	-513/8260
150	111	9	15	-513/8260
150	112	2	8	565947/477593200
150	112	2	12	565947/477593200
150	112	2	14	565947/477593200
150	112	3	8	565947/477593200
150	112	3	12	565947/477593200
150	112	3	15	565947/477593200
150	112	5	8	565947/477593200
150	112	5	14	565947/477593200
150	112	5	15	565947/477593200
150	112	9	12	565947/477593200
150	112	9	14	565947/477593200
150	112	9	15	565947/477593200
150	113	2	8	14397740523/3944919832000
150	113	2	12	14397740523/3944919832000
150	113	2	14	14397740523/3944919832000
150	113	3	8	14397740523/3944919832000
150	113	3	12	14397740523/3944919832000
150	113	3	15	14397740523/3944919832000
150	113	5	8	14397740523/3944919832000
150	113	5	14	14397740523/3944919832000
150	113	5	15	14397740523/3944919832000
150	113	9	12	14397740523/3944919832000
150	113	9	14	14397740523/3944919832000
150	113	9	15	14397740523/3944919832000
150	114	2	8	-655933382493021/749455869683360000
150	114	2	12	-655933382493021/749455869683360000
150	114	2	14	-655933382493021/749455869683360000
150	114	3	8	-655933382493021/749455869683360000
150	114	3	12	-655933382493021/749455869683360000
150	114	3	15	-655933382493021/749455869683360000
150	114	5	8	-655933382493021/749455869683360000
150	114	5	14	-655933382493021/749455869683360000
150	114	5	15	-655933382493021/749455869683360000
150	114	9	12	-655933382493021/749455869683360000
150	114	9	14	-655933382493021/749455869683360000
150	114	9	15	-655933382493021/749455869683360000
150	115	2	8	-202433405909146119/884357926226364800000
150	115	2	12	-202433405909146119/884357926226364800000
150	115	2	14	-202433405909146119/884357926226364800000
150	115	3	8	-202433405909146119/884357926226364800000
150	115	3	12	-202433405909146119/884357926226364800000
150	115	3	15	-202433405909146119/884357926226364800000
150	115	5	8	-202433405909146119/884357926226364800000
150	115	5	14	-202433405909146119/884357926226364800000
150	115	5	15	-202433405909146119/884357926226364800000
150	115	9	12	-202433405909146119/884357926226364800000
150	115	9	14	-202433405909146119/884357926226364800000
150	115	9	15	-202433405909146119/884357926226364800000
151	62	5	7	12
151	63	4	6	-25488/11375
151	64	4	6	30201984/905734375
151	65	4	6	1417356278784/10302728515625
151	66	4	6	-3764375158358016/117193536865234375
151	67	4	6	-1761964843386175488/190439497406005859375
151	80	4	16	3
151	80	6	14	3
151	81	4	13	81/896
151	81	6	11	81/896
151	82	4	13	-12494331/140492800
151	82	6	11	-12494331/140492800
151	83	4	13	-1032707961/125881548800
151	83	6	11	-1032707961/125881548800
151	84	4	13	20227378380021/2819746693120000
151	84	6	11	20227378380021/2819746693120000
151	85	4	13	81619208865981/72185515343872000
151	85	6	11	81619208865981/72185515343872000
151	86	2	3	12
151	87	2	3	102384/32725
151	88	2	3	3104770176/7496479375
151	89	2	3	-24872942896128/245322287546875
151	90	2	3	-574117233462706176/8028171859971484375
151	91	2	3	-327642571976311996416/37531703445366689453125
152	62	5	7	2
152	62	5	16	2
152	62	7	13	2
152	63	4	6	4527/11375
152	63	4	14	-531/2275
152	63	6	12	-531/2275
152	64	4	6	14010489/905734375
152	64	4	14	-1321839/36229375
152	64	6	12	-1321839/36229375
152	65	4	6	-229574663586/10302728515625
152	65	4	14	1576869282/82421828125
152	65	6	12	1576869282/82421828125
152	66	4	6	-17364974635551078/2695451347900390625
152	66	4	14	3127200148602/4312722156640625
152	66	6	12	3127200148602/4312722156640625
152	67	4	6	9955019027979845217/8760216880676269531250
152	67	4	14	-6379354869079581/2803269401816406250
152	67	6	12	-6379354869079581/2803269401816406250
152	74	5	7	2/3
152	74	5	11	2/3
152	74	7	11	2/3
152	75	4	6	-243/2510
152	75	4	10	-243/2510
152	75	6	10	-243/2510
152	76	4	6	-14195007/2160934300
152	76	4	10	-14195007/2160934300
152	76	6	10	-14195007/2160934300
152	77	4	6	37669778109/5423945093000
152	77	4	10	37669778109/5423945093000
152	77	6	10	37669778109/5423945093000
152	78	4	6	-2168358125826789/3835773290181402500
152	78	4	10	-2168358125826789/3835773290181402500
152	78	6	10	-2168358125826789/3835773290181402500
152	79	4	6	-52434318112375104711/77022327666842562200000
152	79	4	10	-52434318112375104711/77022327666842562200000
152	79	6	10	-52434318112375104711/77022327666842562200000
152	80	4	17	1/2
152	80	4	18	1/2
152	80	6	15	1/2
152	80	6	18	1/2
152	80	8	14	1/2
152	80	8	16	1/2
152	80	14	17	1/2
152	80	15	16	1/2
152	81	4	14	-729/17920
152	81	4	15	-729/17920
152	81	6	12	-729/17920
152	81	6	15	-729/17920
152	81	8	11	-729/17920
152	81	8	13	-729/17920
152	81	11	14	-729/17920
152	81	12	13	-729/17920
152	82	4	14	-13328793/1123942400
152	82	4	15	-13328793/1123942400
152	82	6	12	-13328793/1123942400
152	82	6	15	-13328793/1123942400
152	82	8	11	-13328793/1123942400
152	82	8	13	-13328793/1123942400
152	82	11	14	-13328793/1123942400
152	82	12	13	-13328793/1123942400
152	83	4	14	34573957137/10070523904000
152	83	4	15	34573957137/10070523904000
152	83	6	12	34573957137/10070523904000
152	83	6	15	34573957137/10070523904000
152	83	8	11	34573957137/10070523904000
152	83	8	13	34573957137/10070523904000
152	83	11	14	34573957137/10070523904000
152	83	12	13	34573957137/10070523904000
152	84	4	14	1411104549284001/2075333566136320000
152	84	4	15	1411104549284001/2075333566136320000
152	84	6	12	1411104549284001/2075333566136320000
152	84	6	15	1411104549284001/2075333566136320000
152	84	8	11	1411104549284001/2075333566136320000
152	84	8	13	1411104549284001/2075333566136320000
152	84	11	14	1411104549284001/2075333566136320000
152	84	12	13	1411104549284001/2075333566136320000
152	85	4	14	-1149888784180328127/2656426964654489600000
152	85	4	15	-1149888784180328127/2656426964654489600000
152	85	6	12	-1149888784180328127/2656426964654489600000
152	85	6	15	-1149888784180328127/2656426964654489600000
152	85	8	11	-1149888784180328127/2656426964654489600000
152	85	8	13	-1149888784180328127/2656426964654489600000
152	85	11	14	-1149888784180328127/2656426964654489600000
152	85	12	13	-1149888784180328127/2656426964654489600000
152	86	2	4	2
152	86	2	7	2
152	86	3	4	2
152	86	3	11	2
152	86	4	7	2
152	86	4	11	2
152	86	4	15	2
152	87	2	4	2133/6545
152	87	2	7	17847/32725
152	87	3	4	2133/6545
152	87	3	10	17847/32725
152	87	4	7	-2187/6545
152	87	4	10	-2187/6545
152	87	4	13	-27/6545
152	88	2	4	-4001967/299859175
152	88	2	7	616656969/7496479375
152	88	3	4	-4001967/299859175
152	88	3	10	616656969/7496479375
152	88	4	7	-3185487/299859175
152	88	4	10	-3185487/299859175
152	88	4	13	-19923327/299859175
152	89	2	4	-46769996646/1962578300375
152	89	2	7	-3387690376866/245322287546875
152	89	3	4	-46769996646/1962578300375
152	89	3	10	-3387690376866/245322287546875
152	89	4	7	47061226314/1962578300375
152	89	4	10	47061226314/1962578300375
152	89	4	13	806963634/1962578300375
152	90	2	4	-924387271154694/295436724446950625
152	90	2	7	-2315628574100488998/184647952779344140625
152	90	3	4	-924387271154694/295436724446950625
152	90	3	10	-2315628574100488998/184647952779344140625
152	90	4	7	-1040939339991174/295436724446950625
152	90	4	10	-1040939339991174/295436724446950625
152	90	4	13	1786181717873466/295436724446950625
152	91	2	4	1260677193531829803/552466674715797668750
152	91	2	7	-545707923767446115169/246636908355266816406250
152	91	3	4	1260677193531829803/552466674715797668750
152	91	3	10	-545707923767446115169/246636908355266816406250
152	91	4	7	-8559437540584376979/3867266723010583681250
152	91	4	10	-8559437540584376979/3867266723010583681250
152	91	4	13	-241179633880480179/3867266723010583681250
152	92	2	3	2
152	92	2	5	2
152	93	2	3	783/1610
152	93	2	5	783/1610
152	94	2	3	3681693/72578800
152	94	2	5	3681693/72578800
152	95	2	3	-4793066379/233703736000
152	95	2	5	-4793066379/233703736000
152	96	2	3	-16135297560369/1505052059840000
152	96	2	5	-16135297560369/1505052059840000
152	97	2	3	-2013334452392211/4846267632684800000
152	97	2	5	-2013334452392211/4846267632684800000
153	62	5	16	2
153	62	7	13	2
153	62	13	16	2
153	63	4	14	1224/2275
153	63	6	12	1224/2275
153	63	12	14	-198/455
153	64	4	14	3137616/36229375
153	64	6	12	3137616/36229375
153	64	12	14	52974/1449175
153	65	4	14	-657523008/82421828125
153	65	6	12	-657523008/82421828125
153	65	12	14	11435094/659374625
153	66	4	14	-43723218676608/4312722156640625
153	66	6	12	-43723218676608/4312722156640625
153	66	12	14	-51072910398/6900355450625
153	67	4	14	-3187437613705728/1401634700908203125
153	67	6	12	-3187437613705728/1401634700908203125
153	67	12	14	-69631879878/3139661730034375
153	80	4	19	1/2
153	80	6	19	1/2
153	80	14	19	1/2
153	80	16	19	1/2
153	81	4	16	-27/280
153	81	6	16	-27/280
153	81	11	16	-27/280
153	81	13	16	-27/280
153	82	4	16	10449/2195200
153	82	6	16	10449/2195200
153	82	11	16	10449/2195200
153	82	13	16	10449/2195200
153	83	4	16	1358127/307328000
153	83	6	16	1358127/307328000
153	83	11	16	1358127/307328000
153	83	13	16	1358127/307328000
153	84	4	16	-10666552311/7916769280000
153	84	6	16	-10666552311/7916769280000
153	84	11	16	-10666552311/7916769280000
153	84	13	16	-10666552311/7916769280000
153	85	4	16	-24110946729/158335385600000
153	85	6	16	-24110946729/158335385600000
153	85	11	16	-24110946729/158335385600000
153	85	13	16	-24110946729/158335385600000
153	86	2	8	2
153	86	3	14	2
153	86	8	15	2
153	86	14	15	2
153	87	2	8	11448/32725
153	87	3	12	11448/32725
153	87	8	13	-1026/6545
153	87	12	13	-1026/6545
153	88	2	8	4288464/7496479375
153	88	3	12	4288464/7496479375
153	88	8	13	-14492034/299859175
153	88	12	13	-14492034/299859175
153	89	2	8	-5177538512064/245322287546875
153	89	3	12	-5177538512064/245322287546875
153	89	8	13	26083399842/1962578300375
153	89	12	13	26083399842/1962578300375
153	90	2	8	-779732759655289728/184647952779344140625
153	90	3	12	-779732759655289728/184647952779344140625
153	90	8	13	848899705783842/295436724446950625
153	90	12	13	848899705783842/295436724446950625
153	91	2	8	1281627590312676616704/863229179243433857421875
153	91	3	12	1281627590312676616704/863229179243433857421875
153	91	8	13	-3260468061988277346/1933633361505291840625
153	91	12	13	-3260468061988277346/1933633361505291840625
153	92	3	4	2
153	92	3	10	2
153	92	4	10	2
153	92	5	6	2
153	92	5	10	2
153	92	6	10	2
153	93	3	4	837/3220
153	93	3	10	486/805
153	93	4	10	-1026/4025
153	93	5	6	837/3220
153	93	5	10	486/805
153	93	6	10	-1026/4025
153	94	3	4	-4038417/145157600
153	94	3	10	547236/4536175
153	94	4	10	-3301884/113404375
153	94	5	6	-4038417/145157600
153	94	5	10	547236/4536175
153	94	6	10	-3301884/113404375
153	95	3	4	-18349732629/934814944000
153	95	3	10	-2834352/3651620875
153	95	4	10	8861758992/456452609375
153	95	5	6	-18349732629/934814944000
153	95	5	10	-2834352/3651620875
153	95	6	10	8861758992/456452609375
153	96	3	4	-58403771577/122861392640000
153	96	3	10	-34913547936/2939554804375
153	96	4	10	-512445172896/1837221752734375
153	96	5	6	-58403771577/122861392640000
153	96	5	10	-34913547936/2939554804375
153	96	6	10	-512445172896/1837221752734375
153	97	3	4	81393333972843699/38770141061478400000
153	97	3	10	-9672081648048/2366341617521875
153	97	4	10	-15559607545514352/7394817554755859375
153	97	5	6	81393333972843699/38770141061478400000
153	97	5	10	-9672081648048/2366341617521875
153	97	6	10	-15559607545514352/7394817554755859375
153	98	6	7	1/2
153	98	6	11	1/2
153	98	7	12	1/2
153	98	11	12	1/2
153	99	6	7	-513/6370
153	99	6	10	-513/6370
153	99	7	11	-513/6370
153	99	10	11	-513/6370
153	100	6	7	-87831/20288450
153	100	6	10	-87831/20288450
153	100	7	11	-87831/20288450
153	100	10	11	-87831/20288450
153	101	6	7	8269047/1318749250
153	101	6	10	8269047/1318749250
153	101	7	11	8269047/1318749250
153	101	10	11	8269047/1318749250
153	102	6	7	-3392784803097/4733643839128750
153	102	6	10	-3392784803097/4733643839128750
153	102	7	11	-3392784803097/4733643839128750
153	102	10	11	-3392784803097/4733643839128750
153	103	6	7	-1403832843498177/2153807946803581250
153	103	6	10	-1403832843498177/2153807946803581250
153	103	7	11	-1403832843498177/2153807946803581250
153	103	10	11	-1403832843498177/2153807946803581250
154	62	5	9	4
154	62	7	9	4
154	63	4	8	-13824/11375
154	63	6	8	-13824/11375
154	64	4	8	249347808/905734375
154	64	6	8	249347808/905734375
154	65	4	8	-273656475648/10302728515625
154	65	6	8	-273656475648/10302728515625
154	66	4	8	-32078903869253376/2695451347900390625
154	66	6	8	-32078903869253376/2695451347900390625
154	67	4	8	4261452177055186944/625729777191162109375
154	67	6	8	4261452177055186944/625729777191162109375
154	68	4	6	4/3
154	68	4	7	4/3
154	68	6	7	4/3
154	69	4	6	-13/40
154	69	4	7	-13/40
154	69	6	7	-13/40
154	70	4	6	96333/2195200
154	70	4	7	96333/2195200
154	70	6	7	96333/2195200
154	71	4	6	2293317/351232000
154	71	4	7	2293317/351232000
154	71	6	7	2293317/351232000
154	72	4	6	-337238224821/63334154240000
154	72	4	7	-337238224821/63334154240000
154	72	6	7	-337238224821/63334154240000
154	73	4	6	8552014725267/10133464678400000
154	73	4	7	8552014725267/10133464678400000
154	73	6	7	8552014725267/10133464678400000
154	80	4	16	1
154	80	6	14	1
154	81	4	13	1863/4480
154	81	6	11	1863/4480
154	82	4	13	21153879/140492800
154	82	6	11	21153879/140492800
154	83	4	13	27704432673/629407744000
154	83	6	11	27704432673/629407744000
154	84	4	13	523591667979777/64854173941760000
154	84	6	11	523591667979777/64854173941760000
154	85	4	13	-1437618298080537/1804637883596800000
154	85	6	11	-1437618298080537/1804637883596800000
154	86	2	13	4
154	86	3	6	4
154	86	6	13	4
154	87	2	11	45792/32725
154	87	3	6	45792/32725
154	87	6	11	14148/32725
154	88	2	11	2935261152/7496479375
154	88	3	6	2935261152/7496479375
154	88	6	11	-384036228/7496479375
154	89	2	11	16789728750336/245322287546875
154	89	3	6	16789728750336/245322287546875
154	89	6	11	-6552962223876/245322287546875
154	90	2	11	-1006368277813122816/184647952779344140625
154	90	3	6	-1006368277813122816/184647952779344140625
154	90	6	11	46307797733744964/184647952779344140625
154	91	2	11	-8188890663483324831744/863229179243433857421875
154	91	3	6	-8188890663483324831744/863229179243433857421875
154	91	6	11	14339886547007175067908/6042604254704037001953125
154	98	2	5	1
154	98	2	10	1
154	98	3	5	1
154	98	3	10	1
154	99	2	5	999/3185
154	99	2	9	999/3185
154	99	3	5	999/3185
154	99	3	9	999/3185
154	100	2	5	714393/10144225
154	100	2	9	714393/10144225
154	100	3	5	714393/10144225
154	100	3	9	714393/10144225
154	101	2	5	147029823/32309356625
154	101	2	9	147029823/32309356625
154	101	3	5	147029823/32309356625
154	101	3	9	147029823/32309356625
154	102	2	5	-1583459867007/338117417080625
154	102	2	9	-1583459867007/338117417080625
154	102	3	5	-1583459867007/338117417080625
154	102	3	9	-1583459867007/338117417080625
154	103	2	5	-16837901121779343/7538327813812534375
154	103	2	9	-16837901121779343/7538327813812534375
154	103	3	5	-16837901121779343/7538327813812534375
154	103	3	9	-16837901121779343/7538327813812534375
155	62	5	9	1
155	62	5	18	1
155	62	7	9	1
155	62	7	18	1
155	63	4	8	1863/22750
155	63	4	16	-5319/22750
155	63	6	8	1863/22750
155	63	6	16	-5319/22750
155	64	4	8	-37777671/1811468750
155	64	4	16	49095801/1811468750
155	64	6	8	-37777671/1811468750
155	64	6	16	49095801/1811468750
155	65	4	8	-64100425437/10302728515625
155	65	4	16	67491360189/10302728515625
155	65	6	8	-64100425437/10302728515625
155	65	6	16	67491360189/10302728515625
155	66	4	8	2740364702797581/2695451347900390625
155	66	4	16	-10702735323331059/2695451347900390625
155	66	6	8	2740364702797581/2695451347900390625
155	66	6	16	-10702735323331059/2695451347900390625
155	67	4	8	536463647632016271/761757989624023437500
155	67	4	16	6858983944499880231/17520433761352539062500
155	67	6	8	536463647632016271/761757989624023437500
155	67	6	16	6858983944499880231/17520433761352539062500
155	68	4	16	1/3
155	68	4	17	1/3
155	68	6	13	1/3
155	68	6	17	1/3
155	68	7	13	1/3
155	68	7	16	1/3
155	69	4	14	-43/1120
155	69	4	15	-43/1120
155	69	6	12	-43/1120
155	69	6	15	-43/1120
155	69	7	12	-43/1120
155	69	7	14	-43/1120
155	70	4	14	-52203/8780800
155	70	4	15	-52203/8780800
155	70	6	12	-52203/8780800
155	70	6	15	-52203/8780800
155	70	7	12	-52203/8780800
155	70	7	14	-52203/8780800
155	71	4	14	30220443/9834496000
155	71	4	15	30220443/9834496000
155	71	6	12	30220443/9834496000
155	71	6	15	30220443/9834496000
155	71	7	12	30220443/9834496000
155	71	7	14	30220443/9834496000
155	72	4	14	4222091277/36190945280000
155	72	4	15	4222091277/36190945280000
155	72	6	12	4222091277/36190945280000
155	72	6	15	4222091277/36190945280000
155	72	7	12	4222091277/36190945280000
155	72	7	14	4222091277/36190945280000
155	73	4	14	-101286194497083/283737010995200000
155	73	4	15	-101286194497083/283737010995200000
155	73	6	12	-101286194497083/283737010995200000
155	73	6	15	-101286194497083/283737010995200000
155	73	7	12	-101286194497083/283737010995200000
155	73	7	14	-101286194497083/283737010995200000
155	74	5	9	1/3
155	74	5	13	1/3
155	74	7	9	1/3
155	74	7	15	1/3
155	74	11	13	1/3
155	74	11	15	1/3
155	75	4	8	-3231/35140
155	75	4	12	-3231/35140
155	75	6	8	-3231/35140
155	75	6	14	-3231/35140
155	75	10	12	-3231/35140
155	75	10	14	-3231/35140
155	76	4	8	71055549/4321868600
155	76	4	12	71055549/4321868600
155	76	6	8	71055549/4321868600
155	76	6	14	71055549/4321868600
155	76	10	12	71055549/4321868600
155	76	10	14	71055549/4321868600
155	77	4	8	29369470131/75935231302000
155	77	4	12	29369470131/75935231302000
155	77	6	8	29369470131/75935231302000
155	77	6	14	29369470131/75935231302000
155	77	10	12	29369470131/75935231302000
155	77	10	14	29369470131/75935231302000
155	78	4	8	-11423576435233833/7671546580362805000
155	78	4	12	-11423576435233833/7671546580362805000
155	78	6	8	-11423576435233833/7671546580362805000
155	78	6	14	-11423576435233833/7671546580362805000
155	78	10	12	-11423576435233833/7671546580362805000
155	78	10	14	-11423576435233833/7671546580362805000
155	79	4	8	472376727240846413193/1078312587335795870800000
155	79	4	12	472376727240846413193/1078312587335795870800000
155	79	6	8	472376727240846413193/1078312587335795870800000
155	79	6	14	472376727240846413193/1078312587335795870800000
155	79	10	12	472376727240846413193/1078312587335795870800000
155	79	10	14	472376727240846413193/1078312587335795870800000
155	80	4	17	1/4
155	80	4	18	1/4
155	80	6	15	1/4
155	80	6	18	1/4
155	80	8	14	1/4
155	80	8	16	1/4
155	80	14	17	1/4
155	80	15	16	1/4
155	81	4	14	2727/35840
155	81	4	15	2727/35840
155	81	6	12	2727/35840
155	81	6	15	2727/35840
155	81	8	11	2727/35840
155	81	8	13	2727/35840
155	81	11	14	2727/35840
155	81	12	13	2727/35840
155	82	4	14	37308519/2247884800
155	82	4	15	37308519/2247884800
155	82	6	12	37308519/2247884800
155	82	6	15	37308519/2247884800
155	82	8	11	37308519/2247884800
155	82	8	13	37308519/2247884800
155	82	11	14	37308519/2247884800
155	82	12	13	37308519/2247884800
155	83	4	14	21309189777/20141047808000
155	83	4	15	21309189777/20141047808000
155	83	6	12	21309189777/20141047808000
155	83	6	15	21309189777/20141047808000
155	83	8	11	21309189777/20141047808000
155	83	8	13	21309189777/20141047808000
155	83	11	14	21309189777/20141047808000
155	83	12	13	21309189777/20141047808000
155	84	4	14	-4273233827047263/4150667132272640000
155	84	4	15	-4273233827047263/4150667132272640000
155	84	6	12	-4273233827047263/4150667132272640000
155	84	6	15	-4273233827047263/4150667132272640000
155	84	8	11	-4273233827047263/4150667132272640000
155	84	8	13	-4273233827047263/4150667132272640000
155	84	11	14	-4273233827047263/4150667132272640000
155	84	12	13	-4273233827047263/4150667132272640000
155	85	4	14	-363604678018126857/758979132758425600000
155	85	4	15	-363604678018126857/758979132758425600000
155	85	6	12	-363604678018126857/758979132758425600000
155	85	6	15	-363604678018126857/758979132758425600000
155	85	8	11	-363604678018126857/758979132758425600000
155	85	8	13	-363604678018126857/758979132758425600000
155	85	11	14	-363604678018126857/758979132758425600000
155	85	12	13	-363604678018126857/758979132758425600000
155	86	2	14	1
155	86	2	17	1
155	86	3	8	1
155	86	3	16	1
155	86	6	7	1
155	86	6	17	1
155	86	7	8	1
155	86	11	13	1
155	86	11	14	1
155	86	13	16	1
155	87	2	12	16497/65450
155	87	2	15	23679/65450
155	87	3	8	16497/65450
155	87	3	14	23679/65450
155	87	6	7	12123/65450
155	87	6	15	-3699/65450
155	87	7	8	-16659/65450
155	87	10	11	12123/65450
155	87	10	12	-16659/65450
155	87	11	14	-3699/65450
155	88	2	12	521634249/14992958750
155	88	2	15	1531538361/14992958750
155	88	3	8	521634249/14992958750
155	88	3	14	1531538361/14992958750
155	88	6	7	83490669/14992958750
155	88	6	15	-383005179/14992958750
155	88	7	8	540433701/14992958750
155	88	10	11	83490669/14992958750
155	88	10	12	540433701/14992958750
155	88	11	14	-383005179/14992958750
155	89	2	12	-1402881437763/245322287546875
155	89	2	15	3964751354871/245322287546875
155	89	3	8	-1402881437763/245322287546875
155	89	3	14	3964751354871/245322287546875
155	89	6	7	-2358826348302/245322287546875
155	89	6	15	1151123014764/245322287546875
155	89	7	8	1338362669844/245322287546875
155	89	10	11	-2358826348302/245322287546875
155	89	10	12	1338362669844/245322287546875
155	89	11	14	1151123014764/245322287546875
155	90	2	12	-859830323485088979/184647952779344140625
155	90	2	15	-586409748391584819/184647952779344140625
155	90	3	8	-859830323485088979/184647952779344140625
155	90	3	14	-586409748391584819/184647952779344140625
155	90	6	7	-457295284443454119/184647952779344140625
155	90	6	15	317939306778715401/184647952779344140625
155	90	7	8	-870045617476885239/184647952779344140625
155	90	10	11	-457295284443454119/184647952779344140625
155	90	10	12	-870045617476885239/184647952779344140625
155	90	11	14	317939306778715401/184647952779344140625
155	91	2	12	-361847882932874407719/493273816710533632812500
155	91	2	15	-11459175406148504577231/3452916716973735429687500
155	91	3	8	-361847882932874407719/493273816710533632812500
155	91	3	14	-11459175406148504577231/3452916716973735429687500
155	91	6	7	11770699809677523184431/24170417018816148007812500
155	91	6	15	-14212794011840661287583/24170417018816148007812500
155	91	7	8	19131810682686698774817/24170417018816148007812500
155	91	10	11	11770699809677523184431/24170417018816148007812500
155	91	10	12	19131810682686698774817/24170417018816148007812500
155	91	11	14	-14212794011840661287583/24170417018816148007812500
155	92	2	12	1
155	92	2	14	1
155	92	4	7	1
155	92	4	14	1
155	92	6	7	1
155	92	6	12	1
155	93	2	11	1269/4025
155	93	2	13	1269/4025
155	93	4	7	-837/4025
155	93	4	13	1593/32200
155	93	6	7	-837/4025
155	93	6	11	1593/32200
155	94	2	11	254725479/3628940000
155	94	2	13	254725479/3628940000
155	94	4	7	50932071/3628940000
155	94	4	13	-194227227/7257880000
155	94	6	7	50932071/3628940000
155	94	6	11	-194227227/7257880000
155	95	2	11	54230345721/14606483500000
155	95	2	13	54230345721/14606483500000
155	95	4	7	134806131063/14606483500000
155	95	4	13	-984806565831/233703736000000
155	95	6	7	134806131063/14606483500000
155	95	6	11	-984806565831/233703736000000
155	96	2	11	-9787821386464017/1881315074800000000
155	96	2	13	-9787821386464017/1881315074800000000
155	96	4	7	-906144908877351/268759296400000000
155	96	4	13	2057511415538961/1075037185600000000
155	96	6	7	-906144908877351/268759296400000000
155	96	6	11	2057511415538961/1075037185600000000
155	97	2	11	-17830715062766840793/7572293176070000000000
155	97	2	13	-17830715062766840793/7572293176070000000000
155	97	4	7	-1454145670868038551/7572293176070000000000
155	97	4	13	131568661422401214951/242313381634240000000000
155	97	6	7	-1454145670868038551/7572293176070000000000
155	97	6	11	131568661422401214951/242313381634240000000000
155	98	2	6	1/4
155	98	2	11	1/4
155	98	3	7	1/4
155	98	3	12	1/4
155	98	5	6	1/4
155	98	5	7	1/4
155	98	10	11	1/4
155	98	10	12	1/4
155	99	2	6	1089/25480
155	99	2	10	1089/25480
155	99	3	7	1089/25480
155	99	3	11	1089/25480
155	99	5	6	1089/25480
155	99	5	7	1089/25480
155	99	9	10	1089/25480
155	99	9	11	1089/25480
155	100	2	6	-72711/81153800
155	100	2	10	-72711/81153800
155	100	3	7	-72711/81153800
155	100	3	11	-72711/81153800
155	100	5	6	-72711/81153800
155	100	5	7	-72711/81153800
155	100	9	10	-72711/81153800
155	100	9	11	-72711/81153800
155	101	2	6	-764507403/258474853000
155	101	2	10	-764507403/258474853000
155	101	3	7	-764507403/258474853000
155	101	3	11	-764507403/258474853000
155	101	5	6	-764507403/258474853000
155	101	5	7	-764507403/258474853000
155	101	9	10	-764507403/258474853000
155	101	9	11	-764507403/258474853000
155	102	2	6	-2308451876037/4733643839128750
155	102	2	10	-2308451876037/4733643839128750
155	102	3	7	-2308451876037/4733643839128750
155	102	3	11	-2308451876037/4733643839128750
155	102	5	6	-2308451876037/4733643839128750
155	102	5	7	-2308451876037/4733643839128750
155	102	9	10	-2308451876037/4733643839128750
155	102	9	11	-2308451876037/4733643839128750
155	103	2	6	30973503123884079/120613245021000550000
155	103	2	10	30973503123884079/120613245021000550000
155	103	3	7	30973503123884079/120613245021000550000
155	103	3	11	30973503123884079/120613245021000550000
155	103	5	6	30973503123884079/120613245021000550000
155	103	5	7	30973503123884079/120613245021000550000
155	103	9	10	30973503123884079/120613245021000550000
155	103	9	11	30973503123884079/120613245021000550000
155	104	2	5	1/2
155	104	2	9	1/2
155	104	3	5	1/2
155	104	3	9	1/2
155	105	2	5	999/7000
155	105	2	9	999/7000
155	105	3	5	999/7000
155	105	3	9	999/7000
155	106	2	5	1106433/42875000
155	106	2	9	1106433/42875000
155	106	3	5	1106433/42875000
155	106	3	9	1106433/42875000
155	107	2	5	-347061591/300125000000
155	107	2	9	-347061591/300125000000
155	107	3	5	-347061591/300125000000
155	107	3	9	-347061591/300125000000
155	108	2	5	-33314907345291/12080031250000000
155	108	2	9	-33314907345291/12080031250000000
155	108	3	5	-33314907345291/12080031250000000
155	108	3	9	-33314907345291/12080031250000000
155	109	2	5	-33055357455090009/42280109375000000000
155	109	2	9	-33055357455090009/42280109375000000000
155	109	3	5	-33055357455090009/42280109375000000000
155	109	3	9	-33055357455090009/42280109375000000000
156	62	5	18	2
156	62	7	18	2
156	63	4	16	3456/11375
156	63	6	16	3456/11375
156	64	4	16	-10846224/905734375
156	64	6	16	-10846224/905734375
156	65	4	16	-200700675072/10302728515625
156	65	6	16	-200700675072/10302728515625
156	66	4	16	-6350178354461568/2695451347900390625
156	66	6	16	-6350178354461568/2695451347900390625
156	67	4	16	7179276510638972928/4380108440338134765625
156	67	6	16	7179276510638972928/4380108440338134765625
156	68	13	16	2/3
156	68	13	17	2/3
156	68	16	17	2/3
156	69	12	14	-67/560
156	69	12	15	-67/560
156	69	14	15	-67/560
156	70	12	14	-1731/4390400
156	70	12	15	-1731/4390400
156	70	14	15	-1731/4390400
156	71	12	14	38939931/4917248000
156	71	12	15	38939931/4917248000
156	71	14	15	38939931/4917248000
156	72	12	14	-198803525013/126668308480000
156	72	12	15	-198803525013/126668308480000
156	72	14	15	-198803525013/126668308480000
156	73	12	14	-88380271440387/141868505497600000
156	73	12	15	-88380271440387/141868505497600000
156	73	14	15	-88380271440387/141868505497600000
156	80	4	19	1/2
156	80	6	19	1/2
156	80	14	19	1/2
156	80	16	19	1/2
156	81	4	16	27/280
156	81	6	16	27/280
156	81	11	16	27/280
156	81	13	16	27/280
156	82	4	16	10449/2195200
156	82	6	16	10449/2195200
156	82	11	16	10449/2195200
156	82	13	16	10449/2195200
156	83	4	16	-1358127/307328000
156	83	6	16	-1358127/307328000
156	83	11	16	-1358127/307328000
156	83	13	16	-1358127/307328000
156	84	4	16	-10666552311/7916769280000
156	84	6	16	-10666552311/7916769280000
156	84	11	16	-10666552311/7916769280000
156	84	13	16	-10666552311/7916769280000
156	85	4	16	24110946729/158335385600000
156	85	6	16	24110946729/158335385600000
156	85	11	16	24110946729/158335385600000
156	85	13	16	24110946729/158335385600000
156	86	2	18	2
156	86	3	18	2
156	87	2	16	3456/6545
156	87	3	16	3456/6545
156	88	2	16	23627376/299859175
156	88	3	16	23627376/299859175
156	89	2	16	-21989532672/1962578300375
156	89	3	16	-21989532672/1962578300375
156	90	2	16	-3132171491050368/295436724446950625
156	90	3	16	-3132171491050368/295436724446950625
156	91	2	16	-10975332184547328/5637415048120384375
156	91	3	16	-10975332184547328/5637415048120384375
156	92	10	12	2
156	92	10	13	2
156	92	10	14	2
156	92	10	15	2
156	92	12	15	2
156	92	13	14	2
156	93	10	11	1566/4025
156	93	10	12	-54/115
156	93	10	13	1566/4025
156	93	10	14	-54/115
156	93	11	14	-459/3220
156	93	12	13	-459/3220
156	94	10	11	1596996/113404375
156	94	10	12	220644/4536175
156	94	10	13	1596996/113404375
156	94	10	14	220644/4536175
156	94	11	14	-7467633/145157600
156	94	12	13	-7467633/145157600
156	95	10	11	-9690019632/456452609375
156	95	10	12	9132912/521660125
156	95	10	13	-9690019632/456452609375
156	95	10	14	9132912/521660125
156	95	11	14	11636766747/934814944000
156	95	12	13	11636766747/934814944000
156	96	10	11	-1555361997408/262460250390625
156	96	10	12	-26750614176/2939554804375
156	96	10	13	-1555361997408/262460250390625
156	96	10	14	-26750614176/2939554804375
156	96	11	14	2899712688561/860029748480000
156	96	12	13	2899712688561/860029748480000
156	97	10	11	7968603362116752/7394817554755859375
156	97	10	12	150223490352/338048802503125
156	97	10	13	7968603362116752/7394817554755859375
156	97	10	14	150223490352/338048802503125
156	97	11	14	-63308492101428093/38770141061478400000
156	97	12	13	-63308492101428093/38770141061478400000
156	104	5	6	1
156	104	5	7	1
156	104	6	7	1
156	104	9	10	1
156	104	9	11	1
156	104	10	11	1
156	105	5	6	99/700
156	105	5	7	99/700
156	105	6	7	-27/140
156	105	9	10	99/700
156	105	9	11	99/700
156	105	10	11	-27/140
156	106	5	6	-39393/3430000
156	106	5	7	-39393/3430000
156	106	6	7	783/137200
156	106	9	10	-39393/3430000
156	106	9	11	-39393/3430000
156	106	10	11	783/137200
156	107	5	6	-25283907/2401000000
156	107	5	7	-25283907/2401000000
156	107	6	7	212139/19208000
156	107	9	10	-25283907/2401000000
156	107	9	11	-25283907/2401000000
156	107	10	11	212139/19208000
156	108	5	6	-25632508239/38656100000000
156	108	5	7	-25632508239/38656100000000
156	108	6	7	-181077039/61849760000
156	108	9	10	-25632508239/38656100000000
156	108	9	11	-25632508239/38656100000000
156	108	10	11	-181077039/61849760000
156	109	5	6	29391986820339/27059270000000000
156	109	5	7	29391986820339/27059270000000000
156	109	6	7	-5427961227/8658966400000
156	109	9	10	29391986820339/27059270000000000
156	109	9	11	29391986820339/27059270000000000
156	109	10	11	-5427961227/8658966400000
157	62	13	16	6
157	63	12	14	459/455
157	64	12	14	-14823/1449175
157	65	12	14	-41008437/659374625
157	66	12	14	-75510837684/6900355450625
157	67	12	14	29330063866143/6279323460068750
157	86	15	18	6
157	87	13	16	-1215/1309
157	88	13	16	-527067/11994367
157	89	13	16	1017709515/15700626403
157	90	13	16	-502154349372/67528394159303
157	91	13	16	-7434202077908775/1237525351363386778
157	92	3	13	6
157	92	5	15	6
157	93	3	12	729/644
157	93	5	14	729/644
157	94	3	12	133407/5806304
157	94	5	14	133407/5806304
157	95	3	12	-505400391/7478519552
157	95	5	14	-505400391/7478519552
157	96	3	12	-159115029723/9632333182976
157	96	5	14	-159115029723/9632333182976
157	97	3	12	53079318936423/12406445139673088
157	97	5	14	53079318936423/12406445139673088
157	104	6	10	3
157	104	7	11	3
157	105	6	10	-27/70
157	105	7	11	-27/70
157	106	6	10	-6561/137200
157	106	7	11	-6561/137200
157	107	6	10	299619/9604000
157	107	7	11	299619/9604000
157	108	6	10	-11002797/61849760000
157	108	7	11	-11002797/61849760000
157	109	6	10	-15606827847/4329483200000
157	109	7	11	-15606827847/4329483200000
158	62	9	13	2
158	62	9	16	2
158	63	8	12	-864/2275
158	63	8	14	-864/2275
158	64	8	12	791046/36229375
158	64	8	14	791046/36229375
158	65	8	12	1232208288/82421828125
158	65	8	14	1232208288/82421828125
158	66	8	12	-20767730641758/4312722156640625
158	66	8	14	-20767730641758/4312722156640625
158	67	8	12	-3321609426081504/9811442906357421875
158	67	8	14	-3321609426081504/9811442906357421875
158	68	4	6	2/3
158	68	4	7	2/3
158	68	6	7	2/3
158	69	4	6	53/560
158	69	4	7	53/560
158	69	6	7	53/560
158	70	4	6	-24051/4390400
158	70	4	7	-24051/4390400
158	70	6	7	-24051/4390400
158	71	4	6	-30230829/4917248000
158	71	4	7	-30230829/4917248000
158	71	6	7	-30230829/4917248000
158	72	4	6	-69225881013/126668308480000
158	72	4	7	-69225881013/126668308480000
158	72	6	7	-69225881013/126668308480000
158	73	4	6	76695981211413/141868505497600000
158	73	4	7	76695981211413/141868505497600000
158	73	6	7	76695981211413/141868505497600000
158	86	4	6	2
158	86	4	8	2
158	86	4	13	2
158	86	4	14	2
158	86	4	15	2
158	86	6	14	2
158	86	8	13	2
158	87	4	6	2862/6545
158	87	4	8	-3618/6545
158	87	4	11	2862/6545
158	87	4	12	-3618/6545
158	87	4	13	5022/6545
158	87	6	12	-216/4675
158	87	8	11	-216/4675
158	88	4	6	12946068/299859175
158	88	4	8	30092148/299859175
158	88	4	11	12946068/299859175
158	88	4	12	30092148/299859175
158	88	4	13	72549108/299859175
158	88	6	12	-385063146/7496479375
158	88	8	11	-385063146/7496479375
158	89	4	6	-26472217824/1962578300375
158	89	4	8	2447620416/1962578300375
158	89	4	11	-26472217824/1962578300375
158	89	4	12	2447620416/1962578300375
158	89	4	13	103211983296/1962578300375
158	89	6	12	126488784168/35046041078125
158	89	8	11	126488784168/35046041078125
158	90	4	6	-1980412199534304/295436724446950625
158	90	4	8	-2539618058229984/295436724446950625
158	90	4	11	-1980412199534304/295436724446950625
158	90	4	12	-2539618058229984/295436724446950625
158	90	4	13	233036674426656/295436724446950625
158	90	6	12	664352585756143362/184647952779344140625
158	90	8	11	664352585756143362/184647952779344140625
158	91	4	6	-705280464268173648/1933633361505291840625
158	91	4	8	5107882907591839152/1933633361505291840625
158	91	4	11	-705280464268173648/1933633361505291840625
158	91	4	12	5107882907591839152/1933633361505291840625
158	91	4	13	-11142780442414663248/1933633361505291840625
158	91	6	12	-369865599212684976696/863229179243433857421875
158	91	8	11	-369865599212684976696/863229179243433857421875
158	92	3	6	2
158	92	4	5	2
158	92	4	6	2
158	93	3	6	297/460
158	93	4	5	297/460
158	93	4	6	-6183/16100
158	94	3	6	22520511/145157600
158	94	4	5	22520511/145157600
158	94	4	6	74227023/3628940000
158	95	3	6	2093897223/133544992000
158	95	4	5	2093897223/133544992000
158	95	4	6	1932383977191/116851868000000
158	96	3	6	-46414505663721/6020208239360000
158	96	4	5	-46414505663721/6020208239360000
158	96	4	6	-19493259192471753/3762630149600000000
158	97	3	6	-25689346056560241/5538591580211200000
158	97	4	5	-25689346056560241/5538591580211200000
158	97	4	6	-58539343854476240001/121156690817120000000000
158	98	2	7	1/2
158	98	2	12	1/2
158	98	3	6	1/2
158	98	3	11	1/2
158	98	5	11	1/2
158	98	5	12	1/2
158	98	6	10	1/2
158	98	7	10	1/2
158	99	2	7	477/3185
158	99	2	11	477/3185
158	99	3	6	477/3185
158	99	3	10	477/3185
158	99	5	10	477/3185
158	99	5	11	477/3185
158	99	6	9	477/3185
158	99	7	9	477/3185
158	100	2	7	86643/2898350
158	100	2	11	86643/2898350
158	100	3	6	86643/2898350
158	100	3	10	86643/2898350
158	100	5	10	86643/2898350
158	100	5	11	86643/2898350
158	100	6	9	86643/2898350
158	100	7	9	86643/2898350
158	101	2	7	-347733/32309356625
158	101	2	11	-347733/32309356625
158	101	3	6	-347733/32309356625
158	101	3	10	-347733/32309356625
158	101	5	10	-347733/32309356625
158	101	5	11	-347733/32309356625
158	101	6	9	-347733/32309356625
158	101	7	9	-347733/32309356625
158	102	2	7	-13274205601257/4733643839128750
158	102	2	11	-13274205601257/4733643839128750
158	102	3	6	-13274205601257/4733643839128750
158	102	3	10	-13274205601257/4733643839128750
158	102	5	10	-13274205601257/4733643839128750
158	102	5	11	-13274205601257/4733643839128750
158	102	6	9	-13274205601257/4733643839128750
158	102	7	9	-13274205601257/4733643839128750
158	103	2	7	-7377383308998249/7538327813812534375
158	103	2	11	-7377383308998249/7538327813812534375
158	103	3	6	-7377383308998249/7538327813812534375
158	103	3	10	-7377383308998249/7538327813812534375
158	103	5	10	-7377383308998249/7538327813812534375
158	103	5	11	-7377383308998249/7538327813812534375
158	103	6	9	-7377383308998249/7538327813812534375
158	103	7	9	-7377383308998249/7538327813812534375
159	62	9	13	1
159	62	9	16	1
159	62	13	18	1
159	62	16	18	1
159	63	8	12	891/4550
159	63	8	14	891/4550
159	63	12	16	-189/650
159	63	14	16	-189/650
159	64	8	12	964791/72458750
159	64	8	14	964791/72458750
159	64	12	16	4312359/72458750
159	64	14	16	4312359/72458750
159	65	8	12	-1186274727/164843656250
159	65	8	14	-1186274727/164843656250
159	65	12	16	-9244449/3364156250
159	65	14	16	-9244449/3364156250
159	66	8	12	-1584982511082/616103165234375
159	66	8	14	-1584982511082/616103165234375
159	66	12	16	-16534013237334/4312722156640625
159	66	14	16	-16534013237334/4312722156640625
159	67	8	12	3482837700648867/39245771625429687500
159	67	8	14	3482837700648867/39245771625429687500
159	67	12	16	1265482477057581/800934114804687500
159	67	14	16	1265482477057581/800934114804687500
159	68	4	16	1/3
159	68	4	17	1/3
159	68	6	13	1/3
159	68	6	17	1/3
159	68	7	13	1/3
159	68	7	16	1/3
159	69	4	14	101/1120
159	69	4	15	101/1120
159	69	6	12	101/1120
159	69	6	15	101/1120
159	69	7	12	101/1120
159	69	7	14	101/1120
159	70	4	14	131541/8780800
159	70	4	15	131541/8780800
159	70	6	12	131541/8780800
159	70	6	15	131541/8780800
159	70	7	12	131541/8780800
159	70	7	14	131541/8780800
159	71	4	14	-10247157/9834496000
159	71	4	15	-10247157/9834496000
159	71	6	12	-10247157/9834496000
159	71	6	15	-10247157/9834496000
159	71	7	12	-10247157/9834496000
159	71	7	14	-10247157/9834496000
159	72	4	14	-410603912613/253336616960000
159	72	4	15	-410603912613/253336616960000
159	72	6	12	-410603912613/253336616960000
159	72	6	15	-410603912613/253336616960000
159	72	7	12	-410603912613/253336616960000
159	72	7	14	-410603912613/253336616960000
159	73	4	14	-112312549577259/283737010995200000
159	73	4	15	-112312549577259/283737010995200000
159	73	6	12	-112312549577259/283737010995200000
159	73	6	15	-112312549577259/283737010995200000
159	73	7	12	-112312549577259/283737010995200000
159	73	7	14	-112312549577259/283737010995200000
159	86	6	8	1
159	86	6	18	1
159	86	8	15	1
159	86	13	14	1
159	86	13	18	1
159	86	14	15	1
159	87	6	8	3537/65450
159	87	6	16	-351/1870
159	87	8	13	4023/13090
159	87	11	12	3537/65450
159	87	11	16	-351/1870
159	87	12	13	4023/13090
159	88	6	8	-347574321/14992958750
159	88	6	16	5474547/599718350
159	88	8	13	40991427/599718350
159	88	11	12	-347574321/14992958750
159	88	11	16	5474547/599718350
159	88	12	13	40991427/599718350
159	89	6	8	-1998927673101/490644575093750
159	89	6	16	4533920001/560736657250
159	89	8	13	19476505647/3925156600750
159	89	11	12	-1998927673101/490644575093750
159	89	11	16	4533920001/560736657250
159	89	12	13	19476505647/3925156600750
159	90	6	8	261734782561180506/184647952779344140625
159	90	6	16	-712083151762398/295436724446950625
159	90	8	13	-1183302915738318/295436724446950625
159	90	11	12	261734782561180506/184647952779344140625
159	90	11	16	-712083151762398/295436724446950625
159	90	12	13	-1183302915738318/295436724446950625
159	91	6	8	11204495785112880789369/24170417018816148007812500
159	91	6	16	-285487142983472547/1104933349431595337500
159	91	8	13	-15218107540932146229/7734533446021167362500
159	91	11	12	11204495785112880789369/24170417018816148007812500
159	91	11	16	-285487142983472547/1104933349431595337500
159	91	12	13	-15218107540932146229/7734533446021167362500
159	92	3	8	1
159	92	3	15	1
159	92	4	12	1
159	92	4	13	1
159	92	5	8	1
159	92	5	13	1
159	92	6	14	1
159	92	6	15	1
159	92	8	12	1
159	92	8	14	1
159	93	3	8	135/644
159	93	3	14	351/920
159	93	4	11	7803/32200
159	93	4	12	-351/1288
159	93	5	8	135/644
159	93	5	12	351/920
159	93	6	13	7803/32200
159	93	6	14	-351/1288
159	93	8	11	-27/1150
159	93	8	13	-27/1150
159	94	3	8	2527929/145157600
159	94	3	14	34556301/290315200
159	94	4	11	233666613/7257880000
159	94	4	12	13858533/290315200
159	94	5	8	2527929/145157600
159	94	5	12	34556301/290315200
159	94	6	13	233666613/7257880000
159	94	6	14	13858533/290315200
159	94	8	11	-94270149/3628940000
159	94	8	13	-94270149/3628940000
159	95	3	8	-139690251/18696298880
159	95	3	14	6722708967/267089984000
159	95	4	11	-1181495045061/233703736000000
159	95	4	12	542207601/373925977600
159	95	5	8	-139690251/18696298880
159	95	5	12	6722708967/267089984000
159	95	6	13	-1181495045061/233703736000000
159	95	6	14	542207601/373925977600
159	95	8	11	7743902373/4173281000000
159	95	8	13	7743902373/4173281000000
159	96	3	8	-9439145211897/3010104119680000
159	96	3	14	-646747222329/12040416478720000
159	96	4	11	-29882379574381833/7525260299200000000
159	96	4	12	-52711290729513/12040416478720000
159	96	5	8	-9439145211897/3010104119680000
159	96	5	12	-646747222329/12040416478720000
159	96	6	13	-29882379574381833/7525260299200000000
159	96	6	14	-52711290729513/12040416478720000
159	96	8	11	3462119598683943/1881315074800000000
159	96	8	13	3462119598683943/1881315074800000000
159	97	3	8	-1431308256219/77540282122956800
159	97	3	14	-32916788338676463/11077183160422400000
159	97	4	11	-146301516991951306299/242313381634240000000000
159	97	4	12	3843798728613363/3101611284918272000
159	97	5	8	-1431308256219/77540282122956800
159	97	5	12	-32916788338676463/11077183160422400000
159	97	6	13	-146301516991951306299/242313381634240000000000
159	97	6	14	3843798728613363/3101611284918272000
159	97	8	11	-482180367439493361/2163512336020000000000
159	97	8	13	-482180367439493361/2163512336020000000000
159	98	2	8	1/4
159	98	2	13	1/4
159	98	3	8	1/4
159	98	3	13	1/4
159	98	5	15	1/4
159	98	5	17	1/4
159	98	6	8	1/4
159	98	6	15	1/4
159	98	7	8	1/4
159	98	7	17	1/4
159	98	10	15	1/4
159	98	10	17	1/4
159	98	11	13	1/4
159	98	11	15	1/4
159	98	12	13	1/4
159	98	12	17	1/4
159	99	2	8	999/25480
159	99	2	12	999/25480
159	99	3	8	999/25480
159	99	3	12	999/25480
159	99	5	14	999/25480
159	99	5	15	999/25480
159	99	6	8	-1503/25480
159	99	6	14	-1503/25480
159	99	7	8	-1503/25480
159	99	7	15	-1503/25480
159	99	9	14	999/25480
159	99	9	15	999/25480
159	99	10	12	-1503/25480
159	99	10	14	-1503/25480
159	99	11	12	-1503/25480
159	99	11	15	-1503/25480
159	100	2	8	-105597/81153800
159	100	2	12	-105597/81153800
159	100	3	8	-105597/81153800
159	100	3	12	-105597/81153800
159	100	5	14	-105597/81153800
159	100	5	15	-105597/81153800
159	100	6	8	524907/81153800
159	100	6	14	524907/81153800
159	100	7	8	524907/81153800
159	100	7	15	524907/81153800
159	100	9	14	-105597/81153800
159	100	9	15	-105597/81153800
159	100	10	12	524907/81153800
159	100	10	14	524907/81153800
159	100	11	12	524907/81153800
159	100	11	15	524907/81153800
159	101	2	8	-164184651/64618713250
159	101	2	12	-164184651/64618713250
159	101	3	8	-164184651/64618713250
159	101	3	12	-164184651/64618713250
159	101	5	14	-164184651/64618713250
159	101	5	15	-164184651/64618713250
159	101	6	8	64280304/32309356625
159	101	6	14	64280304/32309356625
159	101	7	8	64280304/32309356625
159	101	7	15	64280304/32309356625
159	101	9	14	-164184651/64618713250
159	101	9	15	-164184651/64618713250
159	101	10	12	64280304/32309356625
159	101	10	14	64280304/32309356625
159	101	11	12	64280304/32309356625
159	101	11	15	64280304/32309356625
159	102	2	8	-3219474413457/9467287678257500
159	102	2	12	-3219474413457/9467287678257500
159	102	3	8	-3219474413457/9467287678257500
159	102	3	12	-3219474413457/9467287678257500
159	102	5	14	-3219474413457/9467287678257500
159	102	5	15	-3219474413457/9467287678257500
159	102	6	8	-10466935047297/9467287678257500
159	102	6	14	-10466935047297/9467287678257500
159	102	7	8	-10466935047297/9467287678257500
159	102	7	15	-10466935047297/9467287678257500
159	102	9	14	-3219474413457/9467287678257500
159	102	9	15	-3219474413457/9467287678257500
159	102	10	12	-10466935047297/9467287678257500
159	102	10	14	-10466935047297/9467287678257500
159	102	11	12	-10466935047297/9467287678257500
159	102	11	15	-10466935047297/9467287678257500
159	103	2	8	25715170603615869/120613245021000550000
159	103	2	12	25715170603615869/120613245021000550000
159	103	3	8	25715170603615869/120613245021000550000
159	103	3	12	25715170603615869/120613245021000550000
159	103	5	14	25715170603615869/120613245021000550000
159	103	5	15	25715170603615869/120613245021000550000
159	103	6	8	9452761223356467/120613245021000550000
159	103	6	14	9452761223356467/120613245021000550000
159	103	7	8	9452761223356467/120613245021000550000
159	103	7	15	9452761223356467/120613245021000550000
159	103	9	14	25715170603615869/120613245021000550000
159	103	9	15	25715170603615869/120613245021000550000
159	103	10	12	9452761223356467/120613245021000550000
159	103	10	14	9452761223356467/120613245021000550000
159	103	11	12	9452761223356467/120613245021000550000
159	103	11	15	9452761223356467/120613245021000550000
159	104	4	6	1/2
159	104	4	7	1/2
159	104	4	10	1/2
159	104	4	11	1/2
159	104	5	10	1/2
159	104	5	11	1/2
159	104	6	9	1/2
159	104	7	9	1/2
159	105	4	6	-117/1400
159	105	4	7	-117/1400
159	105	4	10	-117/1400
159	105	4	11	-117/1400
159	105	5	10	117/700
159	105	5	11	117/700
159	105	6	9	117/700
159	105	7	9	117/700
159	106	4	6	351/857500
159	106	4	7	351/857500
159	106	4	10	351/857500
159	106	4	11	351/857500
159	106	5	10	290277/6860000
159	106	5	11	290277/6860000
159	106	6	9	290277/6860000
159	106	7	9	290277/6860000
159	107	4	6	10718487/2401000000
159	107	4	7	10718487/2401000000
159	107	4	10	10718487/2401000000
159	107	4	11	10718487/2401000000
159	107	5	10	12196899/2401000000
159	107	5	11	12196899/2401000000
159	107	6	9	12196899/2401000000
159	107	7	9	12196899/2401000000
159	108	4	6	-16919316531/19328050000000
159	108	4	7	-16919316531/19328050000000
159	108	4	10	-16919316531/19328050000000
159	108	4	11	-16919316531/19328050000000
159	108	5	10	-142272391599/77312200000000
159	108	5	11	-142272391599/77312200000000
159	108	6	9	-142272391599/77312200000000
159	108	7	9	-142272391599/77312200000000
159	109	4	6	-3704372309313/13529635000000000
159	109	4	7	-3704372309313/13529635000000000
159	109	4	10	-3704372309313/13529635000000000
159	109	4	11	-3704372309313/13529635000000000
159	109	5	10	-35026973605143/27059270000000000
159	109	5	11	-35026973605143/27059270000000000
159	109	6	9	-35026973605143/27059270000000000
159	109	7	9	-35026973605143/27059270000000000
160	62	13	18	2
160	62	16	18	2
160	63	12	16	432/2275
160	63	14	16	432/2275
160	64	12	16	-1421226/36229375
160	64	14	16	-1421226/36229375
160	65	12	16	-1203129936/82421828125
160	65	14	16	-1203129936/82421828125
160	66	12	16	6709072860162/4312722156640625
160	66	14	16	6709072860162/4312722156640625
160	67	12	16	16256626174146672/9811442906357421875
160	67	14	16	16256626174146672/9811442906357421875
160	68	13	16	2/3
160	68	13	17	2/3
160	68	16	17	2/3
160	69	12	14	11/80
160	69	12	15	11/80
160	69	14	15	11/80
160	70	12	14	29949/4390400
160	70	12	15	29949/4390400
160	70	14	15	29949/4390400
160	71	12	14	-5252643/702464000
160	71	12	15	-5252643/702464000
160	71	14	15	-5252643/702464000
160	72	12	14	-302089333653/126668308480000
160	72	12	15	-302089333653/126668308480000
160	72	14	15	-302089333653/126668308480000
160	73	12	14	6579793718091/20266929356800000
160	73	12	15	6579793718091/20266929356800000
160	73	14	15	6579793718091/20266929356800000
160	86	15	18	2
160	87	13	16	432/935
160	88	13	16	14102262/299859175
160	89	13	16	-4688333136/280368328625
160	90	13	16	-2523049104282174/295436724446950625
160	91	13	16	-112074035010741648/276233337357898834375
160	92	3	17	2
160	92	5	17	2
160	92	12	13	2
160	92	12	17	2
160	92	14	15	2
160	92	14	17	2
160	93	3	16	432/805
160	93	5	16	432/805
160	93	11	12	783/3220
160	93	11	16	-1161/4025
160	93	13	14	783/3220
160	93	13	16	-1161/4025
160	94	3	16	1511703/18144700
160	94	5	16	1511703/18144700
160	94	11	12	-4516641/145157600
160	94	11	16	-8654931/453617500
160	94	13	14	-4516641/145157600
160	94	13	16	-8654931/453617500
160	95	3	16	-37279602/3651620875
160	95	5	16	-37279602/3651620875
160	95	11	12	-17330271327/934814944000
160	95	11	16	73963340541/3651620875000
160	95	13	14	-17330271327/934814944000
160	95	13	16	73963340541/3651620875000
160	96	3	16	-1016183747889/94065753740000
160	96	5	16	-1016183747889/94065753740000
160	96	11	12	589197476439/6020208239360000
160	96	11	16	-13982675595111/8398728012500000
160	96	13	14	589197476439/6020208239360000
160	96	13	16	-13982675595111/8398728012500000
160	97	3	16	-20588725310679/9465366470087500
160	97	5	16	-20588725310679/9465366470087500
160	97	11	12	78633867534250041/38770141061478400000
160	97	11	16	-918606492066895803/473268323504375000000
160	97	13	14	78633867534250041/38770141061478400000
160	97	13	16	-918606492066895803/473268323504375000000
160	104	5	14	1
160	104	5	16	1
160	104	6	14	1
160	104	7	16	1
160	104	9	14	1
160	104	9	16	1
160	104	10	14	1
160	104	11	16	1
160	105	5	14	333/1750
160	105	5	15	333/1750
160	105	6	14	-81/350
160	105	7	15	-81/350
160	105	9	14	333/1750
160	105	9	15	333/1750
160	105	10	14	-81/350
160	105	11	15	-81/350
160	106	5	14	27837/5359375
160	106	5	15	27837/5359375
160	106	6	14	4833/214375
160	106	7	15	4833/214375
160	106	9	14	27837/5359375
160	106	9	15	27837/5359375
160	106	10	14	4833/214375
160	106	11	15	4833/214375
160	107	5	14	-202863933/18757812500
160	107	5	15	-202863933/18757812500
160	107	6	14	1371249/150062500
160	107	7	15	1371249/150062500
160	107	9	14	-202863933/18757812500
160	107	9	15	-202863933/18757812500
160	107	10	14	1371249/150062500
160	107	11	15	1371249/150062500
160	108	5	14	-1054031545611/377500976562500
160	108	5	15	-1054031545611/377500976562500
160	108	6	14	-2695855851/604001562500
160	108	7	15	-2695855851/604001562500
160	108	9	14	-1054031545611/377500976562500
160	108	9	15	-1054031545611/377500976562500
160	108	10	14	-2695855851/604001562500
160	108	11	15	-2695855851/604001562500
160	109	5	14	409180042331037/660626708984375000
160	109	5	15	409180042331037/660626708984375000
160	109	6	14	27821467791/211400546875000
160	109	7	15	27821467791/211400546875000
160	109	9	14	409180042331037/660626708984375000
160	109	9	15	409180042331037/660626708984375000
160	109	10	14	27821467791/211400546875000
160	109	11	15	27821467791/211400546875000
160	110	4	6	1/6
160	110	4	7	1/6
160	110	4	10	1/6
160	110	4	11	1/6
160	110	6	7	1/6
160	110	6	10	1/6
160	110	6	13	1/6
160	110	7	11	1/6
160	110	7	13	1/6
160	110	10	11	1/6
160	110	10	13	1/6
160	110	11	13	1/6
160	111	4	6	-63/2360
160	111	4	7	-63/2360
160	111	4	10	-63/2360
160	111	4	11	-63/2360
160	111	6	7	-63/2360
160	111	6	10	-63/2360
160	111	6	13	-63/2360
160	111	7	11	-63/2360
160	111	7	13	-63/2360
160	111	10	11	-63/2360
160	111	10	13	-63/2360
160	111	11	13	-63/2360
160	112	4	6	-311607/477593200
160	112	4	7	-311607/477593200
160	112	4	10	-311607/477593200
160	112	4	11	-311607/477593200
160	112	6	7	-311607/477593200
160	112	6	10	-311607/477593200
160	112	6	13	-311607/477593200
160	112	7	11	-311607/477593200
160	112	7	13	-311607/477593200
160	112	10	11	-311607/477593200
160	112	10	13	-311607/477593200
160	112	11	13	-311607/477593200
160	113	4	6	67755447/40254284000
160	113	4	7	67755447/40254284000
160	113	4	10	67755447/40254284000
160	113	4	11	67755447/40254284000
160	113	6	7	67755447/40254284000
160	113	6	10	67755447/40254284000
160	113	6	13	67755447/40254284000
160	113	7	11	67755447/40254284000
160	113	7	13	67755447/40254284000
160	113	10	11	67755447/40254284000
160	113	10	13	67755447/40254284000
160	113	11	13	67755447/40254284000
160	114	4	6	-11697697894509/46840991855210000
160	114	4	7	-11697697894509/46840991855210000
160	114	4	10	-11697697894509/46840991855210000
160	114	4	11	-11697697894509/46840991855210000
160	114	6	7	-11697697894509/46840991855210000
160	114	6	10	-11697697894509/46840991855210000
160	114	6	13	-11697697894509/46840991855210000
160	114	7	11	-11697697894509/46840991855210000
160	114	7	13	-11697697894509/46840991855210000
160	114	10	11	-11697697894509/46840991855210000
160	114	10	13	-11697697894509/46840991855210000
160	114	11	13	-11697697894509/46840991855210000
160	115	4	6	-4255218354470373/31584211650941600000
160	115	4	7	-4255218354470373/31584211650941600000
160	115	4	10	-4255218354470373/31584211650941600000
160	115	4	11	-4255218354470373/31584211650941600000
160	115	6	7	-4255218354470373/31584211650941600000
160	115	6	10	-4255218354470373/31584211650941600000
160	115	6	13	-4255218354470373/31584211650941600000
160	115	7	11	-4255218354470373/31584211650941600000
160	115	7	13	-4255218354470373/31584211650941600000
160	115	10	11	-4255218354470373/31584211650941600000
160	115	10	13	-4255218354470373/31584211650941600000
160	115	11	13	-4255218354470373/31584211650941600000
161	62	9	9	4
161	63	8	8	-21006/11375
161	64	8	8	725516838/905734375
161	65	8	8	-3319832289582/10302728515625
161	66	8	8	317069515566551304/2695451347900390625
161	67	8	8	-1146161187810313659531/30660759082366943359375
161	68	4	8	8/3
161	68	6	8	8/3
161	68	7	8	8/3
161	69	4	8	-36/35
161	69	6	8	-36/35
161	69	7	8	-36/35
161	70	4	8	49113/137200
161	70	6	8	49113/137200
161	70	7	8	49113/137200
161	71	4	8	-41553/384160
161	71	6	8	-41553/384160
161	71	7	8	-41553/384160
161	72	4	8	12845775339/494798080000
161	72	6	8	12845775339/494798080000
161	72	7	8	12845775339/494798080000
161	73	4	8	-121115935341/34635865600000
161	73	6	8	-121115935341/34635865600000
161	73	7	8	-121115935341/34635865600000
161	86	6	13	8
161	87	6	11	18468/4675
161	88	6	11	13817579724/7496479375
161	89	6	11	28178109343044/35046041078125
161	90	6	11	59524162160896871568/184647952779344140625
161	91	6	11	99472818107457747304938/863229179243433857421875
161	98	2	14	2
161	98	3	14	2
161	98	4	5	2
161	98	4	10	2
161	98	4	14	2
161	99	2	13	2727/3185
161	99	3	13	2727/3185
161	99	4	5	2727/3185
161	99	4	9	2727/3185
161	99	4	13	1431/3185
161	100	2	13	486729/1449175
161	100	3	13	486729/1449175
161	100	4	5	486729/1449175
161	100	4	9	486729/1449175
161	100	4	13	101817/1449175
161	101	2	13	759409506/6461871325
161	101	3	13	759409506/6461871325
161	101	4	5	759409506/6461871325
161	101	4	9	759409506/6461871325
161	101	4	13	64678338/32309356625
161	102	2	13	82211349462678/2366821919564375
161	102	3	13	82211349462678/2366821919564375
161	102	4	5	82211349462678/2366821919564375
161	102	4	9	82211349462678/2366821919564375
161	102	4	13	-6877174970538/2366821919564375
161	103	2	13	112324423442674617/15076655627625068750
161	103	3	13	112324423442674617/15076655627625068750
161	103	4	5	112324423442674617/15076655627625068750
161	103	4	9	112324423442674617/15076655627625068750
161	103	4	13	-13355393419242279/15076655627625068750
162	62	9	9	2
162	63	8	8	-1728/11375
162	64	8	8	-30774006/905734375
162	65	8	8	97825454784/10302728515625
162	66	8	8	3580322864804802/2695451347900390625
162	67	8	8	-27077784161355131328/30660759082366943359375
162	68	4	18	4/3
162	68	6	18	4/3
162	68	7	18	4/3
162	69	4	16	-12/35
162	69	6	16	-12/35
162	69	7	16	-12/35
162	70	4	16	3699/68600
162	70	6	16	3699/68600
162	70	7	16	3699/68600
162	71	4	16	8991/2401000
162	71	6	16	8991/2401000
162	71	7	16	8991/2401000
162	72	4	16	-47241387/8835680000
162	72	6	16	-47241387/8835680000
162	72	7	16	-47241387/8835680000
162	73	4	16	2654272233/2164741600000
162	73	6	16	2654272233/2164741600000
162	73	7	16	2654272233/2164741600000
162	74	9	9	2/3
162	74	13	13	2/3
162	74	15	15	2/3
162	75	8	8	-2214/8785
162	75	12	12	-2214/8785
162	75	14	14	-2214/8785
162	76	8	8	87018543/1080467150
162	76	12	12	87018543/1080467150
162	76	14	14	87018543/1080467150
162	77	8	8	-183253434237/9491903912750
162	77	12	12	-183253434237/9491903912750
162	77	14	14	-183253434237/9491903912750
162	78	8	8	14373923702351499/7671546580362805000
162	78	12	12	14373923702351499/7671546580362805000
162	78	14	14	14373923702351499/7671546580362805000
162	79	8	8	75943468147267107153/67394536708487241925000
162	79	12	12	75943468147267107153/67394536708487241925000
162	79	14	14	75943468147267107153/67394536708487241925000
162	86	6	17	4
162	86	13	16	4
162	87	6	15	6156/4675
162	87	11	14	6156/4675
162	88	6	15	2538004752/7496479375
162	88	11	14	2538004752/7496479375
162	89	6	15	1715665860648/35046041078125
162	89	11	14	1715665860648/35046041078125
162	90	6	15	-1583415660793642416/184647952779344140625
162	90	11	14	-1583415660793642416/184647952779344140625
162	91	6	15	-7116325482593269569744/863229179243433857421875
162	91	11	14	-7116325482593269569744/863229179243433857421875
162	92	7	8	4
162	93	7	8	-4779/4025
162	94	7	8	116110017/453617500
162	95	7	8	-136613817783/7303241750000
162	96	7	8	-1596146285320353/117582192175000000
162	97	7	8	12408568557940113507/1893073294017500000000
162	98	2	15	1
162	98	3	17	1
162	98	5	8	1
162	98	10	13	1
162	99	2	14	909/3185
162	99	3	15	909/3185
162	99	5	8	909/3185
162	99	9	12	909/3185
162	100	2	14	551448/10144225
162	100	3	15	551448/10144225
162	100	5	8	551448/10144225
162	100	9	12	551448/10144225
162	101	2	14	1619838/32309356625
162	101	3	15	1619838/32309356625
162	101	5	8	1619838/32309356625
162	101	9	12	1619838/32309356625
162	102	2	14	-221973562836/48302488154375
162	102	3	15	-221973562836/48302488154375
162	102	5	8	-221973562836/48302488154375
162	102	9	12	-221973562836/48302488154375
162	103	2	14	-11575713285313668/7538327813812534375
162	103	3	15	-11575713285313668/7538327813812534375
162	103	5	8	-11575713285313668/7538327813812534375
162	103	9	12	-11575713285313668/7538327813812534375
162	104	2	13	2
162	104	3	13	2
162	104	4	13	2
162	105	2	13	621/875
162	105	3	13	621/875
162	105	4	13	27/125
162	106	2	13	1085481/5359375
162	106	3	13	1085481/5359375
162	106	4	13	-139239/5359375
162	107	2	13	172934838/4689453125
162	107	3	13	172934838/4689453125
162	107	4	13	-9014814/669921875
162	108	2	13	-208685188998/94375244140625
162	108	3	13	-208685188998/94375244140625
162	108	4	13	14264939322/94375244140625
162	109	2	13	-34981243422021/7180725097656250
162	109	3	13	-34981243422021/7180725097656250
162	109	4	13	28462735856619/23593811035156250
163	62	9	18	2
163	63	8	16	-7911/11375
163	64	8	16	184334211/905734375
163	65	8	16	-454547018223/10302728515625
163	66	8	16	9303033017022372/2695451347900390625
163	67	8	16	150098427129391335333/61321518164733886718750
163	68	4	8	2/3
163	68	6	8	2/3
163	68	7	8	2/3
163	68	8	13	2/3
163	68	8	16	2/3
163	68	8	17	2/3
163	69	8	12	-9/70
163	69	8	14	-9/70
163	69	8	15	-9/70
163	70	4	8	-7911/548800
163	70	6	8	-7911/548800
163	70	7	8	-7911/548800
163	70	8	12	5697/548800
163	70	8	14	5697/548800
163	70	8	15	5697/548800
163	71	8	12	2187/614656
163	71	8	14	2187/614656
163	71	8	15	2187/614656
163	72	4	8	1689765867/1979192320000
163	72	6	8	1689765867/1979192320000
163	72	7	8	1689765867/1979192320000
163	72	8	12	-2851810821/1979192320000
163	72	8	14	-2851810821/1979192320000
163	72	8	15	-2851810821/1979192320000
163	73	8	12	9108367299/277086924800000
163	73	8	14	9108367299/277086924800000
163	73	8	15	9108367299/277086924800000
163	86	6	14	2
163	86	8	8	1
163	86	8	13	2
163	86	14	14	1
163	87	6	12	23733/32725
163	87	8	8	-26001/65450
163	87	8	11	23733/32725
163	87	12	12	-26001/65450
163	88	6	12	1671823719/7496479375
163	88	8	8	2066612211/14992958750
163	88	8	11	1671823719/7496479375
163	88	12	12	2066612211/14992958750
163	89	6	12	12729006276111/245322287546875
163	89	8	8	-19077877874313/490644575093750
163	89	8	11	12729006276111/245322287546875
163	89	12	12	-19077877874313/490644575093750
163	90	6	12	967294432672113492/184647952779344140625
163	90	8	8	1307396041502204466/184647952779344140625
163	90	8	11	967294432672113492/184647952779344140625
163	90	12	12	1307396041502204466/184647952779344140625
163	91	6	12	-30811051317987494255619/12085208509408074003906250
163	91	8	8	11126354491353668009283/24170417018816148007812500
163	91	8	11	-30811051317987494255619/12085208509408074003906250
163	91	12	12	11126354491353668009283/24170417018816148007812500
163	92	4	8	2
163	92	4	14	2
163	92	6	8	2
163	92	6	12	2
163	93	4	8	-5427/8050
163	93	4	13	14013/16100
163	93	6	8	-5427/8050
163	93	6	11	14013/16100
163	94	4	8	338641641/1814470000
163	94	4	13	1227167253/3628940000
163	94	6	8	338641641/1814470000
163	94	6	11	1227167253/3628940000
163	95	4	8	-1037966451597/29212967000000
163	95	4	13	13065768746109/116851868000000
163	95	6	8	-1037966451597/29212967000000
163	95	6	11	13065768746109/116851868000000
163	96	4	8	368787414488103/940657537400000000
163	96	4	13	104768718096623607/3762630149600000000
163	96	6	8	368787414488103/940657537400000000
163	96	6	11	104768718096623607/3762630149600000000
163	97	4	8	46099573687538742879/15144586352140000000000
163	97	4	13	322374143405727872451/121156690817120000000000
163	97	6	8	46099573687538742879/15144586352140000000000
163	97	6	11	322374143405727872451/121156690817120000000000
163	98	2	17	1/2
163	98	3	15	1/2
163	98	4	6	1/2
163	98	4	7	1/2
163	98	4	11	1/2
163	98	4	12	1/2
163	98	4	15	1/2
163	98	4	17	1/2
163	98	5	13	1/2
163	98	6	14	1/2
163	98	7	14	1/2
163	98	8	10	1/2
163	98	8	14	1/2
163	98	11	14	1/2
163	98	12	14	1/2
163	98	13	14	1/2
163	99	2	15	2637/12740
163	99	3	14	2637/12740
163	99	4	6	1431/12740
163	99	4	7	1431/12740
163	99	4	10	1431/12740
163	99	4	11	1431/12740
163	99	4	14	27/2548
163	99	4	15	27/2548
163	99	5	12	2637/12740
163	99	6	13	1431/12740
163	99	7	13	1431/12740
163	99	8	9	2637/12740
163	99	8	13	27/2548
163	99	10	13	1431/12740
163	99	11	13	1431/12740
163	99	12	13	27/2548
163	100	2	15	3014091/40576900
163	100	3	14	3014091/40576900
163	100	4	6	561087/40576900
163	100	4	7	561087/40576900
163	100	4	10	561087/40576900
163	100	4	11	561087/40576900
163	100	4	14	-453681/40576900
163	100	4	15	-453681/40576900
163	100	5	12	3014091/40576900
163	100	6	13	561087/40576900
163	100	7	13	561087/40576900
163	100	8	9	3014091/40576900
163	100	8	13	-453681/40576900
163	100	10	13	561087/40576900
163	100	11	13	561087/40576900
163	100	12	13	-453681/40576900
163	101	2	15	688423131/32309356625
163	101	3	14	688423131/32309356625
163	101	4	6	-1043199/516949706
163	101	4	7	-1043199/516949706
163	101	4	10	-1043199/516949706
163	101	4	11	-1043199/516949706
163	101	4	14	-9310059/12923742650
163	101	4	15	-9310059/12923742650
163	101	5	12	688423131/32309356625
163	101	6	13	-1043199/516949706
163	101	7	13	-1043199/516949706
163	101	8	9	688423131/32309356625
163	101	8	13	-9310059/12923742650
163	101	10	13	-1043199/516949706
163	101	11	13	-1043199/516949706
163	101	12	13	-9310059/12923742650
163	102	2	15	17370229857471/4733643839128750
163	102	3	14	17370229857471/4733643839128750
163	102	4	6	-992350744803/676234834161250
163	102	4	7	-992350744803/676234834161250
163	102	4	10	-992350744803/676234834161250
163	102	4	11	-992350744803/676234834161250
163	102	4	14	3228284589867/4733643839128750
163	102	4	15	3228284589867/4733643839128750
163	102	5	12	17370229857471/4733643839128750
163	102	6	13	-992350744803/676234834161250
163	102	7	13	-992350744803/676234834161250
163	102	8	9	17370229857471/4733643839128750
163	102	8	13	3228284589867/4733643839128750
163	102	10	13	-992350744803/676234834161250
163	102	11	13	-992350744803/676234834161250
163	102	12	13	3228284589867/4733643839128750
163	103	2	15	-32410822884766353/60306622510500275000
163	103	3	14	-32410822884766353/60306622510500275000
163	103	4	6	-12454544931618519/60306622510500275000
163	103	4	7	-12454544931618519/60306622510500275000
163	103	4	10	-12454544931618519/60306622510500275000
163	103	4	11	-12454544931618519/60306622510500275000
163	103	4	14	179544510863793/2412264900420011000
163	103	4	15	179544510863793/2412264900420011000
163	103	5	12	-32410822884766353/60306622510500275000
163	103	6	13	-12454544931618519/60306622510500275000
163	103	7	13	-12454544931618519/60306622510500275000
163	103	8	9	-32410822884766353/60306622510500275000
163	103	8	13	179544510863793/2412264900420011000
163	103	10	13	-12454544931618519/60306622510500275000
163	103	11	13	-12454544931618519/60306622510500275000
163	103	12	13	179544510863793/2412264900420011000
163	104	4	5	1
163	104	4	9	1
163	105	4	5	1341/3500
163	105	4	9	1341/3500
163	106	4	5	1350999/10718750
163	106	4	9	1350999/10718750
163	107	4	5	4859812161/150062500000
163	107	4	9	4859812161/150062500000
163	108	4	5	26858850395949/6040015625000000
163	108	4	9	26858850395949/6040015625000000
163	109	4	5	-24469147514707191/21140054687500000000
163	109	4	9	-24469147514707191/21140054687500000000
164	62	9	18	2
164	63	8	16	864/11375
164	64	8	16	-42403014/905734375
164	65	8	16	-57211710048/10302728515625
164	66	8	16	7970753981612322/2695451347900390625
164	67	8	16	18866900016818491104/30660759082366943359375
164	68	4	18	2/3
164	68	6	18	2/3
164	68	7	18	2/3
164	68	13	18	2/3
164	68	16	18	2/3
164	68	17	18	2/3
164	69	4	16	3/35
164	69	6	16	3/35
164	69	7	16	3/35
164	69	12	16	-6/35
164	69	14	16	-6/35
164	69	15	16	-6/35
164	70	4	16	-1053/137200
164	70	6	16	-1053/137200
164	70	7	16	-1053/137200
164	70	12	16	3483/137200
164	70	14	16	3483/137200
164	70	15	16	3483/137200
164	71	4	16	-55647/9604000
164	71	6	16	-55647/9604000
164	71	7	16	-55647/9604000
164	71	12	16	14823/4802000
164	71	14	16	14823/4802000
164	71	15	16	14823/4802000
164	72	4	16	-29198637/123699520000
164	72	6	16	-29198637/123699520000
164	72	7	16	-29198637/123699520000
164	72	12	16	-379293597/123699520000
164	72	14	16	-379293597/123699520000
164	72	15	16	-379293597/123699520000
164	73	4	16	4755983607/8658966400000
164	73	6	16	4755983607/8658966400000
164	73	7	16	4755983607/8658966400000
164	73	12	16	2523577113/4329483200000
164	73	14	16	2523577113/4329483200000
164	73	15	16	2523577113/4329483200000
164	86	6	18	2
164	86	13	18	2
164	87	6	16	2592/6545
164	87	11	16	2592/6545
164	88	6	16	7973802/299859175
164	88	11	16	7973802/299859175
164	89	6	16	-29947763232/1962578300375
164	89	11	16	-29947763232/1962578300375
164	90	6	16	-1606936075079166/295436724446950625
164	90	11	16	-1606936075079166/295436724446950625
164	91	6	16	439256098285179552/1933633361505291840625
164	91	11	16	439256098285179552/1933633361505291840625
164	92	12	15	2
164	92	13	13	1
164	92	13	14	2
164	92	15	15	1
164	93	11	14	405/644
164	93	12	12	-2187/6440
164	93	12	13	405/644
164	93	14	14	-2187/6440
164	94	11	14	21058623/145157600
164	94	12	12	25835031/290315200
164	94	12	13	21058623/145157600
164	94	14	14	25835031/290315200
164	95	11	14	467136639/37392597760
164	95	12	12	-23058693549/1869629888000
164	95	12	13	467136639/37392597760
164	95	14	14	-23058693549/1869629888000
164	96	11	14	-47533609869993/6020208239360000
164	96	12	12	-36404138435769/12040416478720000
164	96	12	13	-47533609869993/6020208239360000
164	96	14	14	-36404138435769/12040416478720000
164	97	11	14	-1319398055076933/310161128491827200
164	97	12	12	199417188116252691/77540282122956800000
164	97	12	13	-1319398055076933/310161128491827200
164	97	14	14	199417188116252691/77540282122956800000
164	98	2	18	1/2
164	98	3	18	1/2
164	98	5	18	1/2
164	98	10	18	1/2
164	99	2	16	432/3185
164	99	3	16	432/3185
164	99	5	16	432/3185
164	99	9	16	432/3185
164	100	2	16	446391/20288450
164	100	3	16	446391/20288450
164	100	5	16	446391/20288450
164	100	9	16	446391/20288450
164	101	2	16	-66449808/32309356625
164	101	3	16	-66449808/32309356625
164	101	5	16	-66449808/32309356625
164	101	9	16	-66449808/32309356625
164	102	2	16	-12424887038097/4733643839128750
164	102	3	16	-12424887038097/4733643839128750
164	102	5	16	-12424887038097/4733643839128750
164	102	9	16	-12424887038097/4733643839128750
164	103	2	16	-4466667892819824/7538327813812534375
164	103	3	16	-4466667892819824/7538327813812534375
164	103	5	16	-4466667892819824/7538327813812534375
164	103	9	16	-4466667892819824/7538327813812534375
164	104	5	8	1
164	104	6	8	1
164	104	6	13	1
164	104	7	8	1
164	104	7	13	1
164	104	8	13	1
164	104	9	12	1
164	104	10	12	1
164	104	10	13	1
164	104	11	12	1
164	104	11	13	1
164	104	12	13	1
164	105	5	8	837/3500
164	105	6	8	-27/100
164	105	6	13	81/350
164	105	7	8	-27/100
164	105	7	13	81/350
164	105	8	13	-27/1750
164	105	9	12	837/3500
164	105	10	12	-27/100
164	105	10	13	81/350
164	105	11	12	-27/100
164	105	11	13	81/350
164	105	12	13	-27/1750
164	106	5	8	2595483/85750000
164	106	6	8	157707/3430000
164	106	6	13	11421/428750
164	106	7	8	157707/3430000
164	106	7	13	11421/428750
164	106	8	13	-286011/10718750
164	106	9	12	2595483/85750000
164	106	10	12	157707/3430000
164	106	10	13	11421/428750
164	106	11	12	157707/3430000
164	106	11	13	11421/428750
164	106	12	13	-286011/10718750
164	107	5	8	-1692009729/300125000000
164	107	6	8	728271/343000000
164	107	6	13	-236196/37515625
164	107	7	8	728271/343000000
164	107	7	13	-236196/37515625
164	107	8	13	5826168/4689453125
164	107	9	12	-1692009729/300125000000
164	107	10	12	728271/343000000
164	107	10	13	-236196/37515625
164	107	11	12	728271/343000000
164	107	11	13	-236196/37515625
164	107	12	13	5826168/4689453125
164	108	5	8	-13743073294497/3451437500000000
164	108	6	8	-173015400519/38656100000000
164	108	6	13	-573424839/151000390625
164	108	7	8	-173015400519/38656100000000
164	108	7	13	-573424839/151000390625
164	108	8	13	183730313961/94375244140625
164	108	9	12	-13743073294497/3451437500000000
164	108	10	12	-173015400519/38656100000000
164	108	10	13	-573424839/151000390625
164	108	11	12	-173015400519/38656100000000
164	108	11	13	-573424839/151000390625
164	108	12	13	183730313961/94375244140625
164	109	5	8	-44477809560103923/84560218750000000000
164	109	6	8	4576904346573/3865610000000000
164	109	6	13	-39732123483/105700273437500
164	109	7	8	4576904346573/3865610000000000
164	109	7	13	-39732123483/105700273437500
164	109	8	13	-50259203886519/330313354492187500
164	109	9	12	-44477809560103923/84560218750000000000
164	109	10	12	4576904346573/3865610000000000
164	109	10	13	-39732123483/105700273437500
164	109	11	12	4576904346573/3865610000000000
164	109	11	13	-39732123483/105700273437500
164	109	12	13	-50259203886519/330313354492187500
165	62	18	18	2
165	63	16	16	-9207/11375
165	64	16	16	261981459/905734375
165	65	16	16	-886461164919/10302728515625
165	66	16	16	48525903969562692/2695451347900390625
165	67	16	16	-23375135436420465819/61321518164733886718750
165	68	8	13	4/3
165	68	8	16	4/3
165	68	8	17	4/3
165	69	8	12	9/35
165	69	8	14	9/35
165	69	8	15	9/35
165	70	8	12	5697/274400
165	70	8	14	5697/274400
165	70	8	15	5697/274400
165	71	8	12	-2187/307328
165	71	8	14	-2187/307328
165	71	8	15	-2187/307328
165	72	8	12	-2851810821/989596160000
165	72	8	14	-2851810821/989596160000
165	72	8	15	-2851810821/989596160000
165	73	8	12	-9108367299/138543462400000
165	73	8	14	-9108367299/138543462400000
165	73	8	15	-9108367299/138543462400000
165	92	8	12	4
165	92	8	14	4
165	93	8	11	5832/4025
165	93	8	13	5832/4025
165	94	8	11	402480171/907235000
165	94	8	13	402480171/907235000
165	95	8	11	185966617689/1825810437500
165	95	8	13	185966617689/1825810437500
165	96	8	11	90601595950167/9598546300000000
165	96	8	13	90601595950167/9598546300000000
165	97	8	11	-5184632966339215413/946536647008750000000
165	97	8	13	-5184632966339215413/946536647008750000000
165	98	4	8	1
165	98	4	13	1
165	98	4	18	1
165	98	8	8	1/2
165	98	13	13	1/2
165	98	14	15	1
165	98	14	17	1
165	98	14	18	1
165	98	15	15	1/2
165	98	17	17	1/2
165	99	4	8	27/1274
165	99	4	12	27/1274
165	99	4	16	-1161/6370
165	99	8	8	-2367/12740
165	99	12	12	-2367/12740
165	99	13	14	27/1274
165	99	13	15	27/1274
165	99	13	16	-1161/6370
165	99	14	14	-2367/12740
165	99	15	15	-2367/12740
165	100	4	8	-453681/20288450
165	100	4	12	-453681/20288450
165	100	4	16	211167/20288450
165	100	8	8	2338551/40576900
165	100	12	12	2338551/40576900
165	100	13	14	-453681/20288450
165	100	13	15	-453681/20288450
165	100	13	16	211167/20288450
165	100	14	14	2338551/40576900
165	100	15	15	2338551/40576900
165	101	4	8	-9310059/6461871325
165	101	4	12	-9310059/6461871325
165	101	4	16	846369/131874925
165	101	8	8	-17063703/1318749250
165	101	12	12	-17063703/1318749250
165	101	13	14	-9310059/6461871325
165	101	13	15	-9310059/6461871325
165	101	13	16	846369/131874925
165	101	14	14	-17063703/1318749250
165	101	15	15	-17063703/1318749250
165	102	4	8	3228284589867/2366821919564375
165	102	4	12	3228284589867/2366821919564375
165	102	4	16	-4775625016821/2366821919564375
165	102	8	8	3769285124331/4733643839128750
165	102	12	12	3769285124331/4733643839128750
165	102	13	14	3228284589867/2366821919564375
165	102	13	15	3228284589867/2366821919564375
165	102	13	16	-4775625016821/2366821919564375
165	102	14	14	3769285124331/4733643839128750
165	102	15	15	3769285124331/4733643839128750
165	103	4	8	179544510863793/1206132450210005500
165	103	4	12	179544510863793/1206132450210005500
165	103	4	16	-512091718395633/4307615893607162500
165	103	8	8	8491257166639329/8615231787214325000
165	103	12	12	8491257166639329/8615231787214325000
165	103	13	14	179544510863793/1206132450210005500
165	103	13	15	179544510863793/1206132450210005500
165	103	13	16	-512091718395633/4307615893607162500
165	103	14	14	8491257166639329/8615231787214325000
165	103	15	15	8491257166639329/8615231787214325000
165	104	4	8	2
165	104	4	12	2
165	104	5	12	2
165	104	8	9	2
165	105	4	8	-1161/1750
165	105	4	12	-1161/1750
165	105	5	12	108/125
165	105	8	9	108/125
165	106	4	8	956934/5359375
165	106	4	12	956934/5359375
165	106	5	12	14223033/42875000
165	106	8	9	14223033/42875000
165	107	4	8	-2377450521/75031250000
165	107	4	12	-2377450521/75031250000
165	107	5	12	287903241/2679687500
165	107	8	9	287903241/2679687500
165	108	4	8	-2516102631531/3020007812500000
165	108	4	12	-2516102631531/3020007812500000
165	108	5	12	308413430628921/12080031250000000
165	108	8	9	308413430628921/12080031250000000
165	109	4	8	33883105015455291/10570027343750000000
165	109	4	12	33883105015455291/10570027343750000000
165	109	5	12	1298671470250767/755001953125000000
165	109	8	9	1298671470250767/755001953125000000
166	62	18	18	2
166	63	16	16	-432/11375
166	64	16	16	-48153366/905734375
166	65	16	16	31485556656/10302728515625
166	66	16	16	10405815538215042/2695451347900390625
166	67	16	16	-11463929666918159472/30660759082366943359375
166	68	13	18	4/3
166	68	16	18	4/3
166	68	17	18	4/3
166	69	12	16	6/35
166	69	14	16	6/35
166	69	15	16	6/35
166	70	12	16	-1269/68600
166	70	14	16	-1269/68600
166	70	15	16	-1269/68600
166	71	12	16	-61479/4802000
166	71	14	16	-61479/4802000
166	71	15	16	-61479/4802000
166	72	12	16	-17336349/61849760000
166	72	14	16	-17336349/61849760000
166	72	15	16	-17336349/61849760000
166	73	12	16	5869254087/4329483200000
166	73	14	16	5869254087/4329483200000
166	73	15	16	5869254087/4329483200000
166	92	12	17	4
166	92	14	17	4
166	93	11	16	3888/4025
166	93	13	16	3888/4025
166	94	11	16	27002889/226808750
166	94	13	16	27002889/226808750
166	95	11	16	-12056270526/456452609375
166	95	13	16	-12056270526/456452609375
166	96	11	16	-512298036546417/29395548043750000
166	96	13	16	-512298036546417/29395548043750000
166	97	11	16	-59563311827462991/29579270219023437500
166	97	13	16	-59563311827462991/29579270219023437500
166	104	5	17	2
166	104	9	17	2
166	104	13	14	2
166	104	13	16	2
166	104	13	17	2
166	104	14	14	1
166	104	16	16	1
166	105	5	16	72/125
166	105	9	16	72/125
166	105	13	14	27/125
166	105	13	15	27/125
166	105	13	16	-243/875
166	105	14	14	-549/1750
166	105	15	15	-549/1750
166	106	5	16	1152387/10718750
166	106	9	16	1152387/10718750
166	106	13	14	-187839/5359375
166	106	13	15	-187839/5359375
166	106	13	16	-106191/5359375
166	106	14	14	742041/10718750
166	106	15	15	742041/10718750
166	107	5	16	-1783134/669921875
166	107	9	16	-1783134/669921875
166	107	13	14	-10983114/669921875
166	107	13	15	-10983114/669921875
166	107	13	16	88927794/4689453125
166	107	14	14	-15964371/4689453125
166	107	15	15	-15964371/4689453125
166	108	5	16	-8022123670959/755001953125000
166	108	9	16	-8022123670959/755001953125000
166	108	13	14	80588776122/94375244140625
166	108	13	15	80588776122/94375244140625
166	108	13	16	-126715729158/94375244140625
166	108	14	14	-492284551779/94375244140625
166	108	15	15	-492284551779/94375244140625
166	109	5	16	-76948583540931/23593811035156250
166	109	9	16	-76948583540931/23593811035156250
166	109	13	14	42806859887619/23593811035156250
166	109	13	15	42806859887619/23593811035156250
166	109	13	16	-294095671385931/165156677246093750
166	109	14	14	763938293639067/330313354492187500
166	109	15	15	763938293639067/330313354492187500
166	110	4	8	1/3
166	110	4	12	1/3
166	110	6	8	1/3
166	110	6	14	1/3
166	110	7	8	1/3
166	110	7	15	1/3
166	110	10	12	1/3
166	110	10	14	1/3
166	110	11	12	1/3
166	110	11	15	1/3
166	110	13	14	1/3
166	110	13	15	1/3
166	111	4	8	-729/8260
166	111	4	12	-729/8260
166	111	6	8	-729/8260
166	111	6	14	-729/8260
166	111	7	8	-729/8260
166	111	7	15	-729/8260
166	111	10	12	-729/8260
166	111	10	14	-729/8260
166	111	11	12	-729/8260
166	111	11	15	-729/8260
166	111	13	14	-729/8260
166	111	13	15	-729/8260
166	112	4	8	420633/29849575
166	112	4	12	420633/29849575
166	112	6	8	420633/29849575
166	112	6	14	420633/29849575
166	112	7	8	420633/29849575
166	112	7	15	420633/29849575
166	112	10	12	420633/29849575
166	112	10	14	420633/29849575
166	112	11	12	420633/29849575
166	112	11	15	420633/29849575
166	112	13	14	420633/29849575
166	112	13	15	420633/29849575
166	113	4	8	2329305903/1972459916000
166	113	4	12	2329305903/1972459916000
166	113	6	8	2329305903/1972459916000
166	113	6	14	2329305903/1972459916000
166	113	7	8	2329305903/1972459916000
166	113	7	15	2329305903/1972459916000
166	113	10	12	2329305903/1972459916000
166	113	10	14	2329305903/1972459916000
166	113	11	12	2329305903/1972459916000
166	113	11	15	2329305903/1972459916000
166	113	13	14	2329305903/1972459916000
166	113	13	15	2329305903/1972459916000
166	114	4	8	-291620685813129/187363967420840000
166	114	4	12	-291620685813129/187363967420840000
166	114	6	8	-291620685813129/187363967420840000
166	114	6	14	-291620685813129/187363967420840000
166	114	7	8	-291620685813129/187363967420840000
166	114	7	15	-291620685813129/187363967420840000
166	114	10	12	-291620685813129/187363967420840000
166	114	10	14	-291620685813129/187363967420840000
166	114	11	12	-291620685813129/187363967420840000
166	114	11	15	-291620685813129/187363967420840000
166	114	13	14	-291620685813129/187363967420840000
166	114	13	15	-291620685813129/187363967420840000
166	115	4	8	544711522642293339/1547626370896138400000
166	115	4	12	544711522642293339/1547626370896138400000
166	115	6	8	544711522642293339/1547626370896138400000
166	115	6	14	544711522642293339/1547626370896138400000
166	115	7	8	544711522642293339/1547626370896138400000
166	115	7	15	544711522642293339/1547626370896138400000
166	115	10	12	544711522642293339/1547626370896138400000
166	115	10	14	544711522642293339/1547626370896138400000
166	115	11	12	544711522642293339/1547626370896138400000
166	115	11	15	544711522642293339/1547626370896138400000
166	115	13	14	544711522642293339/1547626370896138400000
166	115	13	15	544711522642293339/1547626370896138400000
167	68	8	8	12
167	69	8	8	-243/35
167	70	8	8	19683/4900
167	71	8	8	-1594323/686000
167	72	8	8	129140163/96040000
167	73	8	8	-10460353203/13445600000
167	98	4	14	18
167	99	4	13	34992/3185
167	100	4	13	68024448/10144225
167	101	4	13	132239526912/32309356625
167	102	4	13	257073640316928/102905300850625
167	103	4	13	499751156776108032/327753383209240625
168	68	8	8	2
168	68	8	18	4
168	69	8	8	-27/70
168	69	8	16	-54/35
168	70	8	8	3159/68600
168	70	8	16	4617/8575
168	71	8	8	19683/9604000
168	71	8	16	-19683/120050
168	72	8	8	-75996063/30924880000
168	72	8	16	38795193/966402500
168	73	8	8	1898838693/4329483200000
168	73	8	16	-396986427/67648175000
168	92	8	8	6
168	93	8	8	-3159/1150
168	94	8	8	1068531021/907235000
168	95	8	8	-972618340473/2086640500000
168	96	8	8	39062245089729861/235164384350000000
168	97	8	8	-27438960974042230353/540878084005000000000
168	98	4	15	3
168	98	4	17	3
168	98	8	14	3
168	98	13	14	3
168	99	4	14	3888/3185
168	99	4	15	3888/3185
168	99	8	13	3888/3185
168	99	12	13	3888/3185
168	100	4	14	4583952/10144225
168	100	4	15	4583952/10144225
168	100	8	13	4583952/10144225
168	100	12	13	4583952/10144225
168	101	4	14	136048896/923124475
168	101	4	15	136048896/923124475
168	101	8	13	136048896/923124475
168	101	12	13	136048896/923124475
168	102	4	14	93563138610432/2366821919564375
168	102	4	15	93563138610432/2366821919564375
168	102	8	13	93563138610432/2366821919564375
168	102	12	13	93563138610432/2366821919564375
168	103	4	14	7526544913723392/1076903973401790625
168	103	4	15	7526544913723392/1076903973401790625
168	103	8	13	7526544913723392/1076903973401790625
168	103	12	13	7526544913723392/1076903973401790625
168	104	4	13	6
168	105	4	13	2592/875
168	106	4	13	7400808/5359375
168	107	4	13	2819235456/4689453125
168	108	4	13	22666477336416/94375244140625
168	109	4	13	7043540041677312/82578338623046875
169	68	8	18	4
169	68	18	18	2
169	69	16	16	-27/35
169	70	8	16	-729/8575
169	70	16	16	2187/8575
169	71	16	16	-19683/300125
169	72	8	16	4782969/966402500
169	72	16	16	2125764/241600625
169	73	16	16	43046721/16912043750
169	98	4	18	3
169	98	14	18	3
169	99	4	16	1944/3185
169	99	13	16	1944/3185
169	100	4	16	577368/10144225
169	100	13	16	577368/10144225
169	101	4	16	-102036672/6461871325
169	101	13	16	-102036672/6461871325
169	102	4	16	-17596122049728/2366821919564375
169	102	13	16	-17596122049728/2366821919564375
169	103	4	16	-3140225925815808/7538327813812534375
169	103	13	16	-3140225925815808/7538327813812534375
169	104	8	8	3
169	104	8	13	6
169	104	12	12	3
169	104	12	13	6
169	105	8	8	-4131/3500
169	105	8	13	1944/875
169	105	12	12	-4131/3500
169	105	12	13	1944/875
169	106	8	8	34569909/85750000
169	106	8	13	3752892/5359375
169	106	12	12	34569909/85750000
169	106	12	13	3752892/5359375
169	107	8	8	-33147569493/300125000000
169	107	8	13	790784208/4689453125
169	107	12	12	-33147569493/300125000000
169	107	12	13	790784208/4689453125
169	108	8	8	445750646964003/24160062500000000
169	108	8	13	255180962088/13482177734375
169	108	12	12	445750646964003/24160062500000000
169	108	12	13	255180962088/13482177734375
169	109	8	8	191776869427524669/84560218750000000000
169	109	8	13	-637439977053216/82578338623046875
169	109	12	12	191776869427524669/84560218750000000000
169	109	12	13	-637439977053216/82578338623046875
170	68	18	18	6
170	70	16	16	-1458/8575
170	72	16	16	3188646/241600625
170	104	13	17	18
170	105	13	16	3888/875
170	106	13	16	3254256/5359375
170	107	13	16	-430821504/4689453125
170	108	13	16	-7145219993472/94375244140625
170	109	13	16	-1001185458250752/82578338623046875
170	110	8	8	3/2
170	110	12	12	3/2
170	110	14	14	3/2
170	110	15	15	3/2
170	111	8	8	-243/472
170	111	12	12	-243/472
170	111	14	14	-243/472
170	111	15	15	-243/472
170	112	8	8	131620221/955186400
170	112	12	12	131620221/955186400
170	112	14	14	131620221/955186400
170	112	15	15	131620221/955186400
170	113	8	8	-4641074253/225423990400
170	113	12	12	-4641074253/225423990400
170	113	14	14	-4641074253/225423990400
170	113	15	15	-4641074253/225423990400
170	114	8	8	-5873924688095277/1498911739366720000
170	114	12	12	-5873924688095277/1498911739366720000
170	114	14	14	-5873924688095277/1498911739366720000
170	114	15	15	-5873924688095277/1498911739366720000
170	115	8	8	271841347301506137/70748634098109184000
170	115	12	12	271841347301506137/70748634098109184000
170	115	14	14	271841347301506137/70748634098109184000
170	115	15	15	271841347301506137/70748634098109184000
171	74	16	16	20
171	75	15	15	3996/1757
171	76	15	15	-51346872/108046715
171	77	15	15	-209718743328/949190391275
171	78	15	15	3867012359002944/191788664509070125
171	79	15	15	53117082941935013856/1684863417712181048125
171	110	1	16	10
171	111	1	16	-297/413
171	112	1	16	-2021031/5969915
171	113	1	16	992062566/12327874475
171	114	1	16	17491701333402/585512398190125
171	115	1	16	-32808206686971969/2418166204525216250
172	74	2	16	16
172	75	2	15	-9504/8785
172	76	2	15	-292284288/540233575
172	77	2	15	567797548032/4745951956375
172	78	2	15	46091844393947136/958943322545350625
172	79	2	15	-168119468487248154624/8424317088560905240625
172	80	7	7	6
172	80	12	12	6
172	81	7	7	243/320
172	81	10	10	243/320
172	82	7	7	-9111771/70246400
172	82	10	10	-9111771/70246400
172	83	7	7	-3307865931/44957696000
172	83	10	10	-3307865931/44957696000
172	84	7	7	101057249088963/32427086970880000
172	84	10	10	101057249088963/32427086970880000
172	85	7	7	214772209711036083/20753335661363200000
172	85	10	10	214772209711036083/20753335661363200000
172	110	1	1	2
172	111	1	1	702/2065
172	112	1	1	-712476/29849575
172	113	1	1	-1961056656/61639372375
172	114	1	1	-9818971940448/2927561990950625
172	115	1	1	24388346916181872/6045415511313040625
173	74	2	16	2
173	74	2	17	2
173	74	5	16	2
173	74	7	16	2
173	74	11	16	2
173	75	2	15	5589/8785
173	75	2	16	-351/1255
173	75	4	15	-2187/8785
173	75	6	15	-2187/8785
173	75	10	15	-2187/8785
173	76	2	15	10403559/77176225
173	76	2	16	-2196477/77176225
173	76	4	15	-2823417/77176225
173	76	6	15	-2823417/77176225
173	76	10	15	-2823417/77176225
173	77	2	15	-73338858/677993136625
173	77	2	16	443182428/19371232475
173	77	4	15	2898479214/135598627325
173	77	6	15	2898479214/135598627325
173	77	10	15	2898479214/135598627325
173	78	2	15	-1958046310541898/136991903220764375
173	78	2	16	-17812906399566/19570271888680625
173	78	4	15	61895933098038/136991903220764375
173	78	6	15	61895933098038/136991903220764375
173	78	10	15	61895933098038/136991903220764375
173	79	2	15	-553576630140423027/104649901721253481250
173	79	2	16	-129259680341149683/49121382440588368750
173	79	4	15	-6374686094806816917/2406947739588830068750
173	79	6	15	-6374686094806816917/2406947739588830068750
173	79	10	15	-6374686094806816917/2406947739588830068750
173	80	7	8	3/2
173	80	7	18	3/2
173	80	12	15	3/2
173	80	12	17	3/2
173	81	7	8	4293/17920
173	81	7	15	4293/17920
173	81	10	12	4293/17920
173	81	10	14	4293/17920
173	82	7	8	-1834893/160563200
173	82	7	15	-1834893/160563200
173	82	10	12	-1834893/160563200
173	82	10	14	-1834893/160563200
173	83	7	8	-5091854319/287729254400
173	83	7	15	-5091854319/287729254400
173	83	10	12	-5091854319/287729254400
173	83	10	14	-5091854319/287729254400
173	84	7	8	-628544306791323/296476223733760000
173	84	7	15	-628544306791323/296476223733760000
173	84	10	12	-628544306791323/296476223733760000
173	84	10	14	-628544306791323/296476223733760000
173	85	7	8	4600841957792777619/2656426964654489600000
173	85	7	15	4600841957792777619/2656426964654489600000
173	85	10	12	4600841957792777619/2656426964654489600000
173	85	10	14	4600841957792777619/2656426964654489600000
173	86	7	7	3
173	86	11	11	3
173	87	7	7	10611/32725
173	87	10	10	10611/32725
173	88	7	7	-11289294/152989375
173	88	10	10	-11289294/152989375
173	89	7	7	-1104029941356/35046041078125
173	89	10	10	-1104029941356/35046041078125
173	90	7	7	94865108127532704/26378278968477734375
173	90	10	10	94865108127532704/26378278968477734375
173	91	7	7	3897359662434754700808/863229179243433857421875
173	91	10	10	3897359662434754700808/863229179243433857421875
173	92	2	16	6
173	93	2	15	-162/575
173	94	2	15	-13478481/64802500
173	95	2	15	1138051377/37261437500
173	96	2	15	23329803392181/1199818287500000
173	97	2	15	-3461775418360467/689895515312500000
173	110	1	2	1/2
173	110	1	3	1/2
173	110	1	5	1/2
173	110	1	9	1/2
173	111	1	2	243/2360
173	111	1	3	243/2360
173	111	1	5	243/2360
173	111	1	9	243/2360
173	112	1	2	220887/68227600
173	112	1	3	220887/68227600
173	112	1	5	220887/68227600
173	112	1	9	220887/68227600
173	113	1	2	-27103491/4025428400
173	113	1	3	-27103491/4025428400
173	113	1	5	-27103491/4025428400
173	113	1	9	-27103491/4025428400
173	114	1	2	-3640159867923/1911877218580000
173	114	1	3	-3640159867923/1911877218580000
173	114	1	5	-3640159867923/1911877218580000
173	114	1	9	-3640159867923/1911877218580000
173	115	1	2	1971494149229019/4512030235848800000
173	115	1	3	1971494149229019/4512030235848800000
173	115	1	5	1971494149229019/4512030235848800000
173	115	1	9	1971494149229019/4512030235848800000
174	74	5	16	4/3
174	74	7	16	4/3
174	74	9	16	4/3
174	74	11	16	4/3
174	74	13	16	4/3
174	74	15	16	4/3
174	75	4	15	612/1757
174	75	6	15	612/1757
174	75	8	15	-2124/8785
174	75	10	15	612/1757
174	75	12	15	-2124/8785
174	75	14	15	-2124/8785
174	76	4	15	26632152/540233575
174	76	6	15	26632152/540233575
174	76	8	15	1157976/540233575
174	76	10	15	26632152/540233575
174	76	12	15	1157976/540233575
174	76	14	15	1157976/540233575
174	77	4	15	-8455396896/949190391275
174	77	6	15	-8455396896/949190391275
174	77	8	15	13985112672/949190391275
174	77	10	15	-8455396896/949190391275
174	77	12	15	13985112672/949190391275
174	77	14	15	13985112672/949190391275
174	78	4	15	-6993050788496448/958943322545350625
174	78	6	15	-6993050788496448/958943322545350625
174	78	8	15	-3081069269568576/958943322545350625
174	78	10	15	-6993050788496448/958943322545350625
174	78	12	15	-3081069269568576/958943322545350625
174	78	14	15	-3081069269568576/958943322545350625
174	79	4	15	-386247176298184032/336972683542436209625
174	79	6	15	-386247176298184032/336972683542436209625
174	79	8	15	-8540106055496237664/8424317088560905240625
174	79	10	15	-386247176298184032/336972683542436209625
174	79	12	15	-8540106055496237664/8424317088560905240625
174	79	14	15	-8540106055496237664/8424317088560905240625
174	80	8	8	1/2
174	80	15	15	1/2
174	80	17	17	1/2
174	80	18	18	1/2
174	81	8	8	81/5120
174	81	12	12	81/5120
174	81	14	14	81/5120
174	81	15	15	81/5120
174	82	8	8	-66676041/4495769600
174	82	12	12	-66676041/4495769600
174	82	14	14	-66676041/4495769600
174	82	15	15	-66676041/4495769600
174	83	8	8	-16566846489/11509170176000
174	83	12	12	-16566846489/11509170176000
174	83	14	14	-16566846489/11509170176000
174	83	15	15	-16566846489/11509170176000
174	84	8	8	39716401341490497/33205337058181120000
174	84	12	12	39716401341490497/33205337058181120000
174	84	14	14	39716401341490497/33205337058181120000
174	84	15	15	39716401341490497/33205337058181120000
174	85	8	8	16905399189281536401/85005662868943667200000
174	85	12	12	16905399189281536401/85005662868943667200000
174	85	14	14	16905399189281536401/85005662868943667200000
174	85	15	15	16905399189281536401/85005662868943667200000
174	86	7	17	4
174	86	11	16	4
174	87	7	15	22896/32725
174	87	10	14	22896/32725
174	88	7	15	-89575632/7496479375
174	88	10	14	-89575632/7496479375
174	89	7	15	-12040552784448/245322287546875
174	89	10	14	-12040552784448/245322287546875
174	90	7	15	-1580168154471731136/184647952779344140625
174	90	10	14	-1580168154471731136/184647952779344140625
174	91	7	15	25817837929143583654656/6042604254704037001953125
174	91	10	14	25817837929143583654656/6042604254704037001953125
174	92	2	17	4
174	92	7	7	2
174	93	2	16	-2322/4025
174	93	7	7	1269/8050
174	94	2	16	-6046083/113404375
174	94	7	7	-50653593/907235000
174	95	2	16	42967615023/912905218750
174	95	7	7	-221447902077/14606483500000
174	96	2	16	-18702085314393/7348887010937500
174	96	7	7	920403649471527/235164384350000000
174	97	2	16	-316923061046736807/59158540438046875000
174	97	7	7	8278797459432974643/3786146588035000000000
174	104	2	16	2
174	104	3	14	2
174	105	2	15	-36/875
174	105	3	14	-36/875
174	106	2	15	-369414/5359375
174	106	3	14	-369414/5359375
174	107	2	15	20111652/4689453125
174	107	3	14	20111652/4689453125
174	108	2	15	87512494446/13482177734375
174	108	3	14	87512494446/13482177734375
174	109	2	15	-56133640881396/82578338623046875
174	109	3	14	-56133640881396/82578338623046875
174	110	1	4	1/3
174	110	1	6	1/3
174	110	1	7	1/3
174	110	1	10	1/3
174	110	1	11	1/3
174	110	1	13	1/3
174	111	1	4	333/4130
174	111	1	6	333/4130
174	111	1	7	333/4130
174	111	1	10	333/4130
174	111	1	11	333/4130
174	111	1	13	333/4130
174	112	1	4	502443/59699150
174	112	1	6	502443/59699150
174	112	1	7	502443/59699150
174	112	1	10	502443/59699150
174	112	1	11	502443/59699150
174	112	1	13	502443/59699150
174	113	1	4	-41025933/12327874475
174	113	1	6	-41025933/12327874475
174	113	1	7	-41025933/12327874475
174	113	1	10	-41025933/12327874475
174	113	1	11	-41025933/12327874475
174	113	1	13	-41025933/12327874475
174	114	1	4	-5096857009329/2927561990950625
174	114	1	6	-5096857009329/2927561990950625
174	114	1	7	-5096857009329/2927561990950625
174	114	1	10	-5096857009329/2927561990950625
174	114	1	11	-5096857009329/2927561990950625
174	114	1	13	-5096857009329/2927561990950625
174	115	1	4	-1727638046047539/24181662045252162500
174	115	1	6	-1727638046047539/24181662045252162500
174	115	1	7	-1727638046047539/24181662045252162500
174	115	1	10	-1727638046047539/24181662045252162500
174	115	1	11	-1727638046047539/24181662045252162500
174	115	1	13	-1727638046047539/24181662045252162500
175	74	9	16	2
175	74	13	16	2
175	74	15	16	2
175	74	16	17	2
175	75	8	15	513/1255
175	75	12	15	513/1255
175	75	14	15	513/1255
175	75	15	16	-837/1757
175	76	8	15	11800809/540233575
175	76	12	15	11800809/540233575
175	76	14	15	11800809/540233575
175	76	15	16	27967113/540233575
175	77	8	15	-2814550902/135598627325
175	77	12	15	-2814550902/135598627325
175	77	14	15	-2814550902/135598627325
175	77	15	16	16195211766/949190391275
175	78	8	15	-6482926216145574/958943322545350625
175	78	12	15	-6482926216145574/958943322545350625
175	78	14	15	-6482926216145574/958943322545350625
175	78	15	16	-8967853247409702/958943322545350625
175	79	8	15	1862239502452995081/2406947739588830068750
175	79	12	15	1862239502452995081/2406947739588830068750
175	79	14	15	1862239502452995081/2406947739588830068750
175	79	15	16	57297455423287857/96277909583553202750
175	86	16	16	3
175	86	17	17	3
175	87	14	14	6399/32725
175	87	15	15	6399/32725
175	88	14	14	-649461726/7496479375
175	88	15	15	-649461726/7496479375
175	89	14	14	-4563494023428/245322287546875
175	89	15	15	-4563494023428/245322287546875
175	90	14	14	1207339374531839328/184647952779344140625
175	90	15	15	1207339374531839328/184647952779344140625
175	91	14	14	16116722761422675486744/6042604254704037001953125
175	91	15	15	16116722761422675486744/6042604254704037001953125
175	92	7	16	6
175	93	7	15	4293/4025
175	94	7	15	-5625693/453617500
175	95	7	15	-270300163293/3651620875000
175	96	7	15	-804260027055771/58791096087500000
175	97	7	15	424257116277625137/67609760500625000000
175	104	2	17	3
175	104	3	17	3
175	105	2	16	-729/1750
175	105	3	16	-729/1750
175	106	2	16	-243324/5359375
175	106	3	16	-243324/5359375
175	107	2	16	656093439/18757812500
175	107	3	16	656093439/18757812500
175	108	2	16	-59118540039/53928710937500
175	108	3	16	-59118540039/53928710937500
175	109	2	16	-2740217795971461/660626708984375000
175	109	3	16	-2740217795971461/660626708984375000
175	110	1	8	1/2
175	110	1	12	1/2
175	110	1	14	1/2
175	110	1	15	1/2
175	110	2	15	1/2
175	110	3	14	1/2
175	110	5	12	1/2
175	110	8	9	1/2
175	111	1	8	459/3304
175	111	1	12	459/3304
175	111	1	14	459/3304
175	111	1	15	459/3304
175	111	2	15	27/8260
175	111	3	14	27/8260
175	111	5	12	27/8260
175	111	8	9	27/8260
175	112	1	8	10599417/477593200
175	112	1	12	10599417/477593200
175	112	1	14	10599417/477593200
175	112	1	15	10599417/477593200
175	112	2	15	-15649929/955186400
175	112	3	14	-15649929/955186400
175	112	5	12	-15649929/955186400
175	112	8	9	-15649929/955186400
175	113	1	8	-581888529/197245991600
175	113	1	12	-581888529/197245991600
175	113	1	14	-581888529/197245991600
175	113	1	15	-581888529/197245991600
175	113	2	15	-1268746497/3944919832000
175	113	3	14	-1268746497/3944919832000
175	113	5	12	-1268746497/3944919832000
175	113	8	9	-1268746497/3944919832000
175	114	1	8	-294597032825331/93681983710420000
175	114	1	12	-294597032825331/93681983710420000
175	114	1	14	-294597032825331/93681983710420000
175	114	1	15	-294597032825331/93681983710420000
175	114	2	15	2203731781917417/1498911739366720000
175	114	3	14	2203731781917417/1498911739366720000
175	114	5	12	2203731781917417/1498911739366720000
175	114	8	9	2203731781917417/1498911739366720000
175	115	1	8	-39780687153073833/61905054835845536000
175	115	1	12	-39780687153073833/61905054835845536000
175	115	1	14	-39780687153073833/61905054835845536000
175	115	1	15	-39780687153073833/61905054835845536000
175	115	2	15	42581595865716441/884357926226364800000
175	115	3	14	42581595865716441/884357926226364800000
175	115	5	12	42581595865716441/884357926226364800000
175	115	8	9	42581595865716441/884357926226364800000
176	74	16	17	8
176	75	15	16	10368/8785
176	76	15	16	-46469376/540233575
176	77	15	16	-84894511104/949190391275
176	78	15	16	-6722352270729216/958943322545350625
176	79	15	16	11187997166527709184/1203473869794415034375
176	92	16	16	12
176	93	15	15	4698/4025
176	94	15	15	-35414091/113404375
176	95	15	15	-103349744613/912905218750
176	96	15	15	134411771273301/7348887010937500
176	97	15	15	137874409370270829/8451220062578125000
176	110	1	16	2
176	110	2	16	2
176	110	3	16	2
176	110	5	16	2
176	110	9	16	2
176	111	1	16	1296/2065
176	111	2	16	-513/2065
176	111	3	16	-513/2065
176	111	5	16	-513/2065
176	111	9	16	-513/2065
176	112	1	16	3814128/29849575
176	112	2	16	-2286873/59699150
176	112	3	16	-2286873/59699150
176	112	5	16	-2286873/59699150
176	112	9	16	-2286873/59699150
176	113	1	16	-204073344/61639372375
176	113	2	16	1081915461/49311497900
176	113	3	16	1081915461/49311497900
176	113	5	16	1081915461/49311497900
176	113	9	16	1081915461/49311497900
176	114	1	16	-43677613742976/2927561990950625
176	114	2	16	14636200284513/23420495927605000
176	114	3	16	14636200284513/23420495927605000
176	114	5	16	14636200284513/23420495927605000
176	114	9	16	14636200284513/23420495927605000
176	115	1	16	-30269230991576064/6045415511313040625
176	115	2	16	-38726596232026839/13818092597286950000
176	115	3	16	-38726596232026839/13818092597286950000
176	115	5	16	-38726596232026839/13818092597286950000
176	115	9	16	-38726596232026839/13818092597286950000
177	74	2	2	12
177	75	2	2	15228/8785
177	76	2	2	-117240696/540233575
177	77	2	2	-789651411984/4745951956375
177	78	2	2	-142779711056256/41693187936754375
177	79	2	2	8308705422545210016/366274656024387184375
177	80	7	12	18
177	81	7	10	-2673/2240
177	82	7	10	-42731793/70246400
177	83	7	10	41374984761/314703872000
177	84	7	10	76316704207263/1409873346560000
177	85	7	10	-138049511464310391/6316232592588800000
178	74	2	5	8/3
178	74	2	7	8/3
178	74	2	11	8/3
178	75	2	4	4176/8785
178	75	2	6	4176/8785
178	75	2	10	4176/8785
178	76	2	4	-3505032/540233575
178	76	2	6	-3505032/540233575
178	76	2	10	-3505032/540233575
178	77	2	4	-31968236304/949190391275
178	77	2	6	-31968236304/949190391275
178	77	2	10	-31968236304/949190391275
178	78	2	4	-5899322137453992/958943322545350625
178	78	2	6	-5899322137453992/958943322545350625
178	78	2	10	-5899322137453992/958943322545350625
178	79	2	4	24695620781518052496/8424317088560905240625
178	79	2	6	24695620781518052496/8424317088560905240625
178	79	2	10	24695620781518052496/8424317088560905240625
178	80	7	12	2
178	80	7	15	2
178	80	7	17	2
178	80	8	12	2
178	80	12	18	2
178	81	7	10	1431/2240
178	81	7	12	-1161/4480
178	81	7	14	-1161/4480
178	81	8	10	-1161/4480
178	81	10	15	-1161/4480
178	82	7	10	9622071/70246400
178	82	7	12	-9413577/280985600
178	82	7	14	-9413577/280985600
178	82	8	10	-9413577/280985600
178	82	10	15	-9413577/280985600
178	83	7	10	282706929/314703872000
178	83	7	12	437572773/20141047808
178	83	7	14	437572773/20141047808
178	83	8	10	437572773/20141047808
178	83	10	15	437572773/20141047808
178	84	7	10	-456667667418303/32427086970880000
178	84	7	12	-16074542162367/518833391534080000
178	84	7	14	-16074542162367/518833391534080000
178	84	8	10	-16074542162367/518833391534080000
178	84	10	15	-16074542162367/518833391534080000
178	85	7	10	-779946004969979049/145273349629542400000
178	85	7	12	-12117086834432501961/4648747188145356800000
178	85	7	14	-12117086834432501961/4648747188145356800000
178	85	8	10	-12117086834432501961/4648747188145356800000
178	85	10	15	-12117086834432501961/4648747188145356800000
178	86	7	11	8
178	87	7	10	-1728/4675
178	88	7	10	-2074955616/7496479375
178	89	7	10	1399877634816/35046041078125
178	90	7	10	4771477706254766208/184647952779344140625
178	91	7	10	-5647789384402579135488/863229179243433857421875
178	92	2	2	4
178	93	2	2	1971/4025
178	94	2	2	-40544793/453617500
178	95	2	2	-346939663563/7303241750000
178	96	2	2	322231176166887/117582192175000000
178	97	2	2	12716222252552573157/1893073294017500000000
179	74	2	9	4/3
179	74	2	13	4/3
179	74	2	15	4/3
179	74	5	5	2/3
179	74	7	7	2/3
179	74	11	11	2/3
179	75	2	8	2484/8785
179	75	2	12	2484/8785
179	75	2	14	2484/8785
179	75	4	4	279/8785
179	75	6	6	279/8785
179	75	10	10	279/8785
179	76	2	8	9460476/540233575
179	76	2	12	9460476/540233575
179	76	2	14	9460476/540233575
179	76	4	4	-21298707/1080467150
179	76	6	6	-21298707/1080467150
179	76	10	10	-21298707/1080467150
179	77	2	8	-13564972476/949190391275
179	77	2	12	-13564972476/949190391275
179	77	2	14	-13564972476/949190391275
179	77	4	4	-56217475791/18983807825500
179	77	6	6	-56217475791/18983807825500
179	77	10	10	-56217475791/18983807825500
179	78	2	8	-4848289962991956/958943322545350625
179	78	2	12	-4848289962991956/958943322545350625
179	78	2	14	-4848289962991956/958943322545350625
179	78	4	4	12009538243418859/7671546580362805000
179	78	6	6	12009538243418859/7671546580362805000
179	78	10	10	12009538243418859/7671546580362805000
179	79	2	8	164365368318099468/366274656024387184375
179	79	2	12	164365368318099468/366274656024387184375
179	79	2	14	164365368318099468/366274656024387184375
179	79	4	4	56357621023028891319/134789073416974483850000
179	79	6	6	56357621023028891319/134789073416974483850000
179	79	10	10	56357621023028891319/134789073416974483850000
179	80	7	15	1
179	80	7	17	1
179	80	7	19	1
179	80	8	12	1
179	80	12	18	1
179	80	12	19	1
179	81	7	12	459/1792
179	81	7	14	459/1792
179	81	7	16	-27/140
179	81	8	10	459/1792
179	81	10	15	459/1792
179	81	10	16	-27/140
179	82	7	12	19326519/561971200
179	82	7	14	19326519/561971200
179	82	7	16	6561/1097600
179	82	8	10	19326519/561971200
179	82	10	15	19326519/561971200
179	82	10	16	6561/1097600
179	83	7	12	-7233285987/1007052390400
179	83	7	14	-7233285987/1007052390400
179	83	7	16	334611/30732800
179	83	8	10	-7233285987/1007052390400
179	83	10	15	-7233285987/1007052390400
179	83	10	16	334611/30732800
179	84	7	12	-5514776920879551/1037666783068160000
179	84	7	14	-5514776920879551/1037666783068160000
179	84	7	16	-11533864023/3958384640000
179	84	8	10	-5514776920879551/1037666783068160000
179	84	10	15	-5514776920879551/1037666783068160000
179	84	10	16	-11533864023/3958384640000
179	85	7	12	-269574809678188209/371899775051628544000
179	85	7	14	-269574809678188209/371899775051628544000
179	85	7	16	-333310760703/554173849600000
179	85	8	10	-269574809678188209/371899775051628544000
179	85	10	15	-269574809678188209/371899775051628544000
179	85	10	16	-333310760703/554173849600000
179	86	7	16	4
179	86	11	17	4
179	87	7	14	-17496/32725
179	87	10	15	-17496/32725
179	88	7	14	-489456432/7496479375
179	88	10	15	-489456432/7496479375
179	89	7	14	11108885535648/245322287546875
179	89	10	15	11108885535648/245322287546875
179	90	7	14	-15183042406429248/26378278968477734375
179	90	10	15	-15183042406429248/26378278968477734375
179	91	7	14	-33013614075219280054656/6042604254704037001953125
179	91	10	15	-33013614075219280054656/6042604254704037001953125
179	92	2	10	4
179	92	7	10	4
179	93	2	10	3132/4025
179	93	7	10	-324/4025
179	94	2	10	1405512/113404375
179	94	7	10	-15577272/113404375
179	95	2	10	-23581178784/456452609375
179	95	7	10	3815037792/456452609375
179	96	2	10	-23151882791232/1837221752734375
179	96	7	10	23681589167808/1837221752734375
179	97	2	10	27718126189007904/7394817554755859375
179	97	7	10	-9758173712552928/7394817554755859375
179	104	2	2	1
179	104	3	3	1
179	105	2	2	171/1750
179	105	3	3	171/1750
179	106	2	2	-556713/21437500
179	106	3	3	-556713/21437500
179	107	2	2	-355596723/37515625000
179	107	3	3	-355596723/37515625000
179	108	2	2	2282785007841/1510003906250000
179	108	3	3	2282785007841/1510003906250000
179	109	2	2	3608915089804011/2642506835937500000
179	109	3	3	3608915089804011/2642506835937500000
180	74	2	17	4
180	75	2	16	1728/1757
180	76	2	16	61836696/540233575
180	77	2	16	-32729837184/949190391275
180	78	2	16	-19628389158426864/958943322545350625
180	79	2	16	-80953427501777664/48138954791776601375
180	80	7	19	3
180	80	12	19	3
180	81	7	16	81/140
180	81	10	16	81/140
180	82	7	16	19683/1097600
180	82	10	16	19683/1097600
180	83	7	16	-1003833/30732800
180	83	10	16	-1003833/30732800
180	84	7	16	-34601592069/3958384640000
180	84	10	16	-34601592069/3958384640000
180	85	7	16	999932282109/554173849600000
180	85	10	16	999932282109/554173849600000
180	92	10	10	6
180	92	10	16	12
180	93	10	10	2106/4025
180	93	10	15	-6156/4025
180	94	10	10	-18467028/113404375
180	94	10	15	-25176744/113404375
180	95	10	10	-23078238768/456452609375
180	95	10	15	61427966112/456452609375
180	96	10	10	19612825853472/1837221752734375
180	96	10	15	4059733068864/1837221752734375
180	97	10	10	53972286659948592/7394817554755859375
180	97	10	15	-18020670163403616/1056402507822265625
180	110	2	2	1/2
180	110	3	3	1/2
180	110	5	5	1/2
180	110	9	9	1/2
180	111	2	2	621/16520
180	111	3	3	621/16520
180	111	5	5	621/16520
180	111	9	9	621/16520
180	112	2	2	-13472649/955186400
180	112	3	3	-13472649/955186400
180	112	5	5	-13472649/955186400
180	112	9	9	-13472649/955186400
180	113	2	2	-28452307941/7889839664000
180	113	3	3	-28452307941/7889839664000
180	113	5	5	-28452307941/7889839664000
180	113	9	9	-28452307941/7889839664000
180	114	2	2	1517129460658017/1498911739366720000
180	114	3	3	1517129460658017/1498911739366720000
180	114	5	5	1517129460658017/1498911739366720000
180	114	9	9	1517129460658017/1498911739366720000
180	115	2	2	39955086313291341/76900689237075200000
180	115	3	3	39955086313291341/76900689237075200000
180	115	5	5	39955086313291341/76900689237075200000
180	115	9	9	39955086313291341/76900689237075200000
181	74	5	7	4/3
181	74	5	11	4/3
181	74	7	11	4/3
181	75	4	6	2817/8785
181	75	4	10	2817/8785
181	75	6	10	2817/8785
181	76	4	6	5895423/154352450
181	76	4	10	5895423/154352450
181	76	6	10	5895423/154352450
181	77	4	6	-527773401/55346378500
181	77	4	10	-527773401/55346378500
181	77	6	10	-527773401/55346378500
181	78	4	6	-1625999395013019/273983806441528750
181	78	4	10	-1625999395013019/273983806441528750
181	78	6	10	-1625999395013019/273983806441528750
181	79	4	6	-3294988542573325299/5501594833345897300000
181	79	4	10	-3294988542573325299/5501594833345897300000
181	79	6	10	-3294988542573325299/5501594833345897300000
181	80	8	15	1
181	80	8	17	1
181	80	15	18	1
181	80	17	18	1
181	81	8	12	-3753/17920
181	81	8	14	-3753/17920
181	81	12	15	-3753/17920
181	81	14	15	-3753/17920
181	82	8	12	99873/6553600
181	82	8	14	99873/6553600
181	82	12	15	99873/6553600
181	82	14	15	99873/6553600
181	83	8	12	50623042311/5754585088000
181	83	8	14	50623042311/5754585088000
181	83	12	15	50623042311/5754585088000
181	83	14	15	50623042311/5754585088000
181	84	8	12	-7980211806975369/2371809789870080000
181	84	8	14	-7980211806975369/2371809789870080000
181	84	12	15	-7980211806975369/2371809789870080000
181	84	14	15	-7980211806975369/2371809789870080000
181	85	8	12	-5247603138940454799/42502831434471833600000
181	85	8	14	-5247603138940454799/42502831434471833600000
181	85	12	15	-5247603138940454799/42502831434471833600000
181	85	14	15	-5247603138940454799/42502831434471833600000
181	86	7	11	4
181	86	7	14	4
181	86	8	11	4
181	87	7	10	44442/32725
181	87	7	12	-13122/32725
181	87	8	10	-13122/32725
181	88	7	10	359494686/1070925625
181	88	7	12	-1861866/21855625
181	88	8	10	-1861866/21855625
181	89	7	10	1010370826548/35046041078125
181	89	7	12	1180283694192/35046041078125
181	89	8	10	1180283694192/35046041078125
181	90	7	10	-601551142447619988/26378278968477734375
181	90	7	12	95219094445159932/26378278968477734375
181	90	8	10	95219094445159932/26378278968477734375
181	91	7	10	-11005936183685093350869/863229179243433857421875
181	91	7	12	-3602654775737578775331/863229179243433857421875
181	91	8	10	-3602654775737578775331/863229179243433857421875
181	92	2	4	4
181	92	2	6	4
181	93	2	4	2349/4025
181	93	2	6	2349/4025
181	94	2	4	-5479893/129605000
181	94	2	6	-5479893/129605000
181	95	2	4	-90462064167/2086640500000
181	95	2	6	-90462064167/2086640500000
181	96	2	4	-32090933519073/9598546300000000
181	96	2	6	-32090933519073/9598546300000000
181	97	2	4	4779857655750295521/1081756168010000000000
181	97	2	6	4779857655750295521/1081756168010000000000
181	98	6	12	1
181	98	7	11	1
181	99	6	11	-207/6370
181	99	7	10	-207/6370
181	100	6	11	-704619/20288450
181	100	7	10	-704619/20288450
181	101	6	11	223219071/64618713250
181	101	7	10	223219071/64618713250
181	102	6	11	7768429529886/2366821919564375
181	102	7	10	7768429529886/2366821919564375
181	103	6	11	-731167724139939/1311013532836962500
181	103	7	10	-731167724139939/1311013532836962500
182	74	5	9	2/3
182	74	5	13	2/3
182	74	7	9	2/3
182	74	7	15	2/3
182	74	11	13	2/3
182	74	11	15	2/3
182	75	4	8	1287/17570
182	75	4	12	1287/17570
182	75	6	8	1287/17570
182	75	6	14	1287/17570
182	75	10	12	1287/17570
182	75	10	14	1287/17570
182	76	4	8	-25557363/2160934300
182	76	4	12	-25557363/2160934300
182	76	6	8	-25557363/2160934300
182	76	6	14	-25557363/2160934300
182	76	10	12	-25557363/2160934300
182	76	10	14	-25557363/2160934300
182	77	4	8	-215165495259/37967615651000
182	77	4	12	-215165495259/37967615651000
182	77	6	8	-215165495259/37967615651000
182	77	6	14	-215165495259/37967615651000
182	77	10	12	-215165495259/37967615651000
182	77	10	14	-215165495259/37967615651000
182	78	4	8	1076119269362631/3835773290181402500
182	78	4	12	1076119269362631/3835773290181402500
182	78	6	8	1076119269362631/3835773290181402500
182	78	6	14	1076119269362631/3835773290181402500
182	78	10	12	1076119269362631/3835773290181402500
182	78	10	14	1076119269362631/3835773290181402500
182	79	4	8	344358495655208244639/539156293667897935400000
182	79	4	12	344358495655208244639/539156293667897935400000
182	79	6	8	344358495655208244639/539156293667897935400000
182	79	6	14	344358495655208244639/539156293667897935400000
182	79	10	12	344358495655208244639/539156293667897935400000
182	79	10	14	344358495655208244639/539156293667897935400000
182	80	8	15	1/2
182	80	8	17	1/2
182	80	15	18	1/2
182	80	17	18	1/2
182	81	8	12	3159/35840
182	81	8	14	3159/35840
182	81	12	15	3159/35840
182	81	14	15	3159/35840
182	82	8	12	4147767/4495769600
182	82	8	14	4147767/4495769600
182	82	12	15	4147767/4495769600
182	82	14	15	4147767/4495769600
182	83	8	12	-402035293647/80564191232000
182	83	8	14	-402035293647/80564191232000
182	83	12	15	-402035293647/80564191232000
182	83	14	15	-402035293647/80564191232000
182	84	8	12	-35597785408050879/33205337058181120000
182	84	8	14	-35597785408050879/33205337058181120000
182	84	12	15	-35597785408050879/33205337058181120000
182	84	14	15	-35597785408050879/33205337058181120000
182	85	8	12	187974838656946863639/595039640082605670400000
182	85	8	14	187974838656946863639/595039640082605670400000
182	85	12	15	187974838656946863639/595039640082605670400000
182	85	14	15	187974838656946863639/595039640082605670400000
182	86	7	16	2
182	86	7	18	2
182	86	11	17	2
182	86	11	18	2
182	86	16	17	2
182	87	7	14	16497/32725
182	87	7	16	-351/935
182	87	10	15	16497/32725
182	87	10	16	-351/935
182	87	14	15	-10881/32725
182	88	7	14	472557969/7496479375
182	88	7	16	1930149/299859175
182	88	10	15	472557969/7496479375
182	88	10	16	1930149/299859175
182	88	14	15	-65583999/7496479375
182	89	7	14	-4020179962266/245322287546875
182	89	7	16	6400045548/280368328625
182	89	10	15	-4020179962266/245322287546875
182	89	10	16	6400045548/280368328625
182	89	14	15	5579369437122/245322287546875
182	90	7	14	-282755682117118314/26378278968477734375
182	90	7	16	-1606460643709038/295436724446950625
182	90	10	15	-282755682117118314/26378278968477734375
182	90	10	16	-1606460643709038/295436724446950625
182	90	14	15	-641742124701114918/184647952779344140625
182	91	7	14	-13807350819149162774031/12085208509408074003906250
182	91	7	16	-829250300201702067/552466674715797668750
182	91	10	15	-13807350819149162774031/12085208509408074003906250
182	91	10	16	-829250300201702067/552466674715797668750
182	91	14	15	-23915738950784329369617/12085208509408074003906250
182	92	2	13	2
182	92	2	15	2
182	92	7	13	2
182	92	7	15	2
182	93	2	12	351/805
182	93	2	14	351/805
182	93	7	12	-351/1610
182	93	7	14	-351/1610
182	94	2	12	2176551/72578800
182	94	2	14	2176551/72578800
182	94	7	12	-2997891/72578800
182	94	7	14	-2997891/72578800
182	95	2	12	-2551369509/116851868000
182	95	2	14	-2551369509/116851868000
182	95	7	12	4367598651/233703736000
182	95	7	14	4367598651/233703736000
182	96	2	12	-12400823389617/1505052059840000
182	96	2	14	-12400823389617/1505052059840000
182	96	7	12	2170523555343/1505052059840000
182	96	7	14	2170523555343/1505052059840000
182	97	2	12	1365653956957173/2423133816342400000
182	97	2	14	1365653956957173/2423133816342400000
182	97	7	12	-11381633563249053/4846267632684800000
182	97	7	14	-11381633563249053/4846267632684800000
182	104	2	6	1
182	104	2	10	1
182	104	3	7	1
182	104	3	11	1
182	104	6	11	1
182	104	7	10	1
182	105	2	6	117/700
182	105	2	10	117/700
182	105	3	7	117/700
182	105	3	11	117/700
182	106	2	6	-4563/857500
182	106	2	10	-4563/857500
182	106	3	7	-4563/857500
182	106	3	11	-4563/857500
182	106	6	11	-4563/137200
182	106	7	10	-4563/137200
182	107	2	6	-14414517/1200500000
182	107	2	10	-14414517/1200500000
182	107	3	7	-14414517/1200500000
182	107	3	11	-14414517/1200500000
182	108	2	6	-2436053373/1380575000000
182	108	2	10	-2436053373/1380575000000
182	108	3	7	-2436053373/1380575000000
182	108	3	11	-2436053373/1380575000000
182	108	6	11	187388721/61849760000
182	108	7	10	187388721/61849760000
182	109	2	6	7505480442213/6764817500000000
182	109	2	10	7505480442213/6764817500000000
182	109	3	7	7505480442213/6764817500000000
182	109	3	11	7505480442213/6764817500000000
183	74	5	15	4/3
183	74	7	13	4/3
183	74	9	11	4/3
183	75	4	14	-972/8785
183	75	6	12	-972/8785
183	75	8	10	-972/8785
183	76	4	14	-16692399/540233575
183	76	6	12	-16692399/540233575
183	76	8	10	-16692399/540233575
183	77	4	14	43738125741/4745951956375
183	77	6	12	43738125741/4745951956375
183	77	8	10	43738125741/4745951956375
183	78	4	14	6549077894227947/3835773290181402500
183	78	6	12	6549077894227947/3835773290181402500
183	78	8	10	6549077894227947/3835773290181402500
183	79	4	14	-38599296942952008783/33697268354243620962500
183	79	6	12	-38599296942952008783/33697268354243620962500
183	79	8	10	-38599296942952008783/33697268354243620962500
183	80	8	18	1
183	80	15	17	1
183	81	8	15	-2889/17920
183	81	12	14	-2889/17920
183	82	8	15	-7827273/2247884800
183	82	12	14	-7827273/2247884800
183	83	8	15	405414274257/40282095616000
183	83	12	14	405414274257/40282095616000
183	84	8	15	-25589182394157759/16602668529090560000
183	84	12	14	-25589182394157759/16602668529090560000
183	85	8	15	-235604665320125834889/297519820041302835200000
183	85	12	14	-235604665320125834889/297519820041302835200000
183	86	4	4	2
183	86	4	7	4
183	86	4	11	4
183	86	4	16	4
183	86	4	17	4
183	87	4	4	702/6545
183	87	4	7	5724/6545
183	87	4	10	5724/6545
183	87	4	14	-2916/6545
183	87	4	15	-2916/6545
183	88	4	4	-17633052/299859175
183	88	4	7	18621576/299859175
183	88	4	10	18621576/299859175
183	88	4	14	-23835384/299859175
183	88	4	15	-23835384/299859175
183	89	4	4	-19778423184/1962578300375
183	89	4	7	-84156949728/1962578300375
183	89	4	10	-84156949728/1962578300375
183	89	4	14	73823532192/1962578300375
183	89	4	15	73823532192/1962578300375
183	90	4	4	1362041498982816/295436724446950625
183	90	4	7	-99340284917952/6029320907080625
183	90	4	10	-99340284917952/6029320907080625
183	90	4	14	715059834645312/295436724446950625
183	90	4	15	715059834645312/295436724446950625
183	91	4	4	2768588137340983152/1933633361505291840625
183	91	4	7	1901348376219643104/1933633361505291840625
183	91	4	10	1901348376219643104/1933633361505291840625
183	91	4	14	-8975680739785502496/1933633361505291840625
183	91	4	15	-8975680739785502496/1933633361505291840625
183	92	2	7	4
183	93	2	7	4293/4025
183	94	2	7	69486093/453617500
183	95	2	7	-212759392851/7303241750000
183	96	2	7	-2817988049240793/117582192175000000
183	97	2	7	-7128349850646004149/1893073294017500000000
183	104	2	3	2
183	105	2	3	396/875
183	106	2	3	378837/10718750
183	107	2	3	-104832387/4689453125
183	108	2	3	-6946668170559/755001953125000
183	109	2	3	127333404786159/330313354492187500
184	74	5	15	2/3
184	74	7	13	2/3
184	74	9	11	2/3
184	75	4	14	1773/8785
184	75	6	12	1773/8785
184	75	8	10	1773/8785
184	76	4	14	47268927/1080467150
184	76	6	12	47268927/1080467150
184	76	8	10	47268927/1080467150
184	77	4	14	52012176597/18983807825500
184	77	6	12	52012176597/18983807825500
184	77	8	10	52012176597/18983807825500
184	78	4	14	-20742736874038101/7671546580362805000
184	78	6	12	-20742736874038101/7671546580362805000
184	78	8	10	-20742736874038101/7671546580362805000
184	79	4	14	-167996596491281463867/134789073416974483850000
184	79	6	12	-167996596491281463867/134789073416974483850000
184	79	8	10	-167996596491281463867/134789073416974483850000
184	80	8	19	1/2
184	80	15	19	1/2
184	80	17	19	1/2
184	80	18	19	1/2
184	81	8	16	-81/560
184	81	12	16	-81/560
184	81	14	16	-81/560
184	81	15	16	-81/560
184	82	8	16	255393/8780800
184	82	12	16	255393/8780800
184	82	14	16	255393/8780800
184	82	15	16	255393/8780800
184	83	8	16	-2539107/2458624000
184	83	12	16	-2539107/2458624000
184	83	14	16	-2539107/2458624000
184	83	15	16	-2539107/2458624000
184	84	8	16	-254925338967/126668308480000
184	84	12	16	-254925338967/126668308480000
184	84	14	16	-254925338967/126668308480000
184	84	15	16	-254925338967/126668308480000
184	85	8	16	27872364427011/35467126374400000
184	85	12	16	27872364427011/35467126374400000
184	85	14	16	27872364427011/35467126374400000
184	85	15	16	27872364427011/35467126374400000
184	86	7	14	2
184	86	8	11	2
184	86	8	16	2
184	86	14	17	2
184	87	7	12	18684/32725
184	87	8	10	18684/32725
184	87	8	14	-14472/32725
184	87	12	15	-14472/32725
184	88	7	12	802855476/7496479375
184	88	8	10	802855476/7496479375
184	88	8	14	314069724/7496479375
184	88	12	15	314069724/7496479375
184	89	7	12	-327685260888/245322287546875
184	89	8	10	-327685260888/245322287546875
184	89	8	14	3790667718576/245322287546875
184	89	12	15	3790667718576/245322287546875
184	90	7	12	-1803456094917225528/184647952779344140625
184	90	8	10	-1803456094917225528/184647952779344140625
184	90	8	14	-1354625287916849208/184647952779344140625
184	90	12	15	-1354625287916849208/184647952779344140625
184	91	7	12	-18756830376582024342096/6042604254704037001953125
184	91	8	10	-18756830376582024342096/6042604254704037001953125
184	91	8	14	1542987983264004152928/6042604254704037001953125
184	91	12	15	1542987983264004152928/6042604254704037001953125
184	92	2	8	2
184	92	4	4	1
184	92	4	10	2
184	92	6	6	1
184	92	6	10	2
184	92	7	10	2
184	92	8	10	2
184	93	2	8	2727/8050
184	93	4	4	27/32200
184	93	4	10	297/575
184	93	6	6	27/32200
184	93	6	10	297/575
184	93	7	10	2943/4025
184	93	8	10	-513/4025
184	94	2	8	525123/907235000
184	94	4	4	-206117217/7257880000
184	94	4	10	8686521/113404375
184	94	6	6	-206117217/7257880000
184	94	6	10	8686521/113404375
184	94	7	10	23873049/113404375
184	94	8	10	-5520231/113404375
184	95	2	8	-279615772899/14606483500000
184	95	4	4	-16695770139/233703736000000
184	95	4	10	-623124414/65207515625
184	95	6	6	-16695770139/233703736000000
184	95	6	10	-623124414/65207515625
184	95	7	10	16172379486/456452609375
184	95	8	10	4720337694/456452609375
184	96	2	8	-873068340964833/235164384350000000
184	96	4	4	16624215695111607/7525260299200000000
184	96	4	10	-17297142909066/1837221752734375
184	96	6	6	16624215695111607/7525260299200000000
184	96	6	10	-17297142909066/1837221752734375
184	96	7	10	-9927034090506/1837221752734375
184	96	8	10	5635599122934/1837221752734375
184	97	2	8	4773276351207397449/3786146588035000000000
184	97	4	4	2244350260550788749/242313381634240000000000
184	97	4	10	-3762146206368297/2112805015644531250
184	97	6	6	2244350260550788749/242313381634240000000000
184	97	6	10	-3762146206368297/2112805015644531250
184	97	7	10	-97842977951502303/14789635109511718750
184	97	8	10	-18679035318938847/14789635109511718750
184	98	6	13	1/2
184	98	6	17	1/2
184	98	7	13	1/2
184	98	7	15	1/2
184	98	8	11	1/2
184	98	8	12	1/2
184	98	11	17	1/2
184	98	12	15	1/2
184	99	6	12	-171/3185
184	99	6	15	-171/3185
184	99	7	12	-171/3185
184	99	7	14	-171/3185
184	99	8	10	-171/3185
184	99	8	11	-171/3185
184	99	10	15	-171/3185
184	99	11	14	-171/3185
184	100	6	12	-103329/10144225
184	100	6	15	-103329/10144225
184	100	7	12	-103329/10144225
184	100	7	14	-103329/10144225
184	100	8	10	-103329/10144225
184	100	8	11	-103329/10144225
184	100	10	15	-103329/10144225
184	100	11	14	-103329/10144225
184	101	6	12	20859606/4615622375
184	101	6	15	20859606/4615622375
184	101	7	12	20859606/4615622375
184	101	7	14	20859606/4615622375
184	101	8	10	20859606/4615622375
184	101	8	11	20859606/4615622375
184	101	10	15	20859606/4615622375
184	101	11	14	20859606/4615622375
184	102	6	12	844562874798/2366821919564375
184	102	6	15	844562874798/2366821919564375
184	102	7	12	844562874798/2366821919564375
184	102	7	14	844562874798/2366821919564375
184	102	8	10	844562874798/2366821919564375
184	102	8	11	844562874798/2366821919564375
184	102	10	15	844562874798/2366821919564375
184	102	11	14	844562874798/2366821919564375
184	103	6	12	-600918245269884/1076903973401790625
184	103	6	15	-600918245269884/1076903973401790625
184	103	7	12	-600918245269884/1076903973401790625
184	103	7	14	-600918245269884/1076903973401790625
184	103	8	10	-600918245269884/1076903973401790625
184	103	8	11	-600918245269884/1076903973401790625
184	103	10	15	-600918245269884/1076903973401790625
184	103	11	14	-600918245269884/1076903973401790625
184	104	2	4	1
184	104	3	4	1
184	105	2	4	27/250
184	105	3	4	27/250
184	106	2	4	-372303/21437500
184	106	3	4	-372303/21437500
184	107	2	4	-43659081/5359375000
184	107	3	4	-43659081/5359375000
184	108	2	4	623436986601/1510003906250000
184	108	3	4	623436986601/1510003906250000
184	109	2	4	338085659062827/377500976562500000
184	109	3	4	338085659062827/377500976562500000
185	74	5	17	4/3
185	74	7	17	4/3
185	74	11	17	4/3
185	75	4	16	-2502/8785
185	75	6	16	-2502/8785
185	75	10	16	-2502/8785
185	76	4	16	12066408/540233575
185	76	6	16	12066408/540233575
185	76	10	16	12066408/540233575
185	77	4	16	55414579977/4745951956375
185	77	6	16	55414579977/4745951956375
185	77	10	16	55414579977/4745951956375
185	78	4	16	-4525099255927809/958943322545350625
185	78	6	16	-4525099255927809/958943322545350625
185	78	10	16	-4525099255927809/958943322545350625
185	79	4	16	-223466454126627777/2406947739588830068750
185	79	6	16	-223466454126627777/2406947739588830068750
185	79	10	16	-223466454126627777/2406947739588830068750
185	80	8	18	1
185	80	15	17	1
185	81	8	15	4023/17920
185	81	12	14	4023/17920
185	82	8	15	49652919/2247884800
185	82	12	14	49652919/2247884800
185	83	8	15	-312283962927/40282095616000
185	83	12	14	-312283962927/40282095616000
185	84	8	15	-63513767761603263/16602668529090560000
185	84	12	14	-63513767761603263/16602668529090560000
185	85	8	15	-50183780919064933257/297519820041302835200000
185	85	12	14	-50183780919064933257/297519820041302835200000
185	86	7	8	4
185	86	11	14	4
185	87	7	8	17172/32725
185	87	10	12	17172/32725
185	88	7	8	-413687088/7496479375
185	88	10	12	-413687088/7496479375
185	89	7	8	-9758559144744/245322287546875
185	89	10	12	-9758559144744/245322287546875
185	90	7	8	-200976012071795376/184647952779344140625
185	90	10	12	-200976012071795376/184647952779344140625
185	91	7	8	25767004047170335674192/6042604254704037001953125
185	91	10	12	25767004047170335674192/6042604254704037001953125
185	92	2	16	4
185	92	4	16	4
185	92	6	16	4
185	93	2	15	5454/4025
185	93	4	15	-1539/4025
185	93	6	15	-1539/4025
185	94	2	15	75523671/226808750
185	94	4	15	-40595823/453617500
185	94	6	15	-40595823/453617500
185	95	2	15	50035544127/1825810437500
185	95	4	15	238463068257/7303241750000
185	95	6	15	238463068257/7303241750000
185	96	2	15	-682870424046057/29395548043750000
185	96	4	15	505928795877567/117582192175000000
185	96	6	15	505928795877567/117582192175000000
185	97	2	15	-430254850064953797/33804880250312500000
185	97	4	15	-1117092612347341299/270439042002500000000
185	97	6	15	-1117092612347341299/270439042002500000000
185	98	6	6	1/2
185	98	7	7	1/2
185	98	11	11	1/2
185	98	12	12	1/2
185	99	6	6	153/3185
185	99	7	7	153/3185
185	99	10	10	153/3185
185	99	11	11	153/3185
185	100	6	6	-265437/20288450
185	100	7	7	-265437/20288450
185	100	10	10	-265437/20288450
185	100	11	11	-265437/20288450
185	101	6	6	-150488199/32309356625
185	101	7	7	-150488199/32309356625
185	101	10	10	-150488199/32309356625
185	101	11	11	-150488199/32309356625
185	102	6	6	3684604528071/4733643839128750
185	102	7	7	3684604528071/4733643839128750
185	102	10	10	3684604528071/4733643839128750
185	102	11	11	3684604528071/4733643839128750
185	103	6	6	5061635892335259/7538327813812534375
185	103	7	7	5061635892335259/7538327813812534375
185	103	10	10	5061635892335259/7538327813812534375
185	103	11	11	5061635892335259/7538327813812534375
185	110	2	3	1/3
185	110	2	5	1/3
185	110	2	9	1/3
185	110	3	5	1/3
185	110	3	9	1/3
185	110	5	9	1/3
185	111	2	3	369/4130
185	111	2	5	369/4130
185	111	2	9	369/4130
185	111	3	5	369/4130
185	111	3	9	369/4130
185	111	5	9	369/4130
185	112	2	3	6548607/477593200
185	112	2	5	6548607/477593200
185	112	2	9	6548607/477593200
185	112	3	5	6548607/477593200
185	112	3	9	6548607/477593200
185	112	5	9	6548607/477593200
185	113	2	3	-3574754289/1972459916000
185	113	2	5	-3574754289/1972459916000
185	113	2	9	-3574754289/1972459916000
185	113	3	5	-3574754289/1972459916000
185	113	3	9	-3574754289/1972459916000
185	113	5	9	-3574754289/1972459916000
185	114	2	3	-1372275212971221/749455869683360000
185	114	2	5	-1372275212971221/749455869683360000
185	114	2	9	-1372275212971221/749455869683360000
185	114	3	5	-1372275212971221/749455869683360000
185	114	3	9	-1372275212971221/749455869683360000
185	114	5	9	-1372275212971221/749455869683360000
185	115	2	3	-157453952595959853/442178963113182400000
185	115	2	5	-157453952595959853/442178963113182400000
185	115	2	9	-157453952595959853/442178963113182400000
185	115	3	5	-157453952595959853/442178963113182400000
185	115	3	9	-157453952595959853/442178963113182400000
185	115	5	9	-157453952595959853/442178963113182400000
186	74	5	17	2/3
186	74	7	17	2/3
186	74	11	17	2/3
186	75	4	16	144/1255
186	75	6	16	144/1255
186	75	10	16	144/1255
186	76	4	16	-729/77176225
186	76	6	16	-729/77176225
186	76	10	16	-729/77176225
186	77	4	16	-658881864/96856162375
186	77	6	16	-658881864/96856162375
186	77	10	16	-658881864/96856162375
186	78	4	16	-51772486031253/39140543777361250
186	78	6	16	-51772486031253/39140543777361250
186	78	10	16	-51772486031253/39140543777361250
186	79	4	16	11632266720573876/24560691220294184375
186	79	6	16	11632266720573876/24560691220294184375
186	79	10	16	11632266720573876/24560691220294184375
186	80	8	19	1/2
186	80	15	19	1/2
186	80	17	19	1/2
186	80	18	19	1/2
186	81	8	16	27/560
186	81	12	16	27/560
186	81	14	16	27/560
186	81	15	16	27/560
186	82	8	16	-12393/1254400
186	82	12	16	-12393/1254400
186	82	14	16	-12393/1254400
186	82	15	16	-12393/1254400
186	83	8	16	-1318761/351232000
186	83	12	16	-1318761/351232000
186	83	14	16	-1318761/351232000
186	83	15	16	-1318761/351232000
186	84	8	16	7039998927/18095472640000
186	84	12	16	7039998927/18095472640000
186	84	14	16	7039998927/18095472640000
186	84	15	16	7039998927/18095472640000
186	85	8	16	2186012934729/5066732339200000
186	85	12	16	2186012934729/5066732339200000
186	85	14	16	2186012934729/5066732339200000
186	85	15	16	2186012934729/5066732339200000
186	86	7	18	2
186	86	11	18	2
186	87	7	16	2592/6545
186	87	10	16	2592/6545
186	88	7	16	90396/6119575
186	88	10	16	90396/6119575
186	89	7	16	-6246911808/280368328625
186	89	10	16	-6246911808/280368328625
186	90	7	16	-268029049943304/42205246349564375
186	90	10	16	-268029049943304/42205246349564375
186	91	7	16	320497188588660096/276233337357898834375
186	91	10	16	320497188588660096/276233337357898834375
186	92	2	17	2
186	92	10	13	2
186	92	10	15	2
186	92	10	16	2
186	92	10	17	2
186	92	13	16	2
186	92	15	16	2
186	93	2	16	1944/4025
186	93	10	12	243/805
186	93	10	14	243/805
186	93	10	15	297/575
186	93	10	16	-1377/4025
186	93	12	15	-81/230
186	93	14	15	-81/230
186	94	2	16	1683261/32401250
186	94	10	12	-12393/648025
186	94	10	14	-12393/648025
186	94	10	15	1113183/16200625
186	94	10	16	-99873/16200625
186	94	12	15	-13851/5184200
186	94	14	15	-13851/5184200
186	95	2	16	-1219125654/65207515625
186	95	10	12	-11691702/521660125
186	95	10	14	-11691702/521660125
186	95	10	15	-145929762/9315359375
186	95	10	16	1511772498/65207515625
186	95	12	15	55447011/2384732000
186	95	14	15	55447011/2384732000
186	96	2	16	-21209554686879/2099682003125000
186	96	10	12	-124357194/59990914375
186	96	10	14	-124357194/59990914375
186	96	10	15	-422131026474/37494321484375
186	96	10	16	-1027104328998/262460250390625
186	96	12	15	-33638620977/7678837040000
186	96	14	15	-33638620977/7678837040000
186	97	2	16	-1157485734632097/2112805015644531250
186	97	10	12	1526049306171/676097605006250
186	97	10	14	1526049306171/676097605006250
186	97	10	15	-62296913304153/43118469707031250
186	97	10	16	-4133684024133129/2112805015644531250
186	97	12	15	-6542369797743/3532265038400000
186	97	14	15	-6542369797743/3532265038400000
186	104	6	6	1/2
186	104	6	16	1
186	104	7	7	1/2
186	104	7	14	1
186	104	10	10	1/2
186	104	10	16	1
186	104	11	11	1/2
186	104	11	14	1
186	105	6	6	9/280
186	105	6	15	-18/175
186	105	7	7	9/280
186	105	7	14	-18/175
186	105	10	10	9/280
186	105	10	15	-18/175
186	105	11	11	9/280
186	105	11	14	-18/175
186	106	6	6	-81/5600
186	106	6	15	-1377/61250
186	106	7	7	-81/5600
186	106	7	14	-1377/61250
186	106	10	10	-81/5600
186	106	10	15	-1377/61250
186	106	11	11	-81/5600
186	106	11	14	-1377/61250
186	107	6	6	-16767/5488000
186	107	6	15	48843/5359375
186	107	7	7	-16767/5488000
186	107	7	14	48843/5359375
186	107	10	10	-16767/5488000
186	107	10	15	48843/5359375
186	107	11	11	-16767/5488000
186	107	11	14	48843/5359375
186	108	6	6	19361511/17671360000
186	108	6	15	86913567/86285937500
186	108	7	7	19361511/17671360000
186	108	7	14	86913567/86285937500
186	108	10	10	19361511/17671360000
186	108	10	15	86913567/86285937500
186	108	11	11	19361511/17671360000
186	108	11	14	86913567/86285937500
186	109	6	6	1083135807/2473990400000
186	109	6	15	-8995938003/7550019531250
186	109	7	7	1083135807/2473990400000
186	109	7	14	-8995938003/7550019531250
186	109	10	10	1083135807/2473990400000
186	109	10	15	-8995938003/7550019531250
186	109	11	11	1083135807/2473990400000
186	109	11	14	-8995938003/7550019531250
186	110	2	4	1/6
186	110	2	6	1/6
186	110	2	10	1/6
186	110	3	4	1/6
186	110	3	7	1/6
186	110	3	11	1/6
186	110	5	6	1/6
186	110	5	7	1/6
186	110	5	13	1/6
186	110	9	10	1/6
186	110	9	11	1/6
186	110	9	13	1/6
186	111	2	4	27/1180
186	111	2	6	27/1180
186	111	2	10	27/1180
186	111	3	4	27/1180
186	111	3	7	27/1180
186	111	3	11	27/1180
186	111	5	6	27/1180
186	111	5	7	27/1180
186	111	5	13	27/1180
186	111	9	10	27/1180
186	111	9	11	27/1180
186	111	9	13	27/1180
186	112	2	4	-144099/68227600
186	112	2	6	-144099/68227600
186	112	2	10	-144099/68227600
186	112	3	4	-144099/68227600
186	112	3	7	-144099/68227600
186	112	3	11	-144099/68227600
186	112	5	6	-144099/68227600
186	112	5	7	-144099/68227600
186	112	5	13	-144099/68227600
186	112	9	10	-144099/68227600
186	112	9	11	-144099/68227600
186	112	9	13	-144099/68227600
186	113	2	4	-69736869/40254284000
186	113	2	6	-69736869/40254284000
186	113	2	10	-69736869/40254284000
186	113	3	4	-69736869/40254284000
186	113	3	7	-69736869/40254284000
186	113	3	11	-69736869/40254284000
186	113	5	6	-69736869/40254284000
186	113	5	7	-69736869/40254284000
186	113	5	13	-69736869/40254284000
186	113	9	10	-69736869/40254284000
186	113	9	11	-69736869/40254284000
186	113	9	13	-69736869/40254284000
186	114	2	4	-621899166933/7647508874320000
186	114	2	6	-621899166933/7647508874320000
186	114	2	10	-621899166933/7647508874320000
186	114	3	4	-621899166933/7647508874320000
186	114	3	7	-621899166933/7647508874320000
186	114	3	11	-621899166933/7647508874320000
186	114	5	6	-621899166933/7647508874320000
186	114	5	7	-621899166933/7647508874320000
186	114	5	13	-621899166933/7647508874320000
186	114	9	10	-621899166933/7647508874320000
186	114	9	11	-621899166933/7647508874320000
186	114	9	13	-621899166933/7647508874320000
186	115	2	4	828127954318527/4512030235848800000
186	115	2	6	828127954318527/4512030235848800000
186	115	2	10	828127954318527/4512030235848800000
186	115	3	4	828127954318527/4512030235848800000
186	115	3	7	828127954318527/4512030235848800000
186	115	3	11	828127954318527/4512030235848800000
186	115	5	6	828127954318527/4512030235848800000
186	115	5	7	828127954318527/4512030235848800000
186	115	5	13	828127954318527/4512030235848800000
186	115	9	10	828127954318527/4512030235848800000
186	115	9	11	828127954318527/4512030235848800000
186	115	9	13	828127954318527/4512030235848800000
187	74	9	9	4/3
187	74	13	13	4/3
187	74	15	15	4/3
187	75	8	8	18/1757
187	75	12	12	18/1757
187	75	14	14	18/1757
187	76	8	8	-20776419/540233575
187	76	12	12	-20776419/540233575
187	76	14	14	-20776419/540233575
187	77	8	8	-1685186289/1898380782550
187	77	12	12	-1685186289/1898380782550
187	77	14	14	-1685186289/1898380782550
187	78	8	8	11650224730738347/3835773290181402500
187	78	12	12	11650224730738347/3835773290181402500
187	78	14	14	11650224730738347/3835773290181402500
187	79	8	8	315498175032860469/2695781468339489677000
187	79	12	12	315498175032860469/2695781468339489677000
187	79	14	14	315498175032860469/2695781468339489677000
187	86	16	17	8
187	87	14	15	8208/4675
187	88	14	15	1027279584/7496479375
187	89	14	15	-2765323561536/35046041078125
187	90	14	15	-5924628083311247232/184647952779344140625
187	91	14	15	853807012936506540288/863229179243433857421875
187	92	7	17	8
187	93	7	16	-6372/4025
187	94	7	16	6911406/113404375
187	95	7	16	40079843361/456452609375
187	96	7	16	-92666428113753/3674443505468750
187	97	7	16	-131458865438581551/29579270219023437500
187	104	2	14	4
187	104	3	16	4
187	105	2	14	828/875
187	105	3	15	828/875
187	106	2	14	508572/5359375
187	106	3	15	508572/5359375
187	107	2	14	-180882396/4689453125
187	107	3	15	-180882396/4689453125
187	108	2	14	-261402233508/13482177734375
187	108	3	15	-261402233508/13482177734375
187	109	2	14	-2293053517404/3590362548828125
187	109	3	15	-2293053517404/3590362548828125
187	110	4	13	2/3
187	110	6	11	2/3
187	110	7	10	2/3
187	111	4	13	9/413
187	111	6	11	9/413
187	111	7	10	9/413
187	112	4	13	-1180899/59699150
187	112	6	11	-1180899/59699150
187	112	7	10	-1180899/59699150
187	113	4	13	-97949169/49311497900
187	113	6	11	-97949169/49311497900
187	113	7	10	-97949169/49311497900
187	114	4	13	37353542547627/23420495927605000
187	114	6	11	37353542547627/23420495927605000
187	114	7	10	37353542547627/23420495927605000
187	115	4	13	1063546125343029/3869065927240346000
187	115	6	11	1063546125343029/3869065927240346000
187	115	7	10	1063546125343029/3869065927240346000
188	74	9	13	2/3
188	74	9	15	2/3
188	74	13	15	2/3
188	75	8	12	-2169/17570
188	75	8	14	-2169/17570
188	75	12	14	-2169/17570
188	76	8	12	10108233/2160934300
188	76	8	14	10108233/2160934300
188	76	12	14	10108233/2160934300
188	77	8	12	222770665287/37967615651000
188	77	8	14	222770665287/37967615651000
188	77	12	14	222770665287/37967615651000
188	78	8	12	-6131724976903149/3835773290181402500
188	78	8	14	-6131724976903149/3835773290181402500
188	78	12	14	-6131724976903149/3835773290181402500
188	79	8	12	-133846816358809191573/539156293667897935400000
188	79	8	14	-133846816358809191573/539156293667897935400000
188	79	12	14	-133846816358809191573/539156293667897935400000
188	86	4	8	2
188	86	4	14	2
188	86	4	16	2
188	86	4	17	2
188	86	4	18	2
188	86	8	17	2
188	86	14	16	2
188	87	4	8	1431/6545
188	87	4	12	1431/6545
188	87	4	14	513/935
188	87	4	15	513/935
188	87	4	16	-2889/6545
188	87	8	15	-9423/32725
188	87	12	14	-9423/32725
188	88	4	8	-10395783/299859175
188	88	4	12	-10395783/299859175
188	88	4	14	27570537/299859175
188	88	4	15	27570537/299859175
188	88	4	16	11649177/299859175
188	88	8	15	-128298411/7496479375
188	88	12	14	-128298411/7496479375
188	89	4	8	-32570759178/1962578300375
188	89	4	12	-32570759178/1962578300375
188	89	4	14	-1937948814/280368328625
188	89	4	15	-1937948814/280368328625
188	89	4	16	33912116262/1962578300375
188	89	8	15	4741869085164/245322287546875
188	89	12	14	4741869085164/245322287546875
188	90	4	8	33094977028758/42205246349564375
188	90	4	12	33094977028758/42205246349564375
188	90	4	14	-3078921616222374/295436724446950625
188	90	4	15	-3078921616222374/295436724446950625
188	90	4	16	-2267230604312934/295436724446950625
188	90	8	15	-45547741120185954/26378278968477734375
188	90	12	14	-45547741120185954/26378278968477734375
188	91	4	8	7093043376055399647/3867266723010583681250
188	91	4	12	7093043376055399647/3867266723010583681250
188	91	4	14	-1403421280735241079/552466674715797668750
188	91	4	15	-1403421280735241079/552466674715797668750
188	91	4	16	249842858092342047/3867266723010583681250
188	91	8	15	-21245241211557860617731/12085208509408074003906250
188	91	12	14	-21245241211557860617731/12085208509408074003906250
188	92	4	7	2
188	92	4	15	2
188	92	6	7	2
188	92	6	13	2
188	93	4	7	1431/4025
188	93	4	14	-513/3220
188	93	6	7	1431/4025
188	93	6	12	-513/3220
188	94	4	7	6667191/1814470000
188	94	4	14	-6798411/145157600
188	94	6	7	6667191/1814470000
188	94	6	12	-6798411/145157600
188	95	4	7	-299576500029/14606483500000
188	95	4	14	12352834287/934814944000
188	95	6	7	-299576500029/14606483500000
188	95	6	12	12352834287/934814944000
188	96	4	7	-4172911686812817/940657537400000000
188	96	4	14	16055916218199/6020208239360000
188	96	6	7	-4172911686812817/940657537400000000
188	96	6	12	16055916218199/6020208239360000
188	97	4	7	10029515215889539773/7572293176070000000000
188	97	4	14	-63519192609294591/38770141061478400000
188	97	6	7	10029515215889539773/7572293176070000000000
188	97	6	12	-63519192609294591/38770141061478400000
188	98	6	7	1/2
188	98	6	11	1/2
188	98	7	12	1/2
188	98	11	12	1/2
188	99	6	7	1431/12740
188	99	6	10	1431/12740
188	99	7	11	1431/12740
188	99	10	11	1431/12740
188	100	6	7	345573/40576900
188	100	6	10	345573/40576900
188	100	7	11	345573/40576900
188	100	10	11	345573/40576900
188	101	6	7	-723400551/129237426500
188	101	6	10	-723400551/129237426500
188	101	7	11	-723400551/129237426500
188	101	10	11	-723400551/129237426500
188	102	6	7	-5342977125441/2366821919564375
188	102	6	10	-5342977125441/2366821919564375
188	102	7	11	-5342977125441/2366821919564375
188	102	10	11	-5342977125441/2366821919564375
188	103	6	7	6659241224179581/60306622510500275000
188	103	6	10	6659241224179581/60306622510500275000
188	103	7	11	6659241224179581/60306622510500275000
188	103	10	11	6659241224179581/60306622510500275000
188	104	2	7	1
188	104	2	11	1
188	104	3	6	1
188	104	3	10	1
188	105	2	7	207/700
188	105	2	11	207/700
188	105	3	6	207/700
188	105	3	10	207/700
188	106	2	7	48897/857500
188	106	2	11	48897/857500
188	106	3	6	48897/857500
188	106	3	10	48897/857500
188	107	2	7	-1358127/1200500000
188	107	2	11	-1358127/1200500000
188	107	3	6	-1358127/1200500000
188	107	3	10	-1358127/1200500000
188	108	2	7	-55864100331/9664025000000
188	108	2	11	-55864100331/9664025000000
188	108	3	6	-55864100331/9664025000000
188	108	3	10	-55864100331/9664025000000
188	109	2	7	-546291685719/294122500000000
188	109	2	11	-546291685719/294122500000000
188	109	3	6	-546291685719/294122500000000
188	109	3	10	-546291685719/294122500000000
189	74	9	13	2/3
189	74	9	15	2/3
189	74	13	15	2/3
189	75	8	12	2349/17570
189	75	8	14	2349/17570
189	75	12	14	2349/17570
189	76	8	12	19053873/2160934300
189	76	8	14	19053873/2160934300
189	76	12	14	19053873/2160934300
189	77	8	12	-206872443747/37967615651000
189	77	8	14	-206872443747/37967615651000
189	77	12	14	-206872443747/37967615651000
189	78	8	12	-7415808529701429/3835773290181402500
189	78	8	14	-7415808529701429/3835773290181402500
189	78	12	14	-7415808529701429/3835773290181402500
189	79	8	12	53326367628765434073/539156293667897935400000
189	79	8	14	53326367628765434073/539156293667897935400000
189	79	12	14	53326367628765434073/539156293667897935400000
189	86	8	16	2
189	86	14	17	2
189	86	16	18	2
189	86	17	18	2
189	87	8	14	1539/4675
189	87	12	15	1539/4675
189	87	14	16	-3321/6545
189	87	15	16	-3321/6545
189	88	8	14	-28328211/7496479375
189	88	12	15	-28328211/7496479375
189	88	14	16	21220461/299859175
189	88	15	16	21220461/299859175
189	89	8	14	-690539555052/35046041078125
189	89	12	15	-690539555052/35046041078125
189	89	14	16	22486331592/1962578300375
189	89	15	16	22486331592/1962578300375
189	90	8	14	-619107339296035278/184647952779344140625
189	90	12	15	-619107339296035278/184647952779344140625
189	90	14	16	-2806098568815438/295436724446950625
189	90	15	16	-2806098568815438/295436724446950625
189	91	8	14	2492687158538587533783/1726458358486867714843750
189	91	12	15	2492687158538587533783/1726458358486867714843750
189	91	14	16	5902241566867424883/3867266723010583681250
189	91	15	16	5902241566867424883/3867266723010583681250
189	92	4	13	2
189	92	6	15	2
189	92	7	13	2
189	92	7	15	2
189	93	4	12	729/3220
189	93	6	14	729/3220
189	93	7	12	891/1610
189	93	7	14	891/1610
189	94	4	12	-4831083/145157600
189	94	6	14	-4831083/145157600
189	94	7	12	6838749/72578800
189	94	7	14	6838749/72578800
189	95	4	12	-15989465367/934814944000
189	95	6	14	-15989465367/934814944000
189	95	7	12	-1525767111/233703736000
189	95	7	14	-1525767111/233703736000
189	96	4	12	3323508188247/6020208239360000
189	96	6	14	3323508188247/6020208239360000
189	96	7	12	-46447411959/4387906880000
189	96	7	14	-46447411959/4387906880000
189	97	4	12	72607204905952743/38770141061478400000
189	97	6	14	72607204905952743/38770141061478400000
189	97	7	12	-12895222402938447/4846267632684800000
189	97	7	14	-12895222402938447/4846267632684800000
189	98	6	18	1/2
189	98	7	18	1/2
189	98	11	18	1/2
189	98	12	18	1/2
189	99	6	16	-1161/12740
189	99	7	16	-1161/12740
189	99	10	16	-1161/12740
189	99	11	16	-1161/12740
189	100	6	16	2673/40576900
189	100	7	16	2673/40576900
189	100	10	16	2673/40576900
189	100	11	16	2673/40576900
189	101	6	16	777813111/129237426500
189	101	7	16	777813111/129237426500
189	101	10	16	777813111/129237426500
189	101	11	16	777813111/129237426500
189	102	6	16	-2949689400201/2366821919564375
189	102	7	16	-2949689400201/2366821919564375
189	102	10	16	-2949689400201/2366821919564375
189	102	11	16	-2949689400201/2366821919564375
189	103	6	16	-28060040473037631/60306622510500275000
189	103	7	16	-28060040473037631/60306622510500275000
189	103	10	16	-28060040473037631/60306622510500275000
189	103	11	16	-28060040473037631/60306622510500275000
189	104	2	8	1
189	104	2	12	1
189	104	3	8	1
189	104	3	12	1
189	104	6	10	1
189	104	6	12	1
189	104	7	11	1
189	104	7	12	1
189	104	8	10	1
189	104	8	11	1
189	105	2	8	621/3500
189	105	2	12	621/3500
189	105	3	8	621/3500
189	105	3	12	621/3500
189	105	6	10	9/35
189	105	6	12	-27/350
189	105	7	11	9/35
189	105	7	12	-27/350
189	105	8	10	-27/350
189	105	8	11	-27/350
189	106	2	8	29403/21437500
189	106	2	12	29403/21437500
189	106	3	8	29403/21437500
189	106	3	12	29403/21437500
189	106	6	10	4941/137200
189	106	6	12	-82863/3430000
189	106	7	11	4941/137200
189	106	7	12	-82863/3430000
189	106	8	10	-82863/3430000
189	106	8	11	-82863/3430000
189	107	2	8	-1566825849/150062500000
189	107	2	12	-1566825849/150062500000
189	107	3	8	-1566825849/150062500000
189	107	3	12	-1566825849/150062500000
189	107	6	10	-29889/4802000
189	107	6	12	7814151/1200500000
189	107	7	11	-29889/4802000
189	107	7	12	7814151/1200500000
189	107	8	10	7814151/1200500000
189	107	8	11	7814151/1200500000
189	108	2	8	-13366235921571/6040015625000000
189	108	2	12	-13366235921571/6040015625000000
189	108	3	8	-13366235921571/6040015625000000
189	108	3	12	-13366235921571/6040015625000000
189	108	6	10	-314816463/61849760000
189	108	6	12	55801836441/38656100000000
189	108	7	11	-314816463/61849760000
189	108	7	12	55801836441/38656100000000
189	108	8	10	55801836441/38656100000000
189	108	8	11	55801836441/38656100000000
189	109	2	8	640653381295083/919132812500000000
189	109	2	12	640653381295083/919132812500000000
189	109	3	8	640653381295083/919132812500000000
189	109	3	12	640653381295083/919132812500000000
189	109	6	10	-1737162531/2164741600000
189	109	6	12	-11125678539807/13529635000000000
189	109	7	11	-1737162531/2164741600000
189	109	7	12	-11125678539807/13529635000000000
189	109	8	10	-11125678539807/13529635000000000
189	109	8	11	-11125678539807/13529635000000000
190	74	9	17	2/3
190	74	13	17	2/3
190	74	15	17	2/3
190	75	8	16	-1683/8785
190	75	12	16	-1683/8785
190	75	14	16	-1683/8785
190	76	8	16	20521026/540233575
190	76	12	16	20521026/540233575
190	76	14	16	20521026/540233575
190	77	8	16	-10506004641/9491903912750
190	77	12	16	-10506004641/9491903912750
190	77	14	16	-10506004641/9491903912750
190	78	8	16	-5203677037749489/1917886645090701250
190	78	12	16	-5203677037749489/1917886645090701250
190	78	14	16	-5203677037749489/1917886645090701250
190	79	8	16	4929640270459815339/4813895479177660137500
190	79	12	16	4929640270459815339/4813895479177660137500
190	79	14	16	4929640270459815339/4813895479177660137500
190	86	8	8	1
190	86	8	17	2
190	86	14	14	1
190	86	14	16	2
190	87	8	8	-54/4675
190	87	8	15	15822/32725
190	87	12	12	-54/4675
190	87	12	14	15822/32725
190	88	8	8	-205074747/7496479375
190	88	8	15	464025024/7496479375
190	88	12	12	-205074747/7496479375
190	88	12	14	464025024/7496479375
190	89	8	8	33330129318/35046041078125
190	89	8	15	-2850133278276/245322287546875
190	89	12	12	33330129318/35046041078125
190	89	12	14	-2850133278276/245322287546875
190	90	8	8	378141812547387921/184647952779344140625
190	90	8	15	-1533969369740155608/184647952779344140625
190	90	12	12	378141812547387921/184647952779344140625
190	90	12	14	-1533969369740155608/184647952779344140625
190	91	8	8	-102828988512182862414/863229179243433857421875
190	91	8	15	-6719587141249165877928/6042604254704037001953125
190	91	12	12	-102828988512182862414/863229179243433857421875
190	91	12	14	-6719587141249165877928/6042604254704037001953125
190	92	4	16	2
190	92	4	17	2
190	92	6	16	2
190	92	6	17	2
190	92	7	8	2
190	92	8	16	2
190	93	4	15	4671/8050
190	93	4	16	-1809/4025
190	93	6	15	4671/8050
190	93	6	16	-1809/4025
190	93	7	8	1431/8050
190	93	8	15	-1161/4025
190	94	4	15	102035457/907235000
190	94	4	16	20468619/453617500
190	94	6	15	102035457/907235000
190	94	6	16	20468619/453617500
190	94	7	8	-36357903/907235000
190	94	8	15	-6475221/453617500
190	95	4	15	3040806987/14606483500000
190	95	4	16	54674512299/3651620875000
190	95	6	15	3040806987/14606483500000
190	95	6	16	54674512299/3651620875000
190	95	7	8	-197109321453/14606483500000
190	95	8	15	66371410611/3651620875000
190	96	4	15	-2298306626885313/235164384350000000
190	96	4	16	-444096554920497/58791096087500000
190	96	6	15	-2298306626885313/235164384350000000
190	96	6	16	-444096554920497/58791096087500000
190	96	7	8	412055482790367/235164384350000000
190	96	8	15	-107717870355057/58791096087500000
190	97	4	15	-1801821730963280049/540878084005000000000
190	97	4	16	184732106782443453/473268323504375000000
190	97	6	15	-1801821730963280049/540878084005000000000
190	97	6	16	184732106782443453/473268323504375000000
190	97	7	8	5751154287839542257/3786146588035000000000
190	97	8	15	-103577998145826429/67609760500625000000
190	98	6	8	1/2
190	98	6	15	1/2
190	98	7	8	1/2
190	98	7	17	1/2
190	98	11	13	1/2
190	98	11	15	1/2
190	98	12	13	1/2
190	98	12	17	1/2
190	99	6	8	477/6370
190	99	6	14	477/6370
190	99	7	8	477/6370
190	99	7	15	477/6370
190	99	10	12	477/6370
190	99	10	14	477/6370
190	99	11	12	477/6370
190	99	11	15	477/6370
190	100	6	8	-45414/10144225
190	100	6	14	-45414/10144225
190	100	7	8	-45414/10144225
190	100	7	15	-45414/10144225
190	100	10	12	-45414/10144225
190	100	10	14	-45414/10144225
190	100	11	12	-45414/10144225
190	100	11	15	-45414/10144225
190	101	6	8	-173518767/32309356625
190	101	6	14	-173518767/32309356625
190	101	7	8	-173518767/32309356625
190	101	7	15	-173518767/32309356625
190	101	10	12	-173518767/32309356625
190	101	10	14	-173518767/32309356625
190	101	11	12	-173518767/32309356625
190	101	11	15	-173518767/32309356625
190	102	6	8	-1210135260042/2366821919564375
190	102	6	14	-1210135260042/2366821919564375
190	102	7	8	-1210135260042/2366821919564375
190	102	7	15	-1210135260042/2366821919564375
190	102	10	12	-1210135260042/2366821919564375
190	102	10	14	-1210135260042/2366821919564375
190	102	11	12	-1210135260042/2366821919564375
190	102	11	15	-1210135260042/2366821919564375
190	103	6	8	3924795427529238/7538327813812534375
190	103	6	14	3924795427529238/7538327813812534375
190	103	7	8	3924795427529238/7538327813812534375
190	103	7	15	3924795427529238/7538327813812534375
190	103	10	12	3924795427529238/7538327813812534375
190	103	10	14	3924795427529238/7538327813812534375
190	103	11	12	3924795427529238/7538327813812534375
190	103	11	15	3924795427529238/7538327813812534375
190	104	2	16	1
190	104	3	14	1
190	104	4	14	1
190	104	4	16	1
190	105	2	15	639/1750
190	105	3	14	639/1750
190	105	4	14	-99/1750
190	105	4	15	-99/1750
190	106	2	15	1123011/10718750
190	106	3	14	1123011/10718750
190	106	4	14	-271809/10718750
190	106	4	15	-271809/10718750
190	107	2	15	163196127/9378906250
190	107	3	14	163196127/9378906250
190	107	4	14	43759683/9378906250
190	107	4	15	43759683/9378906250
190	108	2	15	-267598087614/94375244140625
190	108	3	14	-267598087614/94375244140625
190	108	4	14	160048942146/94375244140625
190	108	4	15	160048942146/94375244140625
190	109	2	15	-1101206832265917/330313354492187500
190	109	3	14	-1101206832265917/330313354492187500
190	109	4	14	-191840280787683/330313354492187500
190	109	4	15	-191840280787683/330313354492187500
190	110	2	7	1/6
190	110	2	11	1/6
190	110	2	13	1/6
190	110	3	6	1/6
190	110	3	10	1/6
190	110	3	13	1/6
190	110	4	5	1/6
190	110	4	9	1/6
190	110	5	10	1/6
190	110	5	11	1/6
190	110	6	9	1/6
190	110	7	9	1/6
190	111	2	7	909/16520
190	111	2	11	909/16520
190	111	2	13	909/16520
190	111	3	6	909/16520
190	111	3	10	909/16520
190	111	3	13	909/16520
190	111	4	5	909/16520
190	111	4	9	909/16520
190	111	5	10	909/16520
190	111	5	11	909/16520
190	111	6	9	909/16520
190	111	7	9	909/16520
190	112	2	7	3254337/238796600
190	112	2	11	3254337/238796600
190	112	2	13	3254337/238796600
190	112	3	6	3254337/238796600
190	112	3	10	3254337/238796600
190	112	3	13	3254337/238796600
190	112	4	5	3254337/238796600
190	112	4	9	3254337/238796600
190	112	5	10	3254337/238796600
190	112	5	11	3254337/238796600
190	112	6	9	3254337/238796600
190	112	7	9	3254337/238796600
190	113	2	7	5928827967/3944919832000
190	113	2	11	5928827967/3944919832000
190	113	2	13	5928827967/3944919832000
190	113	3	6	5928827967/3944919832000
190	113	3	10	5928827967/3944919832000
190	113	3	13	5928827967/3944919832000
190	113	4	5	5928827967/3944919832000
190	113	4	9	5928827967/3944919832000
190	113	5	10	5928827967/3944919832000
190	113	5	11	5928827967/3944919832000
190	113	6	9	5928827967/3944919832000
190	113	7	9	5928827967/3944919832000
190	114	2	7	-243284631742449/374727934841680000
190	114	2	11	-243284631742449/374727934841680000
190	114	2	13	-243284631742449/374727934841680000
190	114	3	6	-243284631742449/374727934841680000
190	114	3	10	-243284631742449/374727934841680000
190	114	3	13	-243284631742449/374727934841680000
190	114	4	5	-243284631742449/374727934841680000
190	114	4	9	-243284631742449/374727934841680000
190	114	5	10	-243284631742449/374727934841680000
190	114	5	11	-243284631742449/374727934841680000
190	114	6	9	-243284631742449/374727934841680000
190	114	7	9	-243284631742449/374727934841680000
190	115	2	7	-185974332616402677/442178963113182400000
190	115	2	11	-185974332616402677/442178963113182400000
190	115	2	13	-185974332616402677/442178963113182400000
190	115	3	6	-185974332616402677/442178963113182400000
190	115	3	10	-185974332616402677/442178963113182400000
190	115	3	13	-185974332616402677/442178963113182400000
190	115	4	5	-185974332616402677/442178963113182400000
190	115	4	9	-185974332616402677/442178963113182400000
190	115	5	10	-185974332616402677/442178963113182400000
190	115	5	11	-185974332616402677/442178963113182400000
190	115	6	9	-185974332616402677/442178963113182400000
190	115	7	9	-185974332616402677/442178963113182400000
191	74	9	17	2/3
191	74	13	17	2/3
191	74	15	17	2/3
191	75	8	16	576/8785
191	75	12	16	576/8785
191	75	14	16	576/8785
191	76	8	16	-6986817/540233575
191	76	12	16	-6986817/540233575
191	76	14	16	-6986817/540233575
191	77	8	16	-24129573408/4745951956375
191	77	12	16	-24129573408/4745951956375
191	77	14	16	-24129573408/4745951956375
191	78	8	16	922391328802203/1917886645090701250
191	78	12	16	922391328802203/1917886645090701250
191	78	14	16	922391328802203/1917886645090701250
191	79	8	16	698872731922907568/1203473869794415034375
191	79	12	16	698872731922907568/1203473869794415034375
191	79	14	16	698872731922907568/1203473869794415034375
191	86	16	18	2
191	86	17	18	2
191	87	14	16	1728/6545
191	87	15	16	1728/6545
191	88	14	16	-8270748/299859175
191	88	15	16	-8270748/299859175
191	89	14	16	-39497010048/1962578300375
191	89	15	16	-39497010048/1962578300375
191	90	14	16	-3509138935224/6029320907080625
191	90	15	16	-3509138935224/6029320907080625
191	91	14	16	4191542417737928448/1933633361505291840625
191	91	15	16	4191542417737928448/1933633361505291840625
191	92	7	17	2
191	92	13	13	1
191	92	13	16	2
191	92	15	15	1
191	92	15	16	2
191	92	16	17	2
191	93	7	16	216/575
191	93	12	12	297/6440
191	93	12	15	135/322
191	93	14	14	297/6440
191	93	14	15	135/322
191	93	15	16	-1809/4025
191	94	7	16	1611333/226808750
191	94	12	12	-8593209/290315200
191	94	12	15	886707/36289400
191	94	14	14	-8593209/290315200
191	94	14	15	886707/36289400
191	94	15	16	4257846/113404375
191	95	7	16	-1467288918/65207515625
191	95	12	12	-8023322241/1869629888000
191	95	12	15	-100402983/4674074720
191	95	14	14	-8023322241/1869629888000
191	95	14	15	-100402983/4674074720
191	95	15	16	18332096661/912905218750
191	96	7	16	-79776390431673/14697774021875000
191	96	12	12	28376563761351/12040416478720000
191	96	12	15	-2766954475233/376263014960000
191	96	14	14	28376563761351/12040416478720000
191	96	14	15	-2766954475233/376263014960000
191	96	15	16	-31641974288037/3674443505468750
191	97	7	16	3045766157487729/2112805015644531250
191	97	12	12	46900528971312159/77540282122956800000
191	97	12	15	1030361530887/1384647895052800
191	97	14	14	46900528971312159/77540282122956800000
191	97	14	15	1030361530887/1384647895052800
191	97	15	16	-596613438518481/4225610031289062500
191	104	2	17	1
191	104	3	17	1
191	104	6	14	1
191	104	6	17	1
191	104	7	16	1
191	104	7	17	1
191	104	10	14	1
191	104	10	17	1
191	104	11	16	1
191	104	11	17	1
191	105	2	16	216/875
191	105	3	16	216/875
191	105	6	14	27/175
191	105	6	16	-9/50
191	105	7	15	27/175
191	105	7	16	-9/50
191	105	10	14	27/175
191	105	10	16	-9/50
191	105	11	15	27/175
191	105	11	16	-9/50
191	106	2	16	305559/10718750
191	106	3	16	305559/10718750
191	106	6	14	-3699/428750
191	106	6	16	-27/857500
191	106	7	15	-3699/428750
191	106	7	16	-27/857500
191	106	10	14	-3699/428750
191	106	10	16	-27/857500
191	106	11	15	-3699/428750
191	106	11	16	-27/857500
191	107	2	16	-42086628/4689453125
191	107	3	16	-42086628/4689453125
191	107	6	14	-850743/75031250
191	107	6	16	500823/42875000
191	107	7	15	-850743/75031250
191	107	7	16	500823/42875000
191	107	10	14	-850743/75031250
191	107	10	16	500823/42875000
191	107	11	15	-850743/75031250
191	107	11	16	500823/42875000
191	108	2	16	-283850071713/53928710937500
191	108	3	16	-283850071713/53928710937500
191	108	6	14	-715352391/604001562500
191	108	6	16	-5735357199/2416006250000
191	108	7	15	-715352391/604001562500
191	108	7	16	-5735357199/2416006250000
191	108	10	14	-715352391/604001562500
191	108	10	16	-5735357199/2416006250000
191	108	11	15	-715352391/604001562500
191	108	11	16	-5735357199/2416006250000
191	109	2	16	-33526179044514/82578338623046875
191	109	3	16	-33526179044514/82578338623046875
191	109	6	14	118261388583/105700273437500
191	109	6	16	-107569228689/120800312500000
191	109	7	15	118261388583/105700273437500
191	109	7	16	-107569228689/120800312500000
191	109	10	14	118261388583/105700273437500
191	109	10	16	-107569228689/120800312500000
191	109	11	15	118261388583/105700273437500
191	109	11	16	-107569228689/120800312500000
191	110	2	8	1/6
191	110	2	12	1/6
191	110	2	14	1/6
191	110	3	8	1/6
191	110	3	12	1/6
191	110	3	15	1/6
191	110	4	14	1/6
191	110	4	15	1/6
191	110	5	8	1/6
191	110	5	14	1/6
191	110	5	15	1/6
191	110	6	12	1/6
191	110	6	15	1/6
191	110	7	12	1/6
191	110	7	14	1/6
191	110	8	10	1/6
191	110	8	11	1/6
191	110	8	13	1/6
191	110	9	12	1/6
191	110	9	14	1/6
191	110	9	15	1/6
191	110	10	15	1/6
191	110	11	14	1/6
191	110	12	13	1/6
191	111	2	8	549/16520
191	111	2	12	549/16520
191	111	2	14	549/16520
191	111	3	8	549/16520
191	111	3	12	549/16520
191	111	3	15	549/16520
191	111	4	14	-99/8260
191	111	4	15	-99/8260
191	111	5	8	549/16520
191	111	5	14	549/16520
191	111	5	15	549/16520
191	111	6	12	-99/8260
191	111	6	15	-99/8260
191	111	7	12	-99/8260
191	111	7	14	-99/8260
191	111	8	10	-99/8260
191	111	8	11	-99/8260
191	111	8	13	-99/8260
191	111	9	12	549/16520
191	111	9	14	549/16520
191	111	9	15	549/16520
191	111	10	15	-99/8260
191	111	11	14	-99/8260
191	111	12	13	-99/8260
191	112	2	8	1407051/955186400
191	112	2	12	1407051/955186400
191	112	2	14	1407051/955186400
191	112	3	8	1407051/955186400
191	112	3	12	1407051/955186400
191	112	3	15	1407051/955186400
191	112	4	14	-2049543/477593200
191	112	4	15	-2049543/477593200
191	112	5	8	1407051/955186400
191	112	5	14	1407051/955186400
191	112	5	15	1407051/955186400
191	112	6	12	-2049543/477593200
191	112	6	15	-2049543/477593200
191	112	7	12	-2049543/477593200
191	112	7	14	-2049543/477593200
191	112	8	10	-2049543/477593200
191	112	8	11	-2049543/477593200
191	112	8	13	-2049543/477593200
191	112	9	12	1407051/955186400
191	112	9	14	1407051/955186400
191	112	9	15	1407051/955186400
191	112	10	15	-2049543/477593200
191	112	11	14	-2049543/477593200
191	112	12	13	-2049543/477593200
191	113	2	8	-13896873783/7889839664000
191	113	2	12	-13896873783/7889839664000
191	113	2	14	-13896873783/7889839664000
191	113	3	8	-13896873783/7889839664000
191	113	3	12	-13896873783/7889839664000
191	113	3	15	-13896873783/7889839664000
191	113	4	14	2070658161/1972459916000
191	113	4	15	2070658161/1972459916000
191	113	5	8	-13896873783/7889839664000
191	113	5	14	-13896873783/7889839664000
191	113	5	15	-13896873783/7889839664000
191	113	6	12	2070658161/1972459916000
191	113	6	15	2070658161/1972459916000
191	113	7	12	2070658161/1972459916000
191	113	7	14	2070658161/1972459916000
191	113	8	10	2070658161/1972459916000
191	113	8	11	2070658161/1972459916000
191	113	8	13	2070658161/1972459916000
191	113	9	12	-13896873783/7889839664000
191	113	9	14	-13896873783/7889839664000
191	113	9	15	-13896873783/7889839664000
191	113	10	15	2070658161/1972459916000
191	113	11	14	2070658161/1972459916000
191	113	12	13	2070658161/1972459916000
191	114	2	8	-793544958787293/1498911739366720000
191	114	2	12	-793544958787293/1498911739366720000
191	114	2	14	-793544958787293/1498911739366720000
191	114	3	8	-793544958787293/1498911739366720000
191	114	3	12	-793544958787293/1498911739366720000
191	114	3	15	-793544958787293/1498911739366720000
191	114	4	14	105301705380723/374727934841680000
191	114	4	15	105301705380723/374727934841680000
191	114	5	8	-793544958787293/1498911739366720000
191	114	5	14	-793544958787293/1498911739366720000
191	114	5	15	-793544958787293/1498911739366720000
191	114	6	12	105301705380723/374727934841680000
191	114	6	15	105301705380723/374727934841680000
191	114	7	12	105301705380723/374727934841680000
191	114	7	14	105301705380723/374727934841680000
191	114	8	10	105301705380723/374727934841680000
191	114	8	11	105301705380723/374727934841680000
191	114	8	13	105301705380723/374727934841680000
191	114	9	12	-793544958787293/1498911739366720000
191	114	9	14	-793544958787293/1498911739366720000
191	114	9	15	-793544958787293/1498911739366720000
191	114	10	15	105301705380723/374727934841680000
191	114	11	14	105301705380723/374727934841680000
191	114	12	13	105301705380723/374727934841680000
191	115	2	8	139957048228773987/1768715852452729600000
191	115	2	12	139957048228773987/1768715852452729600000
191	115	2	14	139957048228773987/1768715852452729600000
191	115	3	8	139957048228773987/1768715852452729600000
191	115	3	12	139957048228773987/1768715852452729600000
191	115	3	15	139957048228773987/1768715852452729600000
191	115	4	14	-213708774644638911/1547626370896138400000
191	115	4	15	-213708774644638911/1547626370896138400000
191	115	5	8	139957048228773987/1768715852452729600000
191	115	5	14	139957048228773987/1768715852452729600000
191	115	5	15	139957048228773987/1768715852452729600000
191	115	6	12	-213708774644638911/1547626370896138400000
191	115	6	15	-213708774644638911/1547626370896138400000
191	115	7	12	-213708774644638911/1547626370896138400000
191	115	7	14	-213708774644638911/1547626370896138400000
191	115	8	10	-213708774644638911/1547626370896138400000
191	115	8	11	-213708774644638911/1547626370896138400000
191	115	8	13	-213708774644638911/1547626370896138400000
191	115	9	12	139957048228773987/1768715852452729600000
191	115	9	14	139957048228773987/1768715852452729600000
191	115	9	15	139957048228773987/1768715852452729600000
191	115	10	15	-213708774644638911/1547626370896138400000
191	115	11	14	-213708774644638911/1547626370896138400000
191	115	12	13	-213708774644638911/1547626370896138400000
192	74	17	17	2
192	75	16	16	-1269/1757
192	76	16	16	115015059/540233575
192	77	16	16	-40120705269/949190391275
192	78	16	16	-326634282300348/958943322545350625
192	79	16	16	443584706184366741/96277909583553202750
192	92	8	16	12
192	93	8	15	11664/4025
192	94	8	15	87547797/226808750
192	95	8	15	-26634760038/456452609375
192	96	8	15	-1367340537051891/29395548043750000
192	97	8	15	-30412218208553739/4225610031289062500
192	98	8	8	3/2
192	98	13	13	3/2
192	98	15	15	3/2
192	98	17	17	3/2
192	99	8	8	27/1274
192	99	12	12	27/1274
192	99	14	14	27/1274
192	99	15	15	27/1274
192	100	8	8	-63423/1449175
192	100	12	12	-63423/1449175
192	100	14	14	-63423/1449175
192	100	15	15	-63423/1449175
192	101	8	8	-12041622/6461871325
192	101	12	12	-12041622/6461871325
192	101	14	14	-12041622/6461871325
192	101	15	15	-12041622/6461871325
192	102	8	8	8267149418832/2366821919564375
192	102	12	12	8267149418832/2366821919564375
192	102	14	14	8267149418832/2366821919564375
192	102	15	15	8267149418832/2366821919564375
192	103	8	8	75152808559188/301533112552501375
192	103	12	12	75152808559188/301533112552501375
192	103	14	14	75152808559188/301533112552501375
192	103	15	15	75152808559188/301533112552501375
192	104	4	17	6
192	105	4	16	-1161/875
192	106	4	16	712962/5359375
192	107	4	16	389423781/9378906250
192	108	4	16	-3957973592553/188750488281250
192	109	4	16	392016215923911/330313354492187500
192	110	2	15	1
192	110	3	14	1
192	110	5	12	1
192	110	8	9	1
192	111	2	15	162/413
192	111	3	14	162/413
192	111	5	12	162/413
192	111	8	9	162/413
192	112	2	15	61311087/477593200
192	112	3	14	61311087/477593200
192	112	5	12	61311087/477593200
192	112	8	9	61311087/477593200
192	113	2	15	2994315741/98622995800
192	113	3	14	2994315741/98622995800
192	113	5	12	2994315741/98622995800
192	113	8	9	2994315741/98622995800
192	114	2	15	1442219208148521/749455869683360000
192	114	3	14	1442219208148521/749455869683360000
192	114	5	12	1442219208148521/749455869683360000
192	114	8	9	1442219208148521/749455869683360000
192	115	2	15	-11524176160211457/4421789631131824000
192	115	3	14	-11524176160211457/4421789631131824000
192	115	5	12	-11524176160211457/4421789631131824000
192	115	8	9	-11524176160211457/4421789631131824000
193	74	17	17	2
193	75	16	16	432/8785
193	76	16	16	-31917078/540233575
193	77	16	16	-20964442032/4745951956375
193	78	16	16	4564695230426754/958943322545350625
193	79	16	16	725750360310840336/1203473869794415034375
193	92	16	17	12
193	93	15	16	7776/4025
193	94	15	16	-9495954/113404375
193	95	15	16	-64172563632/456452609375
193	96	15	16	-32625296381691/1837221752734375
193	97	15	16	14218465218948216/1056402507822265625
193	104	14	14	3
193	104	16	16	3
193	105	14	14	27/125
193	105	15	15	27/125
193	106	14	14	-457326/5359375
193	106	15	15	-457326/5359375
193	107	14	14	-13848084/669921875
193	107	15	15	-13848084/669921875
193	108	14	14	588457454688/94375244140625
193	108	15	15	588457454688/94375244140625
193	109	14	14	35090860745592/11796905517578125
193	109	15	15	35090860745592/11796905517578125
193	110	2	16	1
193	110	3	16	1
193	110	4	16	1
193	110	5	16	1
193	110	6	16	1
193	110	7	16	1
193	110	9	16	1
193	110	10	16	1
193	110	11	16	1
193	110	13	16	1
193	111	2	16	108/413
193	111	3	16	108/413
193	111	4	16	-729/4130
193	111	5	16	108/413
193	111	6	16	-729/4130
193	111	7	16	-729/4130
193	111	9	16	108/413
193	111	10	16	-729/4130
193	111	11	16	-729/4130
193	111	13	16	-729/4130
193	112	2	16	4336821/119398300
193	112	3	16	4336821/119398300
193	112	4	16	-26973/29849575
193	112	5	16	4336821/119398300
193	112	6	16	-26973/29849575
193	112	7	16	-26973/29849575
193	112	9	16	4336821/119398300
193	112	10	16	-26973/29849575
193	112	11	16	-26973/29849575
193	112	13	16	-26973/29849575
193	113	2	16	-89616699/12327874475
193	113	3	16	-89616699/12327874475
193	113	4	16	113196933/9862299580
193	113	5	16	-89616699/12327874475
193	113	6	16	113196933/9862299580
193	113	7	16	113196933/9862299580
193	113	9	16	-89616699/12327874475
193	113	10	16	113196933/9862299580
193	113	11	16	113196933/9862299580
193	113	13	16	113196933/9862299580
193	114	2	16	-265244217792831/46840991855210000
193	114	3	16	-265244217792831/46840991855210000
193	114	4	16	-25846910978643/11710247963802500
193	114	5	16	-265244217792831/46840991855210000
193	114	6	16	-25846910978643/11710247963802500
193	114	7	16	-25846910978643/11710247963802500
193	114	9	16	-265244217792831/46840991855210000
193	114	10	16	-25846910978643/11710247963802500
193	114	11	16	-25846910978643/11710247963802500
193	114	13	16	-25846910978643/11710247963802500
193	115	2	16	-114554685570291/138180925972869500
193	115	3	16	-114554685570291/138180925972869500
193	115	4	16	-43188849262706841/48363324090504325000
193	115	5	16	-114554685570291/138180925972869500
193	115	6	16	-43188849262706841/48363324090504325000
193	115	7	16	-43188849262706841/48363324090504325000
193	115	9	16	-114554685570291/138180925972869500
193	115	10	16	-43188849262706841/48363324090504325000
193	115	11	16	-43188849262706841/48363324090504325000
193	115	13	16	-43188849262706841/48363324090504325000
194	80	19	19	2
194	81	16	16	-27/35
194	82	16	16	2187/8575
194	83	16	16	-19683/300125
194	84	16	16	2125764/241600625
194	85	16	16	43046721/16912043750
194	92	8	10	16
194	93	8	10	20736/4025
194	94	8	10	145193472/113404375
194	95	8	10	76912975872/456452609375
194	96	8	10	-71546481819648/1837221752734375
194	97	8	10	-232876980640677888/7394817554755859375
194	98	8	13	4
194	98	15	17	4
194	99	8	12	-3096/3185
194	99	14	15	-3096/3185
194	100	8	12	1318032/10144225
194	100	14	15	1318032/10144225
194	101	8	12	649008288/32309356625
194	101	14	15	649008288/32309356625
194	102	8	12	-110242855872/6900355450625
194	102	14	15	-110242855872/6900355450625
194	103	8	12	18571364003878272/7538327813812534375
194	103	14	15	18571364003878272/7538327813812534375
194	104	4	4	4
194	105	4	4	-198/875
194	106	4	4	-449793/5359375
194	107	4	4	147172707/9378906250
194	108	4	4	1732956936561/377500976562500
194	109	4	4	-1083070688412339/660626708984375000
195	80	19	19	2
195	82	16	16	-486/8575
195	84	16	16	1062882/241600625
195	92	10	17	16
195	93	10	16	13824/4025
195	94	10	16	26376192/113404375
195	95	10	16	-76106760192/456452609375
195	96	10	16	-113819594784768/1837221752734375
195	97	10	16	30854165601189888/7394817554755859375
195	104	14	16	8
195	105	14	15	-1296/875
195	106	14	15	87264/5359375
195	107	14	15	433760832/4689453125
195	108	14	15	-1969584066432/94375244140625
195	109	14	15	-533355344015616/82578338623046875
195	110	4	4	2/3
195	110	6	6	2/3
195	110	7	7	2/3
195	110	10	10	2/3
195	110	11	11	2/3
195	110	13	13	2/3
195	111	4	4	9/413
195	111	6	6	9/413
195	111	7	7	9/413
195	111	10	10	9/413
195	111	11	11	9/413
195	111	13	13	9/413
195	112	4	4	-1180899/59699150
195	112	6	6	-1180899/59699150
195	112	7	7	-1180899/59699150
195	112	10	10	-1180899/59699150
195	112	11	11	-1180899/59699150
195	112	13	13	-1180899/59699150
195	113	4	4	-97949169/49311497900
195	113	6	6	-97949169/49311497900
195	113	7	7	-97949169/49311497900
195	113	10	10	-97949169/49311497900
195	113	11	11	-97949169/49311497900
195	113	13	13	-97949169/49311497900
195	114	4	4	37353542547627/23420495927605000
195	114	6	6	37353542547627/23420495927605000
195	114	7	7	37353542547627/23420495927605000
195	114	10	10	37353542547627/23420495927605000
195	114	11	11	37353542547627/23420495927605000
195	114	13	13	37353542547627/23420495927605000
195	115	4	4	1063546125343029/3869065927240346000
195	115	6	6	1063546125343029/3869065927240346000
195	115	7	7	1063546125343029/3869065927240346000
195	115	10	10	1063546125343029/3869065927240346000
195	115	11	11	1063546125343029/3869065927240346000
195	115	13	13	1063546125343029/3869065927240346000
196	86	4	18	10
196	87	4	16	2160/1309
196	88	4	16	-369360/11994367
196	89	4	16	-1650222720/15700626403
196	90	4	16	-8007497896320/472698759115121
196	91	4	16	5176124460149760/618762675681693389
196	92	13	15	10
196	93	12	14	-135/92
196	94	12	14	-538245/5806304
196	95	12	14	111110535/1068359936
196	96	12	14	-88328151405/9632333182976
196	97	12	14	-17751056764545/1772349305667584
196	104	6	7	5
196	104	10	11	5
196	105	6	7	27/28
196	105	10	11	27/28
196	106	6	7	783/27440
196	106	10	11	783/27440
196	107	6	7	-212139/3841600
196	107	10	11	-212139/3841600
196	108	6	7	-181077039/12369952000
196	108	10	11	-181077039/12369952000
196	109	6	7	5427961227/1731793280000
196	109	10	11	5427961227/1731793280000
197	86	8	14	12
197	87	8	12	-65124/32725
197	88	8	12	118334196/7496479375
197	89	8	12	24926149588068/245322287546875
197	90	8	12	-3736651689106150068/184647952779344140625
197	91	8	12	-35426570976785070194724/6042604254704037001953125
197	92	4	6	12
197	93	4	6	2673/1150
197	94	4	6	237436029/1814470000
197	95	4	6	-821055618801/8346562000000
197	96	4	6	-59672889322011099/1881315074800000000
197	97	4	6	22589075806176016071/8654049344080000000000
197	98	6	12	3
197	98	7	11	3
197	99	6	11	675/637
197	99	7	10	675/637
197	100	6	11	2887083/10144225
197	100	7	10	2887083/10144225
197	101	6	11	9607491/258474853
197	101	7	10	9607491/258474853
197	102	6	11	-4427721378333/338117417080625
197	102	7	10	-4427721378333/338117417080625
197	103	6	11	-121318831897479/12061324502100055
197	103	7	10	-121318831897479/12061324502100055
198	86	8	14	2
198	86	8	18	2
198	86	14	18	2
198	87	8	12	14391/32725
198	87	8	16	-3753/6545
198	87	12	16	-3753/6545
198	88	8	12	7084179/152989375
198	88	8	16	4884057/42837025
198	88	12	16	4884057/42837025
198	89	8	12	-419735979351/35046041078125
198	89	8	16	-1064279493/280368328625
198	89	12	16	-1064279493/280368328625
198	90	8	12	-170518641555462084/26378278968477734375
198	90	8	16	-331741247494644/42205246349564375
198	90	12	16	-331741247494644/42205246349564375
198	91	8	12	-873030447911137137219/1726458358486867714843750
198	91	8	16	1666184534359874217/552466674715797668750
198	91	12	16	1666184534359874217/552466674715797668750
198	92	4	8	2
198	92	4	15	2
198	92	6	8	2
198	92	6	13	2
198	92	8	13	2
198	92	8	15	2
198	93	4	8	783/8050
198	93	4	14	1971/3220
198	93	6	8	783/8050
198	93	6	12	1971/3220
198	93	8	12	-297/805
198	93	8	14	-297/805
198	94	4	8	-12047697/259210000
198	94	4	14	2822931/20736800
198	94	6	8	-12047697/259210000
198	94	6	12	2822931/20736800
198	94	8	12	174717/10368400
198	94	8	14	174717/10368400
198	95	4	8	-30220235001/4173281000000
198	95	4	14	196849683/19077856000
198	95	6	8	-30220235001/4173281000000
198	95	6	12	196849683/19077856000
198	95	8	12	263496321/16693124000
198	95	8	14	263496321/16693124000
198	96	4	8	386469873379809/134379648200000000
198	96	4	14	-6571331206479/860029748480000
198	96	6	8	386469873379809/134379648200000000
198	96	6	12	-6571331206479/860029748480000
198	96	8	12	-139701489993/30715348160000
198	96	8	14	-139701489993/30715348160000
198	97	4	8	1763204803776610947/2163512336020000000000
198	97	4	14	-3017765518615107/791227368601600000
198	97	6	8	1763204803776610947/2163512336020000000000
198	97	6	12	-3017765518615107/791227368601600000
198	97	8	12	-181810777235373/346161973763200000
198	97	8	14	-181810777235373/346161973763200000
198	98	6	13	1/2
198	98	6	17	1/2
198	98	7	13	1/2
198	98	7	15	1/2
198	98	8	11	1/2
198	98	8	12	1/2
198	98	8	15	1/2
198	98	8	17	1/2
198	98	11	17	1/2
198	98	12	15	1/2
198	98	13	15	1/2
198	98	13	17	1/2
198	99	6	12	1773/12740
198	99	6	15	1773/12740
198	99	7	12	1773/12740
198	99	7	14	1773/12740
198	99	8	10	1773/12740
198	99	8	11	1773/12740
198	99	8	14	-729/12740
198	99	8	15	-729/12740
198	99	10	15	1773/12740
198	99	11	14	1773/12740
198	99	12	14	-729/12740
198	99	12	15	-729/12740
198	100	6	12	988227/40576900
198	100	6	15	988227/40576900
198	100	7	12	988227/40576900
198	100	7	14	988227/40576900
198	100	8	10	988227/40576900
198	100	8	11	988227/40576900
198	100	8	14	-317817/40576900
198	100	8	15	-317817/40576900
198	100	10	15	988227/40576900
198	100	11	14	988227/40576900
198	100	12	14	-317817/40576900
198	100	12	15	-317817/40576900
198	101	6	12	-39637188/32309356625
198	101	6	15	-39637188/32309356625
198	101	7	12	-39637188/32309356625
198	101	7	14	-39637188/32309356625
198	101	8	10	-39637188/32309356625
198	101	8	11	-39637188/32309356625
198	101	8	14	270621567/64618713250
198	101	8	15	270621567/64618713250
198	101	10	15	-39637188/32309356625
198	101	11	14	-39637188/32309356625
198	101	12	14	270621567/64618713250
198	101	12	15	270621567/64618713250
198	102	6	12	-12074653509777/4733643839128750
198	102	6	15	-12074653509777/4733643839128750
198	102	7	12	-12074653509777/4733643839128750
198	102	7	14	-12074653509777/4733643839128750
198	102	8	10	-12074653509777/4733643839128750
198	102	8	11	-12074653509777/4733643839128750
198	102	8	14	419622946443/4733643839128750
198	102	8	15	419622946443/4733643839128750
198	102	10	15	-12074653509777/4733643839128750
198	102	11	14	-12074653509777/4733643839128750
198	102	12	14	419622946443/4733643839128750
198	102	12	15	419622946443/4733643839128750
198	103	6	12	-41549778959480217/60306622510500275000
198	103	6	15	-41549778959480217/60306622510500275000
198	103	7	12	-41549778959480217/60306622510500275000
198	103	7	14	-41549778959480217/60306622510500275000
198	103	8	10	-41549778959480217/60306622510500275000
198	103	8	11	-41549778959480217/60306622510500275000
198	103	8	14	-26689857374462319/60306622510500275000
198	103	8	15	-26689857374462319/60306622510500275000
198	103	10	15	-41549778959480217/60306622510500275000
198	103	11	14	-41549778959480217/60306622510500275000
198	103	12	14	-26689857374462319/60306622510500275000
198	103	12	15	-26689857374462319/60306622510500275000
198	104	4	6	1
198	104	4	7	1
198	104	4	10	1
198	104	4	11	1
198	104	6	11	1
198	104	7	10	1
198	105	4	6	153/700
198	105	4	7	153/700
198	105	4	10	153/700
198	105	4	11	153/700
198	105	6	11	27/70
198	105	7	10	27/70
198	106	4	6	27/1250
198	106	4	7	27/1250
198	106	4	10	27/1250
198	106	4	11	27/1250
198	106	6	11	2403/19600
198	106	7	10	2403/19600
198	107	4	6	-1152549/171500000
198	107	4	7	-1152549/171500000
198	107	4	10	-1152549/171500000
198	107	4	11	-1152549/171500000
198	107	6	11	37179/1372000
198	107	7	10	37179/1372000
198	108	4	6	-4616142453/1380575000000
198	108	4	7	-4616142453/1380575000000
198	108	4	10	-4616142453/1380575000000
198	108	4	11	-4616142453/1380575000000
198	108	6	11	5714631/8835680000
198	108	7	10	5714631/8835680000
198	109	4	6	-177316726509/966402500000000
198	109	4	7	-177316726509/966402500000000
198	109	4	10	-177316726509/966402500000000
198	109	4	11	-177316726509/966402500000000
198	109	6	11	-1770938559/618497600000
198	109	7	10	-1770938559/618497600000
199	86	8	18	2
199	86	14	18	2
199	87	8	16	1296/6545
199	87	12	16	1296/6545
199	88	8	16	-1614006/42837025
199	88	12	16	-1614006/42837025
199	89	8	16	-603716976/40052618375
199	89	12	16	-603716976/40052618375
199	90	8	16	55588038789582/42205246349564375
199	90	12	16	55588038789582/42205246349564375
199	91	8	16	9514569907797552/5637415048120384375
199	91	12	16	9514569907797552/5637415048120384375
199	92	4	17	2
199	92	6	17	2
199	92	13	15	2
199	92	13	17	2
199	92	15	17	2
199	93	4	16	1296/4025
199	93	6	16	1296/4025
199	93	12	14	1539/3220
199	93	12	16	-81/161
199	93	14	16	-81/161
199	94	4	16	-59049/9257500
199	94	6	16	-59049/9257500
199	94	12	14	1161297/20736800
199	94	12	16	177147/2592100
199	94	14	16	177147/2592100
199	95	4	16	-1289275866/65207515625
199	95	6	16	-1289275866/65207515625
199	95	12	14	-1928599389/133544992000
199	95	12	16	10097379/834656200
199	95	14	16	10097379/834656200
199	96	4	16	-25769101638951/8398728012500000
199	96	6	16	-25769101638951/8398728012500000
199	96	12	14	-7554139928127/860029748480000
199	96	12	16	-127030873671/13437964820000
199	96	14	16	-127030873671/13437964820000
199	97	4	16	6437541949249869/4225610031289062500
199	97	6	16	6437541949249869/4225610031289062500
199	97	12	14	-4653256741294941/5538591580211200000
199	97	12	16	1223861324751/865404934408000
199	97	14	16	1223861324751/865404934408000
199	98	6	18	1/2
199	98	7	18	1/2
199	98	11	18	1/2
199	98	12	18	1/2
199	99	6	16	324/3185
199	99	7	16	324/3185
199	99	10	16	324/3185
199	99	11	16	324/3185
199	100	6	16	88209/20288450
199	100	7	16	88209/20288450
199	100	10	16	88209/20288450
199	100	11	16	88209/20288450
199	101	6	16	-186358644/32309356625
199	101	7	16	-186358644/32309356625
199	101	10	16	-186358644/32309356625
199	101	11	16	-186358644/32309356625
199	102	6	16	-8233943312097/4733643839128750
199	102	7	16	-8233943312097/4733643839128750
199	102	10	16	-8233943312097/4733643839128750
199	102	11	16	-8233943312097/4733643839128750
199	103	6	16	2163583813823532/7538327813812534375
199	103	7	16	2163583813823532/7538327813812534375
199	103	10	16	2163583813823532/7538327813812534375
199	103	11	16	2163583813823532/7538327813812534375
199	104	6	8	1
199	104	6	16	1
199	104	7	8	1
199	104	7	14	1
199	104	8	14	1
199	104	8	16	1
199	104	10	12	1
199	104	10	16	1
199	104	11	12	1
199	104	11	14	1
199	104	12	14	1
199	104	12	16	1
199	105	6	8	81/700
199	105	6	15	99/350
199	105	7	8	81/700
199	105	7	14	99/350
199	105	8	14	-243/1750
199	105	8	15	-243/1750
199	105	10	12	81/700
199	105	10	15	99/350
199	105	11	12	81/700
199	105	11	14	99/350
199	105	12	14	-243/1750
199	105	12	15	-243/1750
199	106	6	8	-8019/490000
199	106	6	15	1539/30625
199	106	7	8	-8019/490000
199	106	7	14	1539/30625
199	106	8	14	-8019/765625
199	106	8	15	-8019/765625
199	106	10	12	-8019/490000
199	106	10	15	1539/30625
199	106	11	12	-8019/490000
199	106	11	14	1539/30625
199	106	12	14	-8019/765625
199	106	12	15	-8019/765625
199	107	6	8	-3011499/343000000
199	107	6	15	-8019/3062500
199	107	7	8	-3011499/343000000
199	107	7	14	-8019/3062500
199	107	8	14	531441/54687500
199	107	8	15	531441/54687500
199	107	10	12	-3011499/343000000
199	107	10	15	-8019/3062500
199	107	11	12	-3011499/343000000
199	107	11	14	-8019/3062500
199	107	12	14	531441/54687500
199	107	12	15	531441/54687500
199	108	6	8	1181393343/5522300000000
199	108	6	15	-470902653/86285937500
199	108	7	8	1181393343/5522300000000
199	108	7	14	-470902653/86285937500
199	108	8	14	-34805665413/53928710937500
199	108	8	15	-34805665413/53928710937500
199	108	10	12	1181393343/5522300000000
199	108	10	15	-470902653/86285937500
199	108	11	12	1181393343/5522300000000
199	108	11	14	-470902653/86285937500
199	108	12	14	-34805665413/53928710937500
199	108	12	15	-34805665413/53928710937500
199	109	6	8	3721948637823/3865610000000000
199	109	6	15	-920396763/616328125000
199	109	7	8	3721948637823/3865610000000000
199	109	7	14	-920396763/616328125000
199	109	8	14	-12655865114163/13482177734375000
199	109	8	15	-12655865114163/13482177734375000
199	109	10	12	3721948637823/3865610000000000
199	109	10	15	-920396763/616328125000
199	109	11	12	3721948637823/3865610000000000
199	109	11	14	-920396763/616328125000
199	109	12	14	-12655865114163/13482177734375000
199	109	12	15	-12655865114163/13482177734375000
199	110	4	6	1/6
199	110	4	7	1/6
199	110	4	10	1/6
199	110	4	11	1/6
199	110	6	7	1/6
199	110	6	10	1/6
199	110	6	13	1/6
199	110	7	11	1/6
199	110	7	13	1/6
199	110	10	11	1/6
199	110	10	13	1/6
199	110	11	13	1/6
199	111	4	6	621/16520
199	111	4	7	621/16520
199	111	4	10	621/16520
199	111	4	11	621/16520
199	111	6	7	621/16520
199	111	6	10	621/16520
199	111	6	13	621/16520
199	111	7	11	621/16520
199	111	7	13	621/16520
199	111	10	11	621/16520
199	111	10	13	621/16520
199	111	11	13	621/16520
199	112	4	6	255879/68227600
199	112	4	7	255879/68227600
199	112	4	10	255879/68227600
199	112	4	11	255879/68227600
199	112	6	7	255879/68227600
199	112	6	10	255879/68227600
199	112	6	13	255879/68227600
199	112	7	11	255879/68227600
199	112	7	13	255879/68227600
199	112	10	11	255879/68227600
199	112	10	13	255879/68227600
199	112	11	13	255879/68227600
199	113	4	6	-362619909/281779988000
199	113	4	7	-362619909/281779988000
199	113	4	10	-362619909/281779988000
199	113	4	11	-362619909/281779988000
199	113	6	7	-362619909/281779988000
199	113	6	10	-362619909/281779988000
199	113	6	13	-362619909/281779988000
199	113	7	11	-362619909/281779988000
199	113	7	13	-362619909/281779988000
199	113	10	11	-362619909/281779988000
199	113	10	13	-362619909/281779988000
199	113	11	13	-362619909/281779988000
199	114	4	6	-4312147880547/6691570265030000
199	114	4	7	-4312147880547/6691570265030000
199	114	4	10	-4312147880547/6691570265030000
199	114	4	11	-4312147880547/6691570265030000
199	114	6	7	-4312147880547/6691570265030000
199	114	6	10	-4312147880547/6691570265030000
199	114	6	13	-4312147880547/6691570265030000
199	114	7	11	-4312147880547/6691570265030000
199	114	7	13	-4312147880547/6691570265030000
199	114	10	11	-4312147880547/6691570265030000
199	114	10	13	-4312147880547/6691570265030000
199	114	11	13	-4312147880547/6691570265030000
199	115	4	6	-296875284254343/9612586154634400000
199	115	4	7	-296875284254343/9612586154634400000
199	115	4	10	-296875284254343/9612586154634400000
199	115	4	11	-296875284254343/9612586154634400000
199	115	6	7	-296875284254343/9612586154634400000
199	115	6	10	-296875284254343/9612586154634400000
199	115	6	13	-296875284254343/9612586154634400000
199	115	7	11	-296875284254343/9612586154634400000
199	115	7	13	-296875284254343/9612586154634400000
199	115	10	11	-296875284254343/9612586154634400000
199	115	10	13	-296875284254343/9612586154634400000
199	115	11	13	-296875284254343/9612586154634400000
200	86	18	18	2
200	87	16	16	-4617/6545
200	88	16	16	59681043/299859175
200	89	16	16	-68854027401/1962578300375
200	90	16	16	-830428241948604/295436724446950625
200	91	16	16	19106078401713942171/3867266723010583681250
200	92	8	13	4
200	92	8	15	4
200	93	8	12	648/805
200	93	8	14	648/805
200	94	8	12	2206683/36289400
200	94	8	14	2206683/36289400
200	95	8	12	-416118303/14606483500
200	95	8	14	-416118303/14606483500
200	96	8	12	-8289464016249/752526029920000
200	96	8	14	-8289464016249/752526029920000
200	97	8	12	38876483809683/302891727042800000
200	97	8	14	38876483809683/302891727042800000
200	98	8	13	1
200	98	8	18	1
200	98	13	18	1
200	98	15	17	1
200	98	15	18	1
200	98	17	18	1
200	99	8	12	909/6370
200	99	8	16	-1593/6370
200	99	12	16	-1593/6370
200	99	14	15	909/6370
200	99	14	16	-1593/6370
200	99	15	16	-1593/6370
200	100	8	12	-163377/20288450
200	100	8	16	98901/2898350
200	100	12	16	98901/2898350
200	100	14	15	-163377/20288450
200	100	14	16	98901/2898350
200	100	15	16	98901/2898350
200	101	8	12	-299154627/32309356625
200	101	8	16	183484926/32309356625
200	101	12	16	183484926/32309356625
200	101	14	15	-299154627/32309356625
200	101	14	16	183484926/32309356625
200	101	15	16	183484926/32309356625
200	102	8	12	-2000999216997/2366821919564375
200	102	8	16	-10744853233617/2366821919564375
200	102	12	16	-10744853233617/2366821919564375
200	102	14	15	-2000999216997/2366821919564375
200	102	14	16	-10744853233617/2366821919564375
200	102	15	16	-10744853233617/2366821919564375
200	103	8	12	24470754472539819/30153311255250137500
200	103	8	16	21122795900410317/30153311255250137500
200	103	12	16	21122795900410317/30153311255250137500
200	103	14	15	24470754472539819/30153311255250137500
200	103	14	16	21122795900410317/30153311255250137500
200	103	15	16	21122795900410317/30153311255250137500
200	104	4	8	2
200	104	4	12	2
200	104	6	12	2
200	104	7	12	2
200	104	8	10	2
200	104	8	11	2
200	104	8	12	2
200	105	4	8	27/250
200	105	4	12	27/250
200	105	6	12	108/175
200	105	7	12	108/175
200	105	8	10	108/175
200	105	8	11	108/175
200	105	8	12	-351/875
200	106	4	8	-245916/5359375
200	106	4	12	-245916/5359375
200	106	6	12	237897/1715000
200	106	7	12	237897/1715000
200	106	8	10	237897/1715000
200	106	8	11	237897/1715000
200	106	8	12	1232253/42875000
200	107	4	8	-86428053/10718750000
200	107	4	12	-86428053/10718750000
200	107	6	12	1633689/150062500
200	107	7	12	1633689/150062500
200	107	8	10	1633689/150062500
200	107	8	11	1633689/150062500
200	107	8	12	1124076447/75031250000
200	108	4	8	8381413938069/3020007812500000
200	108	4	12	8381413938069/3020007812500000
200	108	6	12	-149802057639/19328050000000
200	108	7	12	-149802057639/19328050000000
200	108	8	10	-149802057639/19328050000000
200	108	8	11	-149802057639/19328050000000
200	108	8	12	-67446367206399/12080031250000000
200	109	4	8	1371881430424863/1510003906250000000
200	109	4	12	1371881430424863/1510003906250000000
200	109	6	12	-6677297353233/1691204375000000
200	109	7	12	-6677297353233/1691204375000000
200	109	8	10	-6677297353233/1691204375000000
200	109	8	11	-6677297353233/1691204375000000
200	109	8	12	-3167923845797451/21140054687500000000
201	86	18	18	2
201	87	16	16	432/6545
201	88	16	16	-2542266/42837025
201	89	16	16	-1687699152/280368328625
201	90	16	16	201938438151918/42205246349564375
201	91	16	16	230224853946321936/276233337357898834375
201	92	13	17	4
201	92	15	17	4
201	93	12	16	432/805
201	93	14	16	432/805
201	94	12	16	-68769/1296050
201	94	14	16	-68769/1296050
201	95	12	16	-433026/10646125
201	95	14	16	-433026/10646125
201	96	12	16	-10079841447/6718982410000
201	96	14	16	-10079841447/6718982410000
201	97	12	16	837980951769/193170744287500
201	97	14	16	837980951769/193170744287500
201	104	6	17	2
201	104	7	17	2
201	104	10	17	2
201	104	11	17	2
201	104	14	16	2
201	104	14	17	2
201	104	16	17	2
201	105	6	16	72/175
201	105	7	16	72/175
201	105	10	16	72/175
201	105	11	16	72/175
201	105	14	15	351/875
201	105	14	16	-387/875
201	105	15	16	-387/875
201	106	6	16	1269/61250
201	106	7	16	1269/61250
201	106	10	16	1269/61250
201	106	11	16	1269/61250
201	106	14	15	1809/109375
201	106	14	16	25947/765625
201	106	15	16	25947/765625
201	107	6	16	-118098/5359375
201	107	7	16	-118098/5359375
201	107	10	16	-118098/5359375
201	107	11	16	-118098/5359375
201	107	14	15	-14954706/669921875
201	107	14	16	13918068/669921875
201	107	15	16	13918068/669921875
201	108	6	16	-1217045817/172571875000
201	108	7	16	-1217045817/172571875000
201	108	10	16	-1217045817/172571875000
201	108	11	16	-1217045817/172571875000
201	108	14	15	-88928804394/13482177734375
201	108	14	16	-112934453634/13482177734375
201	108	15	16	-112934453634/13482177734375
201	109	6	16	7004175867/7550019531250
201	109	7	16	7004175867/7550019531250
201	109	10	16	7004175867/7550019531250
201	109	11	16	7004175867/7550019531250
201	109	14	15	26028584793081/23593811035156250
201	109	14	16	-7835170456017/23593811035156250
201	109	15	16	-7835170456017/23593811035156250
201	110	4	8	1/3
201	110	4	12	1/3
201	110	6	8	1/3
201	110	6	14	1/3
201	110	7	8	1/3
201	110	7	15	1/3
201	110	8	12	1/3
201	110	8	14	1/3
201	110	8	15	1/3
201	110	10	12	1/3
201	110	10	14	1/3
201	110	11	12	1/3
201	110	11	15	1/3
201	110	12	14	1/3
201	110	12	15	1/3
201	110	13	14	1/3
201	110	13	15	1/3
201	110	14	15	1/3
201	111	4	8	333/8260
201	111	4	12	333/8260
201	111	6	8	333/8260
201	111	6	14	333/8260
201	111	7	8	333/8260
201	111	7	15	333/8260
201	111	8	12	-207/4130
201	111	8	14	-207/4130
201	111	8	15	-207/4130
201	111	10	12	333/8260
201	111	10	14	333/8260
201	111	11	12	333/8260
201	111	11	15	333/8260
201	111	12	14	-207/4130
201	111	12	15	-207/4130
201	111	13	14	333/8260
201	111	13	15	333/8260
201	111	14	15	-207/4130
201	112	4	8	-22518/4264225
201	112	4	12	-22518/4264225
201	112	6	8	-22518/4264225
201	112	6	14	-22518/4264225
201	112	7	8	-22518/4264225
201	112	7	15	-22518/4264225
201	112	8	12	-178767/68227600
201	112	8	14	-178767/68227600
201	112	8	15	-178767/68227600
201	112	10	12	-22518/4264225
201	112	10	14	-22518/4264225
201	112	11	12	-22518/4264225
201	112	11	15	-22518/4264225
201	112	12	14	-178767/68227600
201	112	12	15	-178767/68227600
201	112	13	14	-22518/4264225
201	112	13	15	-22518/4264225
201	112	14	15	-178767/68227600
201	113	4	8	-872225901/281779988000
201	113	4	12	-872225901/281779988000
201	113	6	8	-872225901/281779988000
201	113	6	14	-872225901/281779988000
201	113	7	8	-872225901/281779988000
201	113	7	15	-872225901/281779988000
201	113	8	12	971664417/281779988000
201	113	8	14	971664417/281779988000
201	113	8	15	971664417/281779988000
201	113	10	12	-872225901/281779988000
201	113	10	14	-872225901/281779988000
201	113	11	12	-872225901/281779988000
201	113	11	15	-872225901/281779988000
201	113	12	14	971664417/281779988000
201	113	12	15	971664417/281779988000
201	113	13	14	-872225901/281779988000
201	113	13	15	-872225901/281779988000
201	113	14	15	971664417/281779988000
201	114	4	8	738672343569/26766281060120000
201	114	4	12	738672343569/26766281060120000
201	114	6	8	738672343569/26766281060120000
201	114	6	14	738672343569/26766281060120000
201	114	7	8	738672343569/26766281060120000
201	114	7	15	738672343569/26766281060120000
201	114	8	12	-5501978735157/15295017748640000
201	114	8	14	-5501978735157/15295017748640000
201	114	8	15	-5501978735157/15295017748640000
201	114	10	12	738672343569/26766281060120000
201	114	10	14	738672343569/26766281060120000
201	114	11	12	738672343569/26766281060120000
201	114	11	15	738672343569/26766281060120000
201	114	12	14	-5501978735157/15295017748640000
201	114	12	15	-5501978735157/15295017748640000
201	114	13	14	738672343569/26766281060120000
201	114	13	15	738672343569/26766281060120000
201	114	14	15	-5501978735157/15295017748640000
201	115	4	8	75512252947540671/221089481556591200000
201	115	4	12	75512252947540671/221089481556591200000
201	115	6	8	75512252947540671/221089481556591200000
201	115	6	14	75512252947540671/221089481556591200000
201	115	7	8	75512252947540671/221089481556591200000
201	115	7	15	75512252947540671/221089481556591200000
201	115	8	12	-6106479799385547/19225172309268800000
201	115	8	14	-6106479799385547/19225172309268800000
201	115	8	15	-6106479799385547/19225172309268800000
201	115	10	12	75512252947540671/221089481556591200000
201	115	10	14	75512252947540671/221089481556591200000
201	115	11	12	75512252947540671/221089481556591200000
201	115	11	15	75512252947540671/221089481556591200000
201	115	12	14	-6106479799385547/19225172309268800000
201	115	12	15	-6106479799385547/19225172309268800000
201	115	13	14	75512252947540671/221089481556591200000
201	115	13	15	75512252947540671/221089481556591200000
201	115	14	15	-6106479799385547/19225172309268800000
202	92	8	8	4
202	92	8	17	8
202	93	8	8	-1161/4025
202	93	8	16	-1404/575
202	94	8	8	-32370273/453617500
202	94	8	16	63613026/113404375
202	95	8	8	134654768793/7303241750000
202	95	8	16	-3827182203/65207515625
202	96	8	8	358503129814167/117582192175000000
202	96	8	16	-80714298766113/3674443505468750
202	97	8	8	-3330512934846775407/1893073294017500000000
202	97	8	16	56902955633173143/4225610031289062500
202	98	8	15	2
202	98	8	17	2
202	98	13	15	2
202	98	13	17	2
202	99	8	14	1728/3185
202	99	8	15	1728/3185
202	99	12	14	1728/3185
202	99	12	15	1728/3185
202	100	8	14	967896/10144225
202	100	8	15	967896/10144225
202	100	12	14	967896/10144225
202	100	12	15	967896/10144225
202	101	8	14	-71103744/32309356625
202	101	8	15	-71103744/32309356625
202	101	12	14	-71103744/32309356625
202	101	12	15	-71103744/32309356625
202	102	8	14	-19774372999968/2366821919564375
202	102	8	15	-19774372999968/2366821919564375
202	102	12	14	-19774372999968/2366821919564375
202	102	12	15	-19774372999968/2366821919564375
202	103	8	14	-18226314050190336/7538327813812534375
202	103	8	15	-18226314050190336/7538327813812534375
202	103	12	14	-18226314050190336/7538327813812534375
202	103	12	15	-18226314050190336/7538327813812534375
202	104	4	14	4
202	104	4	16	4
202	105	4	14	1152/875
202	105	4	15	1152/875
202	106	4	14	1817532/5359375
202	106	4	15	1817532/5359375
202	107	4	14	232626816/4689453125
202	107	4	15	232626816/4689453125
202	108	4	14	-775112314716/94375244140625
202	108	4	15	-775112314716/94375244140625
202	109	4	14	-672080077415808/82578338623046875
202	109	4	15	-672080077415808/82578338623046875
202	110	4	13	2/3
202	110	6	11	2/3
202	110	7	10	2/3
202	111	4	13	576/2065
202	111	6	11	576/2065
202	111	7	10	576/2065
202	112	4	13	6073623/59699150
202	112	6	11	6073623/59699150
202	112	7	10	6073623/59699150
202	113	4	13	1851671664/61639372375
202	113	6	11	1851671664/61639372375
202	113	7	10	1851671664/61639372375
202	114	4	13	131808906824139/23420495927605000
202	114	6	11	131808906824139/23420495927605000
202	114	7	10	131808906824139/23420495927605000
202	115	4	13	-2963316995086284/6045415511313040625
202	115	6	11	-2963316995086284/6045415511313040625
202	115	7	10	-2963316995086284/6045415511313040625
203	92	8	17	4
203	92	17	17	2
203	93	8	16	1296/4025
203	93	16	16	-2673/4025
203	94	8	16	-1340631/16200625
203	94	16	16	2692197/16200625
203	95	8	16	-1575191124/65207515625
203	95	16	16	-1245166263/65207515625
203	96	8	16	4230674786601/1049841001562500
203	96	16	16	-1991685687228/262460250390625
203	97	8	16	2853890028544221/1056402507822265625
203	97	16	16	10788735071101779/2112805015644531250
203	98	8	18	1
203	98	13	18	1
203	98	15	18	1
203	98	17	18	1
203	99	8	16	432/3185
203	99	12	16	432/3185
203	99	14	16	432/3185
203	99	15	16	432/3185
203	100	8	16	-122958/10144225
203	100	12	16	-122958/10144225
203	100	14	16	-122958/10144225
203	100	15	16	-122958/10144225
203	101	8	16	-320596704/32309356625
203	101	12	16	-320596704/32309356625
203	101	14	16	-320596704/32309356625
203	101	15	16	-320596704/32309356625
203	102	8	16	-1133969673924/2366821919564375
203	102	12	16	-1133969673924/2366821919564375
203	102	14	16	-1133969673924/2366821919564375
203	102	15	16	-1133969673924/2366821919564375
203	103	8	16	7647534591437376/7538327813812534375
203	103	12	16	7647534591437376/7538327813812534375
203	103	14	16	7647534591437376/7538327813812534375
203	103	15	16	7647534591437376/7538327813812534375
203	104	4	17	2
203	104	8	8	1
203	104	8	14	2
203	104	8	16	2
203	104	8	17	2
203	104	12	12	1
203	104	12	14	2
203	104	12	16	2
203	104	12	17	2
203	105	4	16	288/875
203	105	8	8	-27/3500
203	105	8	14	432/875
203	105	8	15	432/875
203	105	8	16	-459/875
203	105	12	12	-27/3500
203	105	12	14	432/875
203	105	12	15	432/875
203	105	12	16	-459/875
203	106	4	16	-1053/765625
203	106	8	8	-339471/12250000
203	106	8	14	50787/765625
203	106	8	15	50787/765625
203	106	8	16	125631/1531250
203	106	12	12	-339471/12250000
203	106	12	14	50787/765625
203	106	12	15	50787/765625
203	106	12	16	125631/1531250
203	107	4	16	-12398832/669921875
203	107	8	8	27536517/42875000000
203	107	8	14	-7400808/669921875
203	107	8	15	-7400808/669921875
203	107	8	16	20411271/2679687500
203	107	12	12	27536517/42875000000
203	107	12	14	-7400808/669921875
203	107	12	15	-7400808/669921875
203	107	12	16	20411271/2679687500
203	108	4	16	-89890377993/26964355468750
203	108	8	8	7257157942743/3451437500000000
203	108	8	14	-233405167113/26964355468750
203	108	8	15	-233405167113/26964355468750
203	108	8	16	-996142044897/107857421875000
203	108	12	12	7257157942743/3451437500000000
203	108	12	14	-233405167113/26964355468750
203	108	12	15	-233405167113/26964355468750
203	108	12	16	-996142044897/107857421875000
203	109	4	16	14656994921304/11796905517578125
203	109	8	8	-982795234206861/12080031250000000000
203	109	8	14	-15417977099004/11796905517578125
203	109	8	15	-15417977099004/11796905517578125
203	109	8	16	377203431081123/188750488281250000
203	109	12	12	-982795234206861/12080031250000000000
203	109	12	14	-15417977099004/11796905517578125
203	109	12	15	-15417977099004/11796905517578125
203	109	12	16	377203431081123/188750488281250000
203	110	4	14	1/3
203	110	4	15	1/3
203	110	6	12	1/3
203	110	6	15	1/3
203	110	7	12	1/3
203	110	7	14	1/3
203	110	8	10	1/3
203	110	8	11	1/3
203	110	8	13	1/3
203	110	10	15	1/3
203	110	11	14	1/3
203	110	12	13	1/3
203	111	4	14	216/2065
203	111	4	15	216/2065
203	111	6	12	216/2065
203	111	6	15	216/2065
203	111	7	12	216/2065
203	111	7	14	216/2065
203	111	8	10	216/2065
203	111	8	11	216/2065
203	111	8	13	216/2065
203	111	10	15	216/2065
203	111	11	14	216/2065
203	111	12	13	216/2065
203	112	4	14	818667/34113800
203	112	4	15	818667/34113800
203	112	6	12	818667/34113800
203	112	6	15	818667/34113800
203	112	7	12	818667/34113800
203	112	7	14	818667/34113800
203	112	8	10	818667/34113800
203	112	8	11	818667/34113800
203	112	8	13	818667/34113800
203	112	10	15	818667/34113800
203	112	11	14	818667/34113800
203	112	12	13	818667/34113800
203	113	4	14	17537553/8805624625
203	113	4	15	17537553/8805624625
203	113	6	12	17537553/8805624625
203	113	6	15	17537553/8805624625
203	113	7	12	17537553/8805624625
203	113	7	14	17537553/8805624625
203	113	8	10	17537553/8805624625
203	113	8	11	17537553/8805624625
203	113	8	13	17537553/8805624625
203	113	10	15	17537553/8805624625
203	113	11	14	17537553/8805624625
203	113	12	13	17537553/8805624625
203	114	4	14	-35925085826667/26766281060120000
203	114	4	15	-35925085826667/26766281060120000
203	114	6	12	-35925085826667/26766281060120000
203	114	6	15	-35925085826667/26766281060120000
203	114	7	12	-35925085826667/26766281060120000
203	114	7	14	-35925085826667/26766281060120000
203	114	8	10	-35925085826667/26766281060120000
203	114	8	11	-35925085826667/26766281060120000
203	114	8	13	-35925085826667/26766281060120000
203	114	10	15	-35925085826667/26766281060120000
203	114	11	14	-35925085826667/26766281060120000
203	114	12	13	-35925085826667/26766281060120000
203	115	4	14	-4895909816170311/6909046298643475000
203	115	4	15	-4895909816170311/6909046298643475000
203	115	6	12	-4895909816170311/6909046298643475000
203	115	6	15	-4895909816170311/6909046298643475000
203	115	7	12	-4895909816170311/6909046298643475000
203	115	7	14	-4895909816170311/6909046298643475000
203	115	8	10	-4895909816170311/6909046298643475000
203	115	8	11	-4895909816170311/6909046298643475000
203	115	8	13	-4895909816170311/6909046298643475000
203	115	10	15	-4895909816170311/6909046298643475000
203	115	11	14	-4895909816170311/6909046298643475000
203	115	12	13	-4895909816170311/6909046298643475000
204	92	17	17	6
204	93	16	16	1296/4025
204	94	16	16	-20005218/113404375
204	95	16	16	-13809907728/456452609375
204	96	16	16	25406898556842/1837221752734375
204	97	16	16	31787544859378992/7394817554755859375
204	104	14	17	6
204	104	16	17	6
204	105	14	16	864/875
204	105	15	16	864/875
204	106	14	16	-190188/5359375
204	106	15	16	-190188/5359375
204	107	14	16	-332983872/4689453125
204	107	15	16	-332983872/4689453125
204	108	14	16	-932147671464/94375244140625
204	108	15	16	-932147671464/94375244140625
204	109	14	16	547081687488384/82578338623046875
204	109	15	16	547081687488384/82578338623046875
204	110	4	16	1
204	110	6	16	1
204	110	7	16	1
204	110	8	8	1/2
204	110	8	16	1
204	110	10	16	1
204	110	11	16	1
204	110	12	12	1/2
204	110	12	16	1
204	110	13	16	1
204	110	14	14	1/2
204	110	14	16	1
204	110	15	15	1/2
204	110	15	16	1
204	111	4	16	432/2065
204	111	6	16	432/2065
204	111	7	16	432/2065
204	111	8	8	351/16520
204	111	8	16	-27/118
204	111	10	16	432/2065
204	111	11	16	432/2065
204	111	12	12	351/16520
204	111	12	16	-27/118
204	111	13	16	432/2065
204	111	14	14	351/16520
204	111	14	16	-27/118
204	111	15	15	351/16520
204	111	15	16	-27/118
204	112	4	16	734589/59699150
204	112	6	16	734589/59699150
204	112	7	16	734589/59699150
204	112	8	8	-14162769/955186400
204	112	8	16	2494881/119398300
204	112	10	16	734589/59699150
204	112	11	16	734589/59699150
204	112	12	12	-14162769/955186400
204	112	12	16	2494881/119398300
204	112	13	16	734589/59699150
204	112	14	14	-14162769/955186400
204	112	14	16	2494881/119398300
204	112	15	15	-14162769/955186400
204	112	15	16	2494881/119398300
204	113	4	16	-130537656/12327874475
204	113	6	16	-130537656/12327874475
204	113	7	16	-130537656/12327874475
204	113	8	8	-15518805471/7889839664000
204	113	8	16	135478089/14088999400
204	113	10	16	-130537656/12327874475
204	113	11	16	-130537656/12327874475
204	113	12	12	-15518805471/7889839664000
204	113	12	16	135478089/14088999400
204	113	13	16	-130537656/12327874475
204	113	14	14	-15518805471/7889839664000
204	113	14	16	135478089/14088999400
204	113	15	15	-15518805471/7889839664000
204	113	15	16	135478089/14088999400
204	114	4	16	-42563525808303/11710247963802500
204	114	6	16	-42563525808303/11710247963802500
204	114	7	16	-42563525808303/11710247963802500
204	114	8	8	1778792855033457/1498911739366720000
204	114	8	16	-207531914729751/46840991855210000
204	114	10	16	-42563525808303/11710247963802500
204	114	11	16	-42563525808303/11710247963802500
204	114	12	12	1778792855033457/1498911739366720000
204	114	12	16	-207531914729751/46840991855210000
204	114	13	16	-42563525808303/11710247963802500
204	114	14	14	1778792855033457/1498911739366720000
204	114	14	16	-207531914729751/46840991855210000
204	114	15	15	1778792855033457/1498911739366720000
204	114	15	16	-207531914729751/46840991855210000
204	115	4	16	2152529798508252/6045415511313040625
204	115	6	16	2152529798508252/6045415511313040625
204	115	7	16	2152529798508252/6045415511313040625
204	115	8	8	3417231758538078351/12381010967169107200000
204	115	8	16	44235924931377/1105447407782956000
204	115	10	16	2152529798508252/6045415511313040625
204	115	11	16	2152529798508252/6045415511313040625
204	115	12	12	3417231758538078351/12381010967169107200000
204	115	12	16	44235924931377/1105447407782956000
204	115	13	16	2152529798508252/6045415511313040625
204	115	14	14	3417231758538078351/12381010967169107200000
204	115	14	16	44235924931377/1105447407782956000
204	115	15	15	3417231758538078351/12381010967169107200000
204	115	15	16	44235924931377/1105447407782956000
205	98	18	18	6
205	99	16	16	-1215/637
205	100	16	16	4402431/10144225
205	101	16	16	-36669429/1292374265
205	102	16	16	-10033157543796/338117417080625
205	103	16	16	1729120791946707/120613245021000550
205	104	8	12	24
205	105	8	12	3888/875
205	106	8	12	2092959/10718750
205	107	8	12	-919924371/4689453125
205	108	8	12	-168853216785597/3020007812500000
205	109	8	12	9239082559058943/1321253417968750000
206	98	18	18	2
206	99	16	16	432/3185
206	100	16	16	-582714/10144225
206	101	16	16	-417909456/32309356625
206	102	16	16	10143370967022/2366821919564375
206	103	16	16	14002207484625936/7538327813812534375
206	104	8	17	8
206	104	12	17	8
206	104	17	17	4
206	105	8	16	864/875
206	105	12	16	864/875
206	105	16	16	-1062/875
206	106	8	16	-646866/5359375
206	106	12	16	-646866/5359375
206	106	16	16	1323702/5359375
206	107	8	16	-350672328/4689453125
206	107	12	16	-350672328/4689453125
206	107	16	16	-6279606/4689453125
206	108	8	16	-31949701479/188750488281250
206	108	12	16	-31949701479/188750488281250
206	108	16	16	-2172564767736/94375244140625
206	109	8	16	669010547459934/82578338623046875
206	109	12	16	669010547459934/82578338623046875
206	109	16	16	686384230686633/82578338623046875
206	110	8	12	4/3
206	110	8	14	4/3
206	110	8	15	4/3
206	110	12	14	4/3
206	110	12	15	4/3
206	110	14	15	4/3
206	111	8	12	648/2065
206	111	8	14	648/2065
206	111	8	15	648/2065
206	111	12	14	648/2065
206	111	12	15	648/2065
206	111	14	15	648/2065
206	112	8	12	4215807/119398300
206	112	8	14	4215807/119398300
206	112	8	15	4215807/119398300
206	112	12	14	4215807/119398300
206	112	12	15	4215807/119398300
206	112	14	15	4215807/119398300
206	113	8	12	-1212216921/123278744750
206	113	8	14	-1212216921/123278744750
206	113	8	15	-1212216921/123278744750
206	113	12	14	-1212216921/123278744750
206	113	12	15	-1212216921/123278744750
206	113	14	15	-1212216921/123278744750
206	114	8	12	-1061809690768101/187363967420840000
206	114	8	14	-1061809690768101/187363967420840000
206	114	8	15	-1061809690768101/187363967420840000
206	114	12	14	-1061809690768101/187363967420840000
206	114	12	15	-1061809690768101/187363967420840000
206	114	14	15	-1061809690768101/187363967420840000
206	115	8	12	-90992168277031899/193453296362017300000
206	115	8	14	-90992168277031899/193453296362017300000
206	115	8	15	-90992168277031899/193453296362017300000
206	115	12	14	-90992168277031899/193453296362017300000
206	115	12	15	-90992168277031899/193453296362017300000
206	115	14	15	-90992168277031899/193453296362017300000
207	104	17	17	12
207	105	16	16	864/875
207	106	16	16	-253692/765625
207	107	16	16	-63755424/669921875
207	108	16	16	305337103956/13482177734375
207	109	16	16	162023368230432/11796905517578125
207	110	8	16	4
207	110	12	16	4
207	110	14	16	4
207	110	15	16	4
207	110	16	16	2
207	111	8	16	1296/2065
207	111	12	16	1296/2065
207	111	14	16	1296/2065
207	111	15	16	1296/2065
207	111	16	16	-1161/2065
207	112	8	16	-139239/4264225
207	112	12	16	-139239/4264225
207	112	14	16	-139239/4264225
207	112	15	16	-139239/4264225
207	112	16	16	394389/4264225
207	113	8	16	-16297524/352224985
207	113	12	16	-16297524/352224985
207	113	14	16	-16297524/352224985
207	113	15	16	-16297524/352224985
207	113	16	16	95639697/8805624625
207	114	8	16	-8648798911281/1672892566257500
207	114	12	16	-8648798911281/1672892566257500
207	114	14	16	-8648798911281/1672892566257500
207	114	15	16	-8648798911281/1672892566257500
207	114	16	16	-5315381474148/418223141564375
207	115	8	16	3931445104988283/863630787330434375
207	115	12	16	3931445104988283/863630787330434375
207	115	14	16	3931445104988283/863630787330434375
207	115	15	16	3931445104988283/863630787330434375
207	115	16	16	4800177840266829/1727261574660868750
208	110	16	16	30
208	111	16	16	1296/413
208	112	16	16	-4492098/5969915
208	113	16	16	-3757405968/12327874475
208	114	16	16	22999324149126/585512398190125
208	115	16	16	52930648303918416/1209083102262608125
