# constraint	block	row	column	exact scalar coefficient
1	1	1	1	-1
1	2	1	1	1
1	3	1	1	1
1	4	1	1	1
1	5	1	1	1
1	6	1	1	1
1	7	1	1	1
1	8	3	3	1
2	2	1	1	2
2	3	1	1	-2/9
2	4	1	1	-1/27
2	5	1	1	13/729
2	6	1	1	124/111537
2	7	1	1	-728/334611
2	8	1	1	2
2	8	1	3	4
2	9	1	1	160/81
2	10	1	1	12800/6561
2	11	1	1	1024000/531441
2	12	1	1	81920000/43046721
2	13	1	1	6553600000/3486784401
2	14	3	3	1
2	14	3	6	2
2	14	6	6	1
3	2	1	1	2
3	3	1	1	14/27
3	4	1	1	37/486
3	5	1	1	-413/39366
3	6	1	1	-5143/531441
3	7	1	1	-7637/4782969
3	8	2	2	2
3	8	2	3	4
3	9	2	2	1360/729
3	10	2	2	924800/531441
3	11	2	2	628864000/387420489
3	12	2	2	427627520000/282429536481
3	13	2	2	290786713600000/205891132094649
3	20	5	5	1
3	20	5	6	2
3	20	6	6	1
4	8	1	1	6
4	9	1	1	-20/27
4	10	1	1	-6400/67797
4	11	1	1	316000/5491557
4	12	1	1	3040000/4892977287
4	13	1	1	-2651200000/396331160247
4	14	1	1	3
4	14	1	3	6
4	14	1	6	6
4	15	1	1	35/12
4	16	1	1	1225/432
4	17	1	1	42875/15552
4	18	1	1	1500625/559872
4	19	1	1	52521875/20155392
4	26	3	3	1
4	26	3	6	2
4	26	3	11	2
4	26	6	6	1
4	26	6	11	2
4	26	11	11	1
5	8	1	1	2
5	8	1	2	4
5	9	1	1	40/81
5	9	1	2	-80/243
5	10	1	1	12800/203391
5	10	1	2	-166400/1830519
5	11	1	1	-224000/16474671
5	11	1	2	11968000/444816117
5	12	1	1	-135680000/14678931861
5	12	1	2	6179840000/1188993480741
5	13	1	1	-1177600000/1188993480741
5	13	1	2	-980684800000/288925415820063
5	14	2	2	1
5	14	2	3	2
5	14	2	6	2
5	14	3	4	2
5	14	4	4	1
5	14	4	6	2
5	15	2	2	25/27
5	15	3	3	25/27
5	16	2	2	625/729
5	16	3	3	625/729
5	17	2	2	15625/19683
5	17	3	3	15625/19683
5	18	2	2	390625/531441
5	18	3	3	390625/531441
5	19	2	2	9765625/14348907
5	19	3	3	9765625/14348907
5	20	1	1	1
5	20	1	5	2
5	20	1	6	2
5	21	1	1	50/51
5	22	1	1	2500/2601
5	23	1	1	125000/132651
5	24	1	1	6250000/6765201
5	25	1	1	312500000/345025251
5	32	3	3	1
5	32	3	10	2
5	32	3	11	2
5	32	10	10	1
5	32	10	11	2
5	32	11	11	1
6	8	1	2	4
6	8	2	2	2
6	9	1	2	280/243
6	9	2	2	-260/729
6	10	1	2	409600/1830519
6	10	2	2	156800/16474671
6	11	1	2	952000/444816117
6	11	2	2	211276000/12010035159
6	12	1	2	-1952960000/108090316431
6	12	2	2	-36554080000/8755315630911
6	13	1	2	-158883200000/26265946892733
6	13	2	2	-6182321600000/6382625094934119
6	14	3	5	2
6	14	5	5	1
6	14	5	6	2
6	15	4	4	275/324
6	16	4	4	75625/104976
6	17	4	4	20796875/34012224
6	18	4	4	5719140625/11019960576
6	19	4	4	1572763671875/3570467226624
6	20	2	2	1
6	20	2	5	2
6	20	2	6	2
6	20	3	3	1
6	20	3	5	2
6	20	3	6	2
6	21	2	2	275/306
6	21	3	3	275/306
6	22	2	2	75625/93636
6	22	3	3	75625/93636
6	23	2	2	20796875/28652616
6	23	3	3	20796875/28652616
6	24	2	2	5719140625/8767700496
6	24	3	3	5719140625/8767700496
6	25	2	2	1572763671875/2682916351776
6	25	3	3	1572763671875/2682916351776
6	38	7	7	1
6	38	7	10	2
6	38	7	11	2
6	38	10	10	1
6	38	10	11	2
6	38	11	11	1
7	8	2	2	6
7	9	2	2	280/243
7	10	2	2	329600/5491557
7	11	2	2	-201824000/4003345053
7	12	2	2	-491471360000/32102823980007
7	13	2	2	43870668800000/23402958681425103
7	20	4	4	3
7	20	4	5	6
7	20	4	6	6
7	21	4	4	410/153
7	22	4	4	168100/70227
7	23	4	4	68921000/32234193
7	24	4	4	28257610000/14795494587
7	25	4	4	11585620100000/6791132015433
7	44	9	9	1
7	44	9	10	2
7	44	9	11	2
7	44	10	10	1
7	44	10	11	2
7	44	11	11	1
8	14	1	1	12
8	15	1	1	-5/3
8	16	1	1	-5/36
8	17	1	1	475/3888
8	18	1	1	-875/139968
8	19	1	1	-21875/1679616
8	26	1	1	4
8	26	1	3	8
8	26	1	6	8
8	26	1	11	8
8	27	1	1	80/21
8	28	1	1	1600/441
8	29	1	1	32000/9261
8	30	1	1	640000/194481
8	31	1	1	12800000/4084101
8	50	3	3	1
8	50	3	6	2
8	50	3	11	2
8	50	3	20	2
8	50	6	6	1
8	50	6	11	2
8	50	6	20	2
8	50	11	11	1
8	50	11	20	2
8	50	20	20	1
9	14	1	1	2
9	14	1	2	4
9	14	1	4	4
9	15	1	1	25/54
9	15	1	2	-10/27
9	15	1	3	-10/27
9	16	1	1	835/17496
9	16	1	2	-185/2187
9	16	1	3	-185/2187
9	17	1	1	-10375/629856
9	17	1	2	1175/39366
9	17	1	3	1175/39366
9	18	1	1	-571375/68024448
9	18	1	2	4375/1062882
9	18	1	3	4375/1062882
9	19	1	1	-6453125/22039921152
9	19	1	2	-634375/172186884
9	19	1	3	-634375/172186884
9	20	1	1	2
9	21	1	1	-40/153
9	22	1	1	-2020/70227
9	23	1	1	72400/3581577
9	24	1	1	-326875/1095962562
9	25	1	1	-581368750/251523407979
9	26	2	2	2/3
9	26	2	3	4/3
9	26	2	6	4/3
9	26	2	11	4/3
9	26	3	4	4/3
9	26	3	7	4/3
9	26	4	4	2/3
9	26	4	6	4/3
9	26	4	11	4/3
9	26	6	7	4/3
9	26	7	7	2/3
9	26	7	11	4/3
9	27	2	2	1040/1701
9	27	3	3	1040/1701
9	27	5	5	1040/1701
9	28	2	2	540800/964467
9	28	3	3	540800/964467
9	28	5	5	540800/964467
9	29	2	2	281216000/546852789
9	29	3	3	281216000/546852789
9	29	5	5	281216000/546852789
9	30	2	2	146232320000/310065531363
9	30	3	3	146232320000/310065531363
9	30	5	5	146232320000/310065531363
9	31	2	2	76040806400000/175807156282821
9	31	3	3	76040806400000/175807156282821
9	31	5	5	76040806400000/175807156282821
9	32	1	1	2
9	32	1	3	4
9	32	1	10	4
9	32	1	11	4
9	33	1	1	52/27
9	34	1	1	1352/729
9	35	1	1	35152/19683
9	36	1	1	913952/531441
9	37	1	1	23762752/14348907
9	56	3	3	1
9	56	3	6	2
9	56	3	19	2
9	56	3	20	2
9	56	6	6	1
9	56	6	19	2
9	56	6	20	2
9	56	19	19	1
9	56	19	20	2
9	56	20	20	1
10	14	1	2	2
10	14	1	4	2
10	14	1	5	2
10	14	2	2	1
10	14	4	4	1
10	15	1	2	5/9
10	15	1	3	5/9
10	15	1	4	-5/54
10	15	2	2	-5/27
10	15	3	3	-5/27
10	16	1	2	145/1458
10	16	1	3	145/1458
10	16	1	4	-295/5832
10	16	2	2	5/729
10	16	3	3	5/729
10	17	1	2	-25/8748
10	17	1	3	-25/8748
10	17	1	4	4675/629856
10	17	2	2	175/19683
10	17	3	3	175/19683
10	18	1	2	-4375/472392
10	18	1	3	-4375/472392
10	18	1	4	240625/68024448
10	18	2	2	-1250/531441
10	18	3	3	-1250/531441
10	19	1	2	-21875/8503056
10	19	1	3	-21875/8503056
10	19	1	4	-6803125/7346640384
10	19	2	2	-6250/14348907
10	19	3	3	-6250/14348907
10	20	1	2	2
10	20	1	3	2
10	21	1	2	-10/51
10	21	1	3	-10/51
10	22	1	2	-910/23409
10	22	1	3	-910/23409
10	23	1	2	6050/397953
10	23	1	3	6050/397953
10	24	1	2	96250/60886809
10	24	1	3	96250/60886809
10	25	1	2	-5581250/3105227259
10	25	1	3	-5581250/3105227259
10	26	3	5	2/3
10	26	3	8	2/3
10	26	3	9	2/3
10	26	5	5	1/3
10	26	5	6	2/3
10	26	5	11	2/3
10	26	6	8	2/3
10	26	6	9	2/3
10	26	8	8	1/3
10	26	8	11	2/3
10	26	9	9	1/3
10	26	9	11	2/3
10	27	4	4	160/567
10	27	6	6	160/567
10	27	7	7	160/567
10	28	4	4	25600/107163
10	28	6	6	25600/107163
10	28	7	7	25600/107163
10	29	4	4	4096000/20253807
10	29	6	6	4096000/20253807
10	29	7	7	4096000/20253807
10	30	4	4	655360000/3827969523
10	30	6	6	655360000/3827969523
10	30	7	7	655360000/3827969523
10	31	4	4	104857600000/723486239847
10	31	6	6	104857600000/723486239847
10	31	7	7	104857600000/723486239847
10	32	3	4	2
10	32	3	6	2
10	32	4	4	1
10	32	4	10	2
10	32	4	11	2
10	32	6	6	1
10	32	6	10	2
10	32	6	11	2
10	33	3	3	8/9
10	33	5	5	8/9
10	34	3	3	64/81
10	34	5	5	64/81
10	35	3	3	512/729
10	35	5	5	512/729
10	36	3	3	4096/6561
10	36	5	5	4096/6561
10	37	3	3	32768/59049
10	37	5	5	32768/59049
10	38	1	1	1
10	38	1	7	2
10	38	1	10	2
10	38	1	11	2
10	39	1	1	32/33
10	40	1	1	1024/1089
10	41	1	1	32768/35937
10	42	1	1	1048576/1185921
10	43	1	1	33554432/39135393
10	62	3	3	1
10	62	3	14	2
10	62	3	19	2
10	62	3	20	2
10	62	14	14	1
10	62	14	19	2
10	62	14	20	2
10	62	19	19	1
10	62	19	20	2
10	62	20	20	1
11	14	1	5	6
11	15	1	4	35/18
11	16	1	4	35/72
11	17	1	4	13475/209952
11	18	1	4	-336875/22674816
11	19	1	4	-1071875/90699264
11	20	2	2	3
11	20	3	3	3
11	21	2	2	-65/102
11	21	3	3	-65/102
11	22	2	2	205/3468
11	22	3	3	205/3468
11	23	2	2	189475/9550872
11	23	3	3	189475/9550872
11	24	2	2	-13275625/1461283416
11	24	3	3	-13275625/1461283416
11	25	2	2	11009375/49683636144
11	25	3	3	11009375/49683636144
11	26	3	10	2
11	26	6	10	2
11	26	10	10	1
11	26	10	11	2
11	27	8	8	20/27
11	28	8	8	400/729
11	29	8	8	8000/19683
11	30	8	8	160000/531441
11	31	8	8	3200000/14348907
11	38	5	5	3
11	38	5	7	6
11	38	5	10	6
11	38	5	11	6
11	39	5	5	28/11
11	40	5	5	784/363
11	41	5	5	21952/11979
11	42	5	5	614656/395307
11	43	5	5	17210368/13045131
11	68	11	11	1
11	68	11	14	2
11	68	11	19	2
11	68	11	20	2
11	68	14	14	1
11	68	14	19	2
11	68	14	20	2
11	68	19	19	1
11	68	19	20	2
11	68	20	20	1
12	14	2	2	3
12	14	4	4	3
12	15	2	2	5/9
12	15	3	3	5/9
12	16	2	2	5/243
12	16	3	3	5/243
12	17	2	2	-175/6561
12	17	3	3	-175/6561
12	18	2	2	-1250/177147
12	18	3	3	-1250/177147
12	19	2	2	6250/4782969
12	19	3	3	6250/4782969
12	20	1	4	6
12	21	1	4	-20/51
12	22	1	4	-1160/7803
12	23	1	4	38800/1193859
12	24	1	4	1805000/182660427
12	25	1	4	-116650000/27947045331
12	32	3	8	6
12	32	8	8	3
12	32	8	10	6
12	32	8	11	6
12	33	7	7	8/3
12	34	7	7	64/27
12	35	7	7	512/243
12	36	7	7	4096/2187
12	37	7	7	32768/19683
12	44	1	1	1
12	44	1	9	2
12	44	1	10	2
12	44	1	11	2
12	45	1	1	40/41
12	46	1	1	1600/1681
12	47	1	1	64000/68921
12	48	1	1	2560000/2825761
12	49	1	1	102400000/115856201
12	74	3	3	1
12	74	3	18	2
12	74	3	19	2
12	74	3	20	2
12	74	18	18	1
12	74	18	19	2
12	74	18	20	2
12	74	19	19	1
12	74	19	20	2
12	74	20	20	1
13	14	2	4	8
13	15	2	3	-40/81
13	16	2	3	-3880/19683
13	17	2	3	21400/531441
13	18	2	3	565000/43046721
13	19	2	3	-53275000/10460353203
13	20	1	1	4
13	21	1	1	440/459
13	22	1	1	69040/632043
13	23	1	1	-3053600/96702579
13	24	1	1	-804280000/44386483761
13	25	1	1	-72727600000/61120188138897
13	32	2	2	4
13	32	2	3	8
13	32	2	10	8
13	32	2	11	8
13	33	2	2	896/243
13	34	2	2	200704/59049
13	35	2	2	44957696/14348907
13	36	2	2	10070523904/3486784401
13	37	2	2	2255797354496/847288609443
13	80	9	9	1
13	80	9	10	2
13	80	9	13	2
13	80	9	20	2
13	80	10	10	1
13	80	10	13	2
13	80	10	20	2
13	80	13	13	1
13	80	13	20	2
13	80	20	20	1
14	14	2	4	2
14	14	2	5	2
14	14	4	5	2
14	15	2	3	50/81
14	15	2	4	-25/81
14	15	3	4	-25/81
14	16	2	3	2750/19683
14	16	2	4	-125/39366
14	16	3	4	-125/39366
14	17	2	3	6250/531441
14	17	2	4	34375/2125764
14	17	3	4	34375/2125764
14	18	2	3	-312500/43046721
14	18	2	4	-859375/344373768
14	18	3	4	-859375/344373768
14	19	2	3	-39062500/10460353203
14	19	2	4	-185546875/167365651248
14	19	3	4	-185546875/167365651248
14	20	1	2	2
14	20	1	3	2
14	20	2	3	2
14	21	1	2	250/459
14	21	1	3	250/459
14	21	2	3	-25/459
14	22	1	2	59750/632043
14	22	1	3	59750/632043
14	22	2	3	-66125/1264086
14	23	1	2	-343750/96702579
14	23	1	3	-343750/96702579
14	23	2	3	1684375/386810316
14	24	1	2	-393593750/44386483761
14	24	1	3	-393593750/44386483761
14	24	2	3	1360390625/355091870088
14	25	1	2	-142285156250/61120188138897
14	25	1	3	-142285156250/61120188138897
14	25	2	3	-531279296875/977923010222352
14	32	3	5	2
14	32	3	7	2
14	32	5	5	1
14	32	5	10	2
14	32	5	11	2
14	32	7	7	1
14	32	7	10	2
14	32	7	11	2
14	33	4	4	200/243
14	33	6	6	200/243
14	34	4	4	40000/59049
14	34	6	6	40000/59049
14	35	4	4	8000000/14348907
14	35	6	6	8000000/14348907
14	36	4	4	1600000000/3486784401
14	36	6	6	1600000000/3486784401
14	37	4	4	320000000000/847288609443
14	37	6	6	320000000000/847288609443
14	38	2	2	1
14	38	2	7	2
14	38	2	10	2
14	38	2	11	2
14	38	3	3	1
14	38	3	7	2
14	38	3	10	2
14	38	3	11	2
14	39	2	2	800/891
14	39	3	3	800/891
14	40	2	2	640000/793881
14	40	3	3	640000/793881
14	41	2	2	512000000/707347971
14	41	3	3	512000000/707347971
14	42	2	2	409600000000/630247042161
14	42	3	3	409600000000/630247042161
14	43	2	2	327680000000000/561550114565451
14	43	3	3	327680000000000/561550114565451
14	86	9	9	1
14	86	9	12	2
14	86	9	19	2
14	86	9	20	2
14	86	12	12	1
14	86	12	19	2
14	86	12	20	2
14	86	19	19	1
14	86	19	20	2
14	86	20	20	1
15	14	2	5	2
15	14	4	5	2
15	15	2	4	35/81
15	15	3	4	35/81
15	16	2	4	1735/39366
15	16	3	4	1735/39366
15	17	2	4	-25025/2125764
15	17	3	4	-25025/2125764
15	18	2	4	-1038125/172186884
15	18	3	4	-1038125/172186884
15	19	2	4	-28371875/83682825624
15	19	3	4	-28371875/83682825624
15	20	1	4	2
15	20	2	2	1
15	20	2	4	2
15	20	3	3	1
15	20	3	4	2
15	21	1	4	280/459
15	21	2	2	145/918
15	21	2	4	-130/459
15	21	3	3	145/918
15	21	3	4	-130/459
15	22	1	4	84620/632043
15	22	2	2	-2885/2528172
15	22	2	4	-7630/632043
15	22	3	3	-2885/2528172
15	22	3	4	-7630/632043
15	23	1	4	870800/96702579
15	23	2	2	-6515575/773620632
15	23	2	4	1594450/96702579
15	23	3	3	-6515575/773620632
15	23	3	4	1594450/96702579
15	24	1	4	-709091875/88772967522
15	24	2	2	-971966875/710183740176
15	24	2	4	-146059375/88772967522
15	24	3	3	-971966875/710183740176
15	24	3	4	-146059375/88772967522
15	25	1	4	-225381668750/61120188138897
15	25	2	2	1138550059375/1955846020444704
15	25	2	4	-164183459375/122240376277794
15	25	3	3	1138550059375/1955846020444704
15	25	3	4	-164183459375/122240376277794
15	32	3	9	2
15	32	9	9	1
15	32	9	10	2
15	32	9	11	2
15	33	8	8	194/243
15	34	8	8	37636/59049
15	35	8	8	7301384/14348907
15	36	8	8	1416468496/3486784401
15	37	8	8	274794888224/847288609443
15	38	6	6	1
15	38	6	7	2
15	38	6	10	2
15	38	6	11	2
15	38	7	8	2
15	38	8	8	1
15	38	8	10	2
15	38	8	11	2
15	39	6	6	776/891
15	39	7	7	776/891
15	40	6	6	602176/793881
15	40	7	7	602176/793881
15	41	6	6	467288576/707347971
15	41	7	7	467288576/707347971
15	42	6	6	362615934976/630247042161
15	42	7	7	362615934976/630247042161
15	43	6	6	281389965541376/561550114565451
15	43	7	7	281389965541376/561550114565451
15	44	2	2	1/3
15	44	2	9	2/3
15	44	2	10	2/3
15	44	2	11	2/3
15	44	3	3	1/3
15	44	3	9	2/3
15	44	3	10	2/3
15	44	3	11	2/3
15	44	5	5	1/3
15	44	5	9	2/3
15	44	5	10	2/3
15	44	5	11	2/3
15	45	2	2	970/3321
15	45	3	3	970/3321
15	45	5	5	970/3321
15	46	2	2	940900/3676347
15	46	3	3	940900/3676347
15	46	5	5	940900/3676347
15	47	2	2	912673000/4069716129
15	47	3	3	912673000/4069716129
15	47	5	5	912673000/4069716129
15	48	2	2	885292810000/4505175754803
15	48	3	3	885292810000/4505175754803
15	48	5	5	885292810000/4505175754803
15	49	2	2	858734025700000/4987229560566921
15	49	3	3	858734025700000/4987229560566921
15	49	5	5	858734025700000/4987229560566921
15	92	11	11	1
15	92	11	18	2
15	92	11	19	2
15	92	11	20	2
15	92	18	18	1
15	92	18	19	2
15	92	18	20	2
15	92	19	19	1
15	92	19	20	2
15	92	20	20	1
16	14	5	5	4
16	15	4	4	-85/81
16	16	4	4	4945/26244
16	17	4	4	-32725/8503056
16	18	4	4	-32016875/2754990144
16	19	4	4	3351284375/892616806656
16	20	2	3	8
16	21	2	3	140/51
16	22	2	3	53230/70227
16	23	2	3	159775/1193859
16	24	2	3	-3925625/547981281
16	25	2	3	-886353125/55894090662
16	38	4	4	4
16	38	4	7	8
16	38	4	10	8
16	38	4	11	8
16	39	4	4	304/99
16	40	4	4	23104/9801
16	41	4	4	1755904/970299
16	42	4	4	133448704/96059601
16	43	4	4	10142101504/9509900499
16	98	9	9	1
16	98	9	16	2
16	98	9	19	2
16	98	9	20	2
16	98	16	16	1
16	98	16	19	2
16	98	16	20	2
16	98	19	19	1
16	98	19	20	2
16	98	20	20	1
17	14	5	5	2
17	15	4	4	35/162
17	16	4	4	-1255/52488
17	17	4	4	-217525/17006112
17	18	4	4	570625/5509980288
17	19	4	4	2016371875/1785233613312
17	20	2	4	4
17	20	3	4	4
17	20	4	4	2
17	21	2	4	140/153
17	21	3	4	140/153
17	21	4	4	-200/459
17	22	2	4	23020/210681
17	22	3	4	23020/210681
17	22	4	4	9460/210681
17	23	2	4	-223300/10744731
17	23	3	4	-223300/10744731
17	23	4	4	1162000/96702579
17	24	2	4	-66199375/4931831529
17	24	3	4	-66199375/4931831529
17	24	4	4	-552354875/88772967522
17	25	2	4	-1071940625/754570223937
17	25	3	4	-1071940625/754570223937
17	25	4	4	7288718750/20373396046299
17	38	7	9	4
17	38	9	9	2
17	38	9	10	4
17	38	9	11	4
17	39	8	8	496/297
17	40	8	8	123008/88209
17	41	8	8	30505984/26198073
17	42	8	8	7565484032/7780827681
17	43	8	8	1876240039936/2310905821257
17	44	4	4	2/3
17	44	4	9	4/3
17	44	4	10	4/3
17	44	4	11	4/3
17	44	6	6	2/3
17	44	6	9	4/3
17	44	6	10	4/3
17	44	6	11	4/3
17	44	7	7	2/3
17	44	7	9	4/3
17	44	7	10	4/3
17	44	7	11	4/3
17	45	4	4	620/1107
17	45	6	6	620/1107
17	45	7	7	620/1107
17	46	4	4	192200/408483
17	46	6	6	192200/408483
17	46	7	7	192200/408483
17	47	4	4	59582000/150730227
17	47	6	6	59582000/150730227
17	47	7	7	59582000/150730227
17	48	4	4	18470420000/55619453763
17	48	6	6	18470420000/55619453763
17	48	7	7	18470420000/55619453763
17	49	4	4	5725830200000/20523578438547
17	49	6	6	5725830200000/20523578438547
17	49	7	7	5725830200000/20523578438547
17	104	15	15	1
17	104	15	18	2
17	104	15	19	2
17	104	15	20	2
17	104	18	18	1
17	104	18	19	2
17	104	18	20	2
17	104	19	19	1
17	104	19	20	2
17	104	20	20	1
18	20	4	4	12
18	21	4	4	280/153
18	22	4	4	-80/2601
18	23	4	4	-3197600/32234193
18	24	4	4	-210776000/14795494587
18	25	4	4	1800400000/251523407979
18	44	8	8	4
18	44	8	9	8
18	44	8	10	8
18	44	8	11	8
18	45	8	8	1280/369
18	46	8	8	409600/136161
18	47	8	8	131072000/50243409
18	48	8	8	41943040000/18539817921
18	49	8	8	13421772800000/6841192812849
18	110	17	17	1
18	110	17	18	2
18	110	17	19	2
18	110	17	20	2
18	110	18	18	1
18	110	18	19	2
18	110	18	20	2
18	110	19	19	1
18	110	19	20	2
18	110	20	20	1
19	26	1	1	20
19	27	1	1	-200/63
19	28	1	1	-4000/38367
19	29	1	1	1520000/7251363
19	30	1	1	-387200000/14161911939
19	31	1	1	-208000000/11014820397
19	50	1	1	5
19	50	1	3	10
19	50	1	6	10
19	50	1	11	10
19	50	1	20	10
19	51	1	1	125/27
19	52	1	1	3125/729
19	53	1	1	78125/19683
19	54	1	1	1953125/531441
19	55	1	1	48828125/14348907
20	26	1	1	2
20	26	1	2	4
20	26	1	4	4
20	26	1	7	4
20	27	1	1	80/189
20	27	1	2	-80/189
20	27	1	3	-80/189
20	27	1	5	-80/189
20	28	1	1	10400/345303
20	28	1	2	-25600/345303
20	28	1	3	-25600/345303
20	28	1	5	-25600/345303
20	29	1	1	-3680000/195786801
20	29	1	2	6464000/195786801
20	29	1	3	6464000/195786801
20	29	1	5	6464000/195786801
20	30	1	1	-8037440000/1147114867059
20	30	1	2	2792960000/1147114867059
20	30	1	3	2792960000/1147114867059
20	30	1	5	2792960000/1147114867059
20	31	1	1	11148800000/24089412208239
20	31	1	2	-281446400000/72268236624717
20	31	1	3	-281446400000/72268236624717
20	31	1	5	-281446400000/72268236624717
20	32	1	1	6
20	33	1	1	-8/9
20	34	1	1	-392/7047
20	35	1	1	12128/190269
20	36	1	1	-854432/159255153
20	37	1	1	-27924352/4299889131
20	50	2	2	1/2
20	50	2	3	1
20	50	2	6	1
20	50	2	11	1
20	50	2	20	1
20	50	3	4	1
20	50	3	7	1
20	50	3	12	1
20	50	4	4	1/2
20	50	4	6	1
20	50	4	11	1
20	50	4	20	1
20	50	6	7	1
20	50	6	12	1
20	50	7	7	1/2
20	50	7	11	1
20	50	7	20	1
20	50	11	12	1
20	50	12	12	1/2
20	50	12	20	1
20	51	2	2	110/243
20	51	3	3	110/243
20	51	5	5	110/243
20	51	9	9	110/243
20	52	2	2	24200/59049
20	52	3	3	24200/59049
20	52	5	5	24200/59049
20	52	9	9	24200/59049
20	53	2	2	5324000/14348907
20	53	3	3	5324000/14348907
20	53	5	5	5324000/14348907
20	53	9	9	5324000/14348907
20	54	2	2	1171280000/3486784401
20	54	3	3	1171280000/3486784401
20	54	5	5	1171280000/3486784401
20	54	9	9	1171280000/3486784401
20	55	2	2	257681600000/847288609443
20	55	3	3	257681600000/847288609443
20	55	5	5	257681600000/847288609443
20	55	9	9	257681600000/847288609443
20	56	1	1	3
20	56	1	3	6
20	56	1	6	6
20	56	1	19	6
20	56	1	20	6
20	57	1	1	110/39
20	58	1	1	12100/4563
20	59	1	1	1331000/533871
20	60	1	1	146410000/62462907
20	61	1	1	16105100000/7308160119
21	26	1	2	4/3
21	26	1	4	4/3
21	26	1	5	4/3
21	26	1	7	4/3
21	26	1	8	4/3
21	26	1	9	4/3
21	26	2	2	2/3
21	26	4	4	2/3
21	26	7	7	2/3
21	27	1	2	200/567
21	27	1	3	200/567
21	27	1	4	-40/567
21	27	1	5	200/567
21	27	1	6	-40/567
21	27	1	7	-40/567
21	27	2	2	-220/1701
21	27	3	3	-220/1701
21	27	5	5	-220/1701
21	28	1	2	58400/1035909
21	28	1	3	58400/1035909
21	28	1	4	-34400/1035909
21	28	1	5	58400/1035909
21	28	1	6	-34400/1035909
21	28	1	7	-34400/1035909
21	28	2	2	185200/27969543
21	28	3	3	185200/27969543
21	28	5	5	185200/27969543
21	29	1	2	-2720000/587360403
21	29	1	3	-2720000/587360403
21	29	1	4	3328000/587360403
21	29	1	5	-2720000/587360403
21	29	1	6	3328000/587360403
21	29	1	7	3328000/587360403
21	29	2	2	93280000/15858730881
21	29	3	3	93280000/15858730881
21	29	5	5	93280000/15858730881
21	30	1	2	-21022720000/3441344601177
21	30	1	3	-21022720000/3441344601177
21	30	1	4	7784960000/3441344601177
21	30	1	5	-21022720000/3441344601177
21	30	1	6	7784960000/3441344601177
21	30	1	7	7784960000/3441344601177
21	30	2	2	-499101440000/278748912695337
21	30	3	3	-499101440000/278748912695337
21	30	5	5	-499101440000/278748912695337
21	31	1	2	-284560000000/216804709874151
21	31	1	3	-284560000000/216804709874151
21	31	1	4	-50998400000/72268236624717
21	31	1	5	-284560000000/216804709874151
21	31	1	6	-50998400000/72268236624717
21	31	1	7	-50998400000/72268236624717
21	31	2	2	-35974980800000/158050633498256079
21	31	3	3	-35974980800000/158050633498256079
21	31	5	5	-35974980800000/158050633498256079
21	32	1	4	4
21	32	1	6	4
21	33	1	3	-4/9
21	33	1	5	-4/9
21	34	1	3	-472/7047
21	34	1	5	-472/7047
21	35	1	3	704/21141
21	35	1	5	704/21141
21	36	1	3	26368/17695017
21	36	1	5	26368/17695017
21	37	1	3	-597088/159255153
21	37	1	5	-597088/159255153
21	38	1	1	2
21	39	1	1	-28/99
21	40	1	1	-2224/94743
21	41	1	1	598528/28138671
21	42	1	1	-3463168/2977847631
21	43	1	1	-733067776/316644464763
21	50	3	5	1/3
21	50	3	8	1/3
21	50	3	9	1/3
21	50	3	13	1/3
21	50	3	14	1/3
21	50	3	16	1/3
21	50	5	5	1/6
21	50	5	6	1/3
21	50	5	11	1/3
21	50	5	20	1/3
21	50	6	8	1/3
21	50	6	9	1/3
21	50	6	13	1/3
21	50	6	14	1/3
21	50	6	16	1/3
21	50	8	8	1/6
21	50	8	11	1/3
21	50	8	20	1/3
21	50	9	9	1/6
21	50	9	11	1/3
21	50	9	20	1/3
21	50	11	13	1/3
21	50	11	14	1/3
21	50	11	16	1/3
21	50	13	13	1/6
21	50	13	20	1/3
21	50	14	14	1/6
21	50	14	20	1/3
21	50	16	16	1/6
21	50	16	20	1/3
21	51	4	4	205/1458
21	51	6	6	205/1458
21	51	7	7	205/1458
21	51	10	10	205/1458
21	51	11	11	205/1458
21	51	13	13	205/1458
21	52	4	4	42025/354294
21	52	6	6	42025/354294
21	52	7	7	42025/354294
21	52	10	10	42025/354294
21	52	11	11	42025/354294
21	52	13	13	42025/354294
21	53	4	4	8615125/86093442
21	53	6	6	8615125/86093442
21	53	7	7	8615125/86093442
21	53	10	10	8615125/86093442
21	53	11	11	8615125/86093442
21	53	13	13	8615125/86093442
21	54	4	4	1766100625/20920706406
21	54	6	6	1766100625/20920706406
21	54	7	7	1766100625/20920706406
21	54	10	10	1766100625/20920706406
21	54	11	11	1766100625/20920706406
21	54	13	13	1766100625/20920706406
21	55	4	4	362050628125/5083731656658
21	55	6	6	362050628125/5083731656658
21	55	7	7	362050628125/5083731656658
21	55	10	10	362050628125/5083731656658
21	55	11	11	362050628125/5083731656658
21	55	13	13	362050628125/5083731656658
21	56	3	7	2
21	56	3	11	2
21	56	6	7	2
21	56	6	11	2
21	56	7	7	1
21	56	7	19	2
21	56	7	20	2
21	56	11	11	1
21	56	11	19	2
21	56	11	20	2
21	57	5	5	205/234
21	57	9	9	205/234
21	58	5	5	42025/54756
21	58	9	9	42025/54756
21	59	5	5	8615125/12812904
21	59	9	9	8615125/12812904
21	60	5	5	1766100625/2998219536
21	60	9	9	1766100625/2998219536
21	61	5	5	362050628125/701583371424
21	61	9	9	362050628125/701583371424
21	62	1	1	2
21	62	1	3	4
21	62	1	14	4
21	62	1	19	4
21	62	1	20	4
21	63	1	1	205/108
21	64	1	1	42025/23328
21	65	1	1	8615125/5038848
21	66	1	1	1766100625/1088391168
21	67	1	1	362050628125/235092492288
22	26	1	5	2
22	26	1	8	2
22	26	1	9	2
22	26	1	10	2
22	27	1	4	40/63
22	27	1	6	40/63
22	27	1	7	40/63
22	28	1	4	17600/115101
22	28	1	6	17600/115101
22	28	1	7	17600/115101
22	28	1	8	-800/16443
22	29	1	4	128000/7251363
22	29	1	6	128000/7251363
22	29	1	7	128000/7251363
22	30	1	4	-81920000/14161911939
22	30	1	6	-81920000/14161911939
22	30	1	7	-81920000/14161911939
22	30	1	8	320000/96339537
22	31	1	4	-3430400000/892200452157
22	31	1	6	-3430400000/892200452157
22	31	1	7	-3430400000/892200452157
22	32	4	4	3
22	32	6	6	3
22	33	3	3	-2/3
22	33	5	5	-2/3
22	34	3	3	56/783
22	34	5	5	56/783
22	35	3	3	128/7047
22	35	5	5	128/7047
22	36	3	3	-19456/1966113
22	36	5	5	-19456/1966113
22	37	3	3	12032/17695017
22	37	5	5	12032/17695017
22	38	1	5	6
22	39	1	5	-8/11
22	40	1	5	-832/10527
22	41	1	5	17408/347391
22	42	1	5	-131072/355380993
22	43	1	5	-59850752/11727572769
22	50	3	10	1/2
22	50	3	15	1/2
22	50	3	17	1/2
22	50	3	18	1/2
22	50	6	10	1/2
22	50	6	15	1/2
22	50	6	17	1/2
22	50	6	18	1/2
22	50	10	10	1/4
22	50	10	11	1/2
22	50	10	20	1/2
22	50	11	15	1/2
22	50	11	17	1/2
22	50	11	18	1/2
22	50	15	15	1/4
22	50	15	20	1/2
22	50	17	17	1/4
22	50	17	20	1/2
22	50	18	18	1/4
22	50	18	20	1/2
22	51	8	8	5/27
22	51	12	12	5/27
22	51	14	14	5/27
22	51	15	15	5/27
22	52	8	8	100/729
22	52	12	12	100/729
22	52	14	14	100/729
22	52	15	15	100/729
22	53	8	8	2000/19683
22	53	12	12	2000/19683
22	53	14	14	2000/19683
22	53	15	15	2000/19683
22	54	8	8	40000/531441
22	54	12	12	40000/531441
22	54	14	14	40000/531441
22	54	15	15	40000/531441
22	55	8	8	800000/14348907
22	55	12	12	800000/14348907
22	55	14	14	800000/14348907
22	55	15	15	800000/14348907
22	62	3	10	6
22	62	10	10	3
22	62	10	14	6
22	62	10	19	6
22	62	10	20	6
22	63	9	9	5/2
22	64	9	9	25/12
22	65	9	9	125/72
22	66	9	9	625/432
22	67	9	9	3125/2592
22	68	1	1	1
22	68	1	11	2
22	68	1	14	2
22	68	1	19	2
22	68	1	20	2
22	69	1	1	20/21
22	70	1	1	400/441
22	71	1	1	8000/9261
22	72	1	1	160000/194481
22	73	1	1	3200000/4084101
23	26	1	10	8
23	27	1	8	80/27
23	28	1	8	1600/1701
23	29	1	8	32000/137781
23	30	1	8	24320000/807258879
23	31	1	8	-6400000/807258879
23	38	5	5	12
23	39	5	5	-104/33
23	40	5	5	608/1089
23	41	5	5	-1664/323433
23	42	5	5	-37139456/992615877
23	43	5	5	41919488/3639591549
23	50	3	19	2
23	50	6	19	2
23	50	11	19	2
23	50	19	19	1
23	50	19	20	2
23	51	16	16	145/243
23	52	16	16	21025/59049
23	53	16	16	3048625/14348907
23	54	16	16	442050625/3486784401
23	55	16	16	64097340625/847288609443
23	68	9	9	4
23	68	9	11	8
23	68	9	14	8
23	68	9	19	8
23	68	9	20	8
23	69	9	9	580/189
23	70	9	9	84100/35721
23	71	9	9	12194500/6751269
23	72	9	9	1768202500/1275989841
23	73	9	9	256389362500/241162079949
24	26	2	2	2
24	26	4	4	2
24	26	7	7	2
24	27	2	2	200/567
24	27	3	3	200/567
24	27	5	5	200/567
24	28	2	2	59200/9323181
24	28	3	3	59200/9323181
24	28	5	5	59200/9323181
24	29	2	2	-98240000/5286243627
24	29	3	3	-98240000/5286243627
24	29	5	5	-98240000/5286243627
24	30	2	2	-424960000/103355177121
24	30	3	3	-424960000/103355177121
24	30	5	5	-424960000/103355177121
24	31	2	2	1934080000000/1699469177400603
24	31	3	3	1934080000000/1699469177400603
24	31	5	5	1934080000000/1699469177400603
24	32	1	8	12
24	33	1	7	-8/9
24	34	1	7	-224/783
24	35	1	7	13952/190269
24	36	1	7	91136/5137263
24	37	1	7	-431104/46235367
24	44	1	1	2
24	45	1	1	-100/369
24	46	1	1	-36400/1316223
24	47	1	1	30880000/1457058861
24	48	1	1	-323840000/537654719709
24	49	1	1	-53560000000/22043843508069
24	56	3	15	6
24	56	6	15	6
24	56	15	15	3
24	56	15	19	6
24	56	15	20	6
24	57	13	13	310/117
24	58	13	13	96100/41067
24	59	13	13	29791000/14414517
24	60	13	13	9235210000/5059495467
24	61	13	13	2862915100000/1775882908917
24	74	1	1	2
24	74	1	3	4
24	74	1	18	4
24	74	1	19	4
24	74	1	20	4
24	75	1	1	155/81
24	76	1	1	24025/13122
24	77	1	1	3723875/2125764
24	78	1	1	577200625/344373768
24	79	1	1	89466096875/55788550416
25	26	2	4	8/3
25	26	2	7	8/3
25	26	4	7	8/3
25	27	2	3	-320/1701
25	27	2	5	-320/1701
25	27	3	5	-320/1701
25	28	2	3	-1779200/27969543
25	28	2	5	-1779200/27969543
25	28	3	5	-1779200/27969543
25	29	2	3	243200000/15858730881
25	29	2	5	243200000/15858730881
25	29	3	5	243200000/15858730881
25	30	2	3	1112535040000/278748912695337
25	30	2	5	1112535040000/278748912695337
25	30	3	5	1112535040000/278748912695337
25	31	2	3	-304889036800000/158050633498256079
25	31	2	5	-304889036800000/158050633498256079
25	31	3	5	-304889036800000/158050633498256079
25	32	1	1	4
25	32	1	2	8
25	33	1	1	8/9
25	33	1	2	-64/81
25	34	1	1	1616/21141
25	34	1	2	-31232/190269
25	35	1	1	-2336/63423
25	35	1	2	987136/15411789
25	36	1	1	-2522048/159255153
25	36	1	2	277184512/38699002179
25	37	1	1	444544/1433296377
25	37	1	2	-24772345856/3134619176499
25	56	2	2	2
25	56	2	3	4
25	56	2	6	4
25	56	2	19	4
25	56	2	20	4
25	56	3	4	4
25	56	4	4	2
25	56	4	6	4
25	56	4	19	4
25	56	4	20	4
25	57	2	2	640/351
25	57	3	3	640/351
25	58	2	2	204800/123201
25	58	3	3	204800/123201
25	59	2	2	65536000/43243551
25	59	3	3	65536000/43243551
25	60	2	2	20971520000/15178486401
25	60	3	3	20971520000/15178486401
25	61	2	2	6710886400000/5327648726751
25	61	3	3	6710886400000/5327648726751
25	80	1	1	1
25	80	1	9	2
25	80	1	10	2
25	80	1	13	2
25	80	1	20	2
25	81	1	1	20/21
25	82	1	1	400/441
25	83	1	1	8000/9261
25	84	1	1	160000/194481
25	85	1	1	3200000/4084101
26	26	2	4	2/3
26	26	2	5	2/3
26	26	2	7	2/3
26	26	2	8	2/3
26	26	4	5	2/3
26	26	4	7	2/3
26	26	4	9	2/3
26	26	7	8	2/3
26	26	7	9	2/3
26	27	2	3	340/1701
26	27	2	4	-20/189
26	27	2	5	340/1701
26	27	2	6	-20/189
26	27	3	4	-20/189
26	27	3	5	340/1701
26	27	3	7	-20/189
26	27	5	6	-20/189
26	27	5	7	-20/189
26	28	2	3	1193200/27969543
26	28	2	4	-4400/9323181
26	28	2	5	1193200/27969543
26	28	2	6	-4400/9323181
26	28	3	4	-4400/9323181
26	28	3	5	1193200/27969543
26	28	3	7	-4400/9323181
26	28	5	6	-4400/9323181
26	28	5	7	-4400/9323181
26	29	2	3	38624000/15858730881
26	29	2	4	1088000/195786801
26	29	2	5	38624000/15858730881
26	29	2	6	1088000/195786801
26	29	3	4	1088000/195786801
26	29	3	5	38624000/15858730881
26	29	3	7	1088000/195786801
26	29	5	6	1088000/195786801
26	29	5	7	1088000/195786801
26	30	2	3	-744677120000/278748912695337
26	30	2	4	-9621760000/10324033803531
26	30	2	5	-744677120000/278748912695337
26	30	2	6	-9621760000/10324033803531
26	30	3	4	-9621760000/10324033803531
26	30	3	5	-744677120000/278748912695337
26	30	3	7	-9621760000/10324033803531
26	30	5	6	-9621760000/10324033803531
26	30	5	7	-9621760000/10324033803531
26	31	2	3	-182889726400000/158050633498256079
26	31	2	4	-242526400000/650414129622453
26	31	2	5	-182889726400000/158050633498256079
26	31	2	6	-242526400000/650414129622453
26	31	3	4	-242526400000/650414129622453
26	31	3	5	-182889726400000/158050633498256079
26	31	3	7	-242526400000/650414129622453
26	31	5	6	-242526400000/650414129622453
26	31	5	7	-242526400000/650414129622453
26	32	1	4	2
26	32	1	5	2
26	32	1	6	2
26	32	1	7	2
26	32	4	6	2
26	33	1	3	14/27
26	33	1	4	-10/81
26	33	1	5	14/27
26	33	1	6	-10/81
26	33	3	5	-2/27
26	34	1	3	188/2349
26	34	1	4	-8900/190269
26	34	1	5	188/2349
26	34	1	6	-8900/190269
26	34	3	5	-364/7047
26	35	1	3	-4256/570807
26	35	1	4	148000/15411789
26	35	1	5	-4256/570807
26	35	1	6	148000/15411789
26	35	3	5	3392/570807
26	36	1	3	-4180352/477765459
26	36	1	4	3920000/1334448351
26	36	1	5	-4180352/477765459
26	36	1	6	3920000/1334448351
26	36	3	5	1771648/477765459
26	37	1	3	-7543088/4299889131
26	37	1	4	-3621650000/3134619176499
26	37	1	5	-7543088/4299889131
26	37	1	6	-3621650000/3134619176499
26	37	3	5	-354224/477765459
26	38	1	2	2
26	38	1	3	2
26	39	1	2	-20/99
26	39	1	3	-20/99
26	40	1	2	-33200/852687
26	40	1	3	-33200/852687
26	41	1	2	448000/28138671
26	41	1	3	448000/28138671
26	42	1	2	392960000/259072743897
26	42	1	3	392960000/259072743897
26	43	1	2	-48862400000/25648201645803
26	43	1	3	-48862400000/25648201645803
26	56	3	8	1
26	56	3	9	1
26	56	3	12	1
26	56	3	13	1
26	56	6	8	1
26	56	6	9	1
26	56	6	12	1
26	56	6	13	1
26	56	8	8	1/2
26	56	8	19	1
26	56	8	20	1
26	56	9	9	1/2
26	56	9	19	1
26	56	9	20	1
26	56	12	12	1/2
26	56	12	19	1
26	56	12	20	1
26	56	13	13	1/2
26	56	13	19	1
26	56	13	20	1
26	57	6	6	575/1404
26	57	7	7	575/1404
26	57	10	10	575/1404
26	57	11	11	575/1404
26	58	6	6	330625/985608
26	58	7	7	330625/985608
26	58	10	10	330625/985608
26	58	11	11	330625/985608
26	59	6	6	190109375/691896816
26	59	7	7	190109375/691896816
26	59	10	10	190109375/691896816
26	59	11	11	190109375/691896816
26	60	6	6	109312890625/485711564832
26	60	7	7	109312890625/485711564832
26	60	10	10	109312890625/485711564832
26	60	11	11	109312890625/485711564832
26	61	6	6	62854912109375/340969518512064
26	61	7	7	62854912109375/340969518512064
26	61	10	10	62854912109375/340969518512064
26	61	11	11	62854912109375/340969518512064
26	62	3	4	2
26	62	3	6	2
26	62	4	4	1
26	62	4	14	2
26	62	4	19	2
26	62	4	20	2
26	62	6	6	1
26	62	6	14	2
26	62	6	19	2
26	62	6	20	2
26	63	3	3	575/648
26	63	5	5	575/648
26	64	3	3	330625/419904
26	64	5	5	330625/419904
26	65	3	3	190109375/272097792
26	65	5	5	190109375/272097792
26	66	3	3	109312890625/176319369216
26	66	5	5	109312890625/176319369216
26	67	3	3	62854912109375/114254951251968
26	67	5	5	62854912109375/114254951251968
26	86	1	1	1
26	86	1	9	2
26	86	1	12	2
26	86	1	19	2
26	86	1	20	2
26	87	1	1	23/24
26	88	1	1	529/576
26	89	1	1	12167/13824
26	90	1	1	279841/331776
26	91	1	1	6436343/7962624
27	26	2	5	2/3
27	26	2	8	2/3
27	26	4	5	2/3
27	26	4	9	2/3
27	26	7	8	2/3
27	26	7	9	2/3
27	27	2	4	80/567
27	27	2	6	80/567
27	27	3	4	80/567
27	27	3	7	80/567
27	27	5	6	80/567
27	27	5	7	80/567
27	28	2	4	121600/9323181
27	28	2	6	121600/9323181
27	28	3	4	121600/9323181
27	28	3	7	121600/9323181
27	28	5	6	121600/9323181
27	28	5	7	121600/9323181
27	29	2	4	-2560000/587360403
27	29	2	6	-2560000/587360403
27	29	3	4	-2560000/587360403
27	29	3	7	-2560000/587360403
27	29	5	6	-2560000/587360403
27	29	5	7	-2560000/587360403
27	30	2	4	-20561920000/10324033803531
27	30	2	6	-20561920000/10324033803531
27	30	3	4	-20561920000/10324033803531
27	30	3	7	-20561920000/10324033803531
27	30	5	6	-20561920000/10324033803531
27	30	5	7	-20561920000/10324033803531
27	31	2	4	-99942400000/1951242388867359
27	31	2	6	-99942400000/1951242388867359
27	31	3	4	-99942400000/1951242388867359
27	31	3	7	-99942400000/1951242388867359
27	31	5	6	-99942400000/1951242388867359
27	31	5	7	-99942400000/1951242388867359
27	32	1	8	2
27	32	1	9	2
27	32	4	4	1
27	32	4	8	2
27	32	6	6	1
27	32	6	8	2
27	33	1	7	16/27
27	33	1	8	-4/81
27	33	3	3	4/27
27	33	3	7	-8/27
27	33	5	5	4/27
27	33	5	7	-8/27
27	34	1	7	32/261
27	34	1	8	-9848/190269
27	34	3	3	-32/7047
27	34	3	7	-64/7047
27	34	5	5	-32/7047
27	34	5	7	-64/7047
27	35	1	7	2816/570807
27	35	1	8	60016/15411789
27	35	3	3	-4864/570807
27	35	3	7	9728/570807
27	35	5	5	-4864/570807
27	35	5	7	9728/570807
27	36	1	7	-4086272/477765459
27	36	1	8	144938848/38699002179
27	36	3	3	-495616/477765459
27	36	3	7	-991232/477765459
27	36	5	5	-495616/477765459
27	36	5	7	-991232/477765459
27	37	1	7	-14528512/4299889131
27	37	1	8	-1499155136/3134619176499
27	37	3	3	106496/159255153
27	37	3	7	-212992/159255153
27	37	5	5	106496/159255153
27	37	5	7	-212992/159255153
27	38	1	6	2
27	38	1	8	2
27	39	1	6	-16/99
27	39	1	7	-16/99
27	40	1	6	-38144/852687
27	40	1	7	-38144/852687
27	41	1	6	364544/28138671
27	41	1	7	364544/28138671
27	42	1	6	649723904/259072743897
27	42	1	7	649723904/259072743897
27	43	1	6	-40925396992/25648201645803
27	43	1	7	-40925396992/25648201645803
27	44	1	2	2/3
27	44	1	3	2/3
27	44	1	5	2/3
27	45	1	2	-80/1107
27	45	1	3	-80/1107
27	45	1	5	-80/1107
27	46	1	2	-15200/1316223
27	46	1	3	-15200/1316223
27	46	1	5	-15200/1316223
27	47	1	2	23840000/4371176583
27	47	1	3	23840000/4371176583
27	47	1	5	23840000/4371176583
27	48	1	2	15348160000/50001888932937
27	48	1	3	15348160000/50001888932937
27	48	1	5	15348160000/50001888932937
27	49	1	2	-3814566400000/6150232338751251
27	49	1	3	-3814566400000/6150232338751251
27	49	1	5	-3814566400000/6150232338751251
27	56	3	16	1
27	56	3	17	1
27	56	6	16	1
27	56	6	17	1
27	56	16	16	1/2
27	56	16	19	1
27	56	16	20	1
27	56	17	17	1/2
27	56	17	19	1
27	56	17	20	1
27	57	14	14	140/351
27	57	15	15	140/351
27	58	14	14	39200/123201
27	58	15	15	39200/123201
27	59	14	14	10976000/43243551
27	59	15	15	10976000/43243551
27	60	14	14	3073280000/15178486401
27	60	15	15	3073280000/15178486401
27	61	14	14	860518400000/5327648726751
27	61	15	15	860518400000/5327648726751
27	62	3	12	2
27	62	3	15	2
27	62	12	12	1
27	62	12	14	2
27	62	12	19	2
27	62	12	20	2
27	62	14	15	2
27	62	15	15	1
27	62	15	19	2
27	62	15	20	2
27	63	11	11	70/81
27	63	13	13	70/81
27	64	11	11	4900/6561
27	64	13	13	4900/6561
27	65	11	11	343000/531441
27	65	13	13	343000/531441
27	66	11	11	24010000/43046721
27	66	13	13	24010000/43046721
27	67	11	11	1680700000/3486784401
27	67	13	13	1680700000/3486784401
27	74	3	4	2/3
27	74	3	6	2/3
27	74	3	10	2/3
27	74	4	4	1/3
27	74	4	18	2/3
27	74	4	19	2/3
27	74	4	20	2/3
27	74	6	6	1/3
27	74	6	18	2/3
27	74	6	19	2/3
27	74	6	20	2/3
27	74	10	10	1/3
27	74	10	18	2/3
27	74	10	19	2/3
27	74	10	20	2/3
27	75	3	3	70/243
27	75	5	5	70/243
27	75	9	9	70/243
27	76	3	3	4900/19683
27	76	5	5	4900/19683
27	76	9	9	4900/19683
27	77	3	3	343000/1594323
27	77	5	5	343000/1594323
27	77	9	9	343000/1594323
27	78	3	3	24010000/129140163
27	78	5	5	24010000/129140163
27	78	9	9	24010000/129140163
27	79	3	3	1680700000/10460353203
27	79	5	5	1680700000/10460353203
27	79	9	9	1680700000/10460353203
27	92	1	1	1
27	92	1	11	2
27	92	1	18	2
27	92	1	19	2
27	92	1	20	2
27	93	1	1	280/291
27	94	1	1	78400/84681
27	95	1	1	21952000/24642171
27	96	1	1	6146560000/7170871761
27	97	1	1	1721036800000/2086723682451
28	26	2	9	4/3
28	26	4	8	4/3
28	26	5	7	4/3
28	27	2	7	-80/1701
28	27	3	6	-80/1701
28	27	4	5	-80/1701
28	28	2	7	-35200/1035909
28	28	3	6	-35200/1035909
28	28	4	5	-35200/1035909
28	29	2	7	58880000/15858730881
28	29	3	6	58880000/15858730881
28	29	4	5	58880000/15858730881
28	30	2	7	671621120000/278748912695337
28	30	3	6	671621120000/278748912695337
28	30	4	5	671621120000/278748912695337
28	31	2	7	-24020070400000/52683544499418693
28	31	3	6	-24020070400000/52683544499418693
28	31	4	5	-24020070400000/52683544499418693
28	32	1	2	4
28	32	2	2	2
28	32	2	4	4
28	32	2	6	4
28	33	1	2	88/81
28	33	2	2	-92/243
28	33	2	3	-8/27
28	33	2	5	-8/27
28	34	1	2	34784/190269
28	34	2	2	26608/1712421
28	34	2	3	-5728/63423
28	34	2	5	-5728/63423
28	35	1	2	-174592/15411789
28	35	2	2	7619072/416118303
28	35	2	3	13312/570807
28	35	2	5	13312/570807
28	36	1	2	-738340864/38699002179
28	36	2	2	-15921477632/3134619176499
28	36	2	3	7548928/1433296377
28	36	2	5	7548928/1433296377
28	37	1	2	-14333744128/3134619176499
28	37	2	2	-657454939648/761712459889257
28	37	2	3	-109423616/38699002179
28	37	2	5	-109423616/38699002179
28	38	1	1	2
28	39	1	1	136/297
28	40	1	1	37184/852687
28	41	1	1	-13717504/759744117
28	42	1	1	-59472576512/6994964085219
28	43	1	1	-15637397504/230833814812227
28	56	3	5	2
28	56	5	5	1
28	56	5	6	2
28	56	5	19	2
28	56	5	20	2
28	57	4	4	890/1053
28	58	4	4	792100/1108809
28	59	4	4	704969000/1167575877
28	60	4	4	627422410000/1229457398481
28	61	4	4	558405944900000/1294618640600493
28	62	2	2	2
28	62	2	3	4
28	62	2	14	4
28	62	2	19	4
28	62	2	20	4
28	63	2	2	445/243
28	64	2	2	198025/118098
28	65	2	2	88121125/57395628
28	66	2	2	39213900625/27894275208
28	67	2	2	17450185778125/13556617751088
28	80	2	2	1/2
28	80	2	9	1
28	80	2	10	1
28	80	2	13	1
28	80	2	20	1
28	80	3	3	1/2
28	80	3	9	1
28	80	3	10	1
28	80	3	13	1
28	80	3	20	1
28	80	5	5	1/2
28	80	5	9	1
28	80	5	10	1
28	80	5	13	1
28	80	5	20	1
28	80	9	11	1
28	80	10	11	1
28	80	11	11	1/2
28	80	11	13	1
28	80	11	20	1
28	81	2	2	445/1008
28	81	3	3	445/1008
28	81	5	5	445/1008
28	81	9	9	445/1008
28	82	2	2	198025/508032
28	82	3	3	198025/508032
28	82	5	5	198025/508032
28	82	9	9	198025/508032
28	83	2	2	88121125/256048128
28	83	3	3	88121125/256048128
28	83	5	5	88121125/256048128
28	83	9	9	88121125/256048128
28	84	2	2	39213900625/129048256512
28	84	3	3	39213900625/129048256512
28	84	5	5	39213900625/129048256512
28	84	9	9	39213900625/129048256512
28	85	2	2	17450185778125/65040321282048
28	85	3	3	17450185778125/65040321282048
28	85	5	5	17450185778125/65040321282048
28	85	9	9	17450185778125/65040321282048
29	26	2	9	2/3
29	26	2	10	2/3
29	26	4	8	2/3
29	26	4	10	2/3
29	26	5	7	2/3
29	26	7	10	2/3
29	27	2	7	380/1701
29	27	2	8	-20/243
29	27	3	6	380/1701
29	27	3	8	-20/243
29	27	4	5	380/1701
29	27	5	8	-20/243
29	28	2	7	185200/3107727
29	28	2	8	-6800/1331883
29	28	3	6	185200/3107727
29	28	3	8	-6800/1331883
29	28	4	5	185200/3107727
29	28	5	8	-6800/1331883
29	29	2	7	154432000/15858730881
29	29	2	8	1424000/323647569
29	29	3	6	154432000/15858730881
29	29	3	8	1424000/323647569
29	29	4	5	154432000/15858730881
29	29	5	8	1424000/323647569
29	30	2	7	-250469120000/278748912695337
29	30	2	8	-1479680000/5688753320313
29	30	3	6	-250469120000/278748912695337
29	30	3	8	-1479680000/5688753320313
29	30	4	5	-250469120000/278748912695337
29	30	5	8	-1479680000/5688753320313
29	31	2	7	-67634801600000/52683544499418693
29	31	2	8	-51838400000/153596339648451
29	31	3	6	-67634801600000/52683544499418693
29	31	3	8	-51838400000/153596339648451
29	31	4	5	-67634801600000/52683544499418693
29	31	5	8	-51838400000/153596339648451
29	32	1	5	2
29	32	1	7	2
29	32	4	5	2
29	32	6	7	2
29	33	1	4	50/81
29	33	1	6	50/81
29	33	3	4	-10/27
29	33	5	6	-10/27
29	34	1	4	27100/190269
29	34	1	6	27100/190269
29	34	3	4	1300/63423
29	34	5	6	1300/63423
29	35	1	4	220000/15411789
29	35	1	6	220000/15411789
29	35	3	4	8000/570807
29	35	5	6	8000/570807
29	36	1	4	-235760000/38699002179
29	36	1	6	-235760000/38699002179
29	36	3	4	-6160000/1433296377
29	36	5	6	-6160000/1433296377
29	37	1	4	-11063750000/3134619176499
29	37	1	6	-11063750000/3134619176499
29	37	3	4	-14950000/38699002179
29	37	5	6	-14950000/38699002179
29	38	1	5	2
29	38	2	2	1
29	38	2	5	2
29	38	3	3	1
29	38	3	5	2
29	39	1	5	148/297
29	39	2	2	-190/891
29	39	2	5	-20/297
29	39	3	3	-190/891
29	39	3	5	-20/297
29	40	1	5	61136/852687
29	40	2	2	443000/23022549
29	40	2	5	-42800/852687
29	40	3	3	443000/23022549
29	40	3	5	-42800/852687
29	41	1	5	-6289408/759744117
29	41	2	2	145312000/20513091159
29	41	2	5	3968000/759744117
29	41	3	3	145312000/20513091159
29	41	3	5	3968000/759744117
29	42	1	5	-55757207552/6994964085219
29	42	2	2	-1789275520000/566592090902739
29	42	2	5	846080000/241205658111
29	42	3	3	-1789275520000/566592090902739
29	42	3	5	846080000/241205658111
29	43	1	5	-319222748672/230833814812227
29	43	2	2	22083882400000/504833552994340449
29	43	2	5	-436433600000/692501444436681
29	43	3	3	22083882400000/504833552994340449
29	43	3	5	-436433600000/692501444436681
29	56	3	10	1
29	56	3	14	1
29	56	6	10	1
29	56	6	14	1
29	56	10	10	1/2
29	56	10	19	1
29	56	10	20	1
29	56	14	14	1/2
29	56	14	19	1
29	56	14	20	1
29	57	8	8	1525/4212
29	57	12	12	1525/4212
29	58	8	8	2325625/8870472
29	58	12	12	2325625/8870472
29	59	8	8	3546578125/18681214032
29	59	12	12	3546578125/18681214032
29	60	8	8	5408531640625/39342636751392
29	60	12	12	5408531640625/39342636751392
29	61	8	8	8248010751953125/82855592998431552
29	61	12	12	8248010751953125/82855592998431552
29	62	3	11	2
29	62	11	11	1
29	62	11	14	2
29	62	11	19	2
29	62	11	20	2
29	63	10	10	1525/1944
29	64	10	10	2325625/3779136
29	65	10	10	3546578125/7346640384
29	66	10	10	5408531640625/14281868906496
29	67	10	10	8248010751953125/27763953154228224
29	68	2	2	1/3
29	68	2	11	2/3
29	68	2	14	2/3
29	68	2	19	2/3
29	68	2	20	2/3
29	68	3	3	1/3
29	68	3	11	2/3
29	68	3	14	2/3
29	68	3	19	2/3
29	68	3	20	2/3
29	68	5	5	1/3
29	68	5	11	2/3
29	68	5	14	2/3
29	68	5	19	2/3
29	68	5	20	2/3
29	69	2	2	1525/5103
29	69	3	3	1525/5103
29	69	5	5	1525/5103
29	70	2	2	2325625/8680203
29	70	3	3	2325625/8680203
29	70	5	5	2325625/8680203
29	71	2	2	3546578125/14765025303
29	71	3	3	3546578125/14765025303
29	71	5	5	3546578125/14765025303
29	72	2	2	5408531640625/25115308040403
29	72	3	3	5408531640625/25115308040403
29	72	5	5	5408531640625/25115308040403
29	73	2	2	8248010751953125/42721138976725503
29	73	3	3	8248010751953125/42721138976725503
29	73	5	5	8248010751953125/42721138976725503
29	86	5	5	1
29	86	5	9	2
29	86	5	12	2
29	86	5	19	2
29	86	5	20	2
29	86	9	10	2
29	86	10	10	1
29	86	10	12	2
29	86	10	19	2
29	86	10	20	2
29	87	5	5	61/72
29	87	9	9	61/72
29	88	5	5	3721/5184
29	88	9	9	3721/5184
29	89	5	5	226981/373248
29	89	9	9	226981/373248
29	90	5	5	13845841/26873856
29	90	9	9	13845841/26873856
29	91	5	5	844596301/1934917632
29	91	9	9	844596301/1934917632
30	26	2	10	4/3
30	26	4	10	4/3
30	26	7	10	4/3
30	27	2	8	80/243
30	27	3	8	80/243
30	27	5	8	80/243
30	28	2	8	70400/1331883
30	28	3	8	70400/1331883
30	28	5	8	70400/1331883
30	29	2	8	-320000/323647569
30	29	3	8	-320000/323647569
30	29	5	8	-320000/323647569
30	30	2	8	-21291520000/5688753320313
30	30	3	8	-21291520000/5688753320313
30	30	5	8	-21291520000/5688753320313
30	31	2	8	-146790400000/153596339648451
30	31	3	8	-146790400000/153596339648451
30	31	5	8	-146790400000/153596339648451
30	32	1	9	4
30	33	1	8	112/81
30	34	1	8	73904/190269
30	35	1	8	1115072/15411789
30	36	1	8	-56766784/38699002179
30	37	1	8	-23582793472/3134619176499
30	38	5	5	2
30	38	5	6	4
30	38	5	8	4
30	39	5	5	64/297
30	39	5	6	-208/297
30	39	5	7	-208/297
30	40	5	5	-21856/852687
30	40	5	6	21248/852687
30	40	5	7	21248/852687
30	41	5	5	-10095616/759744117
30	41	5	6	22676992/759744117
30	41	5	7	22676992/759744117
30	42	5	5	1507460608/6994964085219
30	42	5	6	-52558188544/6994964085219
30	42	5	7	-52558188544/6994964085219
30	43	5	5	282064175104/230833814812227
30	43	5	6	-884427341824/692501444436681
30	43	5	7	-884427341824/692501444436681
30	44	2	2	2/3
30	44	3	3	2/3
30	44	5	5	2/3
30	45	2	2	-520/3321
30	45	3	3	-520/3321
30	45	5	5	-520/3321
30	46	2	2	2174200/106614063
30	46	3	3	2174200/106614063
30	46	5	5	2174200/106614063
30	47	2	2	342940000/118021767741
30	47	3	3	342940000/118021767741
30	47	5	5	342940000/118021767741
30	48	2	2	-9168703940000/4050153003567897
30	48	3	3	-9168703940000/4050153003567897
30	48	5	5	-9168703940000/4050153003567897
30	49	2	2	1431490949200000/4483519374949661979
30	49	3	3	1431490949200000/4483519374949661979
30	49	5	5	1431490949200000/4483519374949661979
30	56	3	18	2
30	56	6	18	2
30	56	18	18	1
30	56	18	19	2
30	56	18	20	2
30	57	16	16	710/1053
30	58	16	16	504100/1108809
30	59	16	16	357911000/1167575877
30	60	16	16	254116810000/1229457398481
30	61	16	16	180422935100000/1294618640600493
30	68	10	10	2/3
30	68	10	11	4/3
30	68	10	14	4/3
30	68	10	19	4/3
30	68	10	20	4/3
30	68	11	12	4/3
30	68	11	15	4/3
30	68	12	12	2/3
30	68	12	14	4/3
30	68	12	19	4/3
30	68	12	20	4/3
30	68	14	15	4/3
30	68	15	15	2/3
30	68	15	19	4/3
30	68	15	20	4/3
30	69	10	10	2840/5103
30	69	11	11	2840/5103
30	69	13	13	2840/5103
30	70	10	10	4032800/8680203
30	70	11	11	4032800/8680203
30	70	13	13	4032800/8680203
30	71	10	10	5726576000/14765025303
30	71	11	11	5726576000/14765025303
30	71	13	13	5726576000/14765025303
30	72	10	10	8131737920000/25115308040403
30	72	11	11	8131737920000/25115308040403
30	72	13	13	8131737920000/25115308040403
30	73	10	10	11547067846400000/42721138976725503
30	73	11	11	11547067846400000/42721138976725503
30	73	13	13	11547067846400000/42721138976725503
30	92	9	9	2
30	92	9	11	4
30	92	9	18	4
30	92	9	19	4
30	92	9	20	4
30	93	9	9	1420/873
30	94	9	9	1008200/762129
30	95	9	9	715822000/665338617
30	96	9	9	508233620000/580840612641
30	97	9	9	360845870200000/507073854835593
31	26	5	5	4/3
31	26	8	8	4/3
31	26	9	9	4/3
31	27	4	4	-200/567
31	27	6	6	-200/567
31	27	7	7	-200/567
31	28	4	4	197600/3107727
31	28	6	6	197600/3107727
31	28	7	7	197600/3107727
31	29	4	4	-640000/587360403
31	29	6	6	-640000/587360403
31	29	7	7	-640000/587360403
31	30	4	4	-14087680000/3441344601177
31	30	6	6	-14087680000/3441344601177
31	30	7	7	-14087680000/3441344601177
31	31	4	4	855920000000/650414129622453
31	31	6	6	855920000000/650414129622453
31	31	7	7	855920000000/650414129622453
31	32	4	6	8
31	33	3	5	8/3
31	34	3	5	1648/2349
31	35	3	5	256/2349
31	36	3	5	-27136/1966113
31	37	3	5	-94016/5898339
31	38	1	4	8
31	39	1	4	-16/33
31	40	1	4	-16576/94743
31	41	1	4	4096/115797
31	42	1	4	32792576/3198428937
31	43	1	4	-5199872/1303063641
31	62	3	8	8
31	62	8	8	4
31	62	8	14	8
31	62	8	19	8
31	62	8	20	8
31	63	7	7	55/18
31	64	7	7	3025/1296
31	65	7	7	166375/93312
31	66	7	7	9150625/6718464
31	67	7	7	503284375/483729408
31	98	1	1	1
31	98	1	9	2
31	98	1	16	2
31	98	1	19	2
31	98	1	20	2
31	99	1	1	55/57
31	100	1	1	3025/3249
31	101	1	1	166375/185193
31	102	1	1	9150625/10556001
31	103	1	1	503284375/601692057
32	26	5	5	2/3
32	26	8	8	2/3
32	26	9	9	2/3
32	27	4	4	40/567
32	27	6	6	40/567
32	27	7	7	40/567
32	28	4	4	-27200/3107727
32	28	6	6	-27200/3107727
32	28	7	7	-27200/3107727
32	29	4	4	-2560000/587360403
32	29	6	6	-2560000/587360403
32	29	7	7	-2560000/587360403
32	30	4	4	348160000/3441344601177
32	30	6	6	348160000/3441344601177
32	30	7	7	348160000/3441344601177
32	31	4	4	261785600000/650414129622453
32	31	6	6	261785600000/650414129622453
32	31	7	7	261785600000/650414129622453
32	32	4	8	4
32	32	6	8	4
32	32	8	8	2
32	33	3	7	8/9
32	33	5	7	8/9
32	33	7	7	-4/9
32	34	3	7	224/2349
32	34	5	7	224/2349
32	34	7	7	112/2349
32	35	3	7	-512/21141
32	35	5	7	-512/21141
32	35	7	7	256/21141
32	36	3	7	-77824/5898339
32	36	5	7	-77824/5898339
32	36	7	7	-38912/5898339
32	37	3	7	-48128/53085051
32	37	5	7	-48128/53085051
32	37	7	7	24064/53085051
32	38	1	9	4
32	39	1	8	-16/99
32	40	1	8	-29824/284229
32	41	1	8	372736/28138671
32	42	1	8	659357696/86357581299
32	43	1	8	-14429487104/8549400548601
32	44	1	4	4/3
32	44	1	6	4/3
32	44	1	7	4/3
32	45	1	4	-40/369
32	45	1	6	-40/369
32	45	1	7	-40/369
32	46	1	4	-37600/1316223
32	46	1	6	-37600/1316223
32	46	1	7	-37600/1316223
32	47	1	4	1360000/161895429
32	47	1	6	1360000/161895429
32	47	1	7	1360000/161895429
32	48	1	4	936320000/617307270777
32	48	1	6	936320000/617307270777
32	48	1	7	936320000/617307270777
32	49	1	4	-75881600000/75928794305571
32	49	1	6	-75881600000/75928794305571
32	49	1	7	-75881600000/75928794305571
32	62	3	17	4
32	62	14	17	4
32	62	17	17	2
32	62	17	19	4
32	62	17	20	4
32	63	15	15	5/3
32	64	15	15	25/18
32	65	15	15	125/108
32	66	15	15	625/648
32	67	15	15	3125/3888
32	74	3	8	4/3
32	74	3	12	4/3
32	74	3	14	4/3
32	74	8	8	2/3
32	74	8	18	4/3
32	74	8	19	4/3
32	74	8	20	4/3
32	74	12	12	2/3
32	74	12	18	4/3
32	74	12	19	4/3
32	74	12	20	4/3
32	74	14	14	2/3
32	74	14	18	4/3
32	74	14	19	4/3
32	74	14	20	4/3
32	75	7	7	5/9
32	75	11	11	5/9
32	75	13	13	5/9
32	76	7	7	25/54
32	76	11	11	25/54
32	76	13	13	25/54
32	77	7	7	125/324
32	77	11	11	125/324
32	77	13	13	125/324
32	78	7	7	625/1944
32	78	11	11	625/1944
32	78	13	13	625/1944
32	79	7	7	3125/11664
32	79	11	11	3125/11664
32	79	13	13	3125/11664
32	104	1	1	1
32	104	1	15	2
32	104	1	18	2
32	104	1	19	2
32	104	1	20	2
32	105	1	1	30/31
32	106	1	1	900/961
32	107	1	1	27000/29791
32	108	1	1	810000/923521
32	109	1	1	24300000/28629151
33	26	5	8	2/3
33	26	5	9	2/3
33	26	8	9	2/3
33	27	4	6	-160/1701
33	27	4	7	-160/1701
33	27	6	7	-160/1701
33	28	4	6	-25600/9323181
33	28	4	7	-25600/9323181
33	28	6	7	-25600/9323181
33	29	4	6	77824000/15858730881
33	29	4	7	77824000/15858730881
33	29	6	7	77824000/15858730881
33	30	4	6	-158597120000/278748912695337
33	30	4	7	-158597120000/278748912695337
33	30	6	7	-158597120000/278748912695337
33	31	4	6	-681574400000/1951242388867359
33	31	4	7	-681574400000/1951242388867359
33	31	6	7	-681574400000/1951242388867359
33	32	2	4	2
33	32	2	5	2
33	32	2	6	2
33	32	2	7	2
33	32	4	7	2
33	32	5	6	2
33	33	2	3	16/27
33	33	2	4	-80/243
33	33	2	5	16/27
33	33	2	6	-80/243
33	34	2	3	7936/63423
33	34	2	4	6400/1712421
33	34	2	5	7936/63423
33	34	2	6	6400/1712421
33	34	3	6	-3200/63423
33	34	4	5	-3200/63423
33	35	2	3	4096/570807
33	35	2	4	6656000/416118303
33	35	2	5	4096/570807
33	35	2	6	6656000/416118303
33	36	2	3	-10878976/1433296377
33	36	2	4	-9912320000/3134619176499
33	36	2	5	-10878976/1433296377
33	36	2	6	-9912320000/3134619176499
33	36	3	6	5120000/1433296377
33	36	4	5	5120000/1433296377
33	37	2	3	-126353408/38699002179
33	37	2	4	-709427200000/761712459889257
33	37	2	5	-126353408/38699002179
33	37	2	6	-709427200000/761712459889257
33	38	1	2	2
33	38	1	3	2
33	38	2	3	2
33	39	1	2	160/297
33	39	1	3	160/297
33	39	2	3	-160/891
33	40	1	2	25600/284229
33	40	1	3	25600/284229
33	40	2	3	-896000/23022549
33	41	1	2	-4096000/759744117
33	41	1	3	-4096000/759744117
33	41	2	3	274432000/20513091159
33	42	1	2	-64225280000/6994964085219
33	42	1	3	-64225280000/6994964085219
33	42	2	3	973864960000/566592090902739
33	43	1	2	-52428800000/23879360152989
33	43	1	3	-52428800000/23879360152989
33	43	2	3	-768239206400000/504833552994340449
33	62	3	5	2
33	62	3	7	2
33	62	5	5	1
33	62	5	14	2
33	62	5	19	2
33	62	5	20	2
33	62	7	7	1
33	62	7	14	2
33	62	7	19	2
33	62	7	20	2
33	63	4	4	200/243
33	63	6	6	200/243
33	64	4	4	40000/59049
33	64	6	6	40000/59049
33	65	4	4	8000000/14348907
33	65	6	6	8000000/14348907
33	66	4	4	1600000000/3486784401
33	66	6	6	1600000000/3486784401
33	67	4	4	320000000000/847288609443
33	67	6	6	320000000000/847288609443
33	80	4	4	1/4
33	80	4	9	1/2
33	80	4	10	1/2
33	80	4	13	1/2
33	80	4	20	1/2
33	80	6	6	1/4
33	80	6	9	1/2
33	80	6	10	1/2
33	80	6	13	1/2
33	80	6	20	1/2
33	80	9	14	1/2
33	80	9	16	1/2
33	80	10	14	1/2
33	80	10	16	1/2
33	80	13	14	1/2
33	80	13	16	1/2
33	80	14	14	1/4
33	80	14	20	1/2
33	80	16	16	1/4
33	80	16	20	1/2
33	81	4	4	25/126
33	81	6	6	25/126
33	81	11	11	25/126
33	81	13	13	25/126
33	82	4	4	625/3969
33	82	6	6	625/3969
33	82	11	11	625/3969
33	82	13	13	625/3969
33	83	4	4	31250/250047
33	83	6	6	31250/250047
33	83	11	11	31250/250047
33	83	13	13	31250/250047
33	84	4	4	1562500/15752961
33	84	6	6	1562500/15752961
33	84	11	11	1562500/15752961
33	84	13	13	1562500/15752961
33	85	4	4	78125000/992436543
33	85	6	6	78125000/992436543
33	85	11	11	78125000/992436543
33	85	13	13	78125000/992436543
33	86	2	2	1
33	86	2	9	2
33	86	2	12	2
33	86	2	19	2
33	86	2	20	2
33	86	3	3	1
33	86	3	9	2
33	86	3	12	2
33	86	3	19	2
33	86	3	20	2
33	87	2	2	8/9
33	87	3	3	8/9
33	88	2	2	64/81
33	88	3	3	64/81
33	89	2	2	512/729
33	89	3	3	512/729
33	90	2	2	4096/6561
33	90	3	3	4096/6561
33	91	2	2	32768/59049
33	91	3	3	32768/59049
34	26	5	8	2/3
34	26	5	9	2/3
34	26	8	9	2/3
34	27	4	6	260/1701
34	27	4	7	260/1701
34	27	6	7	260/1701
34	28	4	6	184400/9323181
34	28	4	7	184400/9323181
34	28	6	7	184400/9323181
34	29	4	6	-39104000/15858730881
34	29	4	7	-39104000/15858730881
34	29	6	7	-39104000/15858730881
34	30	4	6	-555211520000/278748912695337
34	30	4	7	-555211520000/278748912695337
34	30	6	7	-555211520000/278748912695337
34	31	4	6	-1714356800000/5853727166602077
34	31	4	7	-1714356800000/5853727166602077
34	31	6	7	-1714356800000/5853727166602077
34	32	4	5	2
34	32	4	9	2
34	32	6	7	2
34	32	6	9	2
34	33	3	4	10/27
34	33	3	8	-2/9
34	33	5	6	10/27
34	33	5	8	-2/9
34	34	3	4	1300/63423
34	34	3	8	-1484/63423
34	34	5	6	1300/63423
34	34	5	8	-1484/63423
34	35	3	4	-8000/570807
34	35	3	8	2528/190269
34	35	5	6	-8000/570807
34	35	5	8	2528/190269
34	36	3	4	-6160000/1433296377
34	36	3	8	-17536/1433296377
34	36	5	6	-6160000/1433296377
34	36	5	8	-17536/1433296377
34	37	3	4	14950000/38699002179
34	37	3	8	-15183664/12899667393
34	37	5	6	14950000/38699002179
34	37	5	8	-15183664/12899667393
34	38	1	6	2
34	38	1	8	2
34	38	2	6	2
34	38	3	8	2
34	39	1	6	172/297
34	39	1	7	172/297
34	39	2	6	-260/891
34	39	3	7	-260/891
34	40	1	6	32752/284229
34	40	1	7	32752/284229
34	40	2	6	-227600/23022549
34	40	3	7	-227600/23022549
34	41	1	6	2267648/759744117
34	41	1	7	2267648/759744117
34	41	2	6	343616000/20513091159
34	41	3	7	343616000/20513091159
34	42	1	6	-59246508032/6994964085219
34	42	1	7	-59246508032/6994964085219
34	42	2	6	-1094900480000/566592090902739
34	42	3	7	-1094900480000/566592090902739
34	43	1	6	-2128902045184/692501444436681
34	43	1	7	-2128902045184/692501444436681
34	43	2	6	-666473454400000/504833552994340449
34	43	3	7	-666473454400000/504833552994340449
34	44	2	3	2/3
34	44	2	5	2/3
34	44	3	5	2/3
34	45	2	3	-110/3321
34	45	2	5	-110/3321
34	45	3	5	-110/3321
34	46	2	3	-1700300/106614063
34	46	2	5	-1700300/106614063
34	46	3	5	-1700300/106614063
34	47	2	3	299849000/118021767741
34	47	2	5	299849000/118021767741
34	47	3	5	299849000/118021767741
34	48	2	3	4238719180000/4050153003567897
34	48	2	5	4238719180000/4050153003567897
34	48	3	5	4238719180000/4050153003567897
34	49	2	3	-1355516455150000/4483519374949661979
34	49	2	5	-1355516455150000/4483519374949661979
34	49	3	5	-1355516455150000/4483519374949661979
34	62	3	13	2
34	62	3	16	2
34	62	13	13	1
34	62	13	14	2
34	62	13	19	2
34	62	13	20	2
34	62	14	16	2
34	62	16	16	1
34	62	16	19	2
34	62	16	20	2
34	63	12	12	1525/1944
34	63	14	14	1525/1944
34	64	12	12	2325625/3779136
34	64	14	14	2325625/3779136
34	65	12	12	3546578125/7346640384
34	65	14	14	3546578125/7346640384
34	66	12	12	5408531640625/14281868906496
34	66	14	14	5408531640625/14281868906496
34	67	12	12	8248010751953125/27763953154228224
34	67	14	14	8248010751953125/27763953154228224
34	86	9	15	2
34	86	12	15	2
34	86	15	15	1
34	86	15	19	2
34	86	15	20	2
34	87	13	13	61/72
34	88	13	13	3721/5184
34	89	13	13	226981/373248
34	90	13	13	13845841/26873856
34	91	13	13	844596301/1934917632
34	92	3	3	1
34	92	3	11	2
34	92	3	18	2
34	92	3	19	2
34	92	3	20	2
34	92	5	5	1
34	92	5	11	2
34	92	5	18	2
34	92	5	19	2
34	92	5	20	2
34	93	3	3	1525/1746
34	93	5	5	1525/1746
34	94	3	3	2325625/3048516
34	94	5	5	2325625/3048516
34	95	3	3	3546578125/5322708936
34	95	5	5	3546578125/5322708936
34	96	3	3	5408531640625/9293449802256
34	96	5	5	5408531640625/9293449802256
34	97	3	3	8248010751953125/16226363354738976
34	97	5	5	8248010751953125/16226363354738976
35	26	5	10	2/3
35	26	8	10	2/3
35	26	9	10	2/3
35	27	4	8	-40/243
35	27	6	8	-40/243
35	27	7	8	-40/243
35	28	4	8	36800/1331883
35	28	6	8	36800/1331883
35	28	7	8	36800/1331883
35	29	4	8	-128000/323647569
35	29	6	8	-128000/323647569
35	29	7	8	-128000/323647569
35	30	4	8	-8929280000/5688753320313
35	30	6	8	-8929280000/5688753320313
35	30	7	8	-8929280000/5688753320313
35	31	4	8	23910400000/51198779882817
35	31	6	8	23910400000/51198779882817
35	31	7	8	23910400000/51198779882817
35	32	4	7	2
35	32	5	5	1
35	32	5	6	2
35	32	7	7	1
35	33	3	6	20/27
35	33	4	4	-70/243
35	33	4	5	20/27
35	33	6	6	-70/243
35	34	3	6	14800/63423
35	34	4	4	107000/1712421
35	34	4	5	14800/63423
35	34	6	6	107000/1712421
35	35	3	6	32000/570807
35	35	4	4	-2576000/416118303
35	35	4	5	32000/570807
35	35	6	6	-2576000/416118303
35	36	3	6	8960000/1433296377
35	36	4	4	-6709120000/3134619176499
35	36	4	5	8960000/1433296377
35	36	6	6	-6709120000/3134619176499
35	37	3	6	-97600000/38699002179
35	37	4	4	927623200000/761712459889257
35	37	4	5	-97600000/38699002179
35	37	6	6	927623200000/761712459889257
35	38	1	4	2
35	38	2	4	2
35	38	2	5	2
35	38	3	4	2
35	38	3	5	2
35	38	4	5	2
35	39	1	4	184/297
35	39	2	4	-40/99
35	39	2	5	200/297
35	39	3	4	-40/99
35	39	3	5	200/297
35	39	4	5	32/297
35	40	1	4	125504/852687
35	40	2	4	94400/2558061
35	40	2	5	155200/852687
35	40	3	4	94400/2558061
35	40	3	5	155200/852687
35	40	4	5	-33184/852687
35	41	1	4	13589504/759744117
35	41	2	4	896000/84416013
35	41	2	5	23680000/759744117
35	41	3	4	896000/84416013
35	41	3	5	23680000/759744117
35	41	4	5	-5253632/759744117
35	42	1	4	-31661883392/6994964085219
35	42	2	4	-11223040000/2331654695073
35	42	2	5	-13352960000/6994964085219
35	42	3	4	-11223040000/2331654695073
35	42	3	5	-13352960000/6994964085219
35	42	4	5	14301603328/6994964085219
35	43	1	4	-748314116096/230833814812227
35	43	2	4	41420800000/230833814812227
35	43	2	5	-2556160000000/692501444436681
35	43	3	4	41420800000/230833814812227
35	43	3	5	-2556160000000/692501444436681
35	43	4	5	158567555072/230833814812227
35	62	3	9	2
35	62	9	9	1
35	62	9	14	2
35	62	9	19	2
35	62	9	20	2
35	63	8	8	325/486
35	64	8	8	105625/236196
35	65	8	8	34328125/114791256
35	66	8	8	11156640625/55788550416
35	67	8	8	3625908203125/27113235502176
35	68	4	4	1/3
35	68	4	11	2/3
35	68	4	14	2/3
35	68	4	19	2/3
35	68	4	20	2/3
35	68	6	6	1/3
35	68	6	11	2/3
35	68	6	14	2/3
35	68	6	19	2/3
35	68	6	20	2/3
35	68	7	7	1/3
35	68	7	11	2/3
35	68	7	14	2/3
35	68	7	19	2/3
35	68	7	20	2/3
35	69	4	4	1300/5103
35	69	6	6	1300/5103
35	69	7	7	1300/5103
35	70	4	4	1690000/8680203
35	70	6	6	1690000/8680203
35	70	7	7	1690000/8680203
35	71	4	4	2197000000/14765025303
35	71	6	6	2197000000/14765025303
35	71	7	7	2197000000/14765025303
35	72	4	4	2856100000000/25115308040403
35	72	6	6	2856100000000/25115308040403
35	72	7	7	2856100000000/25115308040403
35	73	4	4	3712930000000000/42721138976725503
35	73	6	6	3712930000000000/42721138976725503
35	73	7	7	3712930000000000/42721138976725503
35	86	6	6	1
35	86	6	9	2
35	86	6	12	2
35	86	6	19	2
35	86	6	20	2
35	86	9	13	2
35	86	12	13	2
35	86	13	13	1
35	86	13	19	2
35	86	13	20	2
35	87	6	6	13/18
35	87	11	11	13/18
35	88	6	6	169/324
35	88	11	11	169/324
35	89	6	6	2197/5832
35	89	11	11	2197/5832
35	90	6	6	28561/104976
35	90	11	11	28561/104976
35	91	6	6	371293/1889568
35	91	11	11	371293/1889568
35	98	2	2	1/4
35	98	2	9	1/2
35	98	2	16	1/2
35	98	2	19	1/2
35	98	2	20	1/2
35	98	3	3	1/4
35	98	3	9	1/2
35	98	3	16	1/2
35	98	3	19	1/2
35	98	3	20	1/2
35	98	5	5	1/4
35	98	5	9	1/2
35	98	5	16	1/2
35	98	5	19	1/2
35	98	5	20	1/2
35	98	9	10	1/2
35	98	10	10	1/4
35	98	10	16	1/2
35	98	10	19	1/2
35	98	10	20	1/2
35	99	2	2	325/1539
35	99	3	3	325/1539
35	99	5	5	325/1539
35	99	9	9	325/1539
35	100	2	2	422500/2368521
35	100	3	3	422500/2368521
35	100	5	5	422500/2368521
35	100	9	9	422500/2368521
35	101	2	2	549250000/3645153819
35	101	3	3	549250000/3645153819
35	101	5	5	549250000/3645153819
35	101	9	9	549250000/3645153819
35	102	2	2	714025000000/5609891727441
35	102	3	3	714025000000/5609891727441
35	102	5	5	714025000000/5609891727441
35	102	9	9	714025000000/5609891727441
35	103	2	2	928232500000000/8633623368531699
35	103	3	3	928232500000000/8633623368531699
35	103	5	5	928232500000000/8633623368531699
35	103	9	9	928232500000000/8633623368531699
36	26	5	10	2/3
36	26	8	10	2/3
36	26	9	10	2/3
36	27	4	8	20/243
36	27	6	8	20/243
36	27	7	8	20/243
36	28	4	8	-5200/1331883
36	28	6	8	-5200/1331883
36	28	7	8	-5200/1331883
36	29	4	8	-1280000/323647569
36	29	6	8	-1280000/323647569
36	29	7	8	-1280000/323647569
36	30	4	8	-1698560000/5688753320313
36	30	6	8	-1698560000/5688753320313
36	30	7	8	-1698560000/5688753320313
36	31	4	8	13748800000/51198779882817
36	31	6	8	13748800000/51198779882817
36	31	7	8	13748800000/51198779882817
36	32	4	9	2
36	32	6	9	2
36	33	3	8	14/27
36	33	5	8	14/27
36	34	3	8	5716/63423
36	34	5	8	5716/63423
36	35	3	8	224/570807
36	35	5	8	224/570807
36	36	3	8	-8711296/1433296377
36	36	5	8	-8711296/1433296377
36	37	3	8	-69948592/38699002179
36	37	5	8	-69948592/38699002179
36	38	1	9	2
36	38	5	6	2
36	38	5	8	2
36	38	5	9	2
36	38	6	6	1
36	38	8	8	1
36	39	1	8	196/297
36	39	5	6	116/297
36	39	5	7	116/297
36	39	5	8	-52/297
36	39	6	6	-214/891
36	39	7	7	-214/891
36	40	1	8	144464/852687
36	40	5	6	23824/852687
36	40	5	7	23824/852687
36	40	5	8	-28144/852687
36	40	6	6	771704/23022549
36	40	7	7	771704/23022549
36	41	1	8	18238976/759744117
36	41	5	6	-351616/26198073
36	41	5	7	-351616/26198073
36	41	5	8	8624512/759744117
36	41	6	6	72985984/20513091159
36	41	7	7	72985984/20513091159
36	42	1	8	-32091502592/6994964085219
36	42	5	6	-34084708352/6994964085219
36	42	5	7	-34084708352/6994964085219
36	42	5	8	8205918208/6994964085219
36	42	6	6	-1925150903296/566592090902739
36	42	7	7	-1925150903296/566592090902739
36	43	1	8	-318001965568/76944604937409
36	43	5	6	4041129472/23879360152989
36	43	5	7	4041129472/23879360152989
36	43	5	8	-258737603072/230833814812227
36	43	6	6	293172249351424/504833552994340449
36	43	7	7	293172249351424/504833552994340449
36	44	2	4	2/3
36	44	2	6	2/3
36	44	3	4	2/3
36	44	3	7	2/3
36	44	5	6	2/3
36	44	5	7	2/3
36	45	2	4	-130/1107
36	45	2	6	-130/1107
36	45	3	4	-130/1107
36	45	3	7	-130/1107
36	45	5	6	-130/1107
36	45	5	7	-130/1107
36	46	2	4	159100/35538021
36	46	2	6	159100/35538021
36	46	3	4	159100/35538021
36	46	3	7	159100/35538021
36	46	5	6	159100/35538021
36	46	5	7	159100/35538021
36	47	2	4	21515000/4371176583
36	47	2	6	21515000/4371176583
36	47	3	4	21515000/4371176583
36	47	3	7	21515000/4371176583
36	47	5	6	21515000/4371176583
36	47	5	7	21515000/4371176583
36	48	2	4	-190485820000/150005666798811
36	48	2	6	-190485820000/150005666798811
36	48	3	4	-190485820000/150005666798811
36	48	3	7	-190485820000/150005666798811
36	48	5	6	-190485820000/150005666798811
36	48	5	7	-190485820000/150005666798811
36	49	2	4	-11140271350000/55352091048761259
36	49	2	6	-11140271350000/55352091048761259
36	49	3	4	-11140271350000/55352091048761259
36	49	3	7	-11140271350000/55352091048761259
36	49	5	6	-11140271350000/55352091048761259
36	49	5	7	-11140271350000/55352091048761259
36	62	3	18	2
36	62	14	18	2
36	62	18	18	1
36	62	18	19	2
36	62	18	20	2
36	63	16	16	1405/1944
36	64	16	16	1974025/3779136
36	65	16	16	2773505125/7346640384
36	66	16	16	3896774700625/14281868906496
36	67	16	16	5474968454378125/27763953154228224
36	68	11	13	2/3
36	68	11	16	2/3
36	68	11	17	2/3
36	68	13	13	1/3
36	68	13	14	2/3
36	68	13	19	2/3
36	68	13	20	2/3
36	68	14	16	2/3
36	68	14	17	2/3
36	68	16	16	1/3
36	68	16	19	2/3
36	68	16	20	2/3
36	68	17	17	1/3
36	68	17	19	2/3
36	68	17	20	2/3
36	69	12	12	1405/5103
36	69	14	14	1405/5103
36	69	15	15	1405/5103
36	70	12	12	1974025/8680203
36	70	14	14	1974025/8680203
36	70	15	15	1974025/8680203
36	71	12	12	2773505125/14765025303
36	71	14	14	2773505125/14765025303
36	71	15	15	2773505125/14765025303
36	72	12	12	3896774700625/25115308040403
36	72	14	14	3896774700625/25115308040403
36	72	15	15	3896774700625/25115308040403
36	73	12	12	5474968454378125/42721138976725503
36	73	14	14	5474968454378125/42721138976725503
36	73	15	15	5474968454378125/42721138976725503
36	92	11	12	2
36	92	11	14	2
36	92	12	12	1
36	92	12	18	2
36	92	12	19	2
36	92	12	20	2
36	92	14	14	1
36	92	14	18	2
36	92	14	19	2
36	92	14	20	2
36	93	11	11	1405/1746
36	93	13	13	1405/1746
36	94	11	11	1974025/3048516
36	94	13	13	1974025/3048516
36	95	11	11	2773505125/5322708936
36	95	13	13	2773505125/5322708936
36	96	11	11	3896774700625/9293449802256
36	96	13	13	3896774700625/9293449802256
36	97	11	11	5474968454378125/16226363354738976
36	97	13	13	5474968454378125/16226363354738976
36	104	5	5	1/2
36	104	5	15	1
36	104	5	18	1
36	104	5	19	1
36	104	5	20	1
36	104	9	9	1/2
36	104	9	15	1
36	104	9	18	1
36	104	9	19	1
36	104	9	20	1
36	105	5	5	1405/3348
36	105	9	9	1405/3348
36	106	5	5	1974025/5604552
36	106	9	9	1974025/5604552
36	107	5	5	2773505125/9382020048
36	107	9	9	2773505125/9382020048
36	108	5	5	3896774700625/15705501560352
36	108	9	9	3896774700625/15705501560352
36	109	5	5	5474968454378125/26291009612029248
36	109	9	9	5474968454378125/26291009612029248
37	26	10	10	2
37	27	8	8	-20/27
37	28	8	8	5200/21141
37	29	8	8	-40000/570807
37	30	8	8	7360000/477765459
37	31	8	8	-20800000/12899667393
37	38	4	4	6
37	38	4	5	12
37	39	4	4	-68/33
37	39	4	5	56/11
37	40	4	4	57808/94743
37	40	4	5	62048/31581
37	41	4	4	-1337152/9379557
37	41	4	5	232064/347391
37	42	4	4	544050688/28785860433
37	42	4	5	6874112/36763551
37	43	4	4	9118197248/2849800182867
37	43	4	5	1226150912/35182718307
37	68	8	8	2
37	68	8	11	4
37	68	8	14	4
37	68	8	19	4
37	68	8	20	4
37	69	8	8	10/9
37	70	8	8	50/81
37	71	8	8	250/729
37	72	8	8	1250/6561
37	73	8	8	6250/59049
37	98	4	4	3/2
37	98	4	9	3
37	98	4	16	3
37	98	4	19	3
37	98	4	20	3
37	98	9	14	3
37	98	14	14	3/2
37	98	14	16	3
37	98	14	19	3
37	98	14	20	3
37	99	4	4	35/38
37	99	13	13	35/38
37	100	4	4	1225/2166
37	100	13	13	1225/2166
37	101	4	4	42875/123462
37	101	13	13	42875/123462
37	102	4	4	1500625/7037334
37	102	13	13	1500625/7037334
37	103	4	4	52521875/401128038
37	103	13	13	52521875/401128038
38	26	10	10	2
38	28	8	8	-800/21141
38	30	8	8	320000/159255153
38	38	5	9	12
38	39	5	8	112/33
38	40	5	8	66304/94743
38	41	5	8	476672/9379557
38	42	5	8	-927453184/28785860433
38	43	5	8	-42041065472/2849800182867
38	44	4	4	2
38	44	6	6	2
38	44	7	7	2
38	45	4	4	-200/369
38	45	6	6	-200/369
38	45	7	7	-200/369
38	46	4	4	407800/3948669
38	46	6	6	407800/3948669
38	46	7	7	407800/3948669
38	47	4	4	-6340000/1457058861
38	47	6	6	-6340000/1457058861
38	47	7	7	-6340000/1457058861
38	48	4	4	-96012740000/16667296310979
38	48	6	6	-96012740000/16667296310979
38	48	7	7	-96012740000/16667296310979
38	49	4	4	13162370000000/6150232338751251
38	49	6	6	13162370000000/6150232338751251
38	49	7	7	13162370000000/6150232338751251
38	68	11	18	4
38	68	14	18	4
38	68	18	18	2
38	68	18	19	4
38	68	18	20	4
38	69	16	16	40/27
38	70	16	16	800/729
38	71	16	16	16000/19683
38	72	16	16	320000/531441
38	73	16	16	6400000/14348907
38	104	13	13	3
38	104	13	15	6
38	104	13	18	6
38	104	13	19	6
38	104	13	20	6
38	105	13	13	70/31
38	106	13	13	4900/2883
38	107	13	13	343000/268119
38	108	13	13	24010000/24935067
38	109	13	13	1680700000/2318961231
39	32	8	8	12
39	33	7	7	16/9
39	34	7	7	-128/2349
39	35	7	7	-19456/190269
39	36	7	7	-1982464/159255153
39	37	7	7	425984/53085051
39	44	1	8	8
39	45	1	8	-160/369
39	46	1	8	-275200/1316223
39	47	1	8	53248000/1457058861
39	48	1	8	249118720000/16667296310979
39	49	1	8	-3263897600000/683359148750139
39	74	3	16	8
39	74	16	16	4
39	74	16	18	8
39	74	16	19	8
39	74	16	20	8
39	75	15	15	280/81
39	76	15	15	19600/6561
39	77	15	15	1372000/531441
39	78	15	15	96040000/43046721
39	79	15	15	6722800000/3486784401
39	110	1	1	1
39	110	1	17	2
39	110	1	18	2
39	110	1	19	2
39	110	1	20	2
39	111	1	1	35/36
39	112	1	1	1225/1296
39	113	1	1	42875/46656
39	114	1	1	1500625/1679616
39	115	1	1	52521875/60466176
40	32	2	2	6
40	32	2	8	12
40	33	2	2	88/81
40	33	2	7	-16/27
40	34	2	2	15808/570807
40	34	2	7	-2176/7047
40	35	2	2	-7794688/138706101
40	35	2	7	249856/5137263
40	36	2	2	-14040399872/1044873058833
40	36	2	7	281870336/12899667393
40	37	2	2	820536983552/253904153296419
40	37	2	7	-2157805568/348291019611
40	44	1	1	2
40	45	1	1	520/1107
40	46	1	1	574400/11846007
40	47	1	1	-694720000/39340589247
40	48	1	1	-12171146240000/1350051001189299
40	49	1	1	-46673868800000/166056273146283777
40	74	2	2	2
40	74	2	3	4
40	74	2	18	4
40	74	2	19	4
40	74	2	20	4
40	75	2	2	1340/729
40	76	2	2	897800/531441
40	77	2	2	601526000/387420489
40	78	2	2	403022420000/282429536481
40	79	2	2	270025021400000/205891132094649
40	80	7	7	3/2
40	80	7	9	3
40	80	7	10	3
40	80	7	13	3
40	80	7	20	3
40	80	9	12	3
40	80	10	12	3
40	80	12	12	3/2
40	80	12	13	3
40	80	12	20	3
40	81	7	7	335/252
40	81	10	10	335/252
40	82	7	7	112225/95256
40	82	10	10	112225/95256
40	83	7	7	37595375/36006768
40	83	10	10	37595375/36006768
40	84	7	7	12594450625/13610558304
40	84	10	10	12594450625/13610558304
40	85	7	7	4219140959375/5144791038912
40	85	10	10	4219140959375/5144791038912
41	32	2	5	2
41	32	2	7	2
41	32	2	8	2
41	32	2	9	2
41	32	5	8	2
41	32	7	8	2
41	33	2	4	100/243
41	33	2	6	100/243
41	33	2	7	52/81
41	33	2	8	-68/243
41	33	4	7	-20/81
41	33	6	7	-20/81
41	34	2	4	60400/1712421
41	34	2	6	60400/1712421
41	34	2	7	368/2349
41	34	2	8	-17552/1712421
41	34	4	7	-400/21141
41	34	6	7	-400/21141
41	35	2	4	-5440000/416118303
41	35	2	6	-5440000/416118303
41	35	2	7	286208/15411789
41	35	2	8	6349568/416118303
41	35	4	7	224000/15411789
41	35	6	7	224000/15411789
41	36	2	4	-17365760000/3134619176499
41	36	2	6	-17365760000/3134619176499
41	36	2	7	-227735552/38699002179
41	36	2	8	-5051881472/3134619176499
41	36	4	7	-24320000/38699002179
41	36	6	7	-24320000/38699002179
41	37	2	4	-32440000000/761712459889257
41	37	2	6	-32440000000/761712459889257
41	37	2	7	-4207849984/1044873058833
41	37	2	8	-875981988352/761712459889257
41	37	4	7	-1297600000/1044873058833
41	37	6	7	-1297600000/1044873058833
41	38	2	2	1
41	38	2	8	2
41	38	3	3	1
41	38	3	6	2
41	39	2	2	140/891
41	39	2	7	-40/891
41	39	3	3	140/891
41	39	3	6	-40/891
41	40	2	2	-52000/23022549
41	40	2	7	-1217600/23022549
41	40	3	3	-52000/23022549
41	40	3	6	-1217600/23022549
41	41	2	2	-180992000/20513091159
41	41	2	7	73984000/20513091159
41	41	3	3	-180992000/20513091159
41	41	3	6	73984000/20513091159
41	42	2	2	-761681920000/566592090902739
41	42	2	7	2217349120000/566592090902739
41	42	3	3	-761681920000/566592090902739
41	42	3	6	2217349120000/566592090902739
41	43	2	2	328895257600000/504833552994340449
41	43	2	7	-227866265600000/504833552994340449
41	43	3	3	328895257600000/504833552994340449
41	43	3	6	-227866265600000/504833552994340449
41	44	1	2	2/3
41	44	1	3	2/3
41	44	1	5	2/3
41	45	1	2	580/3321
41	45	1	3	580/3321
41	45	1	5	580/3321
41	46	1	2	983600/35538021
41	46	1	3	983600/35538021
41	46	1	5	983600/35538021
41	47	1	2	-9032000/4069716129
41	47	1	3	-9032000/4069716129
41	47	1	5	-9032000/4069716129
41	48	1	2	-11856384320000/4050153003567897
41	48	1	3	-11856384320000/4050153003567897
41	48	1	5	-11856384320000/4050153003567897
41	49	1	2	-10746596800000/17178235153063839
41	49	1	3	-10746596800000/17178235153063839
41	49	1	5	-10746596800000/17178235153063839
41	74	3	5	2/3
41	74	3	7	2/3
41	74	3	11	2/3
41	74	5	5	1/3
41	74	5	18	2/3
41	74	5	19	2/3
41	74	5	20	2/3
41	74	7	7	1/3
41	74	7	18	2/3
41	74	7	19	2/3
41	74	7	20	2/3
41	74	11	11	1/3
41	74	11	18	2/3
41	74	11	19	2/3
41	74	11	20	2/3
41	75	4	4	1175/4374
41	75	6	6	1175/4374
41	75	10	10	1175/4374
41	76	4	4	1380625/6377292
41	76	6	6	1380625/6377292
41	76	10	10	1380625/6377292
41	77	4	4	1622234375/9298091736
41	77	6	6	1622234375/9298091736
41	77	10	10	1622234375/9298091736
41	78	4	4	1906125390625/13556617751088
41	78	6	6	1906125390625/13556617751088
41	78	10	10	1906125390625/13556617751088
41	79	4	4	2239697333984375/19765548681086304
41	79	6	6	2239697333984375/19765548681086304
41	79	10	10	2239697333984375/19765548681086304
41	80	8	8	1/4
41	80	8	9	1/2
41	80	8	10	1/2
41	80	8	13	1/2
41	80	8	20	1/2
41	80	9	15	1/2
41	80	9	17	1/2
41	80	9	18	1/2
41	80	10	15	1/2
41	80	10	17	1/2
41	80	10	18	1/2
41	80	13	15	1/2
41	80	13	17	1/2
41	80	13	18	1/2
41	80	15	15	1/4
41	80	15	20	1/2
41	80	17	17	1/4
41	80	17	20	1/2
41	80	18	18	1/4
41	80	18	20	1/2
41	81	8	8	1175/6048
41	81	12	12	1175/6048
41	81	14	14	1175/6048
41	81	15	15	1175/6048
41	82	8	8	1380625/9144576
41	82	12	12	1380625/9144576
41	82	14	14	1380625/9144576
41	82	15	15	1380625/9144576
41	83	8	8	1622234375/13826598912
41	83	12	12	1622234375/13826598912
41	83	14	14	1622234375/13826598912
41	83	15	15	1622234375/13826598912
41	84	8	8	1906125390625/20905817554944
41	84	12	12	1906125390625/20905817554944
41	84	14	14	1906125390625/20905817554944
41	84	15	15	1906125390625/20905817554944
41	85	8	8	2239697333984375/31609596143075328
41	85	12	12	2239697333984375/31609596143075328
41	85	14	14	2239697333984375/31609596143075328
41	85	15	15	2239697333984375/31609596143075328
41	86	7	7	1
41	86	7	9	2
41	86	7	12	2
41	86	7	19	2
41	86	7	20	2
41	86	9	11	2
41	86	11	11	1
41	86	11	12	2
41	86	11	19	2
41	86	11	20	2
41	87	7	7	47/54
41	87	10	10	47/54
41	88	7	7	2209/2916
41	88	10	10	2209/2916
41	89	7	7	103823/157464
41	89	10	10	103823/157464
41	90	7	7	4879681/8503056
41	90	10	10	4879681/8503056
41	91	7	7	229345007/459165024
41	91	10	10	229345007/459165024
41	92	2	2	1
41	92	2	11	2
41	92	2	18	2
41	92	2	19	2
41	92	2	20	2
41	93	2	2	2350/2619
41	94	2	2	5522500/6859161
41	95	2	2	12977875000/17964142659
41	96	2	2	30498006250000/47048089623921
41	97	2	2	71670314687500000/123218946725049099
42	32	5	5	1
42	32	5	8	2
42	32	7	7	1
42	32	7	8	2
42	32	8	9	2
42	33	4	4	20/243
42	33	4	7	40/81
42	33	6	6	20/243
42	33	6	7	40/81
42	33	7	8	-32/81
42	34	4	4	-28000/1712421
42	34	4	7	1600/21141
42	34	6	6	-28000/1712421
42	34	6	7	1600/21141
42	34	7	8	224/7047
42	35	4	4	-2144000/416118303
42	35	4	7	-64000/15411789
42	35	6	6	-2144000/416118303
42	35	6	7	-64000/15411789
42	35	7	8	184832/15411789
42	36	4	4	1902080000/3134619176499
42	36	4	7	-250880000/38699002179
42	36	6	6	1902080000/3134619176499
42	36	6	7	-250880000/38699002179
42	36	7	8	-185027072/38699002179
42	37	4	4	375116800000/761712459889257
42	37	4	7	-51200000/36030105477
42	37	6	6	375116800000/761712459889257
42	37	6	7	-51200000/36030105477
42	37	7	8	-1417216/1044873058833
42	38	2	6	2
42	38	2	9	2
42	38	3	8	2
42	38	3	9	2
42	39	2	6	400/891
42	39	2	8	-80/297
42	39	3	7	400/891
42	39	3	8	-80/297
42	40	2	6	1158400/23022549
42	40	2	8	-108800/7674183
42	40	3	7	1158400/23022549
42	40	3	8	-108800/7674183
42	41	2	6	-232960000/20513091159
42	41	2	8	11776000/759744117
42	41	3	7	-232960000/20513091159
42	41	3	8	11776000/759744117
42	42	2	6	-3741532160000/566592090902739
42	42	2	8	-26460160000/20984892255657
42	42	3	7	-3741532160000/566592090902739
42	42	3	8	-26460160000/20984892255657
42	43	2	6	-281436160000000/504833552994340449
42	43	2	8	-7862681600000/6232512999930129
42	43	3	7	-281436160000000/504833552994340449
42	43	3	8	-7862681600000/6232512999930129
42	44	1	4	2/3
42	44	1	6	2/3
42	44	1	7	2/3
42	44	2	7	2/3
42	44	3	6	2/3
42	44	4	5	2/3
42	45	1	4	640/3321
42	45	1	6	640/3321
42	45	1	7	640/3321
42	45	2	7	20/3321
42	45	3	6	20/3321
42	45	4	5	20/3321
42	46	1	4	1378400/35538021
42	46	1	6	1378400/35538021
42	46	1	7	1378400/35538021
42	46	2	7	-7400/438741
42	46	3	6	-7400/438741
42	46	4	5	-7400/438741
42	47	1	4	168704000/118021767741
42	47	1	6	168704000/118021767741
42	47	1	7	168704000/118021767741
42	47	2	7	-54062000/118021767741
42	47	3	6	-54062000/118021767741
42	47	4	5	-54062000/118021767741
42	48	1	4	-10624685120000/4050153003567897
42	48	1	6	-10624685120000/4050153003567897
42	48	1	7	-10624685120000/4050153003567897
42	48	2	7	4848087580000/4050153003567897
42	48	3	6	4848087580000/4050153003567897
42	48	4	5	4848087580000/4050153003567897
42	49	1	4	-497943449600000/498168819438851331
42	49	1	6	-497943449600000/498168819438851331
42	49	1	7	-497943449600000/498168819438851331
42	49	2	7	81174046600000/1494506458316553993
42	49	3	6	81174046600000/1494506458316553993
42	49	4	5	81174046600000/1494506458316553993
42	74	3	9	2/3
42	74	3	13	2/3
42	74	3	15	2/3
42	74	9	9	1/3
42	74	9	18	2/3
42	74	9	19	2/3
42	74	9	20	2/3
42	74	13	13	1/3
42	74	13	18	2/3
42	74	13	19	2/3
42	74	13	20	2/3
42	74	15	15	1/3
42	74	15	18	2/3
42	74	15	19	2/3
42	74	15	20	2/3
42	75	8	8	550/2187
42	75	12	12	550/2187
42	75	14	14	550/2187
42	76	8	8	302500/1594323
42	76	12	12	302500/1594323
42	76	14	14	302500/1594323
42	77	8	8	166375000/1162261467
42	77	12	12	166375000/1162261467
42	77	14	14	166375000/1162261467
42	78	8	8	91506250000/847288609443
42	78	12	12	91506250000/847288609443
42	78	14	14	91506250000/847288609443
42	79	8	8	50328437500000/617673396283947
42	79	12	12	50328437500000/617673396283947
42	79	14	14	50328437500000/617673396283947
42	86	9	16	2
42	86	9	17	2
42	86	12	16	2
42	86	12	17	2
42	86	16	16	1
42	86	16	19	2
42	86	16	20	2
42	86	17	17	1
42	86	17	19	2
42	86	17	20	2
42	87	14	14	22/27
42	87	15	15	22/27
42	88	14	14	484/729
42	88	15	15	484/729
42	89	14	14	10648/19683
42	89	15	15	10648/19683
42	90	14	14	234256/531441
42	90	15	15	234256/531441
42	91	14	14	5153632/14348907
42	91	15	15	5153632/14348907
42	92	7	7	1
42	92	7	11	2
42	92	7	18	2
42	92	7	19	2
42	92	7	20	2
42	93	7	7	2200/2619
42	94	7	7	4840000/6859161
42	95	7	7	10648000000/17964142659
42	96	7	7	23425600000000/47048089623921
42	97	7	7	51536320000000000/123218946725049099
42	104	2	2	1/2
42	104	2	15	1
42	104	2	18	1
42	104	2	19	1
42	104	2	20	1
42	104	3	3	1/2
42	104	3	15	1
42	104	3	18	1
42	104	3	19	1
42	104	3	20	1
42	105	2	2	1100/2511
42	105	3	3	1100/2511
42	106	2	2	2420000/6305121
42	106	3	3	2420000/6305121
42	107	2	2	5324000000/15832158831
42	107	3	3	5324000000/15832158831
42	108	2	2	11712800000000/39754550824641
42	108	3	3	11712800000000/39754550824641
42	109	2	2	25768160000000000/99823677120673551
42	109	3	3	25768160000000000/99823677120673551
43	32	8	9	6
43	33	7	8	28/27
43	34	7	8	272/7047
43	35	7	8	-215488/5137263
43	36	7	8	-136765952/12899667393
43	37	7	8	577923584/348291019611
43	38	6	6	3
43	38	8	8	3
43	39	6	6	116/297
43	39	7	7	116/297
43	40	6	6	-198496/7674183
43	40	7	7	-198496/7674183
43	41	6	6	-5503744/235782657
43	41	7	7	-5503744/235782657
43	42	6	6	-270907641856/188864030300913
43	42	7	7	-270907641856/188864030300913
43	43	6	6	11623527981056/5802684517176327
43	43	7	7	11623527981056/5802684517176327
43	44	1	8	2
43	44	2	8	2
43	44	3	8	2
43	44	5	8	2
43	45	1	8	700/1107
43	45	2	8	-260/1107
43	45	3	8	-260/1107
43	45	5	8	-260/1107
43	46	1	8	1758800/11846007
43	46	2	8	-282800/11846007
43	46	3	8	-282800/11846007
43	46	5	8	-282800/11846007
43	47	1	8	566720000/39340589247
43	47	2	8	585728000/39340589247
43	47	3	8	585728000/39340589247
43	47	5	8	585728000/39340589247
43	48	1	8	-9667746560000/1350051001189299
43	48	2	8	-218827520000/1350051001189299
43	48	3	8	-218827520000/1350051001189299
43	48	5	8	-218827520000/1350051001189299
43	49	1	8	-675947720000000/166056273146283777
43	49	2	8	-693845796800000/498168819438851331
43	49	3	8	-693845796800000/498168819438851331
43	49	5	8	-693845796800000/498168819438851331
43	74	3	17	2
43	74	17	17	1
43	74	17	18	2
43	74	17	19	2
43	74	17	20	2
43	75	16	16	1115/1458
43	76	16	16	1243225/2125764
43	77	16	16	1386195875/3099363912
43	78	16	16	1545608400625/4518872583696
43	79	16	16	1723353366696875/6588516227028768
43	92	11	16	6
43	92	16	16	3
43	92	16	18	6
43	92	16	19	6
43	92	16	20	6
43	93	15	15	2230/873
43	94	15	15	4972900/2286387
43	95	15	15	11089567000/5988047553
43	96	15	15	24729734410000/15682696541307
43	97	15	15	55147307734300000/41072982241683033
43	110	2	2	1/4
43	110	2	17	1/2
43	110	2	18	1/2
43	110	2	19	1/2
43	110	2	20	1/2
43	110	3	3	1/4
43	110	3	17	1/2
43	110	3	18	1/2
43	110	3	19	1/2
43	110	3	20	1/2
43	110	5	5	1/4
43	110	5	17	1/2
43	110	5	18	1/2
43	110	5	19	1/2
43	110	5	20	1/2
43	110	9	9	1/4
43	110	9	17	1/2
43	110	9	18	1/2
43	110	9	19	1/2
43	110	9	20	1/2
43	111	2	2	1115/5184
43	111	3	3	1115/5184
43	111	5	5	1115/5184
43	111	9	9	1115/5184
43	112	2	2	1243225/6718464
43	112	3	3	1243225/6718464
43	112	5	5	1243225/6718464
43	112	9	9	1243225/6718464
43	113	2	2	1386195875/8707129344
43	113	3	3	1386195875/8707129344
43	113	5	5	1386195875/8707129344
43	113	9	9	1386195875/8707129344
43	114	2	2	1545608400625/11284439629824
43	114	3	3	1545608400625/11284439629824
43	114	5	5	1545608400625/11284439629824
43	114	9	9	1545608400625/11284439629824
43	115	2	2	1723353366696875/14624633760251904
43	115	3	3	1723353366696875/14624633760251904
43	115	5	5	1723353366696875/14624633760251904
43	115	9	9	1723353366696875/14624633760251904
44	32	2	9	8
44	33	2	8	448/243
44	34	2	8	404992/1712421
44	35	2	8	-13447168/416118303
44	36	2	8	-78401404928/3134619176499
44	37	2	8	-2674892996608/761712459889257
44	38	6	8	8
44	39	6	7	-832/891
44	40	6	7	-2221568/23022549
44	41	6	7	1215066112/20513091159
44	42	6	7	-283148976128/566592090902739
44	43	6	7	-2802145717649408/504833552994340449
44	44	2	2	4/3
44	44	3	3	4/3
44	44	5	5	4/3
44	45	2	2	200/1107
44	45	3	3	200/1107
44	45	5	5	200/1107
44	46	2	2	-1063600/106614063
44	46	3	3	-1063600/106614063
44	46	5	5	-1063600/106614063
44	47	2	2	-140180000/13113529749
44	47	3	3	-140180000/13113529749
44	47	5	5	-140180000/13113529749
44	48	2	2	-1144012760000/1350051001189299
44	48	3	3	-1144012760000/1350051001189299
44	48	5	5	-1144012760000/1350051001189299
44	49	2	2	446743810000000/498168819438851331
44	49	3	3	446743810000000/498168819438851331
44	49	5	5	446743810000000/498168819438851331
44	80	9	19	2
44	80	10	19	2
44	80	13	19	2
44	80	19	19	1
44	80	19	20	2
44	81	16	16	20/27
44	82	16	16	400/729
44	83	16	16	8000/19683
44	84	16	16	160000/531441
44	85	16	16	3200000/14348907
44	92	10	10	4
44	92	10	11	8
44	92	10	18	8
44	92	10	19	8
44	92	10	20	8
44	93	10	10	8960/2619
44	94	10	10	20070400/6859161
44	95	10	10	44957696000/17964142659
44	96	10	10	100705239040000/47048089623921
44	97	10	10	225579735449600000/123218946725049099
45	32	5	7	10
45	33	4	6	-250/243
45	34	4	6	-212500/1712421
45	35	4	6	25000000/416118303
45	36	4	6	4250000000/3134619176499
45	37	4	6	-3994531250000/761712459889257
45	38	2	3	10
45	39	2	3	2500/891
45	40	2	3	12350000/23022549
45	41	2	3	200000000/20513091159
45	42	2	3	-22012000000000/566592090902739
45	43	2	3	-6686875000000000/504833552994340449
45	86	4	4	5
45	86	4	9	10
45	86	4	12	10
45	86	4	19	10
45	86	4	20	10
45	87	4	4	875/216
45	88	4	4	153125/46656
45	89	4	4	26796875/10077696
45	90	4	4	4689453125/2176782336
45	91	4	4	820654296875/470184984576
46	32	5	7	2
46	32	5	9	2
46	32	7	9	2
46	33	4	6	130/243
46	33	4	8	-110/243
46	33	6	8	-110/243
46	34	4	6	173500/1712421
46	34	4	8	103900/1712421
46	34	6	8	103900/1712421
46	35	4	6	1976000/416118303
46	35	4	8	2156000/416118303
46	35	6	8	2156000/416118303
46	36	4	6	-16453040000/3134619176499
46	36	4	8	-16125680000/3134619176499
46	36	6	8	-16125680000/3134619176499
46	37	4	6	-1509408550000/761712459889257
46	37	4	8	673621850000/761712459889257
46	37	6	8	673621850000/761712459889257
46	38	2	4	2
46	38	2	8	2
46	38	3	4	2
46	38	3	6	2
46	38	4	6	2
46	38	4	8	2
46	39	2	4	100/297
46	39	2	7	620/891
46	39	3	4	100/297
46	39	3	6	620/891
46	39	4	6	-52/297
46	39	4	7	-52/297
46	40	2	4	28400/2558061
46	40	2	7	4524400/23022549
46	40	3	4	28400/2558061
46	40	3	6	4524400/23022549
46	40	4	6	-77392/2558061
46	40	4	7	-77392/2558061
46	41	2	4	-10240000/759744117
46	41	2	7	751936000/20513091159
46	41	3	4	-10240000/759744117
46	41	3	6	751936000/20513091159
46	41	4	6	8075392/759744117
46	41	4	7	8075392/759744117
46	42	2	4	-22588160000/6994964085219
46	42	2	7	-500837120000/566592090902739
46	42	3	4	-22588160000/6994964085219
46	42	3	6	-500837120000/566592090902739
46	42	4	6	6554165248/6994964085219
46	42	4	7	6554165248/6994964085219
46	43	2	4	1141960000000/2077504333310043
46	43	2	7	-63984651200000/16284953322398079
46	43	3	4	1141960000000/2077504333310043
46	43	3	6	-63984651200000/16284953322398079
46	43	4	6	-2037194818048/2077504333310043
46	43	4	7	-2037194818048/2077504333310043
46	44	2	3	2/3
46	44	2	5	2/3
46	44	3	5	2/3
46	45	2	3	710/3321
46	45	2	5	710/3321
46	45	3	5	710/3321
46	46	2	3	5679700/106614063
46	46	2	5	5679700/106614063
46	46	3	5	5679700/106614063
46	47	2	3	859171000/118021767741
46	47	2	5	859171000/118021767741
46	47	3	5	859171000/118021767741
46	48	2	3	-5661895220000/4050153003567897
46	48	2	5	-5661895220000/4050153003567897
46	48	3	5	-5661895220000/4050153003567897
46	49	2	3	-5393746129850000/4483519374949661979
46	49	2	5	-5393746129850000/4483519374949661979
46	49	3	5	-5393746129850000/4483519374949661979
46	86	8	8	1
46	86	8	9	2
46	86	8	12	2
46	86	8	19	2
46	86	8	20	2
46	86	9	14	2
46	86	12	14	2
46	86	14	14	1
46	86	14	19	2
46	86	14	20	2
46	87	8	8	53/72
46	87	12	12	53/72
46	88	8	8	2809/5184
46	88	12	12	2809/5184
46	89	8	8	148877/373248
46	89	12	12	148877/373248
46	90	8	8	7890481/26873856
46	90	12	12	7890481/26873856
46	91	8	8	418195493/1934917632
46	91	12	12	418195493/1934917632
46	92	4	4	1
46	92	4	11	2
46	92	4	18	2
46	92	4	19	2
46	92	4	20	2
46	92	6	6	1
46	92	6	11	2
46	92	6	18	2
46	92	6	19	2
46	92	6	20	2
46	93	4	4	1325/1746
46	93	6	6	1325/1746
46	94	4	4	1755625/3048516
46	94	6	6	1755625/3048516
46	95	4	4	2326203125/5322708936
46	95	6	6	2326203125/5322708936
46	96	4	4	3082219140625/9293449802256
46	96	6	6	3082219140625/9293449802256
46	97	4	4	4083940361328125/16226363354738976
46	97	6	6	4083940361328125/16226363354738976
46	98	6	6	1/4
46	98	6	9	1/2
46	98	6	16	1/2
46	98	6	19	1/2
46	98	6	20	1/2
46	98	7	7	1/4
46	98	7	9	1/2
46	98	7	16	1/2
46	98	7	19	1/2
46	98	7	20	1/2
46	98	9	11	1/2
46	98	9	12	1/2
46	98	11	11	1/4
46	98	11	16	1/2
46	98	11	19	1/2
46	98	11	20	1/2
46	98	12	12	1/4
46	98	12	16	1/2
46	98	12	19	1/2
46	98	12	20	1/2
46	99	6	6	1325/6156
46	99	7	7	1325/6156
46	99	10	10	1325/6156
46	99	11	11	1325/6156
46	100	6	6	1755625/9474084
46	100	7	7	1755625/9474084
46	100	10	10	1755625/9474084
46	100	11	11	1755625/9474084
46	101	6	6	2326203125/14580615276
46	101	7	7	2326203125/14580615276
46	101	10	10	2326203125/14580615276
46	101	11	11	2326203125/14580615276
46	102	6	6	3082219140625/22439566909764
46	102	7	7	3082219140625/22439566909764
46	102	10	10	3082219140625/22439566909764
46	102	11	11	3082219140625/22439566909764
46	103	6	6	4083940361328125/34534493474126796
46	103	7	7	4083940361328125/34534493474126796
46	103	10	10	4083940361328125/34534493474126796
46	103	11	11	4083940361328125/34534493474126796
47	32	5	9	2
47	32	7	9	2
47	33	4	8	70/243
47	33	6	8	70/243
47	34	4	8	-4100/1712421
47	34	6	8	-4100/1712421
47	35	4	8	-5404000/416118303
47	35	6	8	-5404000/416118303
47	36	4	8	-5953520000/3134619176499
47	36	6	8	-5953520000/3134619176499
47	37	4	8	578071550000/761712459889257
47	37	6	8	578071550000/761712459889257
47	38	2	9	2
47	38	3	9	2
47	38	6	8	2
47	38	6	9	2
47	38	8	9	2
47	39	2	8	140/297
47	39	3	8	140/297
47	39	6	7	452/891
47	39	6	8	-4/11
47	39	7	8	-4/11
47	40	2	8	485200/7674183
47	40	3	8	485200/7674183
47	40	6	7	1860208/23022549
47	40	6	8	139984/7674183
47	40	7	8	139984/7674183
47	41	2	8	-5824000/759744117
47	41	3	8	-5824000/759744117
47	41	6	7	-77787392/20513091159
47	41	6	8	396544/28138671
47	41	7	8	396544/28138671
47	42	2	8	-137847040000/20984892255657
47	42	3	8	-137847040000/20984892255657
47	42	6	7	-3958236157952/566592090902739
47	42	6	8	-85912078336/20984892255657
47	42	7	8	-85912078336/20984892255657
47	43	2	8	-6377963200000/6232512999930129
47	43	3	8	-6377963200000/6232512999930129
47	43	6	7	-824869953469952/504833552994340449
47	43	6	8	-102414960128/230833814812227
47	43	7	8	-102414960128/230833814812227
47	44	2	4	2/3
47	44	2	6	2/3
47	44	3	4	2/3
47	44	3	7	2/3
47	44	4	6	2/3
47	44	4	7	2/3
47	44	5	6	2/3
47	44	5	7	2/3
47	44	6	7	2/3
47	45	2	4	430/3321
47	45	2	6	430/3321
47	45	3	4	430/3321
47	45	3	7	430/3321
47	45	4	6	-190/3321
47	45	4	7	-190/3321
47	45	5	6	430/3321
47	45	5	7	430/3321
47	45	6	7	-190/3321
47	46	2	4	35900/3948669
47	46	2	6	35900/3948669
47	46	3	4	35900/3948669
47	46	3	7	35900/3948669
47	46	4	6	-396100/35538021
47	46	4	7	-396100/35538021
47	46	5	6	35900/3948669
47	46	5	7	35900/3948669
47	46	6	7	-396100/35538021
47	47	2	4	-527653000/118021767741
47	47	2	6	-527653000/118021767741
47	47	3	4	-527653000/118021767741
47	47	3	7	-527653000/118021767741
47	47	4	6	438121000/118021767741
47	47	4	7	438121000/118021767741
47	47	5	6	-527653000/118021767741
47	47	5	7	-527653000/118021767741
47	47	6	7	438121000/118021767741
47	48	2	4	-6480360020000/4050153003567897
47	48	2	6	-6480360020000/4050153003567897
47	48	3	4	-6480360020000/4050153003567897
47	48	3	7	-6480360020000/4050153003567897
47	48	4	6	1668151180000/4050153003567897
47	48	4	7	1668151180000/4050153003567897
47	48	5	6	-6480360020000/4050153003567897
47	48	5	7	-6480360020000/4050153003567897
47	48	6	7	1668151180000/4050153003567897
47	49	2	4	92348844650000/1494506458316553993
47	49	2	6	92348844650000/1494506458316553993
47	49	3	4	92348844650000/1494506458316553993
47	49	3	7	92348844650000/1494506458316553993
47	49	4	6	-60986693050000/166056273146283777
47	49	4	7	-60986693050000/166056273146283777
47	49	5	6	92348844650000/1494506458316553993
47	49	5	7	92348844650000/1494506458316553993
47	49	6	7	-60986693050000/166056273146283777
47	86	9	18	2
47	86	12	18	2
47	86	18	18	1
47	86	18	19	2
47	86	18	20	2
47	87	16	16	167/216
47	88	16	16	27889/46656
47	89	16	16	4657463/10077696
47	90	16	16	777796321/2176782336
47	91	16	16	129891985607/470184984576
47	92	11	13	2
47	92	11	15	2
47	92	13	13	1
47	92	13	18	2
47	92	13	19	2
47	92	13	20	2
47	92	15	15	1
47	92	15	18	2
47	92	15	19	2
47	92	15	20	2
47	93	12	12	4175/5238
47	93	14	14	4175/5238
47	94	12	12	17430625/27436644
47	94	14	14	17430625/27436644
47	95	12	12	72772859375/143713141272
47	95	14	14	72772859375/143713141272
47	96	12	12	303826687890625/752769433982736
47	96	14	14	303826687890625/752769433982736
47	97	12	12	1268476421943359375/3943006295201571168
47	97	14	14	1268476421943359375/3943006295201571168
47	104	6	6	1/2
47	104	6	15	1
47	104	6	18	1
47	104	6	19	1
47	104	6	20	1
47	104	7	7	1/2
47	104	7	15	1
47	104	7	18	1
47	104	7	19	1
47	104	7	20	1
47	104	10	10	1/2
47	104	10	15	1
47	104	10	18	1
47	104	10	19	1
47	104	10	20	1
47	104	11	11	1/2
47	104	11	15	1
47	104	11	18	1
47	104	11	19	1
47	104	11	20	1
47	105	6	6	4175/10044
47	105	7	7	4175/10044
47	105	10	10	4175/10044
47	105	11	11	4175/10044
47	106	6	6	17430625/50440968
47	106	7	7	17430625/50440968
47	106	10	10	17430625/50440968
47	106	11	11	17430625/50440968
47	107	6	6	72772859375/253314541296
47	107	7	7	72772859375/253314541296
47	107	10	10	72772859375/253314541296
47	107	11	11	72772859375/253314541296
47	108	6	6	303826687890625/1272145626388512
47	108	7	7	303826687890625/1272145626388512
47	108	10	10	303826687890625/1272145626388512
47	108	11	11	303826687890625/1272145626388512
47	109	6	6	1268476421943359375/6388715335723107264
47	109	7	7	1268476421943359375/6388715335723107264
47	109	10	10	1268476421943359375/6388715335723107264
47	109	11	11	1268476421943359375/6388715335723107264
48	32	9	9	2
48	33	8	8	-152/243
48	34	8	8	271288/1712421
48	35	8	8	-10932448/416118303
48	36	8	8	-2381139872/3134619176499
48	37	8	8	1797970209152/761712459889257
48	38	4	4	2
48	38	4	6	4
48	38	4	8	4
48	38	4	9	4
48	39	4	4	16/297
48	39	4	6	112/99
48	39	4	7	112/99
48	39	4	8	-272/297
48	40	4	4	-33376/852687
48	40	4	6	610816/2558061
48	40	4	7	610816/2558061
48	40	4	8	109568/852687
48	41	4	4	-2462464/759744117
48	41	4	6	1824256/84416013
48	41	4	7	1824256/84416013
48	41	4	8	5892608/759744117
48	42	4	4	14945371648/6994964085219
48	42	4	6	-20393259008/2331654695073
48	42	4	7	-20393259008/2331654695073
48	42	4	8	-69382426624/6994964085219
48	43	4	4	23353413632/76944604937409
48	43	4	6	-1059288530944/230833814812227
48	43	4	7	-1059288530944/230833814812227
48	43	4	8	1338879361024/692501444436681
48	44	2	7	4/3
48	44	3	6	4/3
48	44	4	5	4/3
48	45	2	7	560/1107
48	45	3	6	560/1107
48	45	4	5	560/1107
48	46	2	7	5853200/35538021
48	46	3	6	5853200/35538021
48	46	4	5	5853200/35538021
48	47	2	7	182840000/4371176583
48	47	3	6	182840000/4371176583
48	47	4	5	182840000/4371176583
48	48	2	7	850897960000/150005666798811
48	48	3	6	850897960000/150005666798811
48	48	4	5	850897960000/150005666798811
48	49	2	7	-79031024800000/55352091048761259
48	49	3	6	-79031024800000/55352091048761259
48	49	4	5	-79031024800000/55352091048761259
48	92	8	8	2
48	92	8	11	4
48	92	8	18	4
48	92	8	19	4
48	92	8	20	4
48	93	8	8	1180/873
48	94	8	8	696200/762129
48	95	8	8	410758000/665338617
48	96	8	8	242347220000/580840612641
48	97	8	8	142984859800000/507073854835593
48	98	8	8	1/2
48	98	8	9	1
48	98	8	16	1
48	98	8	19	1
48	98	8	20	1
48	98	9	13	1
48	98	9	15	1
48	98	9	17	1
48	98	13	13	1/2
48	98	13	16	1
48	98	13	19	1
48	98	13	20	1
48	98	15	15	1/2
48	98	15	16	1
48	98	15	19	1
48	98	15	20	1
48	98	16	17	1
48	98	17	17	1/2
48	98	17	19	1
48	98	17	20	1
48	99	8	8	590/1539
48	99	12	12	590/1539
48	99	14	14	590/1539
48	99	15	15	590/1539
48	100	8	8	696200/2368521
48	100	12	12	696200/2368521
48	100	14	14	696200/2368521
48	100	15	15	696200/2368521
48	101	8	8	821516000/3645153819
48	101	12	12	821516000/3645153819
48	101	14	14	821516000/3645153819
48	101	15	15	821516000/3645153819
48	102	8	8	969388880000/5609891727441
48	102	12	12	969388880000/5609891727441
48	102	14	14	969388880000/5609891727441
48	102	15	15	969388880000/5609891727441
48	103	8	8	1143878878400000/8633623368531699
48	103	12	12	1143878878400000/8633623368531699
48	103	14	14	1143878878400000/8633623368531699
48	103	15	15	1143878878400000/8633623368531699
48	104	4	4	1
48	104	4	15	2
48	104	4	18	2
48	104	4	19	2
48	104	4	20	2
48	105	4	4	590/837
48	106	4	4	348100/700569
48	107	4	4	205379000/586376253
48	108	4	4	121173610000/490796923761
48	109	4	4	71492429900000/410797025187957
49	32	9	9	2
49	33	8	8	28/243
49	34	8	8	-63512/1712421
49	35	8	8	-2985808/416118303
49	36	8	8	198267872/108090316431
49	37	8	8	526007596352/761712459889257
49	38	6	9	4
49	38	8	9	4
49	39	6	8	224/297
49	39	7	8	224/297
49	40	6	8	359168/7674183
49	40	7	8	359168/7674183
49	41	6	8	-20629504/759744117
49	41	7	8	-20629504/759744117
49	42	6	8	-186956890112/20984892255657
49	42	7	8	-186956890112/20984892255657
49	43	6	8	3605879717888/6232512999930129
49	43	7	8	3605879717888/6232512999930129
49	44	2	8	4/3
49	44	3	8	4/3
49	44	4	4	2/3
49	44	4	8	4/3
49	44	5	8	4/3
49	44	6	6	2/3
49	44	6	8	4/3
49	44	7	7	2/3
49	44	7	8	4/3
49	45	2	8	1120/3321
49	45	3	8	1120/3321
49	45	4	4	220/3321
49	45	4	8	-800/3321
49	45	5	8	1120/3321
49	45	6	6	220/3321
49	45	6	8	-800/3321
49	45	7	7	220/3321
49	45	7	8	-800/3321
49	46	2	8	1894400/35538021
49	46	3	8	1894400/35538021
49	46	4	4	-334600/35538021
49	46	4	8	409600/35538021
49	46	5	8	1894400/35538021
49	46	6	6	-334600/35538021
49	46	6	8	409600/35538021
49	46	7	7	-334600/35538021
49	46	7	8	409600/35538021
49	47	2	8	-318976000/118021767741
49	47	3	8	-318976000/118021767741
49	47	4	4	-485650000/118021767741
49	47	4	8	1118720000/118021767741
49	47	5	8	-318976000/118021767741
49	47	6	6	-485650000/118021767741
49	47	6	8	1118720000/118021767741
49	47	7	7	-485650000/118021767741
49	47	7	8	1118720000/118021767741
49	48	2	8	-18913239040000/4050153003567897
49	48	3	8	-18913239040000/4050153003567897
49	48	4	4	788228860000/4050153003567897
49	48	4	8	-10898513920000/4050153003567897
49	48	5	8	-18913239040000/4050153003567897
49	48	6	6	788228860000/4050153003567897
49	48	6	8	-10898513920000/4050153003567897
49	48	7	7	788228860000/4050153003567897
49	48	7	8	-10898513920000/4050153003567897
49	49	2	8	-1602225766400000/1494506458316553993
49	49	3	8	-1602225766400000/1494506458316553993
49	49	4	4	2366520200000/6150232338751251
49	49	4	8	-157573120000000/498168819438851331
49	49	5	8	-1602225766400000/1494506458316553993
49	49	6	6	2366520200000/6150232338751251
49	49	6	8	-157573120000000/498168819438851331
49	49	7	7	2366520200000/6150232338751251
49	49	7	8	-157573120000000/498168819438851331
49	92	11	17	4
49	92	17	17	2
49	92	17	18	4
49	92	17	19	4
49	92	17	20	4
49	93	16	16	4160/2619
49	94	16	16	8652800/6859161
49	95	16	16	17997824000/17964142659
49	96	16	16	37435473920000/47048089623921
49	97	16	16	77865785753600000/123218946725049099
49	104	14	14	1
49	104	14	15	2
49	104	14	18	2
49	104	14	19	2
49	104	14	20	2
49	104	15	16	2
49	104	16	16	1
49	104	16	18	2
49	104	16	19	2
49	104	16	20	2
49	105	14	14	2080/2511
49	105	15	15	2080/2511
49	106	14	14	4326400/6305121
49	106	15	15	4326400/6305121
49	107	14	14	8998912000/15832158831
49	107	15	15	8998912000/15832158831
49	108	14	14	18717736960000/39754550824641
49	108	15	15	18717736960000/39754550824641
49	109	14	14	38932892876800000/99823677120673551
49	109	15	15	38932892876800000/99823677120673551
49	110	4	4	1/6
49	110	4	17	1/3
49	110	4	18	1/3
49	110	4	19	1/3
49	110	4	20	1/3
49	110	6	6	1/6
49	110	6	17	1/3
49	110	6	18	1/3
49	110	6	19	1/3
49	110	6	20	1/3
49	110	7	7	1/6
49	110	7	17	1/3
49	110	7	18	1/3
49	110	7	19	1/3
49	110	7	20	1/3
49	110	10	10	1/6
49	110	10	17	1/3
49	110	10	18	1/3
49	110	10	19	1/3
49	110	10	20	1/3
49	110	11	11	1/6
49	110	11	17	1/3
49	110	11	18	1/3
49	110	11	19	1/3
49	110	11	20	1/3
49	110	13	13	1/6
49	110	13	17	1/3
49	110	13	18	1/3
49	110	13	19	1/3
49	110	13	20	1/3
49	111	4	4	65/486
49	111	6	6	65/486
49	111	7	7	65/486
49	111	10	10	65/486
49	111	11	11	65/486
49	111	13	13	65/486
49	112	4	4	4225/39366
49	112	6	6	4225/39366
49	112	7	7	4225/39366
49	112	10	10	4225/39366
49	112	11	11	4225/39366
49	112	13	13	4225/39366
49	113	4	4	274625/3188646
49	113	6	6	274625/3188646
49	113	7	7	274625/3188646
49	113	10	10	274625/3188646
49	113	11	11	274625/3188646
49	113	13	13	274625/3188646
49	114	4	4	17850625/258280326
49	114	6	6	17850625/258280326
49	114	7	7	17850625/258280326
49	114	10	10	17850625/258280326
49	114	11	11	17850625/258280326
49	114	13	13	17850625/258280326
49	115	4	4	1160290625/20920706406
49	115	6	6	1160290625/20920706406
49	115	7	7	1160290625/20920706406
49	115	10	10	1160290625/20920706406
49	115	11	11	1160290625/20920706406
49	115	13	13	1160290625/20920706406
50	38	4	9	8
50	38	9	9	4
50	39	4	8	112/99
50	39	8	8	-328/297
50	40	4	8	-9664/852687
50	40	8	8	560864/2558061
50	41	4	8	-469504/9379557
50	41	8	8	-10055168/759744117
50	42	4	8	-1829208064/259072743897
50	42	8	8	-75452329984/6994964085219
50	43	4	8	24687351808/8549400548601
50	43	8	8	9356905520128/2077504333310043
50	44	4	6	8/3
50	44	4	7	8/3
50	44	6	7	8/3
50	45	4	6	280/369
50	45	4	7	280/369
50	45	6	7	280/369
50	46	4	6	1877200/11846007
50	46	4	7	1877200/11846007
50	46	6	7	1877200/11846007
50	47	4	6	6020000/485686287
50	47	4	7	6020000/485686287
50	47	6	7	6020000/485686287
50	48	4	6	-115924720000/16667296310979
50	48	4	7	-115924720000/16667296310979
50	48	6	7	-115924720000/16667296310979
50	49	4	6	-6806308600000/2050077446250417
50	49	4	7	-6806308600000/2050077446250417
50	49	6	7	-6806308600000/2050077446250417
50	98	9	18	2
50	98	16	18	2
50	98	18	18	1
50	98	18	19	2
50	98	18	20	2
50	99	16	16	415/513
50	100	16	16	172225/263169
50	101	16	16	71473375/135005697
50	102	16	16	29661450625/69257922561
50	103	16	16	12309502009375/35529314273793
50	104	8	8	2
50	104	8	15	4
50	104	8	18	4
50	104	8	19	4
50	104	8	20	4
50	104	12	12	2
50	104	12	15	4
50	104	12	18	4
50	104	12	19	4
50	104	12	20	4
50	105	8	8	415/279
50	105	12	12	415/279
50	106	8	8	172225/155682
50	106	12	12	172225/155682
50	107	8	8	71473375/86870556
50	107	12	12	71473375/86870556
50	108	8	8	29661450625/48473770248
50	108	12	12	29661450625/48473770248
50	109	8	8	12309502009375/27048363798384
50	109	12	12	12309502009375/27048363798384
51	38	9	9	6
51	39	8	8	56/99
51	40	8	8	-75968/852687
51	41	8	8	-8927744/253248039
51	42	8	8	5517795328/2331654695073
51	43	8	8	2301541924864/692501444436681
51	44	4	8	4
51	44	6	8	4
51	44	7	8	4
51	44	8	8	2
51	45	4	8	280/369
51	45	6	8	280/369
51	45	7	8	280/369
51	45	8	8	-20/41
51	46	4	8	191200/3948669
51	46	6	8	191200/3948669
51	46	7	8	191200/3948669
51	46	8	8	281200/3948669
51	47	4	8	-39424000/1457058861
51	47	6	8	-39424000/1457058861
51	47	7	8	-39424000/1457058861
51	47	8	8	320000/53965143
51	48	4	8	-150730240000/16667296310979
51	48	6	8	-150730240000/16667296310979
51	48	7	8	-150730240000/16667296310979
51	48	8	8	-37607680000/5555765436993
51	49	4	8	3284579200000/6150232338751251
51	49	6	8	3284579200000/6150232338751251
51	49	7	8	3284579200000/6150232338751251
51	49	8	8	296110400000/227786382916713
51	104	15	17	6
51	104	17	17	3
51	104	17	18	6
51	104	17	19	6
51	104	17	20	6
51	105	16	16	230/93
51	106	16	16	52900/25947
51	107	16	16	12167000/7239213
51	108	16	16	2798410000/2019740427
51	109	16	16	643634300000/563507579133
51	110	8	8	1/2
51	110	8	17	1
51	110	8	18	1
51	110	8	19	1
51	110	8	20	1
51	110	12	12	1/2
51	110	12	17	1
51	110	12	18	1
51	110	12	19	1
51	110	12	20	1
51	110	14	14	1/2
51	110	14	17	1
51	110	14	18	1
51	110	14	19	1
51	110	14	20	1
51	110	15	15	1/2
51	110	15	17	1
51	110	15	18	1
51	110	15	19	1
51	110	15	20	1
51	111	8	8	115/288
51	111	12	12	115/288
51	111	14	14	115/288
51	111	15	15	115/288
51	112	8	8	13225/41472
51	112	12	12	13225/41472
51	112	14	14	13225/41472
51	112	15	15	13225/41472
51	113	8	8	1520875/5971968
51	113	12	12	1520875/5971968
51	113	14	14	1520875/5971968
51	113	15	15	1520875/5971968
51	114	8	8	174900625/859963392
51	114	12	12	174900625/859963392
51	114	14	14	174900625/859963392
51	114	15	15	174900625/859963392
51	115	8	8	20113571875/123834728448
51	115	12	12	20113571875/123834728448
51	115	14	14	20113571875/123834728448
51	115	15	15	20113571875/123834728448
52	44	8	8	20
52	45	8	8	2800/1107
52	46	8	8	-2224000/11846007
52	47	8	8	-5985280000/39340589247
52	48	8	8	-346316800000/46553482799631
52	49	8	8	733067776000000/55352091048761259
52	110	16	16	5
52	110	16	17	10
52	110	16	18	10
52	110	16	19	10
52	110	16	20	10
52	111	16	16	1375/324
52	112	16	16	378125/104976
52	113	16	16	103984375/34012224
52	114	16	16	28595703125/11019960576
52	115	16	16	7863818359375/3570467226624
53	50	1	1	30
53	51	1	1	-50/9
53	52	1	1	250/1701
53	53	1	1	13750/45927
53	54	1	1	-91250/1240029
53	55	1	1	-593750/33480783
54	50	1	1	2
54	50	1	2	4
54	50	1	4	4
54	50	1	7	4
54	50	1	12	4
54	51	1	1	10/27
54	51	1	2	-40/81
54	51	1	3	-40/81
54	51	1	5	-40/81
54	51	1	9	-40/81
54	52	1	1	50/5103
54	52	1	2	-2600/45927
54	52	1	3	-2600/45927
54	52	1	5	-2600/45927
54	52	1	9	-2600/45927
54	53	1	1	-2750/137781
54	53	1	2	134000/3720087
54	53	1	3	134000/3720087
54	53	1	5	134000/3720087
54	53	1	9	134000/3720087
54	54	1	1	-18250/3720087
54	54	1	2	-44000/301327047
54	54	1	3	-44000/301327047
54	54	1	5	-44000/301327047
54	54	1	9	-44000/301327047
54	55	1	1	118750/100442349
54	55	1	2	-94600000/24407490807
54	55	1	3	-94600000/24407490807
54	55	1	5	-94600000/24407490807
54	55	1	9	-94600000/24407490807
54	56	1	1	12
54	57	1	1	-80/39
54	58	1	1	-500/31941
54	59	1	1	478000/3737097
54	60	1	1	-9911000/437240349
54	61	1	1	-522500000/51157120833
55	50	1	2	1
55	50	1	4	1
55	50	1	5	1
55	50	1	7	1
55	50	1	8	1
55	50	1	9	1
55	50	1	12	1
55	50	1	13	1
55	50	1	14	1
55	50	1	16	1
55	50	2	2	1/2
55	50	4	4	1/2
55	50	7	7	1/2
55	50	12	12	1/2
55	51	1	2	20/81
55	51	1	3	20/81
55	51	1	4	-5/81
55	51	1	5	20/81
55	51	1	6	-5/81
55	51	1	7	-5/81
55	51	1	9	20/81
55	51	1	10	-5/81
55	51	1	11	-5/81
55	51	1	13	-5/81
55	51	2	2	-25/243
55	51	3	3	-25/243
55	51	5	5	-25/243
55	51	9	9	-25/243
55	52	1	2	1525/45927
55	52	1	3	1525/45927
55	52	1	4	-1100/45927
55	52	1	5	1525/45927
55	52	1	6	-1100/45927
55	52	1	7	-1100/45927
55	52	1	9	1525/45927
55	52	1	10	-1100/45927
55	52	1	11	-1100/45927
55	52	1	13	-1100/45927
55	52	2	2	6025/826686
55	52	3	3	6025/826686
55	52	5	5	6025/826686
55	52	9	9	6025/826686
55	53	1	2	-20500/3720087
55	53	1	3	-20500/3720087
55	53	1	4	18250/3720087
55	53	1	5	-20500/3720087
55	53	1	6	18250/3720087
55	53	1	7	18250/3720087
55	53	1	9	-20500/3720087
55	53	1	10	18250/3720087
55	53	1	11	18250/3720087
55	53	1	13	18250/3720087
55	53	2	2	423125/100442349
55	53	3	3	423125/100442349
55	53	5	5	423125/100442349
55	53	9	9	423125/100442349
55	54	1	2	-184250/43046721
55	54	1	3	-184250/43046721
55	54	1	4	463375/301327047
55	54	1	5	-184250/43046721
55	54	1	6	463375/301327047
55	54	1	7	463375/301327047
55	54	1	9	-184250/43046721
55	54	1	10	463375/301327047
55	54	1	11	463375/301327047
55	54	1	13	463375/301327047
55	54	2	2	-37852375/24407490807
55	54	3	3	-37852375/24407490807
55	54	5	5	-37852375/24407490807
55	54	9	9	-37852375/24407490807
55	55	1	2	-14575000/24407490807
55	55	1	3	-14575000/24407490807
55	55	1	4	-14684375/24407490807
55	55	1	5	-14575000/24407490807
55	55	1	6	-14684375/24407490807
55	55	1	7	-14684375/24407490807
55	55	1	9	-14575000/24407490807
55	55	1	10	-14684375/24407490807
55	55	1	11	-14684375/24407490807
55	55	1	13	-14684375/24407490807
55	55	2	2	-505656250/5931020266101
55	55	3	3	-505656250/5931020266101
55	55	5	5	-505656250/5931020266101
55	55	9	9	-505656250/5931020266101
55	56	1	7	6
55	56	1	11	6
55	57	1	5	-10/13
55	57	1	9	-10/13
55	58	1	5	-2375/31941
55	58	1	9	-2375/31941
55	59	1	5	22375/415233
55	59	1	9	22375/415233
55	60	1	5	-92125/62462907
55	60	1	9	-92125/62462907
55	61	1	5	-94015625/17052373611
55	61	1	9	-94015625/17052373611
55	62	1	1	6
55	63	1	1	-35/36
55	64	1	1	-1625/54432
55	65	1	1	110125/1679616
55	66	1	1	-22849625/2539579392
55	67	1	1	-468171875/78364164096
56	50	1	5	1
56	50	1	8	1
56	50	1	9	1
56	50	1	10	1
56	50	1	13	1
56	50	1	14	1
56	50	1	15	1
56	50	1	16	1
56	50	1	17	1
56	50	1	18	1
56	51	1	4	25/81
56	51	1	6	25/81
56	51	1	7	25/81
56	51	1	10	25/81
56	51	1	11	25/81
56	51	1	13	25/81
56	52	1	4	3250/45927
56	52	1	6	3250/45927
56	52	1	7	3250/45927
56	52	1	8	-125/5103
56	52	1	10	3250/45927
56	52	1	11	3250/45927
56	52	1	12	-125/5103
56	52	1	13	3250/45927
56	52	1	14	-125/5103
56	52	1	15	-125/5103
56	53	1	4	25000/3720087
56	53	1	6	25000/3720087
56	53	1	7	25000/3720087
56	53	1	10	25000/3720087
56	53	1	11	25000/3720087
56	53	1	13	25000/3720087
56	54	1	4	-978125/301327047
56	54	1	6	-978125/301327047
56	54	1	7	-978125/301327047
56	54	1	8	6250/3720087
56	54	1	10	-978125/301327047
56	54	1	11	-978125/301327047
56	54	1	12	6250/3720087
56	54	1	13	-978125/301327047
56	54	1	14	6250/3720087
56	54	1	15	6250/3720087
56	55	1	4	-44140625/24407490807
56	55	1	6	-44140625/24407490807
56	55	1	7	-44140625/24407490807
56	55	1	10	-44140625/24407490807
56	55	1	11	-44140625/24407490807
56	55	1	13	-44140625/24407490807
56	56	7	7	3
56	56	11	11	3
56	57	5	5	-55/78
56	57	9	9	-55/78
56	58	5	5	11425/127764
56	58	9	9	11425/127764
56	59	5	5	444125/29896776
56	59	9	9	444125/29896776
56	60	5	5	-74883125/6995845584
56	60	9	9	-74883125/6995845584
56	61	5	5	2241696875/1637027866656
56	61	9	9	2241696875/1637027866656
56	62	1	10	12
56	63	1	9	-5/3
56	64	1	9	-25/252
56	65	1	9	2875/27216
56	66	1	9	-8125/979776
56	67	1	9	-334375/35271936
56	68	1	1	2
56	69	1	1	-20/63
56	70	1	1	-50/3969
56	71	1	1	5500/250047
56	72	1	1	-42500/15752961
56	73	1	1	-2075000/992436543
57	50	1	10	2
57	50	1	15	2
57	50	1	17	2
57	50	1	18	2
57	50	1	19	2
57	51	1	8	20/27
57	51	1	12	20/27
57	51	1	14	20/27
57	51	1	15	20/27
57	51	1	16	10/81
57	52	1	8	400/1701
57	52	1	12	400/1701
57	52	1	14	400/1701
57	52	1	15	400/1701
57	52	1	16	-1450/45927
57	53	1	8	8000/137781
57	53	1	12	8000/137781
57	53	1	14	8000/137781
57	53	1	15	8000/137781
57	53	1	16	-25250/3720087
57	54	1	8	4000/531441
57	54	1	12	4000/531441
57	54	1	14	4000/531441
57	54	1	15	4000/531441
57	54	1	16	55250/43046721
57	55	1	8	-200000/100442349
57	55	1	12	-200000/100442349
57	55	1	14	-200000/100442349
57	55	1	15	-200000/100442349
57	55	1	16	13993750/24407490807
57	62	10	10	12
57	63	9	9	-10/3
57	64	9	9	125/189
57	65	9	9	-125/3402
57	66	9	9	-2125/61236
57	67	9	9	15625/1102248
57	68	1	9	8
57	69	1	9	-80/63
57	71	1	9	16000/250047
57	72	1	9	-176000/15752961
57	73	1	9	-4000000/992436543
58	50	1	19	10
58	51	1	16	350/81
58	52	1	16	79750/45927
58	53	1	16	338750/531441
58	54	1	16	62383750/301327047
58	55	1	16	193718750/3486784401
58	68	9	9	20
58	69	9	9	-1300/189
58	70	9	9	72500/35721
58	71	9	9	-3152500/6751269
58	72	9	9	72972500/1275989841
58	73	9	9	3197187500/241162079949
59	50	2	2	3/2
59	50	4	4	3/2
59	50	7	7	3/2
59	50	12	12	3/2
59	51	2	2	20/81
59	51	3	3	20/81
59	51	5	5	20/81
59	51	9	9	20/81
59	52	2	2	-250/137781
59	52	3	3	-250/137781
59	52	5	5	-250/137781
59	52	9	9	-250/137781
59	53	2	2	-478000/33480783
59	53	3	3	-478000/33480783
59	53	5	5	-478000/33480783
59	53	9	9	-478000/33480783
59	54	2	2	-19822000/8135830269
59	54	3	3	-19822000/8135830269
59	54	5	5	-19822000/8135830269
59	54	9	9	-19822000/8135830269
59	55	2	2	2090000000/1977006755367
59	55	3	3	2090000000/1977006755367
59	55	5	5	2090000000/1977006755367
59	55	9	9	2090000000/1977006755367
59	56	1	15	18
59	57	1	13	-20/13
59	58	1	13	-12700/31941
59	59	1	13	155000/1245699
59	60	1	13	27962000/1311721047
59	61	1	13	-2361700000/153471362499
59	74	1	1	6
59	75	1	1	-25/27
59	76	1	1	-1475/30618
59	77	1	1	329375/4960116
59	78	1	1	-5514125/803538792
59	79	1	1	-865421875/130173284304
60	50	2	4	4/3
60	50	2	7	4/3
60	50	2	12	4/3
60	50	4	7	4/3
60	50	4	12	4/3
60	50	7	12	4/3
60	51	2	3	-80/729
60	51	2	5	-80/729
60	51	2	9	-80/729
60	51	3	5	-80/729
60	51	3	9	-80/729
60	51	5	9	-80/729
60	52	2	3	-36800/1240029
60	52	2	5	-36800/1240029
60	52	2	9	-36800/1240029
60	52	3	5	-36800/1240029
60	52	3	9	-36800/1240029
60	52	5	9	-36800/1240029
60	53	2	3	2656000/301327047
60	53	2	5	2656000/301327047
60	53	2	9	2656000/301327047
60	53	3	5	2656000/301327047
60	53	3	9	2656000/301327047
60	53	5	9	2656000/301327047
60	54	2	3	119680000/73222472421
60	54	2	5	119680000/73222472421
60	54	2	9	119680000/73222472421
60	54	3	5	119680000/73222472421
60	54	3	9	119680000/73222472421
60	54	5	9	119680000/73222472421
60	55	2	3	-19289600000/17793060798303
60	55	2	5	-19289600000/17793060798303
60	55	2	9	-19289600000/17793060798303
60	55	3	5	-19289600000/17793060798303
60	55	3	9	-19289600000/17793060798303
60	55	5	9	-19289600000/17793060798303
60	56	1	1	4
60	56	1	2	8
60	56	1	4	8
60	57	1	1	280/351
60	57	1	2	-320/351
60	57	1	3	-320/351
60	58	1	1	33200/862407
60	58	1	2	-118400/862407
60	58	1	3	-118400/862407
60	59	1	1	-1748000/43243551
60	59	1	2	21376000/302704857
60	59	1	3	21376000/302704857
60	60	1	1	-1303720000/106249404807
60	60	1	2	309760000/106249404807
60	60	1	3	309760000/106249404807
60	61	1	1	9842800000/5327648726751
60	61	1	2	-305254400000/37293541087257
60	61	1	3	-305254400000/37293541087257
60	80	1	1	2
60	81	1	1	-20/63
60	82	1	1	-50/3969
60	83	1	1	5500/250047
60	84	1	1	-42500/15752961
60	85	1	1	-2075000/992436543
61	50	2	4	1/3
61	50	2	5	1/3
61	50	2	7	1/3
61	50	2	8	1/3
61	50	2	12	1/3
61	50	2	13	1/3
61	50	4	5	1/3
61	50	4	7	1/3
61	50	4	9	1/3
61	50	4	12	1/3
61	50	4	14	1/3
61	50	7	8	1/3
61	50	7	9	1/3
61	50	7	12	1/3
61	50	7	16	1/3
61	50	12	13	1/3
61	50	12	14	1/3
61	50	12	16	1/3
61	51	2	3	70/729
61	51	2	4	-40/729
61	51	2	5	70/729
61	51	2	6	-40/729
61	51	2	9	70/729
61	51	2	10	-40/729
61	51	3	4	-40/729
61	51	3	5	70/729
61	51	3	7	-40/729
61	51	3	9	70/729
61	51	3	11	-40/729
61	51	5	6	-40/729
61	51	5	7	-40/729
61	51	5	9	70/729
61	51	5	13	-40/729
61	51	9	10	-40/729
61	51	9	11	-40/729
61	51	9	13	-40/729
61	52	2	3	23425/1240029
61	52	2	4	325/1240029
61	52	2	5	23425/1240029
61	52	2	6	325/1240029
61	52	2	9	23425/1240029
61	52	2	10	325/1240029
61	52	3	4	325/1240029
61	52	3	5	23425/1240029
61	52	3	7	325/1240029
61	52	3	9	23425/1240029
61	52	3	11	325/1240029
61	52	5	6	325/1240029
61	52	5	7	325/1240029
61	52	5	9	23425/1240029
61	52	5	13	325/1240029
61	52	9	10	325/1240029
61	52	9	11	325/1240029
61	52	9	13	325/1240029
61	53	2	3	16750/43046721
61	53	2	4	857000/301327047
61	53	2	5	16750/43046721
61	53	2	6	857000/301327047
61	53	2	9	16750/43046721
61	53	2	10	857000/301327047
61	53	3	4	857000/301327047
61	53	3	5	16750/43046721
61	53	3	7	857000/301327047
61	53	3	9	16750/43046721
61	53	3	11	857000/301327047
61	53	5	6	857000/301327047
61	53	5	7	857000/301327047
61	53	5	9	16750/43046721
61	53	5	13	857000/301327047
61	53	9	10	857000/301327047
61	53	9	11	857000/301327047
61	53	9	13	857000/301327047
61	54	2	3	-104348750/73222472421
61	54	2	4	-5596250/10460353203
61	54	2	5	-104348750/73222472421
61	54	2	6	-5596250/10460353203
61	54	2	9	-104348750/73222472421
61	54	2	10	-5596250/10460353203
61	54	3	4	-5596250/10460353203
61	54	3	5	-104348750/73222472421
61	54	3	7	-5596250/10460353203
61	54	3	9	-104348750/73222472421
61	54	3	11	-5596250/10460353203
61	54	5	6	-5596250/10460353203
61	54	5	7	-5596250/10460353203
61	54	5	9	-104348750/73222472421
61	54	5	13	-5596250/10460353203
61	54	9	10	-5596250/10460353203
61	54	9	11	-5596250/10460353203
61	54	9	13	-5596250/10460353203
61	55	2	3	-1282737500/2541865828329
61	55	2	4	-3218050000/17793060798303
61	55	2	5	-1282737500/2541865828329
61	55	2	6	-3218050000/17793060798303
61	55	2	9	-1282737500/2541865828329
61	55	2	10	-3218050000/17793060798303
61	55	3	4	-3218050000/17793060798303
61	55	3	5	-1282737500/2541865828329
61	55	3	7	-3218050000/17793060798303
61	55	3	9	-1282737500/2541865828329
61	55	3	11	-3218050000/17793060798303
61	55	5	6	-3218050000/17793060798303
61	55	5	7	-3218050000/17793060798303
61	55	5	9	-1282737500/2541865828329
61	55	5	13	-3218050000/17793060798303
61	55	9	10	-3218050000/17793060798303
61	55	9	11	-3218050000/17793060798303
61	55	9	13	-3218050000/17793060798303
61	56	1	7	2
61	56	1	8	2
61	56	1	9	2
61	56	1	11	2
61	56	1	12	2
61	56	1	13	2
61	56	7	11	2
61	57	1	5	170/351
61	57	1	6	-50/351
61	57	1	7	-50/351
61	57	1	9	170/351
61	57	1	10	-50/351
61	57	1	11	-50/351
61	57	5	9	-35/351
61	58	1	5	54025/862407
61	58	1	6	-38375/862407
61	58	1	7	-38375/862407
61	58	1	9	54025/862407
61	58	1	10	-38375/862407
61	58	1	11	-38375/862407
61	58	5	9	-85675/1724814
61	59	1	5	-3419125/302704857
61	59	1	6	3315625/302704857
61	59	1	7	3315625/302704857
61	59	1	9	-3419125/302704857
61	59	1	10	3315625/302704857
61	59	1	11	3315625/302704857
61	59	5	9	1370875/172974204
61	60	1	5	-867906875/106249404807
61	60	1	6	272903125/106249404807
61	60	1	7	272903125/106249404807
61	60	1	9	-867906875/106249404807
61	60	1	10	272903125/106249404807
61	60	1	11	272903125/106249404807
61	60	5	9	2870991875/849995238456
61	61	1	5	-38522584375/37293541087257
61	61	1	6	-48292578125/37293541087257
61	61	1	7	-48292578125/37293541087257
61	61	1	9	-38522584375/37293541087257
61	61	1	10	-48292578125/37293541087257
61	61	1	11	-48292578125/37293541087257
61	61	5	9	-83110334375/85242379628016
61	62	1	4	4
61	62	1	6	4
61	63	1	3	-25/54
61	63	1	5	-25/54
61	64	1	3	-15875/244944
61	64	1	5	-15875/244944
61	65	1	3	615625/17635968
61	65	1	5	615625/17635968
61	66	1	3	4965625/4897760256
61	66	1	5	4965625/4897760256
61	67	1	3	-29071484375/7405413507072
61	67	1	5	-29071484375/7405413507072
61	86	1	1	2
61	87	1	1	-11/36
61	88	1	1	-313/18144
61	89	1	1	28963/1306368
61	90	1	1	-201433/94058496
61	91	1	1	-15290957/6772211712
62	50	2	5	1/3
62	50	2	8	1/3
62	50	2	13	1/3
62	50	4	5	1/3
62	50	4	9	1/3
62	50	4	14	1/3
62	50	7	8	1/3
62	50	7	9	1/3
62	50	7	16	1/3
62	50	12	13	1/3
62	50	12	14	1/3
62	50	12	16	1/3
62	51	2	4	50/729
62	51	2	6	50/729
62	51	2	10	50/729
62	51	3	4	50/729
62	51	3	7	50/729
62	51	3	11	50/729
62	51	5	6	50/729
62	51	5	7	50/729
62	51	5	13	50/729
62	51	9	10	50/729
62	51	9	11	50/729
62	51	9	13	50/729
62	52	2	4	6850/1240029
62	52	2	6	6850/1240029
62	52	2	10	6850/1240029
62	52	3	4	6850/1240029
62	52	3	7	6850/1240029
62	52	3	11	6850/1240029
62	52	5	6	6850/1240029
62	52	5	7	6850/1240029
62	52	5	13	6850/1240029
62	52	9	10	6850/1240029
62	52	9	11	6850/1240029
62	52	9	13	6850/1240029
62	53	2	4	-722500/301327047
62	53	2	6	-722500/301327047
62	53	2	10	-722500/301327047
62	53	3	4	-722500/301327047
62	53	3	7	-722500/301327047
62	53	3	11	-722500/301327047
62	53	5	6	-722500/301327047
62	53	5	7	-722500/301327047
62	53	5	13	-722500/301327047
62	53	9	10	-722500/301327047
62	53	9	11	-722500/301327047
62	53	9	13	-722500/301327047
62	54	2	4	-70631000/73222472421
62	54	2	6	-70631000/73222472421
62	54	2	10	-70631000/73222472421
62	54	3	4	-70631000/73222472421
62	54	3	7	-70631000/73222472421
62	54	3	11	-70631000/73222472421
62	54	5	6	-70631000/73222472421
62	54	5	7	-70631000/73222472421
62	54	5	13	-70631000/73222472421
62	54	9	10	-70631000/73222472421
62	54	9	11	-70631000/73222472421
62	54	9	13	-70631000/73222472421
62	55	2	4	217250000/17793060798303
62	55	2	6	217250000/17793060798303
62	55	2	10	217250000/17793060798303
62	55	3	4	217250000/17793060798303
62	55	3	7	217250000/17793060798303
62	55	3	11	217250000/17793060798303
62	55	5	6	217250000/17793060798303
62	55	5	7	217250000/17793060798303
62	55	5	13	217250000/17793060798303
62	55	9	10	217250000/17793060798303
62	55	9	11	217250000/17793060798303
62	55	9	13	217250000/17793060798303
62	56	1	15	2
62	56	1	16	2
62	56	1	17	2
62	56	7	7	1
62	56	7	15	2
62	56	11	11	1
62	56	11	15	2
62	57	1	13	200/351
62	57	1	14	-20/351
62	57	1	15	-20/351
62	57	5	5	95/702
62	57	5	13	-110/351
62	57	9	9	95/702
62	57	9	13	-110/351
62	58	1	13	93850/862407
62	58	1	14	-44750/862407
62	58	1	15	-44750/862407
62	58	5	5	-29125/3449628
62	58	5	13	-3800/862407
62	58	9	9	-29125/3449628
62	58	9	13	-3800/862407
62	59	1	13	155000/302704857
62	59	1	14	1370500/302704857
62	59	1	15	1370500/302704857
62	59	5	5	-20303875/2421638856
62	59	5	13	5285500/302704857
62	59	9	9	-20303875/2421638856
62	59	9	13	5285500/302704857
62	60	1	13	-943035500/106249404807
62	60	1	14	398414500/106249404807
62	60	1	15	398414500/106249404807
62	60	5	5	-1020174625/1699990476912
62	60	5	13	-283549250/106249404807
62	60	9	9	-1020174625/1699990476912
62	60	9	13	-283549250/106249404807
62	61	1	13	-108517750000/37293541087257
62	61	1	14	-2976875000/5327648726751
62	61	1	15	-2976875000/5327648726751
62	61	5	5	881472640625/1193393314792224
62	61	5	13	-47404156250/37293541087257
62	61	9	9	881472640625/1193393314792224
62	61	9	13	-47404156250/37293541087257
62	62	1	12	4
62	62	1	15	4
62	63	1	11	-10/27
62	63	1	13	-10/27
62	64	1	11	-1250/15309
62	64	1	13	-1250/15309
62	65	1	11	4000/137781
62	65	1	13	4000/137781
62	66	1	11	500875/133923132
62	66	1	13	500875/133923132
62	67	1	11	-3578125/1033121304
62	67	1	13	-3578125/1033121304
62	74	1	4	4/3
62	74	1	6	4/3
62	74	1	10	4/3
62	75	1	3	-40/243
62	75	1	5	-40/243
62	75	1	9	-40/243
62	76	1	3	-2525/137781
62	76	1	5	-2525/137781
62	76	1	9	-2525/137781
62	77	1	3	131750/11160261
62	77	1	5	131750/11160261
62	77	1	9	131750/11160261
62	78	1	3	-158875/1807962282
62	78	1	5	-158875/1807962282
62	78	1	9	-158875/1807962282
62	79	1	3	-13046875/10460353203
62	79	1	5	-13046875/10460353203
62	79	1	9	-13046875/10460353203
62	92	1	1	2
62	93	1	1	-260/873
62	94	1	1	-107750/5334903
62	95	1	1	103538500/4657370319
62	96	1	1	-7203165500/4065884288487
62	97	1	1	-1195634375000/507073854835593
63	50	2	9	1/3
63	50	2	14	1/3
63	50	2	16	1/3
63	50	4	8	1/3
63	50	4	13	1/3
63	50	4	16	1/3
63	50	5	7	1/3
63	50	5	12	1/3
63	50	7	13	1/3
63	50	7	14	1/3
63	50	8	12	1/3
63	50	9	12	1/3
63	51	2	7	-10/729
63	51	2	11	-10/729
63	51	2	13	-10/729
63	51	3	6	-10/729
63	51	3	10	-10/729
63	51	3	13	-10/729
63	51	4	5	-10/729
63	51	4	9	-10/729
63	51	5	10	-10/729
63	51	5	11	-10/729
63	51	6	9	-10/729
63	51	7	9	-10/729
63	52	2	7	-10550/1240029
63	52	2	11	-10550/1240029
63	52	2	13	-10550/1240029
63	52	3	6	-10550/1240029
63	52	3	10	-10550/1240029
63	52	3	13	-10550/1240029
63	52	4	5	-10550/1240029
63	52	4	9	-10550/1240029
63	52	5	10	-10550/1240029
63	52	5	11	-10550/1240029
63	52	6	9	-10550/1240029
63	52	7	9	-10550/1240029
63	53	2	7	330500/301327047
63	53	2	11	330500/301327047
63	53	2	13	330500/301327047
63	53	3	6	330500/301327047
63	53	3	10	330500/301327047
63	53	3	13	330500/301327047
63	53	4	5	330500/301327047
63	53	4	9	330500/301327047
63	53	5	10	330500/301327047
63	53	5	11	330500/301327047
63	53	6	9	330500/301327047
63	53	7	9	330500/301327047
63	54	2	7	43945000/73222472421
63	54	2	11	43945000/73222472421
63	54	2	13	43945000/73222472421
63	54	3	6	43945000/73222472421
63	54	3	10	43945000/73222472421
63	54	3	13	43945000/73222472421
63	54	4	5	43945000/73222472421
63	54	4	9	43945000/73222472421
63	54	5	10	43945000/73222472421
63	54	5	11	43945000/73222472421
63	54	6	9	43945000/73222472421
63	54	7	9	43945000/73222472421
63	55	2	7	-2419450000/17793060798303
63	55	2	11	-2419450000/17793060798303
63	55	2	13	-2419450000/17793060798303
63	55	3	6	-2419450000/17793060798303
63	55	3	10	-2419450000/17793060798303
63	55	3	13	-2419450000/17793060798303
63	55	4	5	-2419450000/17793060798303
63	55	4	9	-2419450000/17793060798303
63	55	5	10	-2419450000/17793060798303
63	55	5	11	-2419450000/17793060798303
63	55	6	9	-2419450000/17793060798303
63	55	7	9	-2419450000/17793060798303
63	56	1	2	2
63	56	1	4	2
63	56	1	5	2
63	56	2	2	1
63	56	2	7	2
63	56	2	11	2
63	56	4	4	1
63	56	4	7	2
63	56	4	11	2
63	57	1	2	20/39
63	57	1	3	20/39
63	57	1	4	-40/351
63	57	2	2	-70/351
63	57	2	5	-20/117
63	57	2	9	-20/117
63	57	3	3	-70/351
63	57	3	5	-20/117
63	57	3	9	-20/117
63	58	1	2	21550/287469
63	58	1	3	21550/287469
63	58	1	4	-43150/862407
63	58	2	2	9925/862407
63	58	2	5	-12050/287469
63	58	2	9	-12050/287469
63	58	3	3	9925/862407
63	58	3	5	-12050/287469
63	58	3	9	-12050/287469
63	59	1	2	-36500/3737097
63	59	1	3	-36500/3737097
63	59	1	4	2813000/302704857
63	59	2	2	388250/43243551
63	59	2	5	5500/415233
63	59	2	9	5500/415233
63	59	3	3	388250/43243551
63	59	3	5	5500/415233
63	59	3	9	5500/415233
63	60	1	2	-15482500/1686498489
63	60	1	3	-15482500/1686498489
63	60	1	4	51507500/15178486401
63	60	2	2	-310898750/106249404807
63	60	2	5	24822500/11805489423
63	60	2	9	24822500/11805489423
63	60	3	3	-310898750/106249404807
63	60	3	5	24822500/11805489423
63	60	3	9	24822500/11805489423
63	61	1	2	-726275000/460414087497
63	61	1	3	-726275000/460414087497
63	61	1	4	-43676050000/37293541087257
63	61	2	2	-1619762500/5327648726751
63	61	2	5	-2165725000/1381242262491
63	61	2	9	-2165725000/1381242262491
63	61	3	3	-1619762500/5327648726751
63	61	3	5	-2165725000/1381242262491
63	61	3	9	-2165725000/1381242262491
63	62	1	1	2
63	62	1	2	4
63	63	1	1	5/12
63	63	1	2	-35/81
63	64	1	1	4175/163296
63	64	1	2	-13925/183708
63	65	1	1	-26375/1306368
63	65	1	2	294625/8503056
63	66	1	1	-52795625/7618738176
63	66	1	2	47629375/19284931008
63	67	1	1	131021875/182849716224
63	67	1	2	-3736896875/892616806656
63	80	1	2	1
63	80	1	3	1
63	80	1	5	1
63	80	1	11	1
63	81	1	2	-5/42
63	81	1	3	-5/42
63	81	1	5	-5/42
63	81	1	9	-5/42
63	82	1	2	-325/21168
63	82	1	3	-325/21168
63	82	1	5	-325/21168
63	82	1	9	-325/21168
63	83	1	2	125/14112
63	83	1	3	125/14112
63	83	1	5	125/14112
63	83	1	9	125/14112
63	84	1	2	29375/224042112
63	84	1	3	29375/224042112
63	84	1	5	29375/224042112
63	84	1	9	29375/224042112
63	85	1	2	-1315625/1344252672
63	85	1	3	-1315625/1344252672
63	85	1	5	-1315625/1344252672
63	85	1	9	-1315625/1344252672
64	50	2	9	1/6
64	50	2	10	1/6
64	50	2	14	1/6
64	50	2	15	1/6
64	50	2	16	1/6
64	50	2	17	1/6
64	50	4	8	1/6
64	50	4	10	1/6
64	50	4	13	1/6
64	50	4	15	1/6
64	50	4	16	1/6
64	50	4	18	1/6
64	50	5	7	1/6
64	50	5	12	1/6
64	50	7	10	1/6
64	50	7	13	1/6
64	50	7	14	1/6
64	50	7	17	1/6
64	50	7	18	1/6
64	50	8	12	1/6
64	50	9	12	1/6
64	50	12	15	1/6
64	50	12	17	1/6
64	50	12	18	1/6
64	51	2	7	40/729
64	51	2	8	-5/243
64	51	2	11	40/729
64	51	2	12	-5/243
64	51	2	13	40/729
64	51	2	14	-5/243
64	51	3	6	40/729
64	51	3	8	-5/243
64	51	3	10	40/729
64	51	3	12	-5/243
64	51	3	13	40/729
64	51	3	15	-5/243
64	51	4	5	40/729
64	51	4	9	40/729
64	51	5	8	-5/243
64	51	5	10	40/729
64	51	5	11	40/729
64	51	5	14	-5/243
64	51	5	15	-5/243
64	51	6	9	40/729
64	51	7	9	40/729
64	51	9	12	-5/243
64	51	9	14	-5/243
64	51	9	15	-5/243
64	52	2	7	35125/2480058
64	52	2	8	-125/91854
64	52	2	11	35125/2480058
64	52	2	12	-125/91854
64	52	2	13	35125/2480058
64	52	2	14	-125/91854
64	52	3	6	35125/2480058
64	52	3	8	-125/91854
64	52	3	10	35125/2480058
64	52	3	12	-125/91854
64	52	3	13	35125/2480058
64	52	3	15	-125/91854
64	52	4	5	35125/2480058
64	52	4	9	35125/2480058
64	52	5	8	-125/91854
64	52	5	10	35125/2480058
64	52	5	11	35125/2480058
64	52	5	14	-125/91854
64	52	5	15	-125/91854
64	52	6	9	35125/2480058
64	52	7	9	35125/2480058
64	52	9	12	-125/91854
64	52	9	14	-125/91854
64	52	9	15	-125/91854
64	53	2	7	631000/301327047
64	53	2	8	12625/11160261
64	53	2	11	631000/301327047
64	53	2	12	12625/11160261
64	53	2	13	631000/301327047
64	53	2	14	12625/11160261
64	53	3	6	631000/301327047
64	53	3	8	12625/11160261
64	53	3	10	631000/301327047
64	53	3	12	12625/11160261
64	53	3	13	631000/301327047
64	53	3	15	12625/11160261
64	53	4	5	631000/301327047
64	53	4	9	631000/301327047
64	53	5	8	12625/11160261
64	53	5	10	631000/301327047
64	53	5	11	631000/301327047
64	53	5	14	12625/11160261
64	53	5	15	12625/11160261
64	53	6	9	631000/301327047
64	53	7	9	631000/301327047
64	53	9	12	12625/11160261
64	53	9	14	12625/11160261
64	53	9	15	12625/11160261
64	54	2	7	-23678875/73222472421
64	54	2	8	-56375/903981141
64	54	2	11	-23678875/73222472421
64	54	2	12	-56375/903981141
64	54	2	13	-23678875/73222472421
64	54	2	14	-56375/903981141
64	54	3	6	-23678875/73222472421
64	54	3	8	-56375/903981141
64	54	3	10	-23678875/73222472421
64	54	3	12	-56375/903981141
64	54	3	13	-23678875/73222472421
64	54	3	15	-56375/903981141
64	54	4	5	-23678875/73222472421
64	54	4	9	-23678875/73222472421
64	54	5	8	-56375/903981141
64	54	5	10	-23678875/73222472421
64	54	5	11	-23678875/73222472421
64	54	5	14	-56375/903981141
64	54	5	15	-56375/903981141
64	54	6	9	-23678875/73222472421
64	54	7	9	-23678875/73222472421
64	54	9	12	-56375/903981141
64	54	9	14	-56375/903981141
64	54	9	15	-56375/903981141
64	55	2	7	-5810750000/17793060798303
64	55	2	8	-6531250/73222472421
64	55	2	11	-5810750000/17793060798303
64	55	2	12	-6531250/73222472421
64	55	2	13	-5810750000/17793060798303
64	55	2	14	-6531250/73222472421
64	55	3	6	-5810750000/17793060798303
64	55	3	8	-6531250/73222472421
64	55	3	10	-5810750000/17793060798303
64	55	3	12	-6531250/73222472421
64	55	3	13	-5810750000/17793060798303
64	55	3	15	-6531250/73222472421
64	55	4	5	-5810750000/17793060798303
64	55	4	9	-5810750000/17793060798303
64	55	5	8	-6531250/73222472421
64	55	5	10	-5810750000/17793060798303
64	55	5	11	-5810750000/17793060798303
64	55	5	14	-6531250/73222472421
64	55	5	15	-6531250/73222472421
64	55	6	9	-5810750000/17793060798303
64	55	7	9	-5810750000/17793060798303
64	55	9	12	-6531250/73222472421
64	55	9	14	-6531250/73222472421
64	55	9	15	-6531250/73222472421
64	56	1	8	1
64	56	1	9	1
64	56	1	10	1
64	56	1	12	1
64	56	1	13	1
64	56	1	14	1
64	56	7	8	1
64	56	7	9	1
64	56	11	12	1
64	56	11	13	1
64	57	1	6	35/117
64	57	1	7	35/117
64	57	1	8	-5/351
64	57	1	10	35/117
64	57	1	11	35/117
64	57	1	12	-5/351
64	57	5	6	-5/26
64	57	5	7	-5/26
64	57	9	10	-5/26
64	57	9	11	-5/26
64	58	1	6	37475/574938
64	58	1	7	37475/574938
64	58	1	8	-41575/1724814
64	58	1	10	37475/574938
64	58	1	11	37475/574938
64	58	1	12	-41575/1724814
64	58	5	6	14575/1149876
64	58	5	7	14575/1149876
64	58	9	10	14575/1149876
64	58	9	11	14575/1149876
64	59	1	6	15875/3203226
64	59	1	7	15875/3203226
64	59	1	8	627125/605409714
64	59	1	10	15875/3203226
64	59	1	11	15875/3203226
64	59	1	12	627125/605409714
64	59	5	6	68875/9965592
64	59	5	7	68875/9965592
64	59	9	10	68875/9965592
64	59	9	11	68875/9965592
64	60	1	6	-80009875/23610978846
64	60	1	7	-80009875/23610978846
64	60	1	8	345261125/212498809614
64	60	1	10	-80009875/23610978846
64	60	1	11	-80009875/23610978846
64	60	1	12	345261125/212498809614
64	60	5	6	-63993875/26983975824
64	60	5	7	-63993875/26983975824
64	60	9	10	-63993875/26983975824
64	60	9	11	-63993875/26983975824
64	61	1	6	-646009375/394640646426
64	61	1	7	-646009375/394640646426
64	61	1	8	-8736165625/74587082174514
64	61	1	10	-646009375/394640646426
64	61	1	11	-646009375/394640646426
64	61	1	12	-8736165625/74587082174514
64	61	5	6	-613909375/4911083599968
64	61	5	7	-613909375/4911083599968
64	61	9	10	-613909375/4911083599968
64	61	9	11	-613909375/4911083599968
64	62	1	10	2
64	62	1	11	2
64	62	4	4	1
64	62	4	10	2
64	62	6	6	1
64	62	6	10	2
64	63	1	9	25/54
64	63	1	10	-55/324
64	63	3	3	-145/648
64	63	3	9	-5/54
64	63	5	5	-145/648
64	63	5	9	-5/54
64	64	1	9	2225/40824
64	64	1	10	-56225/1469664
64	64	3	3	69775/2939328
64	64	3	9	-1975/40824
64	64	5	5	69775/2939328
64	64	5	9	-1975/40824
64	65	1	9	-51875/4408992
64	65	1	10	11606375/952342272
64	65	3	3	12328625/1904684544
64	65	3	9	31375/4408992
64	65	5	5	12328625/1904684544
64	65	5	9	31375/4408992
64	66	1	9	-3479125/476171136
64	66	1	10	150792625/88159684608
64	66	3	3	-4273351625/1234235584512
64	66	3	9	1530875/476171136
64	66	5	5	-4273351625/1234235584512
64	66	5	9	1530875/476171136
64	67	1	9	-36453125/51426482688
64	67	1	10	-533732340625/399892329381888
64	67	3	3	173633965625/799784658763776
64	67	3	9	-43559375/51426482688
64	67	5	5	173633965625/799784658763776
64	67	5	9	-43559375/51426482688
64	68	1	2	2/3
64	68	1	3	2/3
64	68	1	5	2/3
64	69	1	2	-40/567
64	69	1	3	-40/567
64	69	1	5	-40/567
64	70	1	2	-50/3969
64	70	1	3	-50/3969
64	70	1	5	-50/3969
64	71	1	2	113000/20253807
64	71	1	3	113000/20253807
64	71	1	5	113000/20253807
64	72	1	2	1631500/3827969523
64	72	1	3	1631500/3827969523
64	72	1	5	1631500/3827969523
64	73	1	2	-481550000/723486239847
64	73	1	3	-481550000/723486239847
64	73	1	5	-481550000/723486239847
64	86	1	5	2
64	86	1	10	2
64	87	1	5	-1/4
64	87	1	9	-1/4
64	88	1	5	-155/6048
64	88	1	9	-155/6048
64	89	1	5	281/16128
64	89	1	9	281/16128
64	90	1	5	-16453/52254720
64	90	1	9	-16453/52254720
64	91	1	5	-148895/83607552
64	91	1	9	-148895/83607552
65	50	2	10	1/3
65	50	2	15	1/3
65	50	2	17	1/3
65	50	4	10	1/3
65	50	4	15	1/3
65	50	4	18	1/3
65	50	7	10	1/3
65	50	7	17	1/3
65	50	7	18	1/3
65	50	12	15	1/3
65	50	12	17	1/3
65	50	12	18	1/3
65	51	2	8	20/243
65	51	2	12	20/243
65	51	2	14	20/243
65	51	3	8	20/243
65	51	3	12	20/243
65	51	3	15	20/243
65	51	5	8	20/243
65	51	5	14	20/243
65	51	5	15	20/243
65	51	9	12	20/243
65	51	9	14	20/243
65	51	9	15	20/243
65	52	2	8	200/15309
65	52	2	12	200/15309
65	52	2	14	200/15309
65	52	3	8	200/15309
65	52	3	12	200/15309
65	52	3	15	200/15309
65	52	5	8	200/15309
65	52	5	14	200/15309
65	52	5	15	200/15309
65	52	9	12	200/15309
65	52	9	14	200/15309
65	52	9	15	200/15309
65	53	2	8	-4000/11160261
65	53	2	12	-4000/11160261
65	53	2	14	-4000/11160261
65	53	3	8	-4000/11160261
65	53	3	12	-4000/11160261
65	53	3	15	-4000/11160261
65	53	5	8	-4000/11160261
65	53	5	14	-4000/11160261
65	53	5	15	-4000/11160261
65	53	9	12	-4000/11160261
65	53	9	14	-4000/11160261
65	53	9	15	-4000/11160261
65	54	2	8	-880000/903981141
65	54	2	12	-880000/903981141
65	54	2	14	-880000/903981141
65	54	3	8	-880000/903981141
65	54	3	12	-880000/903981141
65	54	3	15	-880000/903981141
65	54	5	8	-880000/903981141
65	54	5	14	-880000/903981141
65	54	5	15	-880000/903981141
65	54	9	12	-880000/903981141
65	54	9	14	-880000/903981141
65	54	9	15	-880000/903981141
65	55	2	8	-17600000/73222472421
65	55	2	12	-17600000/73222472421
65	55	2	14	-17600000/73222472421
65	55	3	8	-17600000/73222472421
65	55	3	12	-17600000/73222472421
65	55	3	15	-17600000/73222472421
65	55	5	8	-17600000/73222472421
65	55	5	14	-17600000/73222472421
65	55	5	15	-17600000/73222472421
65	55	9	12	-17600000/73222472421
65	55	9	14	-17600000/73222472421
65	55	9	15	-17600000/73222472421
65	56	1	16	2
65	56	1	17	2
65	56	1	18	2
65	57	1	14	80/117
65	57	1	15	80/117
65	57	1	16	20/351
65	58	1	14	54200/287469
65	58	1	15	54200/287469
65	58	1	16	-37600/862407
65	59	1	14	376000/11211291
65	59	1	15	376000/11211291
65	59	1	16	-1156000/302704857
65	60	1	14	-18040000/11805489423
65	60	1	15	-18040000/11805489423
65	60	1	16	280940000/106249404807
65	61	1	14	-756800000/197320323213
65	61	1	15	-756800000/197320323213
65	61	1	16	14821400000/37293541087257
65	62	10	10	2
65	62	10	12	4
65	62	10	15	4
65	63	9	9	5/27
65	63	9	11	-20/27
65	63	9	13	-20/27
65	64	9	9	-325/10206
65	64	9	11	200/5103
65	64	9	13	200/5103
65	65	9	9	-6625/551124
65	65	9	11	4000/137781
65	65	9	13	4000/137781
65	66	9	9	29375/29760696
65	66	9	11	-32500/3720087
65	66	9	13	-32500/3720087
65	67	9	9	1896875/1607077584
65	67	9	11	-12500/14348907
65	67	9	13	-12500/14348907
65	68	1	10	4/3
65	68	1	12	4/3
65	68	1	15	4/3
65	69	1	10	-80/567
65	69	1	11	-80/567
65	69	1	13	-80/567
65	70	1	10	-800/35721
65	70	1	11	-800/35721
65	70	1	13	-800/35721
65	71	1	10	208000/20253807
65	71	1	11	208000/20253807
65	71	1	13	208000/20253807
65	72	1	10	320000/546852789
65	72	1	11	320000/546852789
65	72	1	13	320000/546852789
65	73	1	10	-812800000/723486239847
65	73	1	11	-812800000/723486239847
65	73	1	13	-812800000/723486239847
65	74	4	4	2/3
65	74	6	6	2/3
65	74	10	10	2/3
65	75	3	3	-40/243
65	75	5	5	-40/243
65	75	9	9	-40/243
65	76	3	3	3350/137781
65	76	5	5	3350/137781
65	76	9	9	3350/137781
65	77	3	3	23000/11160261
65	77	5	5	23000/11160261
65	77	9	9	23000/11160261
65	78	3	3	-2147500/903981141
65	78	5	5	-2147500/903981141
65	78	9	9	-2147500/903981141
65	79	3	3	4850000/10460353203
65	79	5	5	4850000/10460353203
65	79	9	9	4850000/10460353203
65	92	1	9	4
65	93	1	9	-160/291
65	94	1	9	-59600/1778301
65	95	1	9	5968000/172495197
65	96	1	9	-1178480000/451764920943
65	97	1	9	-58006400000/18780513142059
66	50	2	18	1
66	50	4	17	1
66	50	7	15	1
66	50	10	12	1
66	52	2	15	-1100/45927
66	52	3	14	-1100/45927
66	52	5	12	-1100/45927
66	52	8	9	-1100/45927
66	54	2	15	484000/301327047
66	54	3	14	484000/301327047
66	54	5	12	484000/301327047
66	54	8	9	484000/301327047
66	56	1	5	6
66	57	1	4	220/117
66	58	1	4	126500/287469
66	59	1	4	4477000/100901619
66	60	1	4	-696718000/35416468269
66	61	1	4	-143082500000/12431180362419
66	62	2	10	12
66	63	2	9	-10/9
66	64	2	9	-125/567
66	65	2	9	7375/91854
66	66	2	9	6125/708588
66	67	2	9	-2359375/267846264
66	68	1	1	2
66	69	1	1	80/189
66	70	1	1	1000/35721
66	71	1	1	-136000/6751269
66	72	1	1	-9224000/1275989841
66	73	1	1	152000000/241162079949
66	80	2	2	3/2
66	80	3	3	3/2
66	80	5	5	3/2
66	80	11	11	3/2
66	81	2	2	-115/336
66	81	3	3	-115/336
66	81	5	5	-115/336
66	81	9	9	-115/336
66	82	2	2	6625/169344
66	82	3	3	6625/169344
66	82	5	5	6625/169344
66	82	9	9	6625/169344
66	83	2	2	756125/85349376
66	83	3	3	756125/85349376
66	83	5	5	756125/85349376
66	83	9	9	756125/85349376
66	84	2	2	-226841375/43016085504
66	84	3	3	-226841375/43016085504
66	84	5	5	-226841375/43016085504
66	84	9	9	-226841375/43016085504
66	85	2	2	10132578125/21680107094016
66	85	3	3	10132578125/21680107094016
66	85	5	5	10132578125/21680107094016
66	85	9	9	10132578125/21680107094016
67	50	2	18	1/2
67	50	2	19	1/2
67	50	4	17	1/2
67	50	4	19	1/2
67	50	7	15	1/2
67	50	7	19	1/2
67	50	10	12	1/2
67	50	12	19	1/2
67	51	2	15	5/27
67	51	2	16	-10/243
67	51	3	14	5/27
67	51	3	16	-10/243
67	51	5	12	5/27
67	51	5	16	-10/243
67	51	8	9	5/27
67	51	9	16	-10/243
67	52	2	15	775/13122
67	52	2	16	-725/118098
67	52	3	14	775/13122
67	52	3	16	-725/118098
67	52	5	12	775/13122
67	52	5	16	-725/118098
67	52	8	9	775/13122
67	52	9	16	-725/118098
67	53	2	15	875/59049
67	53	2	16	29750/14348907
67	53	3	14	875/59049
67	53	3	16	29750/14348907
67	53	5	12	875/59049
67	53	5	16	29750/14348907
67	53	8	9	875/59049
67	53	9	16	29750/14348907
67	54	2	15	89375/43046721
67	54	2	16	501875/3486784401
67	54	3	14	89375/43046721
67	54	3	16	501875/3486784401
67	54	5	12	89375/43046721
67	54	5	16	501875/3486784401
67	54	8	9	89375/43046721
67	54	9	16	501875/3486784401
67	55	2	15	-481250/1162261467
67	55	2	16	-133787500/847288609443
67	55	3	14	-481250/1162261467
67	55	3	16	-133787500/847288609443
67	55	5	12	-481250/1162261467
67	55	5	16	-133787500/847288609443
67	55	8	9	-481250/1162261467
67	55	9	16	-133787500/847288609443
67	56	1	10	3
67	56	1	14	3
67	57	1	8	125/117
67	57	1	12	125/117
67	58	1	8	26375/82134
67	58	1	12	26375/82134
67	59	1	8	2078125/28829034
67	59	1	12	2078125/28829034
67	60	1	8	64521875/10118990934
67	60	1	12	64521875/10118990934
67	61	1	8	-13384765625/3551765817834
67	61	1	12	-13384765625/3551765817834
67	62	10	11	6
67	63	9	10	-25/18
67	64	9	10	125/648
67	65	9	10	3125/209952
67	66	9	10	-371875/22674816
67	67	9	10	7421875/2448880128
67	68	1	9	2
67	68	2	9	2
67	68	3	9	2
67	68	5	9	2
67	69	1	9	80/189
67	69	2	9	-50/567
67	69	3	9	-50/567
67	69	5	9	-50/567
67	70	1	9	1450/35721
67	70	2	9	-14500/321489
67	70	3	9	-14500/321489
67	70	5	9	-14500/321489
67	71	1	9	-82000/6751269
67	71	2	9	1150000/182284263
67	71	3	9	1150000/182284263
67	71	5	9	1150000/182284263
67	72	1	9	-7392500/1275989841
67	72	2	9	289006250/103355177121
67	72	3	9	289006250/103355177121
67	72	5	9	289006250/103355177121
67	73	1	9	-57700000/241162079949
67	73	2	9	-40969531250/58602385427607
67	73	3	9	-40969531250/58602385427607
67	73	5	9	-40969531250/58602385427607
67	86	5	5	3
67	86	10	10	3
67	87	5	5	-19/24
67	87	9	9	-19/24
67	88	5	5	241/1728
67	88	9	9	241/1728
67	89	5	5	-19/124416
67	89	9	9	-19/124416
67	90	5	5	-89279/8957952
67	90	9	9	-89279/8957952
67	91	5	5	1924301/644972544
67	91	9	9	1924301/644972544
68	50	2	19	1
68	50	4	19	1
68	50	7	19	1
68	50	12	19	1
68	51	2	16	70/243
68	51	3	16	70/243
68	51	5	16	70/243
68	51	9	16	70/243
68	52	2	16	27550/413343
68	52	3	16	27550/413343
68	52	5	16	27550/413343
68	52	9	16	27550/413343
68	53	2	16	140500/14348907
68	53	3	16	140500/14348907
68	53	5	16	140500/14348907
68	53	9	16	140500/14348907
68	54	2	16	-12155000/24407490807
68	54	3	16	-12155000/24407490807
68	54	5	16	-12155000/24407490807
68	54	9	16	-12155000/24407490807
68	55	2	16	-715550000/847288609443
68	55	3	16	-715550000/847288609443
68	55	5	16	-715550000/847288609443
68	55	9	16	-715550000/847288609443
68	56	1	18	6
68	57	1	16	280/117
68	58	1	16	245150/287469
68	59	1	16	3733000/14414517
68	60	1	16	2109552500/35416468269
68	61	1	16	10016050000/1775882908917
68	68	9	9	2
68	68	9	10	4
68	68	9	12	4
68	68	9	15	4
68	69	9	9	10/189
68	69	9	10	-520/567
68	69	9	11	-520/567
68	69	9	13	-520/567
68	70	9	9	-1450/35721
68	70	9	10	5800/45927
68	70	9	11	5800/45927
68	70	9	13	5800/45927
68	71	9	9	-22250/6751269
68	71	9	10	1742000/182284263
68	71	9	11	1742000/182284263
68	71	9	13	1742000/182284263
68	72	9	9	2926250/1275989841
68	72	9	10	-1085060000/103355177121
68	72	9	11	-1085060000/103355177121
68	72	9	13	-1085060000/103355177121
68	73	9	9	76881250/241162079949
68	73	9	10	112977800000/58602385427607
68	73	9	11	112977800000/58602385427607
68	73	9	13	112977800000/58602385427607
68	92	9	9	6
68	93	9	9	-520/291
68	94	9	9	728150/1778301
68	95	9	9	-75829000/1552456773
68	96	9	9	-15018947500/1355294762829
68	97	9	9	9341097350000/1183172327949717
69	50	5	5	2/3
69	50	8	8	2/3
69	50	9	9	2/3
69	50	13	13	2/3
69	50	14	14	2/3
69	50	16	16	2/3
69	51	4	4	-130/729
69	51	6	6	-130/729
69	51	7	7	-130/729
69	51	10	10	-130/729
69	51	11	11	-130/729
69	51	13	13	-130/729
69	52	4	4	5750/177147
69	52	6	6	5750/177147
69	52	7	7	5750/177147
69	52	10	10	5750/177147
69	52	11	11	5750/177147
69	52	13	13	5750/177147
69	53	4	4	-22750/43046721
69	53	6	6	-22750/43046721
69	53	7	7	-22750/43046721
69	53	10	10	-22750/43046721
69	53	11	11	-22750/43046721
69	53	13	13	-22750/43046721
69	54	4	4	-22537750/10460353203
69	54	6	6	-22537750/10460353203
69	54	7	7	-22537750/10460353203
69	54	10	10	-22537750/10460353203
69	54	11	11	-22537750/10460353203
69	54	13	13	-22537750/10460353203
69	55	4	4	1777343750/2541865828329
69	55	6	6	1777343750/2541865828329
69	55	7	7	1777343750/2541865828329
69	55	10	10	1777343750/2541865828329
69	55	11	11	1777343750/2541865828329
69	55	13	13	1777343750/2541865828329
69	56	7	11	8
69	57	5	9	100/39
69	58	5	9	8650/13689
69	59	5	9	14375/177957
69	60	5	9	-7502375/374777442
69	61	5	9	-445609375/29232640476
69	62	1	8	16
69	63	1	7	-10/9
69	64	1	7	-325/972
69	65	1	7	625/7776
69	66	1	7	273625/15116544
69	67	1	7	-9728125/1088391168
69	98	1	1	2
69	99	1	1	-50/171
69	100	1	1	-650/29241
69	101	1	1	111250/5000211
69	102	1	1	-1289750/855036081
69	103	1	1	-354406250/146211169851
70	50	5	5	1/3
70	50	8	8	1/3
70	50	9	9	1/3
70	50	13	13	1/3
70	50	14	14	1/3
70	50	16	16	1/3
70	51	4	4	25/729
70	51	6	6	25/729
70	51	7	7	25/729
70	51	10	10	25/729
70	51	11	11	25/729
70	51	13	13	25/729
70	52	4	4	-5975/1240029
70	52	6	6	-5975/1240029
70	52	7	7	-5975/1240029
70	52	10	10	-5975/1240029
70	52	11	11	-5975/1240029
70	52	13	13	-5975/1240029
70	53	4	4	-666875/301327047
70	53	6	6	-666875/301327047
70	53	7	7	-666875/301327047
70	53	10	10	-666875/301327047
70	53	11	11	-666875/301327047
70	53	13	13	-666875/301327047
70	54	4	4	6770875/73222472421
70	54	6	6	6770875/73222472421
70	54	7	7	6770875/73222472421
70	54	10	10	6770875/73222472421
70	54	11	11	6770875/73222472421
70	54	13	13	6770875/73222472421
70	55	4	4	3807296875/17793060798303
70	55	6	6	3807296875/17793060798303
70	55	7	7	3807296875/17793060798303
70	55	10	10	3807296875/17793060798303
70	55	11	11	3807296875/17793060798303
70	55	13	13	3807296875/17793060798303
70	56	7	15	4
70	56	11	15	4
70	56	15	15	2
70	57	5	13	100/117
70	57	9	13	100/117
70	57	13	13	-160/351
70	58	5	13	22600/287469
70	58	9	13	22600/287469
70	58	13	13	44750/862407
70	59	5	13	-310000/11211291
70	59	9	13	-310000/11211291
70	59	13	13	3596000/302704857
70	60	5	13	-21219500/1686498489
70	60	9	13	-21219500/1686498489
70	60	13	13	-746495500/106249404807
70	61	5	13	-379562500/1381242262491
70	61	9	13	-379562500/1381242262491
70	61	13	13	22835000000/37293541087257
70	62	1	17	8
70	63	1	15	-10/27
70	64	1	15	-2125/10206
70	65	1	15	33625/1102248
70	66	1	15	253625/17006112
70	67	1	15	-50046875/12856620672
70	74	1	8	8/3
70	74	1	12	8/3
70	74	1	14	8/3
70	75	1	7	-20/81
70	75	1	11	-20/81
70	75	1	13	-20/81
70	76	1	7	-800/15309
70	76	1	11	-800/15309
70	76	1	13	-800/15309
70	77	1	7	7750/413343
70	77	1	11	7750/413343
70	77	1	13	7750/413343
70	78	1	7	50375/22320522
70	78	1	11	50375/22320522
70	78	1	13	50375/22320522
70	79	1	7	-2609375/1205308188
70	79	1	11	-2609375/1205308188
70	79	1	13	-2609375/1205308188
70	104	1	1	2
70	105	1	1	-80/279
70	106	1	1	-13250/544887
70	107	1	1	3382000/152023473
70	108	1	1	-52215500/42414548967
70	109	1	1	-29454500000/11833659161793
71	50	5	8	1/6
71	50	5	9	1/6
71	50	5	13	1/6
71	50	5	14	1/6
71	50	8	9	1/6
71	50	8	13	1/6
71	50	8	16	1/6
71	50	9	14	1/6
71	50	9	16	1/6
71	50	13	14	1/6
71	50	13	16	1/6
71	50	14	16	1/6
71	51	4	6	-35/1458
71	51	4	7	-35/1458
71	51	4	10	-35/1458
71	51	4	11	-35/1458
71	51	6	7	-35/1458
71	51	6	10	-35/1458
71	51	6	13	-35/1458
71	51	7	11	-35/1458
71	51	7	13	-35/1458
71	51	10	11	-35/1458
71	51	10	13	-35/1458
71	51	11	13	-35/1458
71	52	4	6	-1625/2480058
71	52	4	7	-1625/2480058
71	52	4	10	-1625/2480058
71	52	4	11	-1625/2480058
71	52	6	7	-1625/2480058
71	52	6	10	-1625/2480058
71	52	6	13	-1625/2480058
71	52	7	11	-1625/2480058
71	52	7	13	-1625/2480058
71	52	10	11	-1625/2480058
71	52	10	13	-1625/2480058
71	52	11	13	-1625/2480058
71	53	4	6	110125/86093442
71	53	4	7	110125/86093442
71	53	4	10	110125/86093442
71	53	4	11	110125/86093442
71	53	6	7	110125/86093442
71	53	6	10	110125/86093442
71	53	6	13	110125/86093442
71	53	7	11	110125/86093442
71	53	7	13	110125/86093442
71	53	10	11	110125/86093442
71	53	10	13	110125/86093442
71	53	11	13	110125/86093442
71	54	4	6	-22849625/146444944842
71	54	4	7	-22849625/146444944842
71	54	4	10	-22849625/146444944842
71	54	4	11	-22849625/146444944842
71	54	6	7	-22849625/146444944842
71	54	6	10	-22849625/146444944842
71	54	6	13	-22849625/146444944842
71	54	7	11	-22849625/146444944842
71	54	7	13	-22849625/146444944842
71	54	10	11	-22849625/146444944842
71	54	10	13	-22849625/146444944842
71	54	11	13	-22849625/146444944842
71	55	4	6	-468171875/5083731656658
71	55	4	7	-468171875/5083731656658
71	55	4	10	-468171875/5083731656658
71	55	4	11	-468171875/5083731656658
71	55	6	7	-468171875/5083731656658
71	55	6	10	-468171875/5083731656658
71	55	6	13	-468171875/5083731656658
71	55	7	11	-468171875/5083731656658
71	55	7	13	-468171875/5083731656658
71	55	10	11	-468171875/5083731656658
71	55	10	13	-468171875/5083731656658
71	55	11	13	-468171875/5083731656658
71	56	2	7	1
71	56	2	8	1
71	56	2	11	1
71	56	2	12	1
71	56	4	7	1
71	56	4	9	1
71	56	4	11	1
71	56	4	13	1
71	56	7	12	1
71	56	7	13	1
71	56	8	11	1
71	56	9	11	1
71	57	2	5	100/351
71	57	2	6	-20/117
71	57	2	9	100/351
71	57	2	10	-20/117
71	57	3	5	100/351
71	57	3	7	-20/117
71	57	3	9	100/351
71	57	3	11	-20/117
71	57	5	10	-5/702
71	57	5	11	-5/702
71	57	6	9	-5/702
71	57	7	9	-5/702
71	58	2	5	47900/862407
71	58	2	6	3100/862407
71	58	2	9	47900/862407
71	58	2	10	3100/862407
71	58	3	5	47900/862407
71	58	3	7	3100/862407
71	58	3	9	47900/862407
71	58	3	11	3100/862407
71	58	5	10	-88225/3449628
71	58	5	11	-88225/3449628
71	58	6	9	-88225/3449628
71	58	7	9	-88225/3449628
71	59	2	5	370000/302704857
71	59	2	6	274000/33633873
71	59	2	9	370000/302704857
71	59	2	10	274000/33633873
71	59	3	5	370000/302704857
71	59	3	7	274000/33633873
71	59	3	9	370000/302704857
71	59	3	11	274000/33633873
71	59	5	10	1325125/2421638856
71	59	5	11	1325125/2421638856
71	59	6	9	1325125/2421638856
71	59	7	9	1325125/2421638856
71	60	2	5	-430636000/106249404807
71	60	2	6	-191276000/106249404807
71	60	2	9	-430636000/106249404807
71	60	2	10	-191276000/106249404807
71	60	3	5	-430636000/106249404807
71	60	3	7	-191276000/106249404807
71	60	3	9	-430636000/106249404807
71	60	3	11	-191276000/106249404807
71	60	5	10	444652625/242855782416
71	60	5	11	444652625/242855782416
71	60	6	9	444652625/242855782416
71	60	7	9	444652625/242855782416
71	61	2	5	-53318000000/37293541087257
71	61	2	6	-5438800000/12431180362419
71	61	2	9	-53318000000/37293541087257
71	61	2	10	-5438800000/12431180362419
71	61	3	5	-53318000000/37293541087257
71	61	3	7	-5438800000/12431180362419
71	61	3	9	-53318000000/37293541087257
71	61	3	11	-5438800000/12431180362419
71	61	5	10	-78035121875/1193393314792224
71	61	5	11	-78035121875/1193393314792224
71	61	6	9	-78035121875/1193393314792224
71	61	7	9	-78035121875/1193393314792224
71	62	1	4	2
71	62	1	5	2
71	62	1	6	2
71	62	1	7	2
71	62	4	6	2
71	63	1	3	55/108
71	63	1	4	-10/81
71	63	1	5	55/108
71	63	1	6	-10/81
71	63	3	5	-65/324
71	64	1	3	36325/489888
71	64	1	4	-2200/45927
71	64	1	5	36325/489888
71	64	1	6	-2200/45927
71	64	3	5	-52025/1469664
71	65	1	3	-331375/35271936
71	65	1	4	36500/3720087
71	65	1	5	-331375/35271936
71	65	1	6	36500/3720087
71	65	3	5	13989625/952342272
71	66	1	3	-608614625/68568643584
71	66	1	4	926750/301327047
71	66	1	5	-608614625/68568643584
71	66	1	6	926750/301327047
71	66	3	5	719818375/617117792256
71	67	1	3	-22672684375/14810827014144
71	67	1	4	-29368750/24407490807
71	67	1	5	-22672684375/14810827014144
71	67	1	6	-29368750/24407490807
71	67	3	5	-649640834375/399892329381888
71	80	1	4	1/2
71	80	1	6	1/2
71	80	1	14	1/2
71	80	1	16	1/2
71	81	1	4	-5/126
71	81	1	6	-5/126
71	81	1	11	-5/126
71	81	1	13	-5/126
71	82	1	4	-325/31752
71	82	1	6	-325/31752
71	82	1	11	-325/31752
71	82	1	13	-325/31752
71	83	1	4	5875/2000376
71	83	1	6	5875/2000376
71	83	1	11	5875/2000376
71	83	1	13	5875/2000376
71	84	1	4	18625/36006768
71	84	1	6	18625/36006768
71	84	1	11	18625/36006768
71	84	1	13	18625/36006768
71	85	1	4	-5284375/15878984688
71	85	1	6	-5284375/15878984688
71	85	1	11	-5284375/15878984688
71	85	1	13	-5284375/15878984688
71	86	1	2	2
71	86	1	3	2
71	87	1	2	-2/9
71	87	1	3	-2/9
71	88	1	2	-20/567
71	88	1	3	-20/567
71	89	1	2	88/5103
71	89	1	3	88/5103
71	90	1	2	206/229635
71	90	1	3	206/229635
71	91	1	2	-830/413343
71	91	1	3	-830/413343
72	50	5	8	1/6
72	50	5	9	1/6
72	50	5	13	1/6
72	50	5	14	1/6
72	50	8	9	1/6
72	50	8	13	1/6
72	50	8	16	1/6
72	50	9	14	1/6
72	50	9	16	1/6
72	50	13	14	1/6
72	50	13	16	1/6
72	50	14	16	1/6
72	51	4	6	55/1458
72	51	4	7	55/1458
72	51	4	10	55/1458
72	51	4	11	55/1458
72	51	6	7	55/1458
72	51	6	10	55/1458
72	51	6	13	55/1458
72	51	7	11	55/1458
72	51	7	13	55/1458
72	51	10	11	55/1458
72	51	10	13	55/1458
72	51	11	13	55/1458
72	52	4	6	11425/2480058
72	52	4	7	11425/2480058
72	52	4	10	11425/2480058
72	52	4	11	11425/2480058
72	52	6	7	11425/2480058
72	52	6	10	11425/2480058
72	52	6	13	11425/2480058
72	52	7	11	11425/2480058
72	52	7	13	11425/2480058
72	52	10	11	11425/2480058
72	52	10	13	11425/2480058
72	52	11	13	11425/2480058
72	53	4	6	-444125/602654094
72	53	4	7	-444125/602654094
72	53	4	10	-444125/602654094
72	53	4	11	-444125/602654094
72	53	6	7	-444125/602654094
72	53	6	10	-444125/602654094
72	53	6	13	-444125/602654094
72	53	7	11	-444125/602654094
72	53	7	13	-444125/602654094
72	53	10	11	-444125/602654094
72	53	10	13	-444125/602654094
72	53	11	13	-444125/602654094
72	54	4	6	-74883125/146444944842
72	54	4	7	-74883125/146444944842
72	54	4	10	-74883125/146444944842
72	54	4	11	-74883125/146444944842
72	54	6	7	-74883125/146444944842
72	54	6	10	-74883125/146444944842
72	54	6	13	-74883125/146444944842
72	54	7	11	-74883125/146444944842
72	54	7	13	-74883125/146444944842
72	54	10	11	-74883125/146444944842
72	54	10	13	-74883125/146444944842
72	54	11	13	-74883125/146444944842
72	55	4	6	-2241696875/35586121596606
72	55	4	7	-2241696875/35586121596606
72	55	4	10	-2241696875/35586121596606
72	55	4	11	-2241696875/35586121596606
72	55	6	7	-2241696875/35586121596606
72	55	6	10	-2241696875/35586121596606
72	55	6	13	-2241696875/35586121596606
72	55	7	11	-2241696875/35586121596606
72	55	7	13	-2241696875/35586121596606
72	55	10	11	-2241696875/35586121596606
72	55	10	13	-2241696875/35586121596606
72	55	11	13	-2241696875/35586121596606
72	56	7	8	1
72	56	7	9	1
72	56	7	16	1
72	56	7	17	1
72	56	11	12	1
72	56	11	13	1
72	56	11	16	1
72	56	11	17	1
72	57	5	6	125/702
72	57	5	7	125/702
72	57	5	14	-40/351
72	57	5	15	-40/351
72	57	9	10	125/702
72	57	9	11	125/702
72	57	9	14	-40/351
72	57	9	15	-40/351
72	58	5	6	24875/3449628
72	58	5	7	24875/3449628
72	58	5	14	-9925/862407
72	58	5	15	-9925/862407
72	58	9	10	24875/3449628
72	58	9	11	24875/3449628
72	58	9	14	-9925/862407
72	58	9	15	-9925/862407
72	59	5	6	-18015625/2421638856
72	59	5	7	-18015625/2421638856
72	59	5	14	2087000/302704857
72	59	5	15	2087000/302704857
72	59	9	10	-18015625/2421638856
72	59	9	11	-18015625/2421638856
72	59	9	14	2087000/302704857
72	59	9	15	2087000/302704857
72	60	5	6	-3356790625/1699990476912
72	60	5	7	-3356790625/1699990476912
72	60	5	14	-6373750/106249404807
72	60	5	15	-6373750/106249404807
72	60	9	10	-3356790625/1699990476912
72	60	9	11	-3356790625/1699990476912
72	60	9	14	-6373750/106249404807
72	60	9	15	-6373750/106249404807
72	61	5	6	348294921875/1193393314792224
72	61	5	7	348294921875/1193393314792224
72	61	5	14	-3271150000/5327648726751
72	61	5	15	-3271150000/5327648726751
72	61	9	10	348294921875/1193393314792224
72	61	9	11	348294921875/1193393314792224
72	61	9	14	-3271150000/5327648726751
72	61	9	15	-3271150000/5327648726751
72	62	1	12	2
72	62	1	13	2
72	62	1	15	2
72	62	1	16	2
72	62	4	12	2
72	62	6	15	2
72	63	1	11	5/9
72	63	1	12	-25/324
72	63	1	13	5/9
72	63	1	14	-25/324
72	63	3	11	-25/81
72	63	5	13	-25/81
72	64	1	11	1550/15309
72	64	1	12	-73625/1469664
72	64	1	13	1550/15309
72	64	1	14	-73625/1469664
72	64	3	11	-250/45927
72	64	5	13	-250/45927
72	65	1	11	-125/91854
72	65	1	12	5740625/952342272
72	65	1	13	-125/91854
72	65	1	14	5740625/952342272
72	65	3	11	128125/7440174
72	65	5	13	128125/7440174
72	66	1	11	-2335625/267846264
72	66	1	12	2143834375/617117792256
72	66	1	13	-2335625/267846264
72	66	1	14	2143834375/617117792256
72	66	3	11	-6040625/2410616376
72	66	5	13	-6040625/2410616376
72	67	1	11	-1784375/688747536
72	67	1	12	-292080859375/399892329381888
72	67	1	13	-1784375/688747536
72	67	1	14	-292080859375/399892329381888
72	67	3	11	-70703125/55788550416
72	67	5	13	-70703125/55788550416
72	74	4	6	2/3
72	74	4	10	2/3
72	74	6	10	2/3
72	75	3	5	-10/243
72	75	3	9	-10/243
72	75	5	9	-10/243
72	76	3	5	-4175/275562
72	76	3	9	-4175/275562
72	76	5	9	-4175/275562
72	77	3	5	69625/22320522
72	77	3	9	69625/22320522
72	77	5	9	69625/22320522
72	78	3	5	3325625/3615924564
72	78	3	9	3325625/3615924564
72	78	5	9	3325625/3615924564
72	79	3	5	-15259375/41841412812
72	79	3	9	-15259375/41841412812
72	79	5	9	-15259375/41841412812
72	86	1	15	2
72	87	1	13	-7/36
72	88	1	13	-697/18144
72	89	1	13	2777/186624
72	90	1	13	143687/94058496
72	91	1	13	-1670407/967458816
72	92	1	3	2
72	92	1	5	2
72	93	1	3	-200/873
72	93	1	5	-200/873
72	94	1	3	-175250/5334903
72	94	1	5	-175250/5334903
72	95	1	3	80575000/4657370319
72	95	1	5	80575000/4657370319
72	96	1	3	2361512500/4065884288487
72	96	1	5	2361512500/4065884288487
72	97	1	3	-989393750000/507073854835593
72	97	1	5	-989393750000/507073854835593
73	50	5	10	1/6
73	50	5	15	1/6
73	50	8	10	1/6
73	50	8	17	1/6
73	50	9	10	1/6
73	50	9	18	1/6
73	50	13	15	1/6
73	50	13	17	1/6
73	50	14	15	1/6
73	50	14	18	1/6
73	50	16	17	1/6
73	50	16	18	1/6
73	51	4	8	-10/243
73	51	4	12	-10/243
73	51	6	8	-10/243
73	51	6	14	-10/243
73	51	7	8	-10/243
73	51	7	15	-10/243
73	51	10	12	-10/243
73	51	10	14	-10/243
73	51	11	12	-10/243
73	51	11	15	-10/243
73	51	13	14	-10/243
73	51	13	15	-10/243
73	52	4	8	625/91854
73	52	4	12	625/91854
73	52	6	8	625/91854
73	52	6	14	625/91854
73	52	7	8	625/91854
73	52	7	15	625/91854
73	52	10	12	625/91854
73	52	10	14	625/91854
73	52	11	12	625/91854
73	52	11	15	625/91854
73	52	13	14	625/91854
73	52	13	15	625/91854
73	53	4	8	-250/11160261
73	53	4	12	-250/11160261
73	53	6	8	-250/11160261
73	53	6	14	-250/11160261
73	53	7	8	-250/11160261
73	53	7	15	-250/11160261
73	53	10	12	-250/11160261
73	53	10	14	-250/11160261
73	53	11	12	-250/11160261
73	53	11	15	-250/11160261
73	53	13	14	-250/11160261
73	53	13	15	-250/11160261
73	54	4	8	-54125/129140163
73	54	4	12	-54125/129140163
73	54	6	8	-54125/129140163
73	54	6	14	-54125/129140163
73	54	7	8	-54125/129140163
73	54	7	15	-54125/129140163
73	54	10	12	-54125/129140163
73	54	10	14	-54125/129140163
73	54	11	12	-54125/129140163
73	54	11	15	-54125/129140163
73	54	13	14	-54125/129140163
73	54	13	15	-54125/129140163
73	55	4	8	8687500/73222472421
73	55	4	12	8687500/73222472421
73	55	6	8	8687500/73222472421
73	55	6	14	8687500/73222472421
73	55	7	8	8687500/73222472421
73	55	7	15	8687500/73222472421
73	55	10	12	8687500/73222472421
73	55	10	14	8687500/73222472421
73	55	11	12	8687500/73222472421
73	55	11	15	8687500/73222472421
73	55	13	14	8687500/73222472421
73	55	13	15	8687500/73222472421
73	56	7	12	1
73	56	7	13	1
73	56	8	8	1/2
73	56	8	11	1
73	56	9	9	1/2
73	56	9	11	1
73	56	12	12	1/2
73	56	13	13	1/2
73	57	5	10	85/234
73	57	5	11	85/234
73	57	6	6	-205/1404
73	57	6	9	85/234
73	57	7	7	-205/1404
73	57	7	9	85/234
73	57	10	10	-205/1404
73	57	11	11	-205/1404
73	58	5	10	127675/1149876
73	58	5	11	127675/1149876
73	58	6	6	222025/6899256
73	58	6	9	127675/1149876
73	58	7	7	222025/6899256
73	58	7	9	127675/1149876
73	58	10	10	222025/6899256
73	58	11	11	222025/6899256
73	59	5	10	2254625/89690328
73	59	5	11	2254625/89690328
73	59	6	6	-15933625/4843277712
73	59	6	9	2254625/89690328
73	59	7	7	-15933625/4843277712
73	59	7	9	2254625/89690328
73	59	10	10	-15933625/4843277712
73	59	11	11	-15933625/4843277712
73	60	5	10	392297875/188887830768
73	60	5	11	392297875/188887830768
73	60	6	6	-3747669125/3399980953824
73	60	6	9	392297875/188887830768
73	60	7	7	-3747669125/3399980953824
73	60	7	9	392297875/188887830768
73	60	10	10	-3747669125/3399980953824
73	60	11	11	-3747669125/3399980953824
73	61	5	10	-65228415625/44199752399712
73	61	5	11	-65228415625/44199752399712
73	61	6	6	1547153065625/2386786629584448
73	61	6	9	-65228415625/44199752399712
73	61	7	7	1547153065625/2386786629584448
73	61	7	9	-65228415625/44199752399712
73	61	10	10	1547153065625/2386786629584448
73	61	11	11	1547153065625/2386786629584448
73	62	1	8	2
73	62	1	9	2
73	62	4	8	2
73	62	4	10	2
73	62	6	8	2
73	62	6	10	2
73	62	8	10	2
73	63	1	7	65/108
73	63	1	8	-5/162
73	63	3	7	-5/12
73	63	3	9	35/54
73	63	5	7	-5/12
73	63	5	9	35/54
73	63	7	9	5/54
73	64	1	7	22175/163296
73	64	1	8	-16475/367416
73	64	3	7	6775/163296
73	64	3	9	6725/40824
73	64	5	7	6775/163296
73	64	5	9	6725/40824
73	64	7	9	-1675/40824
73	65	1	7	479375/35271936
73	65	1	8	248875/119042784
73	65	3	7	13375/1306368
73	65	3	9	15125/629856
73	65	5	7	13375/1306368
73	65	5	9	15125/629856
73	65	7	9	-26875/4408992
73	66	1	7	-40731625/7618738176
73	66	1	8	15485125/5509980288
73	66	3	7	-39301625/7618738176
73	66	3	9	-1724125/476171136
73	66	5	7	-39301625/7618738176
73	66	5	9	-1724125/476171136
73	66	7	9	1095875/476171136
73	67	1	7	-5081415625/1645647446016
73	67	1	8	-2751434375/12496635293184
73	67	3	7	58128125/182849716224
73	67	3	9	-26565625/7346640384
73	67	5	7	58128125/182849716224
73	67	5	9	-26565625/7346640384
73	67	7	9	31934375/51426482688
73	68	1	4	2/3
73	68	1	6	2/3
73	68	1	7	2/3
73	69	1	4	-20/567
73	69	1	6	-20/567
73	69	1	7	-20/567
73	70	1	4	-550/35721
73	70	1	6	-550/35721
73	70	1	7	-550/35721
73	71	1	4	53500/20253807
73	71	1	6	53500/20253807
73	71	1	7	53500/20253807
73	72	1	4	3701500/3827969523
73	72	1	6	3701500/3827969523
73	72	1	7	3701500/3827969523
73	73	1	4	-221275000/723486239847
73	73	1	6	-221275000/723486239847
73	73	1	7	-221275000/723486239847
73	86	1	6	2
73	86	1	13	2
73	87	1	6	-1/6
73	87	1	11	-1/6
73	88	1	6	-53/1512
73	88	1	11	-53/1512
73	89	1	6	67/6048
73	89	1	11	67/6048
73	90	1	6	4607/3265920
73	90	1	11	4607/3265920
73	91	1	6	-8795/7838208
73	91	1	11	-8795/7838208
73	98	1	2	1/2
73	98	1	3	1/2
73	98	1	5	1/2
73	98	1	10	1/2
73	99	1	2	-10/171
73	99	1	3	-10/171
73	99	1	5	-10/171
73	99	1	9	-10/171
73	100	1	2	-9175/1228122
73	100	1	3	-9175/1228122
73	100	1	5	-9175/1228122
73	100	1	9	-9175/1228122
73	101	1	2	49250/11667159
73	101	1	3	49250/11667159
73	101	1	5	49250/11667159
73	101	1	9	49250/11667159
73	102	1	2	3546125/53867273103
73	102	1	3	3546125/53867273103
73	102	1	5	3546125/53867273103
73	102	1	9	3546125/53867273103
73	103	1	2	-4169412500/9211303700613
73	103	1	3	-4169412500/9211303700613
73	103	1	5	-4169412500/9211303700613
73	103	1	9	-4169412500/9211303700613
74	50	5	10	1/6
74	50	5	15	1/6
74	50	8	10	1/6
74	50	8	17	1/6
74	50	9	10	1/6
74	50	9	18	1/6
74	50	13	15	1/6
74	50	13	17	1/6
74	50	14	15	1/6
74	50	14	18	1/6
74	50	16	17	1/6
74	50	16	18	1/6
74	51	4	8	5/243
74	51	4	12	5/243
74	51	6	8	5/243
74	51	6	14	5/243
74	51	7	8	5/243
74	51	7	15	5/243
74	51	10	12	5/243
74	51	10	14	5/243
74	51	11	12	5/243
74	51	11	15	5/243
74	51	13	14	5/243
74	51	13	15	5/243
74	52	4	8	-50/45927
74	52	4	12	-50/45927
74	52	6	8	-50/45927
74	52	6	14	-50/45927
74	52	7	8	-50/45927
74	52	7	15	-50/45927
74	52	10	12	-50/45927
74	52	10	14	-50/45927
74	52	11	12	-50/45927
74	52	11	15	-50/45927
74	52	13	14	-50/45927
74	52	13	15	-50/45927
74	53	4	8	-11500/11160261
74	53	4	12	-11500/11160261
74	53	6	8	-11500/11160261
74	53	6	14	-11500/11160261
74	53	7	8	-11500/11160261
74	53	7	15	-11500/11160261
74	53	10	12	-11500/11160261
74	53	10	14	-11500/11160261
74	53	11	12	-11500/11160261
74	53	11	15	-11500/11160261
74	53	13	14	-11500/11160261
74	53	13	15	-11500/11160261
74	54	4	8	-65000/903981141
74	54	4	12	-65000/903981141
74	54	6	8	-65000/903981141
74	54	6	14	-65000/903981141
74	54	7	8	-65000/903981141
74	54	7	15	-65000/903981141
74	54	10	12	-65000/903981141
74	54	10	14	-65000/903981141
74	54	11	12	-65000/903981141
74	54	11	15	-65000/903981141
74	54	13	14	-65000/903981141
74	54	13	15	-65000/903981141
74	55	4	8	5350000/73222472421
74	55	4	12	5350000/73222472421
74	55	6	8	5350000/73222472421
74	55	6	14	5350000/73222472421
74	55	7	8	5350000/73222472421
74	55	7	15	5350000/73222472421
74	55	10	12	5350000/73222472421
74	55	10	14	5350000/73222472421
74	55	11	12	5350000/73222472421
74	55	11	15	5350000/73222472421
74	55	13	14	5350000/73222472421
74	55	13	15	5350000/73222472421
74	56	7	16	1
74	56	7	17	1
74	56	11	16	1
74	56	11	17	1
74	57	5	14	10/39
74	57	5	15	10/39
74	57	9	14	10/39
74	57	9	15	10/39
74	58	5	14	12400/287469
74	58	5	15	12400/287469
74	58	9	14	12400/287469
74	58	9	15	12400/287469
74	59	5	14	-2000/3737097
74	59	5	15	-2000/3737097
74	59	9	14	-2000/3737097
74	59	9	15	-2000/3737097
74	60	5	14	-37370000/11805489423
74	60	5	15	-37370000/11805489423
74	60	9	14	-37370000/11805489423
74	60	9	15	-37370000/11805489423
74	61	5	14	-57100000/65773441071
74	61	5	15	-57100000/65773441071
74	61	9	14	-57100000/65773441071
74	61	9	15	-57100000/65773441071
74	62	1	17	2
74	62	1	18	2
74	62	10	12	2
74	62	10	15	2
74	62	10	17	2
74	62	12	12	1
74	62	15	15	1
74	63	1	15	35/54
74	63	1	16	5/324
74	63	9	11	10/27
74	63	9	13	10/27
74	63	9	15	-5/27
74	63	11	11	-20/81
74	63	13	13	-20/81
74	64	1	15	6575/40824
74	64	1	16	-71825/1469664
74	64	9	11	100/5103
74	64	9	13	100/5103
74	64	9	15	-325/10206
74	64	11	11	1675/45927
74	64	13	13	1675/45927
74	65	1	15	12875/629856
74	65	1	16	-1079125/952342272
74	65	9	11	-2000/137781
74	65	9	13	-2000/137781
74	65	9	15	6625/551124
74	65	11	11	11500/3720087
74	65	13	13	11500/3720087
74	66	1	15	-2595625/476171136
74	66	1	16	2062804375/617117792256
74	66	9	11	-16250/3720087
74	66	9	13	-16250/3720087
74	66	9	15	29375/29760696
74	66	11	11	-1073750/301327047
74	66	13	13	-1073750/301327047
74	67	1	15	-29978125/7346640384
74	67	1	16	51750021875/399892329381888
74	67	9	11	6250/14348907
74	67	9	13	6250/14348907
74	67	9	15	-1896875/1607077584
74	67	11	11	2425000/3486784401
74	67	13	13	2425000/3486784401
74	68	1	13	2/3
74	68	1	16	2/3
74	68	1	17	2/3
74	69	1	12	-20/567
74	69	1	14	-20/567
74	69	1	15	-20/567
74	70	1	12	-200/11907
74	70	1	14	-200/11907
74	70	1	15	-200/11907
74	71	1	12	58000/20253807
74	71	1	14	58000/20253807
74	71	1	15	58000/20253807
74	72	1	12	4420000/3827969523
74	72	1	14	4420000/3827969523
74	72	1	15	4420000/3827969523
74	73	1	12	-260200000/723486239847
74	73	1	14	-260200000/723486239847
74	73	1	15	-260200000/723486239847
74	74	4	8	2/3
74	74	4	12	2/3
74	74	6	8	2/3
74	74	6	14	2/3
74	74	10	12	2/3
74	74	10	14	2/3
74	75	3	7	-10/81
74	75	3	11	-10/81
74	75	5	7	-10/81
74	75	5	13	-10/81
74	75	9	11	-10/81
74	75	9	13	-10/81
74	76	3	7	100/15309
74	76	3	11	100/15309
74	76	5	7	100/15309
74	76	5	13	100/15309
74	76	9	11	100/15309
74	76	9	13	100/15309
74	77	3	7	2000/413343
74	77	3	11	2000/413343
74	77	5	7	2000/413343
74	77	5	13	2000/413343
74	77	9	11	2000/413343
74	77	9	13	2000/413343
74	78	3	7	-16250/11160261
74	78	3	11	-16250/11160261
74	78	5	7	-16250/11160261
74	78	5	13	-16250/11160261
74	78	9	11	-16250/11160261
74	78	9	13	-16250/11160261
74	79	3	7	-6250/43046721
74	79	3	11	-6250/43046721
74	79	5	7	-6250/43046721
74	79	5	13	-6250/43046721
74	79	9	11	-6250/43046721
74	79	9	13	-6250/43046721
74	92	1	12	2
74	92	1	14	2
74	93	1	11	-20/97
74	93	1	13	-20/97
74	94	1	11	-59200/1778301
74	94	1	13	-59200/1778301
74	95	1	11	844000/57498399
74	95	1	13	844000/57498399
74	96	1	11	412460000/451764920943
74	96	1	13	412460000/451764920943
74	97	1	11	-9845800000/6260171047353
74	97	1	13	-9845800000/6260171047353
74	104	1	5	1
74	104	1	9	1
74	105	1	5	-35/279
74	105	1	9	-35/279
74	106	1	5	-6925/544887
74	106	1	9	-6925/544887
74	107	1	5	189625/21717639
74	107	1	9	189625/21717639
74	108	1	5	-7320625/42414548967
74	108	1	9	-7320625/42414548967
74	109	1	5	-1505646875/1690522737399
74	109	1	9	-1505646875/1690522737399
75	50	5	16	2/3
75	50	8	14	2/3
75	50	9	13	2/3
75	51	4	13	-10/729
75	51	6	11	-10/729
75	51	7	10	-10/729
75	52	4	13	-2950/177147
75	52	6	11	-2950/177147
75	52	7	10	-2950/177147
75	53	4	13	44750/43046721
75	53	6	11	44750/43046721
75	53	7	10	44750/43046721
75	54	4	13	12151250/10460353203
75	54	6	11	12151250/10460353203
75	54	7	10	12151250/10460353203
75	55	4	13	-311256250/2541865828329
75	55	6	11	-311256250/2541865828329
75	55	7	10	-311256250/2541865828329
75	56	5	7	4
75	56	5	11	4
75	57	4	5	-20/117
75	57	4	9	-20/117
75	58	4	5	-12100/123201
75	58	4	9	-12100/123201
75	59	4	5	63500/4804839
75	59	4	9	63500/4804839
75	60	4	5	100952500/15178486401
75	60	4	9	100952500/15178486401
75	61	4	5	-2812262500/1775882908917
75	61	4	9	-2812262500/1775882908917
75	62	1	2	8
75	62	2	2	4
75	63	1	2	170/81
75	63	2	2	-190/243
75	64	1	2	4225/13122
75	64	2	2	2275/59049
75	65	1	2	-150875/4251528
75	65	2	2	1066375/28697814
75	66	1	2	-52649375/1377495072
75	66	2	2	-156486875/13947137604
75	67	1	2	-3276696875/446308403328
75	67	2	2	-10463121875/6778308875544
75	80	2	3	2
75	80	2	5	2
75	80	3	11	2
75	80	5	11	2
75	81	2	3	-5/28
75	81	2	5	-5/28
75	81	3	9	-5/28
75	81	5	9	-5/28
75	82	2	3	-4975/127008
75	82	2	5	-4975/127008
75	82	3	9	-4975/127008
75	82	5	9	-4975/127008
75	83	2	3	31625/2370816
75	83	2	5	31625/2370816
75	83	3	9	31625/2370816
75	83	5	9	31625/2370816
75	84	2	3	56250625/32262064128
75	84	2	5	56250625/32262064128
75	84	3	9	56250625/32262064128
75	84	5	9	56250625/32262064128
75	85	2	3	-2741753125/1806675591168
75	85	2	5	-2741753125/1806675591168
75	85	3	9	-2741753125/1806675591168
75	85	5	9	-2741753125/1806675591168
76	50	5	16	2/3
76	50	8	14	2/3
76	50	9	13	2/3
76	51	4	13	170/729
76	51	6	11	170/729
76	51	7	10	170/729
76	52	4	13	83750/1240029
76	52	6	11	83750/1240029
76	52	7	10	83750/1240029
76	53	4	13	4160750/301327047
76	53	6	11	4160750/301327047
76	53	7	10	4160750/301327047
76	54	4	13	37070750/73222472421
76	54	6	11	37070750/73222472421
76	54	7	10	37070750/73222472421
76	55	4	13	-19004406250/17793060798303
76	55	6	11	-19004406250/17793060798303
76	55	7	10	-19004406250/17793060798303
76	56	7	10	4
76	56	11	14	4
76	57	5	8	-70/117
76	57	9	12	-70/117
76	58	5	8	1775/862407
76	58	9	12	1775/862407
76	59	5	8	248375/9609678
76	59	9	12	248375/9609678
76	60	5	8	-1862791625/424997619228
76	60	9	12	-1862791625/424997619228
76	61	5	8	-19541621875/14207063271336
76	61	9	12	-19541621875/14207063271336
76	62	1	11	8
76	63	1	10	185/81
76	64	1	10	169975/367416
76	65	1	10	5693375/238085568
76	66	1	10	-4155241625/154279448064
76	67	1	10	-1097572740625/99973082345472
76	68	2	2	4/3
76	68	3	3	4/3
76	68	5	5	4/3
76	69	2	2	-1460/5103
76	69	3	3	-1460/5103
76	69	5	5	-1460/5103
76	70	2	2	219700/8680203
76	70	3	3	219700/8680203
76	70	5	5	219700/8680203
76	71	2	2	3029500/301327047
76	71	3	3	3029500/301327047
76	71	5	5	3029500/301327047
76	72	2	2	-110694849500/25115308040403
76	72	3	3	-110694849500/25115308040403
76	72	5	5	-110694849500/25115308040403
76	73	2	2	153052712500/6103019853817929
76	73	3	3	153052712500/6103019853817929
76	73	5	5	153052712500/6103019853817929
76	86	5	10	8
76	87	5	9	-1/3
76	88	5	9	-865/4536
76	89	5	9	907/36288
76	90	5	9	1474643/117573120
76	91	5	9	-1639415/564350976
77	50	5	17	1/6
77	50	5	18	1/6
77	50	8	15	1/6
77	50	8	18	1/6
77	50	9	15	1/6
77	50	9	17	1/6
77	50	10	13	1/6
77	50	10	14	1/6
77	50	10	16	1/6
77	50	13	18	1/6
77	50	14	17	1/6
77	50	15	16	1/6
77	51	4	14	-5/243
77	51	4	15	-5/243
77	51	6	12	-5/243
77	51	6	15	-5/243
77	51	7	12	-5/243
77	51	7	14	-5/243
77	51	8	10	-5/243
77	51	8	11	-5/243
77	51	8	13	-5/243
77	51	10	15	-5/243
77	51	11	14	-5/243
77	51	12	13	-5/243
77	52	4	14	-50/45927
77	52	4	15	-50/45927
77	52	6	12	-50/45927
77	52	6	15	-50/45927
77	52	7	12	-50/45927
77	52	7	14	-50/45927
77	52	8	10	-50/45927
77	52	8	11	-50/45927
77	52	8	13	-50/45927
77	52	10	15	-50/45927
77	52	11	14	-50/45927
77	52	12	13	-50/45927
77	53	4	14	11500/11160261
77	53	4	15	11500/11160261
77	53	6	12	11500/11160261
77	53	6	15	11500/11160261
77	53	7	12	11500/11160261
77	53	7	14	11500/11160261
77	53	8	10	11500/11160261
77	53	8	11	11500/11160261
77	53	8	13	11500/11160261
77	53	10	15	11500/11160261
77	53	11	14	11500/11160261
77	53	12	13	11500/11160261
77	54	4	14	-65000/903981141
77	54	4	15	-65000/903981141
77	54	6	12	-65000/903981141
77	54	6	15	-65000/903981141
77	54	7	12	-65000/903981141
77	54	7	14	-65000/903981141
77	54	8	10	-65000/903981141
77	54	8	11	-65000/903981141
77	54	8	13	-65000/903981141
77	54	10	15	-65000/903981141
77	54	11	14	-65000/903981141
77	54	12	13	-65000/903981141
77	55	4	14	-5350000/73222472421
77	55	4	15	-5350000/73222472421
77	55	6	12	-5350000/73222472421
77	55	6	15	-5350000/73222472421
77	55	7	12	-5350000/73222472421
77	55	7	14	-5350000/73222472421
77	55	8	10	-5350000/73222472421
77	55	8	11	-5350000/73222472421
77	55	8	13	-5350000/73222472421
77	55	10	15	-5350000/73222472421
77	55	11	14	-5350000/73222472421
77	55	12	13	-5350000/73222472421
77	56	5	7	1
77	56	5	11	1
77	56	7	14	1
77	56	10	11	1
77	57	4	5	115/351
77	57	4	9	115/351
77	57	5	12	25/702
77	57	8	9	25/702
77	58	4	5	73075/862407
77	58	4	9	73075/862407
77	58	5	12	-73625/3449628
77	58	8	9	-73625/3449628
77	59	4	5	3918625/302704857
77	59	4	9	3918625/302704857
77	59	5	12	-5740625/2421638856
77	59	8	9	-5740625/2421638856
77	60	4	5	-170920625/106249404807
77	60	4	9	-170920625/106249404807
77	60	5	12	2143834375/1699990476912
77	60	8	9	2143834375/1699990476912
77	61	4	5	-68318121875/37293541087257
77	61	4	9	-68318121875/37293541087257
77	61	5	12	292080859375/1193393314792224
77	61	8	9	292080859375/1193393314792224
77	62	1	5	2
77	62	1	7	2
77	62	2	10	2
77	62	2	11	2
77	62	5	10	2
77	62	7	10	2
77	63	1	4	50/81
77	63	1	6	50/81
77	63	2	9	5/9
77	63	2	10	-175/486
77	64	1	4	6500/45927
77	64	1	6	6500/45927
77	64	2	9	1075/10206
77	64	2	10	52375/3306744
77	64	4	9	-250/5103
77	64	6	9	-250/5103
77	65	1	4	50000/3720087
77	65	1	6	50000/3720087
77	65	2	9	125/61236
77	65	2	10	6790625/459165024
77	66	1	4	-1956250/301327047
77	66	1	6	-1956250/301327047
77	66	2	9	-220625/29760696
77	66	2	10	-12704665625/3124158823296
77	66	4	9	12500/3720087
77	66	6	9	12500/3720087
77	67	1	4	-88281250/24407490807
77	67	1	6	-88281250/24407490807
77	67	2	9	-1353125/535692528
77	67	2	10	-236018359375/433811768034816
77	68	1	2	2/3
77	68	1	3	2/3
77	68	1	5	2/3
77	69	1	2	100/567
77	69	1	3	100/567
77	69	1	5	100/567
77	70	1	2	1000/35721
77	70	1	3	1000/35721
77	70	1	5	1000/35721
77	71	1	2	-50000/20253807
77	71	1	3	-50000/20253807
77	71	1	5	-50000/20253807
77	72	1	2	-1700000/546852789
77	72	1	3	-1700000/546852789
77	72	1	5	-1700000/546852789
77	73	1	2	-475000000/723486239847
77	73	1	3	-475000000/723486239847
77	73	1	5	-475000000/723486239847
77	80	2	4	1/2
77	80	2	6	1/2
77	80	3	4	1/2
77	80	3	14	1/2
77	80	5	6	1/2
77	80	5	16	1/2
77	80	11	14	1/2
77	80	11	16	1/2
77	81	2	4	-25/252
77	81	2	6	-25/252
77	81	3	4	-25/252
77	81	3	11	-25/252
77	81	5	6	-25/252
77	81	5	13	-25/252
77	81	9	11	-25/252
77	81	9	13	-25/252
77	82	2	4	125/15876
77	82	2	6	125/15876
77	82	3	4	125/15876
77	82	3	11	125/15876
77	82	5	6	125/15876
77	82	5	13	125/15876
77	82	9	11	125/15876
77	82	9	13	125/15876
77	83	2	4	3125/1000188
77	83	2	6	3125/1000188
77	83	3	4	3125/1000188
77	83	3	11	3125/1000188
77	83	5	6	3125/1000188
77	83	5	13	3125/1000188
77	83	9	11	3125/1000188
77	83	9	13	3125/1000188
77	84	2	4	-621875/504094752
77	84	2	6	-621875/504094752
77	84	3	4	-621875/504094752
77	84	3	11	-621875/504094752
77	84	5	6	-621875/504094752
77	84	5	13	-621875/504094752
77	84	9	11	-621875/504094752
77	84	9	13	-621875/504094752
77	85	2	4	-390625/63515938752
77	85	2	6	-390625/63515938752
77	85	3	4	-390625/63515938752
77	85	3	11	-390625/63515938752
77	85	5	6	-390625/63515938752
77	85	5	13	-390625/63515938752
77	85	9	11	-390625/63515938752
77	85	9	13	-390625/63515938752
77	86	2	2	1
77	86	2	5	2
77	86	3	3	1
77	86	3	10	2
77	87	2	2	-2/9
77	87	2	5	-2/9
77	87	3	3	-2/9
77	87	3	9	-2/9
77	88	2	2	13/567
77	88	2	5	-16/567
77	88	3	3	13/567
77	88	3	9	-16/567
77	89	2	2	34/5103
77	89	2	5	76/5103
77	89	3	3	34/5103
77	89	3	9	76/5103
77	90	2	2	-158/45927
77	90	2	5	2/6561
77	90	3	3	-158/45927
77	90	3	9	2/6561
77	91	2	2	76/413343
77	91	2	5	-614/413343
77	91	3	3	76/413343
77	91	3	9	-614/413343
78	50	5	17	1/6
78	50	5	18	1/6
78	50	8	15	1/6
78	50	8	18	1/6
78	50	9	15	1/6
78	50	9	17	1/6
78	50	10	13	1/6
78	50	10	14	1/6
78	50	10	16	1/6
78	50	13	18	1/6
78	50	14	17	1/6
78	50	15	16	1/6
78	51	4	14	10/243
78	51	4	15	10/243
78	51	6	12	10/243
78	51	6	15	10/243
78	51	7	12	10/243
78	51	7	14	10/243
78	51	8	10	10/243
78	51	8	11	10/243
78	51	8	13	10/243
78	51	10	15	10/243
78	51	11	14	10/243
78	51	12	13	10/243
78	52	4	14	625/91854
78	52	4	15	625/91854
78	52	6	12	625/91854
78	52	6	15	625/91854
78	52	7	12	625/91854
78	52	7	14	625/91854
78	52	8	10	625/91854
78	52	8	11	625/91854
78	52	8	13	625/91854
78	52	10	15	625/91854
78	52	11	14	625/91854
78	52	12	13	625/91854
78	53	4	14	250/11160261
78	53	4	15	250/11160261
78	53	6	12	250/11160261
78	53	6	15	250/11160261
78	53	7	12	250/11160261
78	53	7	14	250/11160261
78	53	8	10	250/11160261
78	53	8	11	250/11160261
78	53	8	13	250/11160261
78	53	10	15	250/11160261
78	53	11	14	250/11160261
78	53	12	13	250/11160261
78	54	4	14	-54125/129140163
78	54	4	15	-54125/129140163
78	54	6	12	-54125/129140163
78	54	6	15	-54125/129140163
78	54	7	12	-54125/129140163
78	54	7	14	-54125/129140163
78	54	8	10	-54125/129140163
78	54	8	11	-54125/129140163
78	54	8	13	-54125/129140163
78	54	10	15	-54125/129140163
78	54	11	14	-54125/129140163
78	54	12	13	-54125/129140163
78	55	4	14	-8687500/73222472421
78	55	4	15	-8687500/73222472421
78	55	6	12	-8687500/73222472421
78	55	6	15	-8687500/73222472421
78	55	7	12	-8687500/73222472421
78	55	7	14	-8687500/73222472421
78	55	8	10	-8687500/73222472421
78	55	8	11	-8687500/73222472421
78	55	8	13	-8687500/73222472421
78	55	10	15	-8687500/73222472421
78	55	11	14	-8687500/73222472421
78	55	12	13	-8687500/73222472421
78	56	7	10	1
78	56	7	18	1
78	56	11	14	1
78	56	11	18	1
78	57	5	8	155/702
78	57	5	16	-25/351
78	57	9	12	155/702
78	57	9	16	-25/351
78	58	5	8	96025/3449628
78	58	5	16	-27325/1724814
78	58	9	12	96025/3449628
78	58	9	16	-27325/1724814
78	59	5	8	-7482625/2421638856
78	59	5	16	2486875/605409714
78	59	9	12	-7482625/2421638856
78	59	9	16	2486875/605409714
78	60	5	8	-611109875/242855782416
78	60	5	16	18638375/30356972802
78	60	9	12	-611109875/242855782416
78	60	9	16	18638375/30356972802
78	61	5	8	-446770159375/1193393314792224
78	61	5	16	-27035140625/74587082174514
78	61	9	12	-446770159375/1193393314792224
78	61	9	16	-27035140625/74587082174514
78	62	1	13	2
78	62	1	16	2
78	62	10	11	2
78	62	10	13	2
78	62	10	16	2
78	63	1	12	215/324
78	63	1	14	215/324
78	63	9	10	5/18
78	63	9	12	-5/18
78	63	9	14	-5/18
78	64	1	12	256975/1469664
78	64	1	14	256975/1469664
78	64	9	10	-275/40824
78	64	9	12	-275/40824
78	64	9	14	-275/40824
78	65	1	12	26611625/952342272
78	65	1	14	26611625/952342272
78	65	9	10	-6625/489888
78	65	9	12	6625/489888
78	65	9	14	6625/489888
78	66	1	12	-1740031625/617117792256
78	66	1	14	-1740031625/617117792256
78	66	9	10	-774125/476171136
78	66	9	12	-774125/476171136
78	66	9	14	-774125/476171136
78	67	1	12	-1495857259375/399892329381888
78	67	1	14	-1495857259375/399892329381888
78	67	9	10	15184375/17142160896
78	67	9	12	-15184375/17142160896
78	67	9	14	-15184375/17142160896
78	68	1	10	2/3
78	68	1	12	2/3
78	68	1	15	2/3
78	68	2	10	2/3
78	68	3	12	2/3
78	68	5	15	2/3
78	69	1	10	100/567
78	69	1	11	100/567
78	69	1	13	100/567
78	69	2	10	-520/5103
78	69	3	11	-520/5103
78	69	5	13	-520/5103
78	70	1	10	50/1701
78	70	1	11	50/1701
78	70	1	13	50/1701
78	70	2	10	-14650/8680203
78	70	3	11	-14650/8680203
78	70	5	13	-14650/8680203
78	71	1	10	-27500/20253807
78	71	1	11	-27500/20253807
78	71	1	13	-27500/20253807
78	71	2	10	81731000/14765025303
78	71	3	11	81731000/14765025303
78	71	5	13	81731000/14765025303
78	72	1	10	-10458500/3827969523
78	72	1	11	-10458500/3827969523
78	72	1	13	-10458500/3827969523
78	72	2	10	-20202608500/25115308040403
78	72	3	11	-20202608500/25115308040403
78	72	5	13	-20202608500/25115308040403
78	73	1	10	-489625000/723486239847
78	73	1	11	-489625000/723486239847
78	73	1	13	-489625000/723486239847
78	73	2	10	-16906780150000/42721138976725503
78	73	3	11	-16906780150000/42721138976725503
78	73	5	13	-16906780150000/42721138976725503
78	86	5	15	2
78	86	10	15	2
78	87	5	13	-13/36
78	87	9	13	-13/36
78	88	5	13	295/18144
78	88	9	13	295/18144
78	89	5	13	19253/1306368
78	89	9	13	19253/1306368
78	90	5	13	-1925437/470292480
78	90	9	13	-1925437/470292480
78	91	5	13	-3591835/6772211712
78	91	9	13	-3591835/6772211712
78	92	3	3	1
78	92	3	9	2
78	92	5	5	1
78	92	5	9	2
78	93	3	3	-415/1746
78	93	3	9	-110/873
78	93	5	5	-415/1746
78	93	5	9	-110/873
78	94	3	3	667225/21339612
78	94	3	9	-226825/5334903
78	94	5	5	667225/21339612
78	94	5	9	-226825/5334903
78	95	3	3	169932125/37258962552
78	95	3	9	42084625/4657370319
78	95	5	5	169932125/37258962552
78	95	5	9	42084625/4657370319
78	96	3	3	-232745529125/65054148615792
78	96	3	9	9733618625/4065884288487
78	96	5	5	-232745529125/65054148615792
78	96	5	9	9733618625/4065884288487
78	97	3	3	58059200571875/113584543483172832
78	97	3	9	-3544241009375/3549516983849151
78	97	5	5	58059200571875/113584543483172832
78	97	5	9	-3544241009375/3549516983849151
79	50	5	19	1/3
79	50	8	19	1/3
79	50	9	19	1/3
79	50	13	19	1/3
79	50	14	19	1/3
79	50	16	19	1/3
79	51	4	16	-55/729
79	51	6	16	-55/729
79	51	7	16	-55/729
79	51	10	16	-55/729
79	51	11	16	-55/729
79	51	13	16	-55/729
79	52	4	16	14500/1240029
79	52	6	16	14500/1240029
79	52	7	16	14500/1240029
79	52	10	16	14500/1240029
79	52	11	16	14500/1240029
79	52	13	16	14500/1240029
79	53	4	16	-63250/301327047
79	53	6	16	-63250/301327047
79	53	7	16	-63250/301327047
79	53	10	16	-63250/301327047
79	53	11	16	-63250/301327047
79	53	13	16	-63250/301327047
79	54	4	16	-39274625/73222472421
79	54	6	16	-39274625/73222472421
79	54	7	16	-39274625/73222472421
79	54	10	16	-39274625/73222472421
79	54	11	16	-39274625/73222472421
79	54	13	16	-39274625/73222472421
79	55	4	16	2681421875/17793060798303
79	55	6	16	2681421875/17793060798303
79	55	7	16	2681421875/17793060798303
79	55	10	16	2681421875/17793060798303
79	55	11	16	2681421875/17793060798303
79	55	13	16	2681421875/17793060798303
79	56	7	14	2
79	56	10	11	2
79	57	5	12	95/117
79	57	8	9	95/117
79	58	5	12	510725/1724814
79	58	8	9	510725/1724814
79	59	5	12	12509125/134535492
79	59	8	9	12509125/134535492
79	60	5	12	19327955875/849995238456
79	60	8	9	19327955875/849995238456
79	61	5	12	559273253125/198898885798704
79	61	8	9	559273253125/198898885798704
79	62	1	9	4
79	62	11	11	2
79	63	1	8	115/81
79	63	10	10	-635/972
79	64	1	8	79225/183708
79	64	10	10	2341975/13226976
79	65	1	8	6040375/59521392
79	65	10	10	-876792125/25713241344
79	66	1	8	236270875/19284931008
79	66	10	10	67783738375/49986541172736
79	67	1	8	-21250634375/6248317646592
79	67	10	10	214511779271875/97173836039798784
79	68	2	9	4/3
79	68	3	9	4/3
79	68	4	9	4/3
79	68	5	9	4/3
79	68	6	9	4/3
79	68	7	9	4/3
79	69	2	9	740/1701
79	69	3	9	740/1701
79	69	4	9	160/1701
79	69	5	9	740/1701
79	69	6	9	160/1701
79	69	7	9	160/1701
79	70	2	9	110200/964467
79	70	3	9	110200/964467
79	70	4	9	-2900/137781
79	70	5	9	110200/964467
79	70	6	9	-2900/137781
79	70	7	9	-2900/137781
79	71	2	9	10508000/546852789
79	71	3	9	10508000/546852789
79	71	4	9	-2948000/546852789
79	71	5	9	10508000/546852789
79	71	6	9	-2948000/546852789
79	71	7	9	-2948000/546852789
79	72	2	9	-298419500/310065531363
79	72	3	9	-298419500/310065531363
79	72	4	9	252943000/310065531363
79	72	5	9	-298419500/310065531363
79	72	6	9	252943000/310065531363
79	72	7	9	252943000/310065531363
79	73	2	9	-362148137500/175807156282821
79	73	3	9	-362148137500/175807156282821
79	73	4	9	83126200000/175807156282821
79	73	5	9	-362148137500/175807156282821
79	73	6	9	83126200000/175807156282821
79	73	7	9	83126200000/175807156282821
79	86	5	6	4
79	86	10	13	4
79	87	5	6	-1
79	87	9	11	-1
79	88	5	6	389/2268
79	88	9	11	389/2268
79	89	5	6	-11/3024
79	89	9	11	-11/3024
79	90	5	6	-139537/14696640
79	90	9	11	-139537/14696640
79	91	5	6	34885/11757312
79	91	9	11	34885/11757312
79	98	2	2	1/2
79	98	3	3	1/2
79	98	5	5	1/2
79	98	10	10	1/2
79	99	2	2	-205/1539
79	99	3	3	-205/1539
79	99	5	5	-205/1539
79	99	9	9	-205/1539
79	100	2	2	796225/33159294
79	100	3	3	796225/33159294
79	100	5	5	796225/33159294
79	100	9	9	796225/33159294
79	101	2	2	-7231375/25516076733
79	101	3	3	-7231375/25516076733
79	101	5	5	-7231375/25516076733
79	101	9	9	-7231375/25516076733
79	102	2	2	-64019662375/39269242092087
79	102	3	3	-64019662375/39269242092087
79	102	5	5	-64019662375/39269242092087
79	102	9	9	-64019662375/39269242092087
79	103	2	2	31211814518750/60435363579721893
79	103	3	3	31211814518750/60435363579721893
79	103	5	5	31211814518750/60435363579721893
79	103	9	9	31211814518750/60435363579721893
80	50	5	19	1/3
80	50	8	19	1/3
80	50	9	19	1/3
80	50	13	19	1/3
80	50	14	19	1/3
80	50	16	19	1/3
80	51	4	16	35/729
80	51	6	16	35/729
80	51	7	16	35/729
80	51	10	16	35/729
80	51	11	16	35/729
80	51	13	16	35/729
80	52	4	16	1450/1240029
80	52	6	16	1450/1240029
80	52	7	16	1450/1240029
80	52	10	16	1450/1240029
80	52	11	16	1450/1240029
80	52	13	16	1450/1240029
80	53	4	16	-64000/43046721
80	53	6	16	-64000/43046721
80	53	7	16	-64000/43046721
80	53	10	16	-64000/43046721
80	53	11	16	-64000/43046721
80	53	13	16	-64000/43046721
80	54	4	16	-21558125/73222472421
80	54	6	16	-21558125/73222472421
80	54	7	16	-21558125/73222472421
80	54	10	16	-21558125/73222472421
80	54	11	16	-21558125/73222472421
80	54	13	16	-21558125/73222472421
80	55	4	16	123771875/2541865828329
80	55	6	16	123771875/2541865828329
80	55	7	16	123771875/2541865828329
80	55	10	16	123771875/2541865828329
80	55	11	16	123771875/2541865828329
80	55	13	16	123771875/2541865828329
80	56	7	18	2
80	56	11	18	2
80	57	5	16	70/117
80	57	9	16	70/117
80	58	5	16	123475/862407
80	58	9	16	123475/862407
80	59	5	16	102875/4804839
80	59	9	16	102875/4804839
80	60	5	16	-150019375/106249404807
80	60	9	16	-150019375/106249404807
80	61	5	16	-3744971875/1775882908917
80	61	9	16	-3744971875/1775882908917
80	62	1	18	4
80	63	1	16	245/162
80	64	1	16	363175/734832
80	65	1	16	8721125/68024448
80	66	1	16	5992054375/308558896128
80	67	1	16	-87333596875/28563737812992
80	68	9	10	4/3
80	68	9	12	4/3
80	68	9	13	4/3
80	68	9	15	4/3
80	68	9	16	4/3
80	68	9	17	4/3
80	68	10	10	2/3
80	68	12	12	2/3
80	68	15	15	2/3
80	69	9	10	320/1701
80	69	9	11	320/1701
80	69	9	12	-260/1701
80	69	9	13	320/1701
80	69	9	14	-260/1701
80	69	9	15	-260/1701
80	69	10	10	-940/5103
80	69	11	11	-940/5103
80	69	13	13	-940/5103
80	70	9	10	-2900/964467
80	70	9	11	-2900/964467
80	70	9	12	-11600/964467
80	70	9	13	-2900/964467
80	70	9	14	-11600/964467
80	70	9	15	-11600/964467
80	70	10	10	313550/8680203
80	70	11	11	313550/8680203
80	70	13	13	313550/8680203
80	71	9	10	-4792000/546852789
80	71	9	11	-4792000/546852789
80	71	9	12	13000/1594323
80	71	9	13	-4792000/546852789
80	71	9	14	13000/1594323
80	71	9	15	13000/1594323
80	71	10	10	-3830500/2109289329
80	71	11	11	-3830500/2109289329
80	71	13	13	-3830500/2109289329
80	72	9	10	-361985000/310065531363
80	72	9	11	-361985000/310065531363
80	72	9	12	-82497500/310065531363
80	72	9	13	-361985000/310065531363
80	72	9	14	-82497500/310065531363
80	72	9	15	-82497500/310065531363
80	72	10	10	-49361642500/25115308040403
80	72	11	11	-49361642500/25115308040403
80	72	13	13	-49361642500/25115308040403
80	73	9	10	94617200000/175807156282821
80	73	9	11	94617200000/175807156282821
80	73	9	12	-15879987500/25115308040403
80	73	9	13	94617200000/175807156282821
80	73	9	14	-15879987500/25115308040403
80	73	9	15	-15879987500/25115308040403
80	73	10	10	4738552925000/6103019853817929
80	73	11	11	4738552925000/6103019853817929
80	73	13	13	4738552925000/6103019853817929
80	92	9	12	4
80	92	9	14	4
80	93	9	11	-260/291
80	93	9	13	-260/291
80	94	9	11	603950/5334903
80	94	9	13	603950/5334903
80	95	9	11	6880250/517485591
80	95	9	13	6880250/517485591
80	96	9	11	-43405838750/4065884288487
80	96	9	13	-43405838750/4065884288487
80	97	9	11	1857029768750/1183172327949717
80	97	9	13	1857029768750/1183172327949717
80	104	5	5	1
80	104	9	9	1
80	105	5	5	-455/1674
80	105	9	9	-455/1674
80	106	5	5	1007425/19615932
80	106	9	9	1007425/19615932
80	107	5	5	-8055125/4691010024
80	107	9	9	-8055125/4691010024
80	108	5	5	-170647083125/54969255461232
80	108	9	9	-170647083125/54969255461232
80	109	5	5	14575038278125/13145504806014624
80	109	9	9	14575038278125/13145504806014624
81	50	10	10	1/2
81	50	15	15	1/2
81	50	17	17	1/2
81	50	18	18	1/2
81	51	8	8	-5/27
81	51	12	12	-5/27
81	51	14	14	-5/27
81	51	15	15	-5/27
81	52	8	8	625/10206
81	52	12	12	625/10206
81	52	14	14	625/10206
81	52	15	15	625/10206
81	53	8	8	-2375/137781
81	53	12	12	-2375/137781
81	53	14	14	-2375/137781
81	53	15	15	-2375/137781
81	54	8	8	13625/3720087
81	54	12	12	13625/3720087
81	54	14	14	13625/3720087
81	54	15	15	13625/3720087
81	55	8	8	-31250/100442349
81	55	12	12	-31250/100442349
81	55	14	14	-31250/100442349
81	55	15	15	-31250/100442349
81	62	8	8	6
81	62	8	10	12
81	63	7	7	-25/12
81	63	7	9	5
81	64	7	7	3775/6048
81	64	7	9	475/252
81	65	7	7	-64375/435456
81	65	7	9	625/1008
81	66	7	7	628375/31352832
81	66	7	9	17875/108864
81	67	7	7	7390625/2257403904
81	67	7	9	34375/1306368
81	68	1	8	4
81	70	1	8	-100/1323
81	72	1	8	1000/250047
81	98	1	4	3
81	98	1	14	3
81	99	1	4	-5/19
81	99	1	13	-5/19
81	100	1	4	-100/2527
81	100	1	13	-100/2527
81	101	1	4	6250/432117
81	101	1	13	6250/432117
81	102	1	4	23375/24630669
81	102	1	13	23375/24630669
81	103	1	4	-240625/200564019
81	103	1	13	-240625/200564019
82	50	10	10	1/2
82	50	15	15	1/2
82	50	17	17	1/2
82	50	18	18	1/2
82	52	8	8	-50/5103
82	52	12	12	-50/5103
82	52	14	14	-50/5103
82	52	15	15	-50/5103
82	54	8	8	2000/3720087
82	54	12	12	2000/3720087
82	54	14	14	2000/3720087
82	54	15	15	2000/3720087
82	62	10	17	12
82	63	9	15	10/3
82	64	9	15	125/189
82	65	9	15	125/3402
82	66	9	15	-2125/61236
82	67	9	15	-15625/1102248
82	68	1	18	4
82	70	1	16	-400/3969
82	72	1	16	16000/2250423
82	74	8	8	2
82	74	12	12	2
82	74	14	14	2
82	75	7	7	-5/9
82	75	11	11	-5/9
82	75	13	13	-5/9
82	76	7	7	125/1134
82	76	11	11	125/1134
82	76	13	13	125/1134
82	77	7	7	-125/20412
82	77	11	11	-125/20412
82	77	13	13	-125/20412
82	78	7	7	-2125/367416
82	78	11	11	-2125/367416
82	78	13	13	-2125/367416
82	79	7	7	15625/6613488
82	79	11	11	15625/6613488
82	79	13	13	15625/6613488
82	104	1	13	6
82	105	1	13	-20/31
82	106	1	13	-1700/20181
82	107	1	13	79000/1876833
82	108	1	13	202000/174545469
82	109	1	13	-9500000/2318961231
83	50	10	15	1/3
83	50	10	17	1/3
83	50	10	18	1/3
83	50	15	17	1/3
83	50	15	18	1/3
83	50	17	18	1/3
83	51	8	12	-20/243
83	51	8	14	-20/243
83	51	8	15	-20/243
83	51	12	14	-20/243
83	51	12	15	-20/243
83	51	14	15	-20/243
83	52	8	12	2000/137781
83	52	8	14	2000/137781
83	52	8	15	2000/137781
83	52	12	14	2000/137781
83	52	12	15	2000/137781
83	52	14	15	2000/137781
83	53	8	12	-8000/11160261
83	53	8	14	-8000/11160261
83	53	8	15	-8000/11160261
83	53	12	14	-8000/11160261
83	53	12	15	-8000/11160261
83	53	14	15	-8000/11160261
83	54	8	12	-544000/903981141
83	54	8	14	-544000/903981141
83	54	8	15	-544000/903981141
83	54	12	14	-544000/903981141
83	54	12	15	-544000/903981141
83	54	14	15	-544000/903981141
83	55	8	12	16000000/73222472421
83	55	8	14	16000000/73222472421
83	55	8	15	16000000/73222472421
83	55	12	14	16000000/73222472421
83	55	12	15	16000000/73222472421
83	55	14	15	16000000/73222472421
83	62	5	10	4
83	62	7	10	4
83	62	9	10	4
83	63	4	9	40/27
83	63	6	9	40/27
83	63	8	9	10/27
83	64	4	9	800/1701
83	64	6	9	800/1701
83	64	8	9	-25/567
83	65	4	9	16000/137781
83	65	6	9	16000/137781
83	65	8	9	-5125/275562
83	66	4	9	8000/531441
83	66	6	9	8000/531441
83	66	8	9	8375/14880348
83	67	4	9	-400000/100442349
83	67	6	9	-400000/100442349
83	67	8	9	1121875/803538792
83	68	1	4	4/3
83	68	1	6	4/3
83	68	1	7	4/3
83	69	1	4	80/189
83	69	1	6	80/189
83	69	1	7	80/189
83	70	1	4	1600/15309
83	70	1	6	1600/15309
83	70	1	7	1600/15309
83	71	1	4	32000/2250423
83	71	1	6	32000/2250423
83	71	1	7	32000/2250423
83	72	1	4	-10112000/3827969523
83	72	1	6	-10112000/3827969523
83	72	1	7	-10112000/3827969523
83	73	1	4	-550400000/241162079949
83	73	1	6	-550400000/241162079949
83	73	1	7	-550400000/241162079949
83	80	4	4	1/2
83	80	6	6	1/2
83	80	14	14	1/2
83	80	16	16	1/2
83	81	4	4	-10/63
83	81	6	6	-10/63
83	81	11	11	-10/63
83	81	13	13	-10/63
83	82	4	4	325/7938
83	82	6	6	325/7938
83	82	11	11	325/7938
83	82	13	13	325/7938
83	83	4	4	-250/35721
83	83	6	6	-250/35721
83	83	11	11	-250/35721
83	83	13	13	-250/35721
83	84	4	4	-2125/15752961
83	84	6	6	-2125/15752961
83	84	11	11	-2125/15752961
83	84	13	13	-2125/15752961
83	85	4	4	12500/20253807
83	85	6	6	12500/20253807
83	85	11	11	12500/20253807
83	85	13	13	12500/20253807
83	86	2	6	4
83	86	3	13	4
83	87	2	6	-8/9
83	87	3	11	-8/9
83	88	2	6	64/567
83	88	3	11	64/567
83	89	2	6	64/5103
83	89	3	11	64/5103
83	90	2	6	-2368/229635
83	90	3	11	-2368/229635
83	91	2	6	640/413343
83	91	3	11	640/413343
83	98	2	3	1
83	98	5	10	1
83	99	2	3	-220/1539
83	99	5	9	-220/1539
83	100	2	3	-71600/16579647
83	100	5	9	-71600/16579647
83	101	2	3	196328000/25516076733
83	101	5	9	196328000/25516076733
83	102	2	3	-35410976000/39269242092087
83	102	5	9	-35410976000/39269242092087
83	103	2	3	-34016540800000/60435363579721893
83	103	5	9	-34016540800000/60435363579721893
84	50	10	15	1/3
84	50	10	17	1/3
84	50	10	18	1/3
84	50	15	17	1/3
84	50	15	18	1/3
84	50	17	18	1/3
84	51	8	12	10/243
84	51	8	14	10/243
84	51	8	15	10/243
84	51	12	14	10/243
84	51	12	15	10/243
84	51	14	15	10/243
84	52	8	12	-25/19683
84	52	8	14	-25/19683
84	52	8	15	-25/19683
84	52	12	14	-25/19683
84	52	12	15	-25/19683
84	52	14	15	-25/19683
84	53	8	12	-2750/1594323
84	53	8	14	-2750/1594323
84	53	8	15	-2750/1594323
84	53	12	14	-2750/1594323
84	53	12	15	-2750/1594323
84	53	14	15	-2750/1594323
84	54	8	12	-21250/129140163
84	54	8	14	-21250/129140163
84	54	8	15	-21250/129140163
84	54	12	14	-21250/129140163
84	54	12	15	-21250/129140163
84	54	14	15	-21250/129140163
84	55	8	12	1037500/10460353203
84	55	8	14	1037500/10460353203
84	55	8	15	1037500/10460353203
84	55	12	14	1037500/10460353203
84	55	12	15	1037500/10460353203
84	55	14	15	1037500/10460353203
84	62	10	13	4
84	62	10	16	4
84	62	10	18	4
84	63	9	12	25/27
84	63	9	14	25/27
84	63	9	16	-5/27
84	64	9	12	125/972
84	64	9	14	125/972
84	64	9	16	-25/324
84	65	9	12	-3125/314928
84	65	9	14	-3125/314928
84	65	9	16	3625/314928
84	66	9	12	-371875/34012224
84	66	9	14	-371875/34012224
84	66	9	16	138125/34012224
84	67	9	12	-7421875/3673320192
84	67	9	14	-7421875/3673320192
84	67	9	16	-4065625/3673320192
84	68	1	13	4/3
84	68	1	16	4/3
84	68	1	17	4/3
84	69	1	12	80/189
84	69	1	14	80/189
84	69	1	15	80/189
84	70	1	12	10900/107163
84	70	1	14	10900/107163
84	70	1	15	10900/107163
84	71	1	12	26000/2250423
84	71	1	14	26000/2250423
84	71	1	15	26000/2250423
84	72	1	12	-15185000/3827969523
84	72	1	14	-15185000/3827969523
84	72	1	15	-15185000/3827969523
84	73	1	12	-625700000/241162079949
84	73	1	14	-625700000/241162079949
84	73	1	15	-625700000/241162079949
84	86	15	15	2
84	87	13	13	-19/36
84	88	13	13	241/2592
84	89	13	13	-19/186624
84	90	13	13	-89279/13436928
84	91	13	13	1924301/967458816
84	92	3	12	4
84	92	5	14	4
84	93	3	11	-650/873
84	93	5	13	-650/873
84	94	3	11	32875/762129
84	94	5	13	32875/762129
84	95	3	11	36603125/1330677234
84	95	5	13	36603125/1330677234
84	96	3	11	-20129496875/2323362450564
84	96	5	13	-20129496875/2323362450564
84	97	3	11	-2733356640625/4056590838684744
84	97	5	13	-2733356640625/4056590838684744
84	104	5	9	2
84	105	5	9	-145/837
84	106	5	9	-48725/1401138
84	107	5	9	27292625/2345505012
84	108	5	9	5265263125/3926375390088
84	109	5	9	-7813758278125/6572752403007312
85	50	10	19	1/2
85	50	15	19	1/2
85	50	17	19	1/2
85	50	18	19	1/2
85	51	8	16	-5/27
85	51	12	16	-5/27
85	51	14	16	-5/27
85	51	15	16	-5/27
85	52	8	16	2900/45927
85	52	12	16	2900/45927
85	52	14	16	2900/45927
85	52	15	16	2900/45927
85	53	8	16	-8000/413343
85	53	12	16	-8000/413343
85	53	14	16	-8000/413343
85	53	15	16	-8000/413343
85	54	8	16	1535000/301327047
85	54	12	16	1535000/301327047
85	54	14	16	1535000/301327047
85	54	15	16	1535000/301327047
85	55	8	16	-8350000/8135830269
85	55	12	16	-8350000/8135830269
85	55	14	16	-8350000/8135830269
85	55	15	16	-8350000/8135830269
85	62	9	10	6
85	63	8	9	25/9
85	64	8	9	1375/1134
85	65	8	9	90625/183708
85	66	8	9	1821875/9920232
85	67	8	9	32421875/535692528
85	68	1	8	2
85	68	4	9	2
85	68	6	9	2
85	68	7	9	2
85	68	8	9	2
85	69	1	8	20/27
85	69	4	9	500/567
85	69	6	9	500/567
85	69	7	9	500/567
85	69	8	9	10/27
85	70	1	8	8800/35721
85	70	4	9	116000/321489
85	70	6	9	116000/321489
85	70	7	9	116000/321489
85	70	8	9	1450/35721
85	71	1	8	68000/964467
85	71	4	9	500000/3720087
85	71	6	9	500000/3720087
85	71	7	9	500000/3720087
85	71	8	9	-2750/964467
85	72	1	8	2860000/182284263
85	72	4	9	4550900000/103355177121
85	72	6	9	4550900000/103355177121
85	72	7	9	4550900000/103355177121
85	72	8	9	-421250/182284263
85	73	1	8	8600000/4921675101
85	73	4	9	98375000000/8371769346801
85	73	6	9	98375000000/8371769346801
85	73	7	9	98375000000/8371769346801
85	73	8	9	-1606250/4921675101
85	86	6	6	3
85	86	13	13	3
85	87	6	6	-7/6
85	87	11	11	-7/6
85	88	6	6	313/756
85	88	11	11	313/756
85	89	6	6	-253/1944
85	89	11	11	-253/1944
85	90	6	6	8347/244944
85	90	11	11	8347/244944
85	91	6	6	-3907/629856
85	91	11	11	-3907/629856
85	98	2	4	3/2
85	98	3	4	3/2
85	98	5	14	3/2
85	98	10	14	3/2
85	99	2	4	-25/57
85	99	3	4	-25/57
85	99	5	13	-25/57
85	99	9	13	-25/57
85	100	2	4	21500/204687
85	100	3	4	21500/204687
85	100	5	13	21500/204687
85	100	9	13	21500/204687
85	101	2	4	-200000/11667159
85	101	3	4	-200000/11667159
85	101	5	13	-200000/11667159
85	101	9	13	-200000/11667159
85	102	2	4	1175000/17955757701
85	102	3	4	1175000/17955757701
85	102	5	13	1175000/17955757701
85	102	9	13	1175000/17955757701
85	103	2	4	493750000/438633509553
85	103	3	4	493750000/438633509553
85	103	5	13	493750000/438633509553
85	103	9	13	493750000/438633509553
86	50	10	19	1/2
86	50	15	19	1/2
86	50	17	19	1/2
86	50	18	19	1/2
86	52	8	16	-725/91854
86	52	12	16	-725/91854
86	52	14	16	-725/91854
86	52	15	16	-725/91854
86	54	8	16	105125/301327047
86	54	12	16	105125/301327047
86	54	14	16	105125/301327047
86	54	15	16	105125/301327047
86	62	10	18	6
86	63	9	16	35/18
86	64	9	16	2375/4536
86	65	9	16	21125/209952
86	66	9	16	687875/158723712
86	67	9	16	-15265625/2448880128
86	68	1	18	2
86	68	9	13	2
86	68	9	16	2
86	68	9	17	2
86	68	9	18	2
86	69	1	16	20/27
86	69	9	12	290/567
86	69	9	14	290/567
86	69	9	15	290/567
86	70	1	16	8350/35721
86	70	9	12	29000/321489
86	70	9	14	29000/321489
86	70	9	15	29000/321489
86	70	9	16	-1450/35721
86	71	1	16	54500/964467
86	71	9	12	420500/182284263
86	71	9	14	420500/182284263
86	71	9	15	420500/182284263
86	72	1	16	1190500/182284263
86	72	9	12	-523732750/103355177121
86	72	9	14	-523732750/103355177121
86	72	9	15	-523732750/103355177121
86	72	9	16	420500/182284263
86	73	1	16	-11875000/4921675101
86	73	9	12	-96793843750/58602385427607
86	73	9	14	-96793843750/58602385427607
86	73	9	15	-96793843750/58602385427607
86	92	12	12	3
86	92	14	14	3
86	93	11	11	-535/582
86	93	13	13	-535/582
86	94	11	11	1581625/7113204
86	94	13	13	1581625/7113204
86	95	11	11	-394682875/12419654184
86	95	13	13	-394682875/12419654184
86	96	11	11	-79945857125/21684716205264
86	96	13	13	-79945857125/21684716205264
86	97	11	11	148820697546875/37861514494390944
86	97	13	13	148820697546875/37861514494390944
86	104	5	13	3
86	104	9	13	3
86	105	5	13	-65/93
86	105	9	13	-65/93
86	106	5	13	4075/40362
86	106	9	13	4075/40362
86	107	5	13	537875/101348982
86	107	9	13	537875/101348982
86	108	5	13	-218807375/28276365978
86	108	9	13	-218807375/28276365978
86	109	5	13	1806390625/1127015158266
86	109	9	13	1806390625/1127015158266
87	50	19	19	2
87	51	16	16	-250/243
87	52	16	16	216050/413343
87	53	16	16	-26331250/100442349
87	54	16	16	3166301750/24407490807
87	55	16	16	-375422968750/5931020266101
87	68	8	9	16
87	69	8	9	80/9
87	70	8	9	58000/11907
87	71	8	9	94000/35721
87	72	8	9	28366000/20253807
87	73	8	9	133750000/182284263
87	98	4	4	6
87	98	14	14	6
87	99	4	4	-170/57
87	99	13	13	-170/57
87	100	4	4	99250/68229
87	100	13	13	99250/68229
87	101	4	4	-8113250/11667159
87	101	13	13	-8113250/11667159
87	102	4	4	649165750/1995084189
87	102	13	13	649165750/1995084189
87	103	4	4	-7251031250/48737056617
87	103	13	13	-7251031250/48737056617
88	50	19	19	2
88	51	16	16	-70/243
88	52	16	16	7250/413343
88	53	16	16	62750/14348907
88	54	16	16	-32154250/24407490807
88	55	16	16	11281250/847288609443
88	68	9	18	16
88	69	9	16	160/27
88	70	9	16	23200/11907
88	71	9	16	520000/964467
88	72	9	16	19856000/182284263
88	73	9	16	29600000/4921675101
88	104	13	13	12
88	105	13	13	-400/93
88	106	13	13	245900/181629
88	107	13	13	-17770000/50674491
88	108	13	13	870281000/14138182989
88	109	13	13	408500000/563507579133
89	56	15	15	12
89	57	13	13	200/117
89	58	13	13	-23600/287469
89	59	13	13	-10540000/100901619
89	60	13	13	-352904000/35416468269
89	61	13	13	110774000000/12431180362419
89	74	1	16	16
89	75	1	15	-80/81
89	76	1	15	-18800/45927
89	77	1	15	310000/3720087
89	78	1	15	8494000/301327047
89	79	1	15	-37850000/3486784401
89	110	1	1	2
89	111	1	1	-5/18
89	112	1	1	-125/4536
89	113	1	1	3625/163296
89	114	1	1	-4625/5878656
89	115	1	1	-78125/30233088
90	56	2	2	3
90	56	2	15	6
90	56	4	4	3
90	56	4	15	6
90	57	2	2	20/39
90	57	2	13	-40/117
90	57	3	3	20/39
90	57	3	13	-40/117
90	58	2	2	500/287469
90	58	2	13	-14600/95823
90	58	3	3	500/287469
90	58	3	13	-14600/95823
90	59	2	2	-326000/11211291
90	59	2	13	2852000/100901619
90	59	3	3	-326000/11211291
90	59	3	13	2852000/100901619
90	60	2	2	-198764000/35416468269
90	60	2	13	371752000/35416468269
90	60	3	3	-198764000/35416468269
90	60	3	13	371752000/35416468269
90	61	2	2	8434000000/4143726787473
90	61	2	13	-44900000000/12431180362419
90	61	3	3	8434000000/4143726787473
90	61	3	13	-44900000000/12431180362419
90	74	1	1	2
90	74	1	2	4
90	75	1	1	35/81
90	75	1	2	-100/243
90	76	1	1	2875/91854
90	76	1	2	-33800/413343
90	77	1	1	-42625/2125764
90	77	1	2	3410000/100442349
90	78	1	1	-18394625/2410616376
90	78	1	2	81731500/24407490807
90	79	1	1	28296875/55788550416
90	79	1	2	-25153937500/5931020266101
90	80	1	7	3
90	80	1	12	3
90	81	1	7	-5/21
90	81	1	10	-5/21
90	82	1	7	-125/1764
90	82	1	10	-125/1764
90	83	1	7	6625/333396
90	83	1	10	6625/333396
90	84	1	7	178375/42007896
90	84	1	10	178375/42007896
90	85	1	7	-6734375/2646497448
90	85	1	10	-6734375/2646497448
91	56	2	8	1
91	56	2	12	1
91	56	2	15	1
91	56	2	16	1
91	56	4	9	1
91	56	4	13	1
91	56	4	15	1
91	56	4	17	1
91	56	8	15	1
91	56	9	15	1
91	56	12	15	1
91	56	13	15	1
91	57	2	6	70/351
91	57	2	10	70/351
91	57	2	13	110/351
91	57	2	14	-50/351
91	57	3	7	70/351
91	57	3	11	70/351
91	57	3	13	110/351
91	57	3	15	-50/351
91	57	6	13	-5/39
91	57	7	13	-5/39
91	57	10	13	-5/39
91	57	11	13	-5/39
91	58	2	6	4175/287469
91	58	2	10	4175/287469
91	58	2	13	20975/287469
91	58	2	14	-475/95823
91	58	3	7	4175/287469
91	58	3	11	4175/287469
91	58	3	13	20975/287469
91	58	3	15	-475/95823
91	58	6	13	-7600/862407
91	58	7	13	-7600/862407
91	58	10	13	-7600/862407
91	58	11	13	-7600/862407
91	59	2	6	-310250/43243551
91	59	2	10	-310250/43243551
91	59	2	13	2131250/302704857
91	59	2	14	2391250/302704857
91	59	3	7	-310250/43243551
91	59	3	11	-310250/43243551
91	59	3	13	2131250/302704857
91	59	3	15	2391250/302704857
91	59	6	13	85250/11211291
91	59	7	13	85250/11211291
91	59	10	13	85250/11211291
91	59	11	13	85250/11211291
91	60	2	6	-282454750/106249404807
91	60	2	10	-282454750/106249404807
91	60	2	13	-366334750/106249404807
91	60	2	14	-93214750/106249404807
91	60	3	7	-282454750/106249404807
91	60	3	11	-282454750/106249404807
91	60	3	13	-366334750/106249404807
91	60	3	15	-93214750/106249404807
91	60	6	13	-46201625/106249404807
91	60	7	13	-46201625/106249404807
91	60	10	13	-46201625/106249404807
91	60	11	13	-46201625/106249404807
91	61	2	6	493962500/5327648726751
91	61	2	10	493962500/5327648726751
91	61	2	13	-72776412500/37293541087257
91	61	2	14	-3197687500/5327648726751
91	61	3	7	493962500/5327648726751
91	61	3	11	493962500/5327648726751
91	61	3	13	-72776412500/37293541087257
91	61	3	15	-3197687500/5327648726751
91	61	6	13	-2680309375/4143726787473
91	61	7	13	-2680309375/4143726787473
91	61	10	13	-2680309375/4143726787473
91	61	11	13	-2680309375/4143726787473
91	62	4	4	1
91	62	4	15	2
91	62	6	6	1
91	62	6	12	2
91	63	3	3	95/648
91	63	3	13	-5/81
91	63	5	5	95/648
91	63	5	11	-5/81
91	64	3	3	-17225/2939328
91	64	3	13	-2425/45927
91	64	5	5	-17225/2939328
91	64	5	11	-2425/45927
91	65	3	3	-16912375/1904684544
91	65	3	13	18625/3720087
91	65	5	5	-16912375/1904684544
91	65	5	11	18625/3720087
91	66	3	3	-1197841625/1234235584512
91	66	3	13	9350875/2410616376
91	66	5	5	-1197841625/1234235584512
91	66	5	11	9350875/2410616376
91	67	3	3	593025565625/799784658763776
91	67	3	13	-35178125/55788550416
91	67	5	5	593025565625/799784658763776
91	67	5	11	-35178125/55788550416
91	74	1	4	2/3
91	74	1	5	2/3
91	74	1	6	2/3
91	74	1	7	2/3
91	74	1	10	2/3
91	74	1	11	2/3
91	75	1	3	40/243
91	75	1	4	-35/729
91	75	1	5	40/243
91	75	1	6	-35/729
91	75	1	9	40/243
91	75	1	10	-35/729
91	76	1	3	6175/275562
91	76	1	4	-18325/1240029
91	76	1	5	6175/275562
91	76	1	6	-18325/1240029
91	76	1	9	6175/275562
91	76	1	10	-18325/1240029
91	77	1	3	-38750/11160261
91	77	1	4	158875/43046721
91	77	1	5	-38750/11160261
91	77	1	6	158875/43046721
91	77	1	9	-38750/11160261
91	77	1	10	158875/43046721
91	78	1	3	-10109875/3615924564
91	78	1	4	496220875/585779779368
91	78	1	5	-10109875/3615924564
91	78	1	6	496220875/585779779368
91	78	1	9	-10109875/3615924564
91	78	1	10	496220875/585779779368
91	79	1	3	-4278125/10460353203
91	79	1	4	-17735496875/40669853253264
91	79	1	5	-4278125/10460353203
91	79	1	6	-17735496875/40669853253264
91	79	1	9	-4278125/10460353203
91	79	1	10	-17735496875/40669853253264
91	80	1	8	1/2
91	80	1	15	1/2
91	80	1	17	1/2
91	80	1	18	1/2
91	81	1	8	-5/252
91	81	1	12	-5/252
91	81	1	14	-5/252
91	81	1	15	-5/252
91	82	1	8	-25/2016
91	82	1	12	-25/2016
91	82	1	14	-25/2016
91	82	1	15	-25/2016
91	83	1	8	24625/16003008
91	83	1	12	24625/16003008
91	83	1	14	24625/16003008
91	83	1	15	24625/16003008
91	84	1	8	3430375/4032758016
91	84	1	12	3430375/4032758016
91	84	1	14	3430375/4032758016
91	84	1	15	3430375/4032758016
91	85	1	8	-94034375/508127510016
91	85	1	12	-94034375/508127510016
91	85	1	14	-94034375/508127510016
91	85	1	15	-94034375/508127510016
91	86	1	7	2
91	86	1	11	2
91	87	1	7	-1/6
91	87	1	10	-1/6
91	88	1	7	-205/4536
91	88	1	10	-205/4536
91	89	1	7	247/18144
91	89	1	10	247/18144
91	90	1	7	10589/4199040
91	90	1	10	10589/4199040
91	91	1	7	-120095/70543872
91	91	1	10	-120095/70543872
91	92	1	2	2
91	93	1	2	-20/97
91	94	1	2	-211550/5334903
91	95	1	2	2871500/172495197
91	96	1	2	6244470500/4065884288487
91	97	1	2	-114557275000/56341539426177
92	56	8	8	1/2
92	56	8	15	1
92	56	9	9	1/2
92	56	9	15	1
92	56	12	12	1/2
92	56	12	15	1
92	56	13	13	1/2
92	56	13	15	1
92	56	15	16	1
92	56	15	17	1
92	57	6	6	55/1404
92	57	6	13	85/351
92	57	7	7	55/1404
92	57	7	13	85/351
92	57	10	10	55/1404
92	57	10	13	85/351
92	57	11	11	55/1404
92	57	11	13	85/351
92	57	13	14	-70/351
92	57	13	15	-70/351
92	58	6	6	-8675/985608
92	58	6	13	4300/123201
92	58	7	7	-8675/985608
92	58	7	13	4300/123201
92	58	10	10	-8675/985608
92	58	10	13	4300/123201
92	58	11	11	-8675/985608
92	58	11	13	4300/123201
92	58	13	14	1975/123201
92	58	13	15	1975/123201
92	59	6	6	-1764125/691896816
92	59	6	13	-131750/43243551
92	59	7	7	-1764125/691896816
92	59	7	13	-131750/43243551
92	59	10	10	-1764125/691896816
92	59	10	13	-131750/43243551
92	59	11	11	-1764125/691896816
92	59	11	13	-131750/43243551
92	59	13	14	271250/43243551
92	59	13	15	271250/43243551
92	60	6	6	180087625/485711564832
92	60	6	13	-50642375/15178486401
92	60	7	7	180087625/485711564832
92	60	7	13	-50642375/15178486401
92	60	10	10	180087625/485711564832
92	60	10	13	-50642375/15178486401
92	60	11	11	180087625/485711564832
92	60	11	13	-50642375/15178486401
92	60	13	14	-38029250/15178486401
92	60	13	15	-38029250/15178486401
92	61	6	6	86442709375/340969518512064
92	61	6	13	-3344909375/5327648726751
92	61	7	7	86442709375/340969518512064
92	61	7	13	-3344909375/5327648726751
92	61	10	10	86442709375/340969518512064
92	61	10	13	-3344909375/5327648726751
92	61	11	11	86442709375/340969518512064
92	61	11	13	-3344909375/5327648726751
92	61	13	14	-32462500/5327648726751
92	61	13	15	-32462500/5327648726751
92	62	4	12	2
92	62	4	17	2
92	62	6	15	2
92	62	6	17	2
92	63	3	11	35/81
92	63	3	15	-5/18
92	63	5	13	35/81
92	63	5	15	-5/18
92	64	3	11	275/6561
92	64	3	15	-25/1944
92	64	5	13	275/6561
92	64	5	15	-25/1944
92	65	3	11	-7000/531441
92	65	3	15	125/7776
92	65	5	13	-7000/531441
92	65	5	15	125/7776
92	66	3	11	-2184875/344373768
92	66	3	15	-11375/7558272
92	66	5	13	-2184875/344373768
92	66	5	15	-11375/7558272
92	67	3	11	-13628125/55788550416
92	67	3	15	-353125/272097792
92	67	5	13	-13628125/55788550416
92	67	5	15	-353125/272097792
92	74	1	8	2/3
92	74	1	9	2/3
92	74	1	12	2/3
92	74	1	13	2/3
92	74	1	14	2/3
92	74	1	15	2/3
92	74	4	14	2/3
92	74	6	12	2/3
92	74	8	10	2/3
92	75	1	7	5/27
92	75	1	8	-20/729
92	75	1	11	5/27
92	75	1	12	-20/729
92	75	1	13	5/27
92	75	1	14	-20/729
92	76	1	7	25/729
92	76	1	8	-5675/354294
92	76	1	11	25/729
92	76	1	12	-5675/354294
92	76	1	13	25/729
92	76	1	14	-5675/354294
92	76	3	13	-25/1458
92	76	5	11	-25/1458
92	76	7	9	-25/1458
92	77	1	8	89125/43046721
92	77	1	12	89125/43046721
92	77	1	14	89125/43046721
92	78	1	7	-3875/1417176
92	78	1	8	44457875/41841412812
92	78	1	11	-3875/1417176
92	78	1	12	44457875/41841412812
92	78	1	13	-3875/1417176
92	78	1	14	44457875/41841412812
92	78	3	13	875/708588
92	78	5	11	875/708588
92	78	7	9	875/708588
92	79	1	7	-21875/25509168
92	79	1	8	-1231346875/5083731656658
92	79	1	11	-21875/25509168
92	79	1	12	-1231346875/5083731656658
92	79	1	13	-21875/25509168
92	79	1	14	-1231346875/5083731656658
92	86	1	16	2
92	86	1	17	2
92	87	1	14	-1/9
92	87	1	15	-1/9
92	88	1	14	-4/81
92	88	1	15	-4/81
92	89	1	14	13/1458
92	89	1	15	13/1458
92	90	1	14	869/262440
92	90	1	15	869/262440
92	91	1	14	-1045/944784
92	91	1	15	-1045/944784
92	92	1	7	2
92	93	1	7	-140/873
92	94	1	7	-33850/762129
92	95	1	7	8480500/665338617
92	96	1	7	1432161500/580840612641
92	97	1	7	-787249925000/507073854835593
92	104	1	2	1
92	104	1	3	1
92	105	1	2	-10/93
92	105	1	3	-10/93
92	106	1	2	-475/25947
92	106	1	3	-475/25947
92	107	1	2	250/29791
92	107	1	3	250/29791
92	108	1	2	376750/673246809
92	108	1	3	376750/673246809
92	109	1	2	-61737500/62611953237
92	109	1	3	-61737500/62611953237
93	56	15	16	3
93	56	15	17	3
93	57	13	14	20/39
93	57	13	15	20/39
93	58	13	14	4400/287469
93	58	13	15	4400/287469
93	59	13	14	-248000/11211291
93	59	13	15	-248000/11211291
93	60	13	14	-185504000/35416468269
93	60	13	15	-185504000/35416468269
93	61	13	14	592000000/591960969639
93	61	13	15	592000000/591960969639
93	62	12	12	3
93	62	15	15	3
93	63	11	11	10/27
93	63	13	13	10/27
93	64	11	11	-500/15309
93	64	13	13	-500/15309
93	65	11	11	-29000/1240029
93	65	13	13	-29000/1240029
93	66	11	11	-74000/100442349
93	66	13	13	-74000/100442349
93	67	11	11	2500000/1162261467
93	67	13	13	2500000/1162261467
93	74	1	16	2
93	74	1	17	2
93	74	4	16	2
93	74	6	16	2
93	74	10	16	2
93	75	1	15	50/81
93	75	1	16	-5/243
93	75	3	15	-20/81
93	75	5	15	-20/81
93	75	9	15	-20/81
93	76	1	15	6350/45927
93	76	1	16	-43025/826686
93	76	3	15	-1000/45927
93	76	5	15	-1000/45927
93	76	9	15	-1000/45927
93	77	1	15	38750/3720087
93	77	1	16	647125/401769396
93	77	3	15	58000/3720087
93	77	5	15	58000/3720087
93	77	9	15	58000/3720087
93	78	1	15	-2379250/301327047
93	78	1	16	740020375/195259926456
93	78	3	15	-148000/301327047
93	78	5	15	-148000/301327047
93	78	9	15	-148000/301327047
93	79	1	15	-13468750/3486784401
93	79	1	16	-18608421875/94896324257616
93	79	3	15	-5000000/3486784401
93	79	5	15	-5000000/3486784401
93	79	9	15	-5000000/3486784401
93	92	1	16	6
93	93	1	15	-40/97
93	94	1	15	-260000/1778301
93	95	1	15	5872000/172495197
93	96	1	15	12746432000/1355294762829
93	97	1	15	-243872000000/56341539426177
93	110	1	2	1/2
93	110	1	3	1/2
93	110	1	5	1/2
93	110	1	9	1/2
93	111	1	2	-25/432
93	111	1	3	-25/432
93	111	1	5	-25/432
93	111	1	9	-25/432
93	112	1	2	-5225/653184
93	112	1	3	-5225/653184
93	112	1	5	-5225/653184
93	112	1	9	-5225/653184
93	113	1	2	610625/141087744
93	113	1	3	610625/141087744
93	113	1	5	610625/141087744
93	113	1	9	610625/141087744
93	114	1	2	3598375/30474952704
93	114	1	3	3598375/30474952704
93	114	1	5	3598375/30474952704
93	114	1	9	3598375/30474952704
93	115	1	2	-453765625/940369969152
93	115	1	3	-453765625/940369969152
93	115	1	5	-453765625/940369969152
93	115	1	9	-453765625/940369969152
94	56	5	15	6
94	57	4	13	-20/117
94	58	4	13	-133600/862407
94	59	4	13	1364000/100901619
94	60	4	13	507284000/45535459203
94	61	4	13	-185767000000/111880623261771
94	62	2	2	6
94	63	2	2	85/81
94	64	2	2	2875/275562
94	65	2	2	-7864625/133923132
94	66	2	2	-792274625/65086642152
94	67	2	2	124921046875/31632108085872
94	74	1	2	4
94	74	2	2	2
94	75	1	2	260/243
94	75	2	2	-280/729
94	76	1	2	70600/413343
94	76	2	2	59750/3720087
94	77	1	2	-1612000/100442349
94	77	2	2	7391000/387420489
94	78	1	2	-68835500/3486784401
94	78	2	2	-10649675500/1977006755367
94	79	1	2	-24561062500/5931020266101
94	79	2	2	-187629250000/205891132094649
94	80	2	7	3
94	80	3	12	3
94	80	5	12	3
94	80	7	11	3
94	81	2	7	-5/28
94	81	3	10	-5/28
94	81	5	10	-5/28
94	81	7	9	-5/28
94	82	2	7	-4625/63504
94	82	3	10	-4625/63504
94	82	5	10	-4625/63504
94	82	7	9	-4625/63504
94	83	2	7	3625/254016
94	83	3	10	3625/254016
94	83	5	10	3625/254016
94	83	7	9	3625/254016
94	84	2	7	57642625/12098274048
94	84	3	10	57642625/12098274048
94	84	5	10	57642625/12098274048
94	84	7	9	57642625/12098274048
94	85	2	7	-255671875/145179288576
94	85	3	10	-255671875/145179288576
94	85	5	10	-255671875/145179288576
94	85	7	9	-255671875/145179288576
95	56	5	15	2
95	56	10	15	2
95	56	14	15	2
95	57	4	13	80/117
95	57	8	13	-70/351
95	57	12	13	-70/351
95	58	4	13	488450/2587221
95	58	8	13	-64900/2587221
95	58	12	13	-64900/2587221
95	59	4	13	3410000/100901619
95	59	8	13	496000/43243551
95	59	12	13	496000/43243551
95	60	4	13	-1323095500/956244643263
95	60	8	13	331025750/956244643263
95	60	12	13	331025750/956244643263
95	61	4	13	-423940700000/111880623261771
95	61	8	13	-47252693750/47948838540759
95	61	12	13	-47252693750/47948838540759
95	62	2	11	4
95	63	2	10	185/243
95	64	2	10	78475/1653372
95	65	2	10	-45089125/1607077584
95	66	2	10	-2071592375/223154201664
95	67	2	10	919338884375/1518341188121856
95	68	2	2	2/3
95	68	3	3	2/3
95	68	5	5	2/3
95	69	2	2	530/5103
95	69	3	3	530/5103
95	69	5	5	530/5103
95	70	2	2	-2950/1240029
95	70	3	3	-2950/1240029
95	70	5	5	-2950/1240029
95	71	2	2	-90855250/14765025303
95	71	3	3	-90855250/14765025303
95	71	5	5	-90855250/14765025303
95	72	2	2	-21681889750/25115308040403
95	72	3	3	-21681889750/25115308040403
95	72	5	5	-21681889750/25115308040403
95	73	2	2	20776820506250/42721138976725503
95	73	3	3	20776820506250/42721138976725503
95	73	5	5	20776820506250/42721138976725503
95	74	1	5	4/3
95	74	1	7	4/3
95	74	1	11	4/3
95	75	1	4	290/729
95	75	1	6	290/729
95	75	1	10	290/729
95	76	1	4	106900/1240029
95	76	1	6	106900/1240029
95	76	1	10	106900/1240029
95	77	1	4	1910375/301327047
95	77	1	6	1910375/301327047
95	77	1	10	1910375/301327047
95	78	1	4	-191072375/41841412812
95	78	1	6	-191072375/41841412812
95	78	1	10	-191072375/41841412812
95	79	1	4	-308750403125/142344486386424
95	79	1	6	-308750403125/142344486386424
95	79	1	10	-308750403125/142344486386424
95	80	2	8	1
95	80	3	15	1
95	80	5	17	1
95	80	11	18	1
95	81	2	8	-85/504
95	81	3	12	-85/504
95	81	5	14	-85/504
95	81	9	15	-85/504
95	82	2	8	3775/762048
95	82	3	12	3775/762048
95	82	5	14	3775/762048
95	82	9	15	3775/762048
95	83	2	8	129625/18289152
95	83	3	12	129625/18289152
95	83	5	14	129625/18289152
95	83	9	15	129625/18289152
95	84	2	8	-960941375/580717154304
95	84	3	12	-960941375/580717154304
95	84	5	14	-960941375/580717154304
95	84	9	15	-960941375/580717154304
95	85	2	8	-13062321875/41811635109888
95	85	3	12	-13062321875/41811635109888
95	85	5	14	-13062321875/41811635109888
95	85	9	15	-13062321875/41811635109888
95	86	5	11	4
95	86	7	10	4
95	87	5	10	-1/9
95	87	7	9	-1/9
95	88	5	10	-695/6804
95	88	7	9	-695/6804
95	89	5	10	709/81648
95	89	7	9	709/81648
95	90	5	10	961187/132269760
95	90	7	9	961187/132269760
95	91	5	10	-1003895/952342272
95	91	7	9	-1003895/952342272
95	92	2	2	2
95	93	2	2	-1120/2619
95	94	2	2	1785950/48014127
95	95	2	2	273836000/17964142659
95	96	2	2	-2167071719500/329336627367447
95	97	2	2	605276600000/123218946725049099
96	56	10	15	2
96	56	14	15	2
96	56	15	18	2
96	57	8	13	190/351
96	57	12	13	190/351
96	57	13	16	-40/117
96	58	8	13	39200/369603
96	58	12	13	39200/369603
96	58	13	16	6650/369603
96	59	8	13	294500/43243551
96	59	12	13	294500/43243551
96	59	13	16	155000/14414517
96	60	8	13	-649612750/136606377609
96	60	12	13	-649612750/136606377609
96	60	13	16	-422576500/136606377609
96	61	8	13	-96622956250/47948838540759
96	61	12	13	-96622956250/47948838540759
96	61	13	16	-3663950000/15982946180253
96	62	11	11	2
96	63	10	10	85/972
96	64	10	10	-75575/1889568
96	65	10	10	-20499875/3673320192
96	66	10	10	15659172625/7140934453248
96	67	10	10	7654391153125/13881976577114112
96	68	2	10	4/3
96	68	3	12	4/3
96	68	5	15	4/3
96	69	2	10	1480/5103
96	69	3	11	1480/5103
96	69	5	13	1480/5103
96	70	2	10	257800/8680203
96	70	3	11	257800/8680203
96	70	5	13	257800/8680203
96	71	2	10	-119066000/14765025303
96	71	3	11	-119066000/14765025303
96	71	5	13	-119066000/14765025303
96	72	2	10	-104286452000/25115308040403
96	72	3	11	-104286452000/25115308040403
96	72	5	13	-104286452000/25115308040403
96	73	2	10	-10295479400000/42721138976725503
96	73	3	11	-10295479400000/42721138976725503
96	73	5	13	-10295479400000/42721138976725503
96	74	1	9	4/3
96	74	1	13	4/3
96	74	1	15	4/3
96	75	1	8	320/729
96	75	1	12	320/729
96	75	1	14	320/729
96	76	1	8	20425/177147
96	76	1	12	20425/177147
96	76	1	14	20425/177147
96	77	1	8	806000/43046721
96	77	1	12	806000/43046721
96	77	1	14	806000/43046721
96	78	1	8	-32267125/20920706406
96	78	1	12	-32267125/20920706406
96	78	1	14	-32267125/20920706406
96	79	1	8	-5890225000/2541865828329
96	79	1	12	-5890225000/2541865828329
96	79	1	14	-5890225000/2541865828329
96	86	5	16	4
96	86	10	17	4
96	87	5	14	-2/3
96	87	9	15	-2/3
96	88	5	14	4/243
96	88	9	15	4/243
96	89	5	14	7/243
96	89	9	15	7/243
96	90	5	14	-7579/1180980
96	90	9	15	-7579/1180980
96	91	5	14	-1925/1417176
96	91	9	15	-1925/1417176
96	92	7	9	4
96	93	7	9	40/873
96	94	7	9	-221900/2286387
96	95	7	9	-2227000/665338617
96	96	7	9	34440307000/5227565513769
96	97	7	9	1735386950000/4563664693520337
96	104	2	2	1
96	104	3	3	1
96	105	2	2	-590/2511
96	105	3	3	-590/2511
96	106	2	2	187675/6305121
96	106	3	3	187675/6305121
96	107	2	2	78573250/15832158831
96	107	3	3	78573250/15832158831
96	108	2	2	-141828739250/39754550824641
96	108	3	3	-141828739250/39754550824641
96	109	2	2	45405978887500/99823677120673551
96	109	3	3	45405978887500/99823677120673551
97	56	15	18	6
97	57	13	16	140/117
97	58	13	16	103100/862407
97	59	13	16	-341000/14414517
97	60	13	16	-3923422000/318748214421
97	61	13	16	-15243500000/15982946180253
97	68	10	10	2
97	68	12	12	2
97	68	15	15	2
97	69	10	10	320/1701
97	69	11	11	320/1701
97	69	13	13	320/1701
97	70	10	10	-13000/413343
97	70	11	11	-13000/413343
97	70	13	13	-13000/413343
97	71	10	10	-60064000/4921675101
97	71	11	11	-60064000/4921675101
97	71	13	13	-60064000/4921675101
97	72	10	10	7777976000/8371769346801
97	72	11	11	7777976000/8371769346801
97	72	13	13	7777976000/8371769346801
97	73	10	10	17032544000000/14240379658908501
97	73	11	11	17032544000000/14240379658908501
97	73	13	13	17032544000000/14240379658908501
97	74	1	17	4
97	75	1	16	350/243
97	76	1	16	178825/413343
97	77	1	16	2693125/28697814
97	78	1	16	538442875/97629963228
97	79	1	16	-44858703125/6778308875544
97	92	9	16	12
97	93	9	15	-520/291
97	94	9	15	-113000/5334903
97	95	9	15	137722000/1552456773
97	96	9	15	-159356924000/12197652865461
97	97	9	15	-61018997000000/10648550951547453
97	110	2	2	1/2
97	110	3	3	1/2
97	110	5	5	1/2
97	110	9	9	1/2
97	111	2	2	-325/2592
97	111	3	3	-325/2592
97	111	5	5	-325/2592
97	111	9	9	-325/2592
97	112	2	2	454975/23514624
97	112	3	3	454975/23514624
97	112	5	5	454975/23514624
97	112	9	9	454975/23514624
97	113	2	2	36993125/30474952704
97	113	3	3	36993125/30474952704
97	113	5	5	36993125/30474952704
97	113	9	9	36993125/30474952704
97	114	2	2	-69788671625/39495538704384
97	114	3	3	-69788671625/39495538704384
97	114	5	5	-69788671625/39495538704384
97	114	9	9	-69788671625/39495538704384
97	115	2	2	19673646078125/51186218160881664
97	115	3	3	19673646078125/51186218160881664
97	115	5	5	19673646078125/51186218160881664
97	115	9	9	19673646078125/51186218160881664
98	56	2	16	4
98	56	4	17	4
98	57	2	14	320/351
98	57	3	15	320/351
98	58	2	14	32000/287469
98	58	3	15	32000/287469
98	59	2	14	-5632000/302704857
98	59	3	15	-5632000/302704857
98	60	2	14	-1355776000/106249404807
98	60	3	15	-1355776000/106249404807
98	61	2	14	-8192000000/5327648726751
98	61	3	15	-8192000000/5327648726751
98	62	12	15	8
98	63	11	13	-80/81
98	64	11	13	-4000/45927
98	65	11	13	232000/3720087
98	66	11	13	-592000/301327047
98	67	11	13	-20000000/3486784401
98	74	4	4	4/3
98	74	6	6	4/3
98	74	10	10	4/3
98	75	3	3	40/243
98	75	5	5	40/243
98	75	9	9	40/243
98	76	3	3	-2000/137781
98	76	5	5	-2000/137781
98	76	9	9	-2000/137781
98	77	3	3	-116000/11160261
98	77	5	5	-116000/11160261
98	77	9	9	-116000/11160261
98	78	3	3	-296000/903981141
98	78	5	5	-296000/903981141
98	78	9	9	-296000/903981141
98	79	3	3	10000000/10460353203
98	79	5	5	10000000/10460353203
98	79	9	9	10000000/10460353203
98	80	1	19	2
98	82	1	16	-200/3969
98	84	1	16	8000/2250423
98	92	1	10	8
98	93	1	10	-640/873
98	94	1	10	-294400/1778301
98	95	1	10	269312000/4657370319
98	96	1	10	31694848000/4065884288487
98	97	1	10	-3522560000000/507073854835593
99	56	2	4	24
99	57	2	3	-640/351
99	58	2	3	-1472000/2587221
99	59	2	3	410624000/2724343713
99	60	2	3	99524608000/2868733929789
99	61	2	3	-57819136000000/3020776828067817
99	80	1	1	6
99	81	1	1	80/63
99	82	1	1	1000/11907
99	83	1	1	-136000/2250423
99	84	1	1	-9224000/425329947
99	85	1	1	152000000/80387359983
100	56	2	4	2
100	56	2	5	2
100	56	2	9	2
100	56	2	13	2
100	56	4	5	2
100	56	4	8	2
100	56	4	12	2
100	57	2	3	620/1053
100	57	2	4	-340/1053
100	57	2	7	-100/1053
100	57	2	11	-100/1053
100	57	3	4	-340/1053
100	57	3	6	-100/1053
100	57	3	10	-100/1053
100	58	2	3	932650/7761663
100	58	2	4	-8150/7761663
100	58	2	7	-377750/7761663
100	58	2	11	-377750/7761663
100	58	3	4	-8150/7761663
100	58	3	6	-377750/7761663
100	58	3	10	-377750/7761663
100	59	2	3	33216500/8173031139
100	59	2	4	141720500/8173031139
100	59	2	7	60162500/8173031139
100	59	2	11	60162500/8173031139
100	59	3	4	141720500/8173031139
100	59	3	6	60162500/8173031139
100	59	3	10	60162500/8173031139
100	60	2	3	-74626197500/8606201789367
100	60	2	4	-25805397500/8606201789367
100	60	2	7	3995537500/1229457398481
100	60	2	11	3995537500/1229457398481
100	60	3	4	-25805397500/8606201789367
100	60	3	6	3995537500/1229457398481
100	60	3	10	3995537500/1229457398481
100	61	2	3	-30069146725000/9062330484203451
100	61	2	4	-10671027925000/9062330484203451
100	61	2	7	-8006565625000/9062330484203451
100	61	2	11	-8006565625000/9062330484203451
100	61	3	4	-10671027925000/9062330484203451
100	61	3	6	-8006565625000/9062330484203451
100	61	3	10	-8006565625000/9062330484203451
100	62	2	4	4
100	62	2	6	4
100	63	2	3	-25/81
100	63	2	5	-25/81
100	64	2	3	-50375/551124
100	64	2	5	-50375/551124
100	65	2	3	1478125/59521392
100	65	2	5	1478125/59521392
100	66	2	3	923134375/173564379072
100	66	2	5	923134375/173564379072
100	67	2	3	-172462109375/56234858819328
100	67	2	5	-172462109375/56234858819328
100	80	1	2	1
100	80	1	3	1
100	80	1	5	1
100	80	1	11	1
100	80	2	11	1
100	80	3	5	1
100	81	1	2	95/378
100	81	1	3	95/378
100	81	1	5	95/378
100	81	1	9	95/378
100	81	2	9	-65/1512
100	81	3	5	-65/1512
100	82	1	2	20225/571536
100	82	1	3	20225/571536
100	82	1	5	20225/571536
100	82	1	9	20225/571536
100	82	2	9	-59275/2286144
100	82	3	5	-59275/2286144
100	83	1	2	-1094875/216040608
100	83	1	3	-1094875/216040608
100	83	1	5	-1094875/216040608
100	83	1	9	-1094875/216040608
100	83	2	9	12107875/3456649728
100	83	3	5	12107875/3456649728
100	84	1	2	-102119375/23332385664
100	84	1	3	-102119375/23332385664
100	84	1	5	-102119375/23332385664
100	84	1	9	-102119375/23332385664
100	84	2	9	1385489375/746636341248
100	84	3	5	1385489375/746636341248
100	85	1	2	-42723696875/61737492466944
100	85	1	3	-42723696875/61737492466944
100	85	1	5	-42723696875/61737492466944
100	85	1	9	-42723696875/61737492466944
100	85	2	9	-3496120915625/7902399035768832
100	85	3	5	-3496120915625/7902399035768832
100	86	1	1	2
100	87	1	1	47/108
100	88	1	1	5303/163296
100	89	1	1	-705799/35271936
100	90	1	1	-59212633/7618738176
100	91	1	1	760204649/1645647446016
101	56	2	9	1
101	56	2	10	1
101	56	2	13	1
101	56	2	14	1
101	56	4	8	1
101	56	4	10	1
101	56	4	12	1
101	56	4	14	1
101	56	8	9	1
101	56	12	13	1
101	57	2	7	340/1053
101	57	2	8	-140/1053
101	57	2	11	340/1053
101	57	2	12	-140/1053
101	57	3	6	340/1053
101	57	3	8	-140/1053
101	57	3	10	340/1053
101	57	3	12	-140/1053
101	57	6	7	-355/2106
101	57	10	11	-355/2106
101	58	2	7	631100/7761663
101	58	2	8	-40900/7761663
101	58	2	11	631100/7761663
101	58	2	12	-40900/7761663
101	58	3	6	631100/7761663
101	58	3	8	-40900/7761663
101	58	3	10	631100/7761663
101	58	3	12	-40900/7761663
101	58	6	7	169775/31046652
101	58	10	11	169775/31046652
101	59	2	7	93466000/8173031139
101	59	2	8	7942000/1167575877
101	59	2	11	93466000/8173031139
101	59	2	12	7942000/1167575877
101	59	3	6	93466000/8173031139
101	59	3	8	7942000/1167575877
101	59	3	10	93466000/8173031139
101	59	3	12	7942000/1167575877
101	59	6	7	445533875/65384249112
101	59	10	11	445533875/65384249112
101	60	2	7	-17298796000/8606201789367
101	60	2	8	-5567596000/8606201789367
101	60	2	11	-17298796000/8606201789367
101	60	2	12	-5567596000/8606201789367
101	60	3	6	-17298796000/8606201789367
101	60	3	8	-5567596000/8606201789367
101	60	3	10	-17298796000/8606201789367
101	60	3	12	-5567596000/8606201789367
101	60	6	7	-224499651625/137699228629872
101	60	10	11	-224499651625/137699228629872
101	61	2	7	-16626292400000/9062330484203451
101	61	2	8	-624414800000/1294618640600493
101	61	2	11	-16626292400000/9062330484203451
101	61	2	12	-624414800000/1294618640600493
101	61	3	6	-16626292400000/9062330484203451
101	61	3	8	-624414800000/1294618640600493
101	61	3	10	-16626292400000/9062330484203451
101	61	3	12	-624414800000/1294618640600493
101	61	6	7	-81082541153125/289994575494510432
101	61	10	11	-81082541153125/289994575494510432
101	62	4	5	2
101	62	4	11	2
101	62	6	7	2
101	62	6	11	2
101	63	3	4	-10/27
101	63	3	10	-5/324
101	63	5	6	-10/27
101	63	5	10	-5/324
101	64	3	4	2600/137781
101	64	3	10	-218675/4408992
101	64	5	6	2600/137781
101	64	5	10	-218675/4408992
101	65	3	4	18500/1240029
101	65	3	10	1095125/952342272
101	65	5	6	18500/1240029
101	65	5	10	1095125/952342272
101	66	3	4	-11979250/2711943423
101	66	3	10	19120855375/5554060130304
101	66	5	6	-11979250/2711943423
101	66	5	10	19120855375/5554060130304
101	67	3	4	-35318750/73222472421
101	67	3	10	-479664596875/3599030964436992
101	67	5	6	-35318750/73222472421
101	67	5	10	-479664596875/3599030964436992
101	68	2	3	2/3
101	68	2	5	2/3
101	68	3	5	2/3
101	69	2	3	-310/5103
101	69	2	5	-310/5103
101	69	3	5	-310/5103
101	70	2	3	-116350/8680203
101	70	2	5	-116350/8680203
101	70	3	5	-116350/8680203
101	71	2	3	68998250/14765025303
101	71	2	5	68998250/14765025303
101	71	3	5	68998250/14765025303
101	72	2	3	2184920750/3587901148629
101	72	2	5	2184920750/3587901148629
101	72	3	5	2184920750/3587901148629
101	73	2	3	-23381567293750/42721138976725503
101	73	2	5	-23381567293750/42721138976725503
101	73	3	5	-23381567293750/42721138976725503
101	80	1	4	1/2
101	80	1	6	1/2
101	80	1	14	1/2
101	80	1	16	1/2
101	81	1	4	55/378
101	81	1	6	55/378
101	81	1	11	55/378
101	81	1	13	55/378
101	82	1	4	8675/285768
101	82	1	6	8675/285768
101	82	1	11	8675/285768
101	82	1	13	8675/285768
101	83	1	4	100375/54010152
101	83	1	6	100375/54010152
101	83	1	11	100375/54010152
101	83	1	13	100375/54010152
101	84	1	4	-34699625/20415837456
101	84	1	6	-34699625/20415837456
101	84	1	11	-34699625/20415837456
101	84	1	13	-34699625/20415837456
101	85	1	4	-2854121875/3858593279184
101	85	1	6	-2854121875/3858593279184
101	85	1	11	-2854121875/3858593279184
101	85	1	13	-2854121875/3858593279184
101	86	1	5	2
101	86	1	10	2
101	86	2	10	2
101	86	3	5	2
101	87	1	5	53/108
101	87	1	9	53/108
101	87	2	9	-2/27
101	87	3	5	-2/27
101	88	1	5	10895/163296
101	88	1	9	10895/163296
101	88	2	9	-260/5103
101	88	3	5	-260/5103
101	89	1	5	-351973/35271936
101	89	1	9	-351973/35271936
101	89	2	9	808/137781
101	89	3	5	808/137781
101	90	1	5	-308956877/38093690880
101	90	1	9	-308956877/38093690880
101	90	2	9	66926/18600435
101	90	3	5	66926/18600435
101	91	1	5	-1977117565/1645647446016
101	91	1	9	-1977117565/1645647446016
101	91	2	9	-72350/100442349
101	91	3	5	-72350/100442349
102	56	2	5	2
102	56	2	17	2
102	56	4	5	2
102	56	4	16	2
102	57	2	4	440/1053
102	57	2	15	-40/1053
102	57	3	4	440/1053
102	57	3	14	-40/1053
102	58	2	4	274600/7761663
102	58	2	15	-397400/7761663
102	58	3	4	274600/7761663
102	58	3	14	-397400/7761663
102	59	2	4	-116908000/8173031139
102	59	2	15	24068000/8173031139
102	59	3	4	-116908000/8173031139
102	59	3	14	24068000/8173031139
102	60	2	4	-51753560000/8606201789367
102	60	2	15	31516840000/8606201789367
102	60	3	4	-51753560000/8606201789367
102	60	3	14	31516840000/8606201789367
102	61	2	4	33624800000/9062330484203451
102	61	2	15	-459426400000/1294618640600493
102	61	3	4	33624800000/9062330484203451
102	61	3	14	-459426400000/1294618640600493
102	62	2	12	4
102	62	2	15	4
102	63	2	11	-20/81
102	63	2	13	-20/81
102	64	2	11	-13400/137781
102	64	2	13	-13400/137781
102	65	2	11	74000/3720087
102	65	2	13	74000/3720087
102	66	2	11	17207500/2711943423
102	66	2	13	17207500/2711943423
102	67	2	11	-77612500/31381059609
102	67	2	13	-77612500/31381059609
102	74	2	4	4/3
102	74	2	6	4/3
102	74	2	10	4/3
102	75	2	3	-80/729
102	75	2	5	-80/729
102	75	2	9	-80/729
102	76	2	3	-35300/1240029
102	76	2	5	-35300/1240029
102	76	2	9	-35300/1240029
102	77	2	3	2566000/301327047
102	77	2	5	2566000/301327047
102	77	2	9	2566000/301327047
102	78	2	3	109105000/73222472421
102	78	2	5	109105000/73222472421
102	78	2	9	109105000/73222472421
102	79	2	3	-2570300000/2541865828329
102	79	2	5	-2570300000/2541865828329
102	79	2	9	-2570300000/2541865828329
102	80	1	7	1
102	80	1	12	1
102	80	2	2	1/2
102	80	2	12	1
102	80	3	3	1/2
102	80	3	7	1
102	80	5	5	1/2
102	80	5	7	1
102	80	11	11	1/2
102	80	11	12	1
102	81	1	7	55/189
102	81	1	10	55/189
102	81	2	2	215/3024
102	81	2	10	-115/756
102	81	3	3	215/3024
102	81	3	7	-115/756
102	81	5	5	215/3024
102	81	5	7	-115/756
102	81	9	9	215/3024
102	81	9	10	-115/756
102	82	1	7	1175/20412
102	82	1	10	1175/20412
102	82	2	2	-15775/4572288
102	82	2	10	-325/81648
102	82	3	3	-15775/4572288
102	82	3	7	-325/81648
102	82	5	5	-15775/4572288
102	82	5	7	-325/81648
102	82	9	9	-15775/4572288
102	82	9	10	-325/81648
102	83	1	7	26125/27005076
102	83	1	10	26125/27005076
102	83	2	2	-30051625/6913299456
102	83	2	10	3826625/432081216
102	83	3	3	-30051625/6913299456
102	83	3	7	3826625/432081216
102	83	5	5	-30051625/6913299456
102	83	5	7	3826625/432081216
102	83	9	9	-30051625/6913299456
102	83	9	10	3826625/432081216
102	84	1	7	-46435625/10207918728
102	84	1	10	-46435625/10207918728
102	84	2	2	-4295749375/10452908777472
102	84	2	10	-382324375/326653399296
102	84	3	3	-4295749375/10452908777472
102	84	3	7	-382324375/326653399296
102	84	5	5	-4295749375/10452908777472
102	84	5	7	-382324375/326653399296
102	84	9	9	-4295749375/10452908777472
102	84	9	10	-382324375/326653399296
102	85	1	7	-3086771875/1929296639592
102	85	1	10	-3086771875/1929296639592
102	85	2	2	5868048884375/15804798071537664
102	85	2	10	-171180446875/246949969867776
102	85	3	3	5868048884375/15804798071537664
102	85	3	7	-171180446875/246949969867776
102	85	5	5	5868048884375/15804798071537664
102	85	5	7	-171180446875/246949969867776
102	85	9	9	5868048884375/15804798071537664
102	85	9	10	-171180446875/246949969867776
102	92	1	1	2
102	93	1	1	1160/2619
102	94	1	1	1702600/48014127
102	95	1	1	-2500612000/125748998613
102	96	1	1	-2676609560000/329336627367447
102	97	1	1	42324293600000/123218946725049099
103	56	2	10	1
103	56	2	14	1
103	56	2	17	1
103	56	2	18	1
103	56	4	10	1
103	56	4	14	1
103	56	4	16	1
103	56	4	18	1
103	57	2	8	250/1053
103	57	2	12	250/1053
103	57	2	15	370/1053
103	57	2	16	-110/1053
103	57	3	8	250/1053
103	57	3	12	250/1053
103	57	3	14	370/1053
103	57	3	16	-110/1053
103	58	2	8	270125/7761663
103	58	2	12	270125/7761663
103	58	2	15	790925/7761663
103	58	2	16	-82675/7761663
103	58	3	8	270125/7761663
103	58	3	12	270125/7761663
103	58	3	14	790925/7761663
103	58	3	16	-82675/7761663
103	59	2	8	-16156250/8173031139
103	59	2	12	-16156250/8173031139
103	59	2	15	168784750/8173031139
103	59	2	16	45916750/8173031139
103	59	3	8	-16156250/8173031139
103	59	3	12	-16156250/8173031139
103	59	3	14	168784750/8173031139
103	59	3	16	45916750/8173031139
103	60	2	8	-24216118750/8606201789367
103	60	2	12	-24216118750/8606201789367
103	60	2	15	4915201250/8606201789367
103	60	2	16	79201250/8606201789367
103	60	3	8	-24216118750/8606201789367
103	60	3	12	-24216118750/8606201789367
103	60	3	14	4915201250/8606201789367
103	60	3	16	79201250/8606201789367
103	61	2	8	-5309210937500/9062330484203451
103	61	2	12	-5309210937500/9062330484203451
103	61	2	15	-2215577112500/1294618640600493
103	61	2	16	-4048140387500/9062330484203451
103	61	3	8	-5309210937500/9062330484203451
103	61	3	12	-5309210937500/9062330484203451
103	61	3	14	-2215577112500/1294618640600493
103	61	3	16	-4048140387500/9062330484203451
103	62	11	12	2
103	62	11	15	2
103	63	10	11	-25/81
103	63	10	13	-25/81
103	64	10	11	125/137781
103	64	10	13	125/137781
103	65	10	11	53125/3720087
103	65	10	13	53125/3720087
103	66	10	11	-53928125/21695547384
103	66	10	13	-53928125/21695547384
103	67	10	11	-409765625/502096953744
103	67	10	13	-409765625/502096953744
103	68	2	12	2/3
103	68	2	15	2/3
103	68	3	10	2/3
103	68	3	15	2/3
103	68	5	10	2/3
103	68	5	12	2/3
103	69	2	11	-100/5103
103	69	2	13	-100/5103
103	69	3	10	-100/5103
103	69	3	13	-100/5103
103	69	5	10	-100/5103
103	69	5	11	-100/5103
103	70	2	11	-149500/8680203
103	70	2	13	-149500/8680203
103	70	3	10	-149500/8680203
103	70	3	13	-149500/8680203
103	70	5	10	-149500/8680203
103	70	5	11	-149500/8680203
103	71	2	11	3275000/2109289329
103	71	2	13	3275000/2109289329
103	71	3	10	3275000/2109289329
103	71	3	13	3275000/2109289329
103	71	5	10	3275000/2109289329
103	71	5	11	3275000/2109289329
103	72	2	11	31113350000/25115308040403
103	72	2	13	31113350000/25115308040403
103	72	3	10	31113350000/25115308040403
103	72	3	13	31113350000/25115308040403
103	72	5	10	31113350000/25115308040403
103	72	5	11	31113350000/25115308040403
103	73	2	11	-1166012500000/6103019853817929
103	73	2	13	-1166012500000/6103019853817929
103	73	3	10	-1166012500000/6103019853817929
103	73	3	13	-1166012500000/6103019853817929
103	73	5	10	-1166012500000/6103019853817929
103	73	5	11	-1166012500000/6103019853817929
103	74	4	5	2/3
103	74	6	7	2/3
103	74	10	11	2/3
103	75	3	4	-100/729
103	75	5	6	-100/729
103	75	9	10	-100/729
103	76	3	4	31375/2480058
103	76	5	6	31375/2480058
103	76	9	10	31375/2480058
103	77	3	4	1146875/301327047
103	77	5	6	1146875/301327047
103	77	9	10	1146875/301327047
103	78	3	4	-510371875/292889889684
103	78	5	6	-510371875/292889889684
103	78	9	10	-510371875/292889889684
103	79	3	4	319140625/5083731656658
103	79	5	6	319140625/5083731656658
103	79	9	10	319140625/5083731656658
103	80	1	8	1/2
103	80	1	15	1/2
103	80	1	17	1/2
103	80	1	18	1/2
103	81	1	8	125/756
103	81	1	12	125/756
103	81	1	14	125/756
103	81	1	15	125/756
103	82	1	8	49625/1143072
103	82	1	12	49625/1143072
103	82	1	14	49625/1143072
103	82	1	15	49625/1143072
103	83	1	8	2984375/432081216
103	83	1	12	2984375/432081216
103	83	1	14	2984375/432081216
103	83	1	15	2984375/432081216
103	84	1	8	-228865625/326653399296
103	84	1	12	-228865625/326653399296
103	84	1	14	-228865625/326653399296
103	84	1	15	-228865625/326653399296
103	85	1	8	-113744140625/123474984933888
103	85	1	12	-113744140625/123474984933888
103	85	1	14	-113744140625/123474984933888
103	85	1	15	-113744140625/123474984933888
103	86	5	5	1
103	86	5	7	2
103	86	10	10	1
103	86	10	11	2
103	87	5	5	23/216
103	87	5	7	-19/54
103	87	9	9	23/216
103	87	9	10	-19/54
103	88	5	5	-4537/326592
103	88	5	7	467/40824
103	88	9	9	-4537/326592
103	88	9	10	467/40824
103	89	5	5	-483391/70543872
103	89	5	7	69407/4408992
103	89	9	9	-483391/70543872
103	89	9	10	69407/4408992
103	90	5	5	2964167/15237476352
103	90	5	7	-1852273/476171136
103	90	9	9	2964167/15237476352
103	90	9	10	-1852273/476171136
103	91	5	5	2165783201/3291294892032
103	91	5	7	-37294093/51426482688
103	91	9	9	2165783201/3291294892032
103	91	9	10	-37294093/51426482688
103	92	1	9	2
103	92	2	9	2
103	93	1	9	1220/2619
103	93	2	9	-200/2619
103	94	1	9	2711650/48014127
103	94	2	9	-2357750/48014127
103	95	1	9	-1393148500/125748998613
103	95	2	9	735325000/125748998613
103	96	1	9	-2390307897500/329336627367447
103	96	2	9	1099286012500/329336627367447
103	97	1	9	-97334645425000/123218946725049099
103	97	2	9	-599038006250000/862532627075343693
104	56	2	18	4
104	56	4	18	4
104	57	2	16	1120/1053
104	57	3	16	1120/1053
104	58	2	16	1592000/7761663
104	58	3	16	1592000/7761663
104	59	2	16	15424000/1167575877
104	59	3	16	15424000/1167575877
104	60	2	16	-75256576000/8606201789367
104	60	3	16	-75256576000/8606201789367
104	61	2	16	-4755200000000/1294618640600493
104	61	3	16	-4755200000000/1294618640600493
104	68	10	12	8/3
104	68	10	15	8/3
104	68	12	15	8/3
104	69	10	11	-2080/5103
104	69	10	13	-2080/5103
104	69	11	13	-2080/5103
104	70	10	11	-16000/8680203
104	70	10	13	-16000/8680203
104	70	11	13	-16000/8680203
104	71	10	11	293696000/14765025303
104	71	10	13	293696000/14765025303
104	71	11	13	293696000/14765025303
104	72	10	11	-1648384000/512557306947
104	72	10	13	-1648384000/512557306947
104	72	11	13	-1648384000/512557306947
104	73	10	11	-52703872000000/42721138976725503
104	73	10	13	-52703872000000/42721138976725503
104	73	11	13	-52703872000000/42721138976725503
104	80	1	19	2
104	81	1	16	20/27
104	82	1	16	8350/35721
104	83	1	16	54500/964467
104	84	1	16	1190500/182284263
104	85	1	16	-11875000/4921675101
104	92	9	9	4
104	92	9	10	8
104	93	9	9	760/2619
104	93	9	10	-4160/2619
104	94	9	9	-3490000/48014127
104	94	9	10	6140800/48014127
104	95	9	9	-2373404000/125748998613
104	95	9	10	6168448000/125748998613
104	96	9	9	1087336664000/329336627367447
104	96	9	10	-6458250752000/329336627367447
104	97	9	9	1622657266000000/862532627075343693
104	97	9	10	-845312000000/123218946725049099
105	56	8	12	5
105	56	9	13	5
105	57	6	10	-125/234
105	57	7	11	-125/234
105	58	6	10	-209375/3449628
105	58	7	11	-209375/3449628
105	59	6	10	8515625/269070984
105	59	7	11	8515625/269070984
105	60	6	10	599609375/1699990476912
105	60	7	11	599609375/1699990476912
105	61	6	10	-1106787109375/397797771597408
105	61	7	11	-1106787109375/397797771597408
105	62	4	6	10
105	63	3	5	875/324
105	64	3	5	696875/1469664
105	65	3	5	-1328125/136048896
105	66	3	5	-24830078125/617117792256
105	67	3	5	-644189453125/57127475625984
105	86	1	4	10
105	87	1	4	-25/36
105	88	1	4	-1375/6048
105	89	1	4	70625/1306368
105	90	1	4	1271875/94058496
105	91	1	4	-6265625/967458816
106	56	8	12	1
106	56	8	16	1
106	56	9	13	1
106	56	9	17	1
106	56	12	16	1
106	56	13	17	1
106	57	6	10	185/702
106	57	6	14	-80/351
106	57	7	11	185/702
106	57	7	15	-80/351
106	57	10	14	-80/351
106	57	11	15	-80/351
106	58	6	10	165475/3449628
106	58	6	14	26275/862407
106	58	7	11	165475/3449628
106	58	7	15	26275/862407
106	58	10	14	26275/862407
106	58	11	15	26275/862407
106	59	6	10	3195875/2421638856
106	59	6	14	862000/302704857
106	59	7	11	3195875/2421638856
106	59	7	15	862000/302704857
106	59	10	14	862000/302704857
106	59	11	15	862000/302704857
106	60	6	10	-4820656625/1699990476912
106	60	6	14	-287369750/106249404807
106	60	7	11	-4820656625/1699990476912
106	60	7	15	-287369750/106249404807
106	60	10	14	-287369750/106249404807
106	60	11	15	-287369750/106249404807
106	61	6	10	-1143235365625/1193393314792224
106	61	6	14	2428900000/5327648726751
106	61	7	11	-1143235365625/1193393314792224
106	61	7	15	2428900000/5327648726751
106	61	10	14	2428900000/5327648726751
106	61	11	15	2428900000/5327648726751
106	62	4	8	2
106	62	4	15	2
106	62	6	8	2
106	62	6	12	2
106	62	8	12	2
106	62	8	15	2
106	63	3	7	35/108
106	63	3	13	55/81
106	63	5	7	35/108
106	63	5	11	55/81
106	63	7	11	-5/27
106	63	7	13	-5/27
106	64	3	7	325/54432
106	64	3	13	8450/45927
106	64	5	7	325/54432
106	64	5	11	8450/45927
106	64	7	11	-50/1701
106	64	7	13	-50/1701
106	65	3	7	-71125/5038848
106	65	3	13	229625/7440174
106	65	5	7	-71125/5038848
106	65	5	11	229625/7440174
106	65	7	11	3125/275562
106	65	7	13	3125/275562
106	66	3	7	-22251625/7618738176
106	66	3	13	-6226625/2410616376
106	66	5	7	-22251625/7618738176
106	66	5	11	-6226625/2410616376
106	66	7	11	23375/29760696
106	66	7	13	23375/29760696
106	67	3	7	164621875/235092492288
106	67	3	13	-225603125/55788550416
106	67	5	7	164621875/235092492288
106	67	5	11	-225603125/55788550416
106	67	7	11	-240625/229582512
106	67	7	13	-240625/229582512
106	74	4	6	2/3
106	74	4	10	2/3
106	74	6	10	2/3
106	75	3	5	50/243
106	75	3	9	50/243
106	75	5	9	50/243
106	76	3	5	13225/275562
106	76	3	9	13225/275562
106	76	5	9	13225/275562
106	77	3	5	116875/22320522
106	77	3	9	116875/22320522
106	77	5	9	116875/22320522
106	78	3	5	-6532375/3615924564
106	78	3	9	-6532375/3615924564
106	78	5	9	-6532375/3615924564
106	79	3	5	-47453125/41841412812
106	79	3	9	-47453125/41841412812
106	79	5	9	-47453125/41841412812
106	86	1	8	2
106	86	1	14	2
106	87	1	8	-1/12
106	87	1	12	-1/12
106	88	1	8	-283/6048
106	88	1	12	-283/6048
106	89	1	8	11/1792
106	89	1	12	11/1792
106	90	1	8	22541/7464960
106	90	1	12	22541/7464960
106	91	1	8	-175775/250822656
106	91	1	12	-175775/250822656
106	92	1	4	2
106	92	1	6	2
106	93	1	4	-40/291
106	93	1	6	-40/291
106	94	1	4	-75350/1778301
106	94	1	6	-75350/1778301
106	95	1	4	577000/57498399
106	95	1	6	577000/57498399
106	96	1	4	1055004500/451764920943
106	96	1	6	1055004500/451764920943
106	97	1	4	-21159950000/18780513142059
106	97	1	6	-21159950000/18780513142059
106	98	1	6	1/2
106	98	1	7	1/2
106	98	1	11	1/2
106	98	1	12	1/2
106	99	1	6	-5/114
106	99	1	7	-5/114
106	99	1	10	-5/114
106	99	1	11	-5/114
106	100	1	6	-13325/1228122
106	100	1	7	-13325/1228122
106	100	1	10	-13325/1228122
106	100	1	11	-13325/1228122
106	101	1	6	82375/23334318
106	101	1	7	82375/23334318
106	101	1	10	82375/23334318
106	101	1	11	82375/23334318
106	102	1	6	60407875/107734546206
106	102	1	7	60407875/107734546206
106	102	1	10	60407875/107734546206
106	102	1	11	60407875/107734546206
106	103	1	6	-2664784375/6140869133742
106	103	1	7	-2664784375/6140869133742
106	103	1	10	-2664784375/6140869133742
106	103	1	11	-2664784375/6140869133742
107	56	8	16	1
107	56	9	17	1
107	56	12	16	1
107	56	13	17	1
107	57	6	14	50/351
107	57	7	15	50/351
107	57	10	14	50/351
107	57	11	15	50/351
107	58	6	14	-2000/862407
107	58	7	15	-2000/862407
107	58	10	14	-2000/862407
107	58	11	15	-2000/862407
107	59	6	14	-2050000/302704857
107	59	7	15	-2050000/302704857
107	59	10	14	-2050000/302704857
107	59	11	15	-2050000/302704857
107	60	6	14	-96650000/106249404807
107	60	7	15	-96650000/106249404807
107	60	10	14	-96650000/106249404807
107	60	11	15	-96650000/106249404807
107	61	6	14	2262500000/5327648726751
107	61	7	15	2262500000/5327648726751
107	61	10	14	2262500000/5327648726751
107	61	11	15	2262500000/5327648726751
107	62	4	17	2
107	62	6	17	2
107	62	12	15	2
107	62	12	17	2
107	62	15	17	2
107	63	3	15	25/54
107	63	5	15	25/54
107	63	11	13	40/81
107	63	11	15	-10/27
107	63	13	15	-10/27
107	64	3	15	2375/40824
107	64	5	15	2375/40824
107	64	11	13	3350/45927
107	64	11	15	100/5103
107	64	13	15	100/5103
107	65	3	15	-40625/4408992
107	65	5	15	-40625/4408992
107	65	11	13	-23000/3720087
107	65	11	15	2000/137781
107	65	13	15	2000/137781
107	66	3	15	-3165625/476171136
107	66	5	15	-3165625/476171136
107	66	11	13	-2147500/301327047
107	66	11	15	-16250/3720087
107	66	13	15	-16250/3720087
107	67	3	15	-44140625/51426482688
107	67	5	15	-44140625/51426482688
107	67	11	13	-4850000/3486784401
107	67	11	15	-6250/14348907
107	67	13	15	-6250/14348907
107	74	4	8	2/3
107	74	4	12	2/3
107	74	6	8	2/3
107	74	6	14	2/3
107	74	8	12	2/3
107	74	8	14	2/3
107	74	10	12	2/3
107	74	10	14	2/3
107	74	12	14	2/3
107	75	3	7	10/81
107	75	3	11	10/81
107	75	5	7	10/81
107	75	5	13	10/81
107	75	7	11	-5/81
107	75	7	13	-5/81
107	75	9	11	10/81
107	75	9	13	10/81
107	75	11	13	-5/81
107	76	3	7	100/15309
107	76	3	11	100/15309
107	76	5	7	100/15309
107	76	5	13	100/15309
107	76	7	11	-325/30618
107	76	7	13	-325/30618
107	76	9	11	100/15309
107	76	9	13	100/15309
107	76	11	13	-325/30618
107	77	3	7	-2000/413343
107	77	3	11	-2000/413343
107	77	5	7	-2000/413343
107	77	5	13	-2000/413343
107	77	7	11	6625/1653372
107	77	7	13	6625/1653372
107	77	9	11	-2000/413343
107	77	9	13	-2000/413343
107	77	11	13	6625/1653372
107	78	3	7	-16250/11160261
107	78	3	11	-16250/11160261
107	78	5	7	-16250/11160261
107	78	5	13	-16250/11160261
107	78	7	11	29375/89282088
107	78	7	13	29375/89282088
107	78	9	11	-16250/11160261
107	78	9	13	-16250/11160261
107	78	11	13	29375/89282088
107	79	3	7	6250/43046721
107	79	3	11	6250/43046721
107	79	5	7	6250/43046721
107	79	5	13	6250/43046721
107	79	7	11	-1896875/4821232752
107	79	7	13	-1896875/4821232752
107	79	9	11	6250/43046721
107	79	9	13	6250/43046721
107	79	11	13	-1896875/4821232752
107	86	1	18	2
107	87	1	16	-1/36
107	88	1	16	-953/18144
107	89	1	16	2873/1306368
107	90	1	16	51841/13436928
107	91	1	16	-1833607/6772211712
107	92	1	13	2
107	92	1	15	2
107	93	1	12	-100/873
107	93	1	14	-100/873
107	94	1	12	-256000/5334903
107	94	1	14	-256000/5334903
107	95	1	12	41900000/4657370319
107	95	1	14	41900000/4657370319
107	96	1	12	12658700000/4065884288487
107	96	1	14	12658700000/4065884288487
107	97	1	12	-553525000000/507073854835593
107	97	1	14	-553525000000/507073854835593
107	104	1	6	1
107	104	1	7	1
107	104	1	10	1
107	104	1	11	1
107	105	1	6	-25/279
107	105	1	7	-25/279
107	105	1	10	-25/279
107	105	1	11	-25/279
107	106	1	6	-11125/544887
107	106	1	7	-11125/544887
107	106	1	10	-11125/544887
107	106	1	11	-11125/544887
107	107	1	6	1053125/152023473
107	107	1	7	1053125/152023473
107	107	1	10	1053125/152023473
107	107	1	11	1053125/152023473
107	108	1	6	5815625/6059221281
107	108	1	7	5815625/6059221281
107	108	1	10	5815625/6059221281
107	108	1	11	5815625/6059221281
107	109	1	6	-9658984375/11833659161793
107	109	1	7	-9658984375/11833659161793
107	109	1	10	-9658984375/11833659161793
107	109	1	11	-9658984375/11833659161793
108	56	8	9	3
108	56	12	13	3
108	57	6	7	425/702
108	57	10	11	425/702
108	58	6	7	565625/10348884
108	58	10	11	565625/10348884
108	59	6	7	-353546875/21794749704
108	59	10	11	-353546875/21794749704
108	60	6	7	-333591953125/45899742876624
108	60	10	11	-333591953125/45899742876624
108	61	6	7	-24325439453125/96664858498170144
108	61	10	11	-24325439453125/96664858498170144
108	62	4	13	6
108	62	6	16	6
108	63	3	12	-25/36
108	63	5	14	-25/36
108	64	3	12	-96875/1469664
108	64	5	14	-96875/1469664
108	65	3	12	4390625/105815808
108	65	5	14	4390625/105815808
108	66	3	12	-1285390625/1851353376768
108	66	5	14	-1285390625/1851353376768
108	67	3	12	-1454052734375/399892329381888
108	67	5	14	-1454052734375/399892329381888
108	86	1	15	6
108	87	1	13	59/36
108	88	1	13	15767/54432
108	89	1	13	-84547/11757312
108	90	1	13	-65214073/2539579392
108	91	1	13	-3930843907/548549148672
108	92	3	5	6
108	93	3	5	-275/873
108	94	3	5	-4684375/32009418
108	95	3	5	4155765625/167665331484
108	96	3	5	8547570546875/878231006313192
108	97	3	5	-13877466259765625/4600174011068499696
109	56	5	8	1
109	56	5	9	1
109	56	5	12	1
109	56	5	13	1
109	56	8	13	1
109	56	9	12	1
109	57	4	6	-155/1053
109	57	4	7	-155/1053
109	57	4	10	-155/1053
109	57	4	11	-155/1053
109	57	6	11	35/2106
109	57	7	10	35/2106
109	58	4	6	-17725/7761663
109	58	4	7	-17725/7761663
109	58	4	10	-17725/7761663
109	58	4	11	-17725/7761663
109	58	6	11	-735025/31046652
109	58	7	10	-735025/31046652
109	59	4	6	60376375/8173031139
109	59	4	7	60376375/8173031139
109	59	4	10	60376375/8173031139
109	59	4	11	60376375/8173031139
109	59	6	11	-11111125/9340607016
109	59	7	10	-11111125/9340607016
109	60	4	6	-1276222375/1229457398481
109	60	4	7	-1276222375/1229457398481
109	60	4	10	-1276222375/1229457398481
109	60	4	11	-1276222375/1229457398481
109	60	6	11	215721428375/137699228629872
109	60	7	10	215721428375/137699228629872
109	61	4	6	-4416810153125/9062330484203451
109	61	4	7	-4416810153125/9062330484203451
109	61	4	10	-4416810153125/9062330484203451
109	61	4	11	-4416810153125/9062330484203451
109	61	6	11	5483916621875/41427796499215776
109	61	7	10	5483916621875/41427796499215776
109	62	2	4	2
109	62	2	5	2
109	62	2	6	2
109	62	2	7	2
109	62	4	7	2
109	62	5	6	2
109	63	2	3	95/162
109	63	2	4	-80/243
109	63	2	5	95/162
109	63	2	6	-80/243
109	63	3	6	-10/81
109	63	4	5	-10/81
109	64	2	3	132325/1102248
109	64	2	4	950/413343
109	64	2	5	132325/1102248
109	64	2	6	950/413343
109	64	3	6	-6100/137781
109	64	4	5	-6100/137781
109	65	2	3	567625/119042784
109	65	2	4	1678000/100442349
109	65	2	5	567625/119042784
109	65	2	6	1678000/100442349
109	65	3	6	34000/3720087
109	65	4	5	34000/3720087
109	66	2	3	-2852014625/347128758144
109	66	2	4	-78059500/24407490807
109	66	2	5	-2852014625/347128758144
109	66	2	6	-78059500/24407490807
109	66	3	6	1012250/387420489
109	66	4	5	1012250/387420489
109	67	2	3	-362123909375/112469717638656
109	67	2	4	-6109700000/5931020266101
109	67	2	5	-362123909375/112469717638656
109	67	2	6	-6109700000/5931020266101
109	67	3	6	-229193750/219667417263
109	67	4	5	-229193750/219667417263
109	80	2	3	1/2
109	80	2	5	1/2
109	80	2	14	1/2
109	80	2	16	1/2
109	80	3	6	1/2
109	80	3	11	1/2
109	80	3	16	1/2
109	80	4	5	1/2
109	80	4	11	1/2
109	80	5	11	1/2
109	80	5	14	1/2
109	80	6	11	1/2
109	81	2	3	425/3024
109	81	2	5	425/3024
109	81	2	11	-5/756
109	81	2	13	-5/756
109	81	3	6	-5/756
109	81	3	9	425/3024
109	81	3	13	-5/756
109	81	4	5	-5/756
109	81	4	9	-5/756
109	81	5	9	425/3024
109	81	5	11	-5/756
109	81	6	9	-5/756
109	82	2	3	123425/4572288
109	82	2	5	123425/4572288
109	82	2	11	-1775/142884
109	82	2	13	-1775/142884
109	82	3	6	-1775/142884
109	82	3	9	123425/4572288
109	82	3	13	-1775/142884
109	82	4	5	-1775/142884
109	82	4	9	-1775/142884
109	82	5	9	123425/4572288
109	82	5	11	-1775/142884
109	82	6	9	-1775/142884
109	83	2	3	3835625/6913299456
109	83	2	5	3835625/6913299456
109	83	2	11	13375/27005076
109	83	2	13	13375/27005076
109	83	3	6	13375/27005076
109	83	3	9	3835625/6913299456
109	83	3	13	13375/27005076
109	83	4	5	13375/27005076
109	83	4	9	13375/27005076
109	83	5	9	3835625/6913299456
109	83	5	11	13375/27005076
109	83	6	9	13375/27005076
109	84	2	3	-2886279625/1493272682496
109	84	2	5	-2886279625/1493272682496
109	84	2	11	35250125/40831674912
109	84	2	13	35250125/40831674912
109	84	3	6	35250125/40831674912
109	84	3	9	-2886279625/1493272682496
109	84	3	13	35250125/40831674912
109	84	4	5	35250125/40831674912
109	84	4	9	35250125/40831674912
109	84	5	9	-2886279625/1493272682496
109	84	5	11	35250125/40831674912
109	84	6	9	35250125/40831674912
109	85	2	3	-10576698484375/15804798071537664
109	85	2	5	-10576698484375/15804798071537664
109	85	2	11	-890178125/15434373116736
109	85	2	13	-890178125/15434373116736
109	85	3	6	-890178125/15434373116736
109	85	3	9	-10576698484375/15804798071537664
109	85	3	13	-890178125/15434373116736
109	85	4	5	-890178125/15434373116736
109	85	4	9	-890178125/15434373116736
109	85	5	9	-10576698484375/15804798071537664
109	85	5	11	-890178125/15434373116736
109	85	6	9	-890178125/15434373116736
109	86	1	2	2
109	86	1	3	2
109	86	2	3	2
109	87	1	2	14/27
109	87	1	3	14/27
109	87	2	3	-4/27
109	88	1	2	400/5103
109	88	1	3	400/5103
109	88	2	3	-230/5103
109	89	1	2	-172/19683
109	89	1	3	-172/19683
109	89	2	3	1604/137781
109	90	1	2	-170554/18600435
109	90	1	3	-170554/18600435
109	90	2	3	48596/18600435
109	91	1	2	-24730/14348907
109	91	1	3	-24730/14348907
109	91	2	3	-141160/100442349
110	56	8	10	1
110	56	8	13	1
110	56	9	10	1
110	56	9	12	1
110	56	12	14	1
110	56	13	14	1
110	57	6	8	-565/2106
110	57	6	11	815/2106
110	57	7	8	-565/2106
110	57	7	10	815/2106
110	57	10	12	-565/2106
110	57	11	12	-565/2106
110	58	6	8	236675/4435236
110	58	6	11	581675/4435236
110	58	7	8	236675/4435236
110	58	7	10	581675/4435236
110	58	10	12	236675/4435236
110	58	11	12	236675/4435236
110	59	6	8	-40439875/9340607016
110	59	6	11	339508625/9340607016
110	59	7	8	-40439875/9340607016
110	59	7	10	339508625/9340607016
110	59	10	12	-40439875/9340607016
110	59	11	12	-40439875/9340607016
110	60	6	8	-37126934875/19671318375696
110	60	6	11	131284815125/19671318375696
110	60	7	8	-37126934875/19671318375696
110	60	7	10	131284815125/19671318375696
110	60	10	12	-37126934875/19671318375696
110	60	11	12	-37126934875/19671318375696
110	61	6	8	37410120059375/41427796499215776
110	61	6	11	-9551679278125/41427796499215776
110	61	7	8	37410120059375/41427796499215776
110	61	7	10	-9551679278125/41427796499215776
110	61	10	12	37410120059375/41427796499215776
110	61	11	12	37410120059375/41427796499215776
110	62	4	9	2
110	62	4	11	2
110	62	6	9	2
110	62	6	11	2
110	63	3	8	-55/162
110	63	3	10	235/324
110	63	5	8	-55/162
110	63	5	10	235/324
110	64	3	8	2725/157464
110	64	3	10	140275/629856
110	64	5	8	2725/157464
110	64	5	10	140275/629856
110	65	3	8	182875/17006112
110	65	3	10	7008875/136048896
110	65	5	8	182875/17006112
110	65	5	10	7008875/136048896
110	66	3	8	-150498875/49589822592
110	66	3	10	4005783625/793437161472
110	66	5	8	-150498875/49589822592
110	66	5	10	4005783625/793437161472
110	67	3	8	-3883446875/16067102519808
110	67	3	10	-1316236028125/514147280633856
110	67	5	8	-3883446875/16067102519808
110	67	5	10	-1316236028125/514147280633856
110	68	2	4	2/3
110	68	2	6	2/3
110	68	3	4	2/3
110	68	3	7	2/3
110	68	5	6	2/3
110	68	5	7	2/3
110	69	2	4	-680/5103
110	69	2	6	-680/5103
110	69	3	4	-680/5103
110	69	3	7	-680/5103
110	69	5	6	-680/5103
110	69	5	7	-680/5103
110	70	2	4	97850/8680203
110	70	2	6	97850/8680203
110	70	3	4	97850/8680203
110	70	3	7	97850/8680203
110	70	5	6	97850/8680203
110	70	5	7	97850/8680203
110	71	2	4	57409000/14765025303
110	71	2	6	57409000/14765025303
110	71	3	4	57409000/14765025303
110	71	3	7	57409000/14765025303
110	71	5	6	57409000/14765025303
110	71	5	7	57409000/14765025303
110	72	2	4	-40869728500/25115308040403
110	72	2	6	-40869728500/25115308040403
110	72	3	4	-40869728500/25115308040403
110	72	3	7	-40869728500/25115308040403
110	72	5	6	-40869728500/25115308040403
110	72	5	7	-40869728500/25115308040403
110	73	2	4	1003109650000/42721138976725503
110	73	2	6	1003109650000/42721138976725503
110	73	3	4	1003109650000/42721138976725503
110	73	3	7	1003109650000/42721138976725503
110	73	5	6	1003109650000/42721138976725503
110	73	5	7	1003109650000/42721138976725503
110	86	1	6	2
110	86	1	13	2
110	86	5	10	2
110	86	5	13	2
110	86	6	10	2
110	87	1	6	31/54
110	87	1	11	31/54
110	87	5	9	71/108
110	87	5	11	5/54
110	87	6	9	5/54
110	88	1	6	707/5832
110	88	1	11	707/5832
110	88	5	9	4025/23328
110	88	5	11	-229/5832
110	88	6	9	-229/5832
110	89	1	6	6169/629856
110	89	1	11	6169/629856
110	89	5	9	141503/5038848
110	89	5	11	-3685/629856
110	89	6	9	-3685/629856
110	90	1	6	-1801991/340122240
110	90	1	11	-1801991/340122240
110	90	5	9	-12139691/5441955840
110	90	5	11	715849/340122240
110	90	6	9	715849/340122240
110	91	1	6	-19040045/7346640384
110	91	1	11	-19040045/7346640384
110	91	5	9	-806083945/235092492288
110	91	5	11	4201745/7346640384
110	91	6	9	4201745/7346640384
110	98	2	5	1/2
110	98	2	10	1/2
110	98	3	5	1/2
110	98	3	10	1/2
110	99	2	5	-5/513
110	99	2	9	-5/513
110	99	3	5	-5/513
110	99	3	9	-5/513
110	100	2	5	-59425/4737042
110	100	2	9	-59425/4737042
110	100	3	5	-59425/4737042
110	100	3	9	-59425/4737042
110	101	2	5	300125/405017091
110	101	2	9	300125/405017091
110	101	3	5	300125/405017091
110	101	3	9	300125/405017091
110	102	2	5	4932275375/5609891727441
110	102	2	9	4932275375/5609891727441
110	102	3	5	4932275375/5609891727441
110	102	3	9	4932275375/5609891727441
110	103	2	5	-252026818750/2877874456177233
110	103	2	9	-252026818750/2877874456177233
110	103	3	5	-252026818750/2877874456177233
110	103	3	9	-252026818750/2877874456177233
111	56	5	8	1/2
111	56	5	9	1/2
111	56	5	12	1/2
111	56	5	13	1/2
111	56	8	17	1/2
111	56	9	16	1/2
111	56	12	17	1/2
111	56	13	16	1/2
111	57	4	6	235/2106
111	57	4	7	235/2106
111	57	4	10	235/2106
111	57	4	11	235/2106
111	57	6	15	-55/1053
111	57	7	14	-55/1053
111	57	10	15	-55/1053
111	57	11	14	-55/1053
111	58	4	6	208475/15523326
111	58	4	7	208475/15523326
111	58	4	10	208475/15523326
111	58	4	11	208475/15523326
111	58	6	15	-46700/7761663
111	58	7	14	-46700/7761663
111	58	10	15	-46700/7761663
111	58	11	14	-46700/7761663
111	59	4	6	-34715375/16346062278
111	59	4	7	-34715375/16346062278
111	59	4	10	-34715375/16346062278
111	59	4	11	-34715375/16346062278
111	59	6	15	24728000/8173031139
111	59	7	14	24728000/8173031139
111	59	10	15	24728000/8173031139
111	59	11	14	24728000/8173031139
111	60	4	6	-24976986625/17212403578734
111	60	4	7	-24976986625/17212403578734
111	60	4	10	-24976986625/17212403578734
111	60	4	11	-24976986625/17212403578734
111	60	6	15	391327000/8606201789367
111	60	7	14	391327000/8606201789367
111	60	10	15	391327000/8606201789367
111	60	11	14	391327000/8606201789367
111	61	4	6	-3188456646875/18124660968406902
111	61	4	7	-3188456646875/18124660968406902
111	61	4	10	-3188456646875/18124660968406902
111	61	4	11	-3188456646875/18124660968406902
111	61	6	15	-337181350000/1294618640600493
111	61	7	14	-337181350000/1294618640600493
111	61	10	15	-337181350000/1294618640600493
111	61	11	14	-337181350000/1294618640600493
111	62	2	12	1
111	62	2	13	1
111	62	2	15	1
111	62	2	16	1
111	62	4	5	1
111	62	4	16	1
111	62	5	12	1
111	62	6	7	1
111	62	6	13	1
111	62	7	15	1
111	63	2	11	25/81
111	63	2	12	-145/972
111	63	2	13	25/81
111	63	2	14	-145/972
111	63	3	4	5/27
111	63	3	14	5/648
111	63	4	11	-10/81
111	63	5	6	5/27
111	63	5	12	5/648
111	63	6	13	-10/81
111	64	2	11	9700/137781
111	64	2	12	-17225/6613488
111	64	2	13	9700/137781
111	64	2	14	-17225/6613488
111	64	3	4	1300/137781
111	64	3	14	-218675/8817984
111	64	4	11	-1325/137781
111	64	5	6	1300/137781
111	64	5	12	-218675/8817984
111	64	6	13	-1325/137781
111	65	2	11	23750/3720087
111	65	2	12	50173625/6428310336
111	65	2	13	23750/3720087
111	65	2	14	50173625/6428310336
111	65	3	4	-9250/1240029
111	65	3	14	-1095125/1904684544
111	65	4	11	27250/3720087
111	65	5	6	-9250/1240029
111	65	5	12	-1095125/1904684544
111	65	6	13	27250/3720087
111	66	2	11	-9229625/2711943423
111	66	2	12	-6833761625/6248317646592
111	66	2	13	-9229625/2711943423
111	66	2	14	-6833761625/6248317646592
111	66	3	4	-5989625/2711943423
111	66	3	14	19120855375/11108120260608
111	66	4	11	-842750/2711943423
111	66	5	6	-5989625/2711943423
111	66	5	12	19120855375/11108120260608
111	66	6	13	-842750/2711943423
111	67	2	11	-57671875/31381059609
111	67	2	12	-3274676284375/6073364752487424
111	67	2	13	-57671875/31381059609
111	67	2	14	-3274676284375/6073364752487424
111	67	3	4	17659375/73222472421
111	67	3	14	479664596875/7198061928873984
111	67	4	11	-19737500/31381059609
111	67	5	6	17659375/73222472421
111	67	5	12	479664596875/7198061928873984
111	67	6	13	-19737500/31381059609
111	74	4	7	1/3
111	74	4	11	1/3
111	74	5	6	1/3
111	74	5	10	1/3
111	74	6	11	1/3
111	74	7	10	1/3
111	75	3	6	-5/729
111	75	3	10	-5/729
111	75	4	5	-5/729
111	75	4	9	-5/729
111	75	5	10	-5/729
111	75	6	9	-5/729
111	76	3	6	-10100/1240029
111	76	3	10	-10100/1240029
111	76	4	5	-10100/1240029
111	76	4	9	-10100/1240029
111	76	5	10	-10100/1240029
111	76	6	9	-10100/1240029
111	77	3	6	153250/301327047
111	77	3	10	153250/301327047
111	77	4	5	153250/301327047
111	77	4	9	153250/301327047
111	77	5	10	153250/301327047
111	77	6	9	153250/301327047
111	78	3	6	40693375/73222472421
111	78	3	10	40693375/73222472421
111	78	4	5	40693375/73222472421
111	78	4	9	40693375/73222472421
111	78	5	10	40693375/73222472421
111	78	6	9	40693375/73222472421
111	79	3	6	-148990625/2541865828329
111	79	3	10	-148990625/2541865828329
111	79	4	5	-148990625/2541865828329
111	79	4	9	-148990625/2541865828329
111	79	5	10	-148990625/2541865828329
111	79	6	9	-148990625/2541865828329
111	80	2	4	1/4
111	80	2	6	1/4
111	80	2	15	1/4
111	80	2	17	1/4
111	80	3	4	1/4
111	80	3	8	1/4
111	80	3	14	1/4
111	80	3	18	1/4
111	80	5	6	1/4
111	80	5	8	1/4
111	80	5	16	1/4
111	80	5	18	1/4
111	80	11	14	1/4
111	80	11	15	1/4
111	80	11	16	1/4
111	80	11	17	1/4
111	81	2	4	65/1512
111	81	2	6	65/1512
111	81	2	12	-185/6048
111	81	2	14	-185/6048
111	81	3	4	65/1512
111	81	3	8	-185/6048
111	81	3	11	65/1512
111	81	3	15	-185/6048
111	81	5	6	65/1512
111	81	5	8	-185/6048
111	81	5	13	65/1512
111	81	5	15	-185/6048
111	81	9	11	65/1512
111	81	9	12	-185/6048
111	81	9	13	65/1512
111	81	9	14	-185/6048
111	82	2	4	50/35721
111	82	2	6	50/35721
111	82	2	12	-20575/9144576
111	82	2	14	-20575/9144576
111	82	3	4	50/35721
111	82	3	8	-20575/9144576
111	82	3	11	50/35721
111	82	3	15	-20575/9144576
111	82	5	6	50/35721
111	82	5	8	-20575/9144576
111	82	5	13	50/35721
111	82	5	15	-20575/9144576
111	82	9	11	50/35721
111	82	9	12	-20575/9144576
111	82	9	13	50/35721
111	82	9	14	-20575/9144576
111	83	2	4	-196625/108020304
111	83	2	6	-196625/108020304
111	83	2	12	24082375/13826598912
111	83	2	14	24082375/13826598912
111	83	3	4	-196625/108020304
111	83	3	8	24082375/13826598912
111	83	3	11	-196625/108020304
111	83	3	15	24082375/13826598912
111	83	5	6	-196625/108020304
111	83	5	8	24082375/13826598912
111	83	5	13	-196625/108020304
111	83	5	15	24082375/13826598912
111	83	9	11	-196625/108020304
111	83	9	12	24082375/13826598912
111	83	9	13	-196625/108020304
111	83	9	14	24082375/13826598912
111	84	2	4	-36127375/81663349824
111	84	2	6	-36127375/81663349824
111	84	2	12	-1673317375/20905817554944
111	84	2	14	-1673317375/20905817554944
111	84	3	4	-36127375/81663349824
111	84	3	8	-1673317375/20905817554944
111	84	3	11	-36127375/81663349824
111	84	3	15	-1673317375/20905817554944
111	84	5	6	-36127375/81663349824
111	84	5	8	-1673317375/20905817554944
111	84	5	13	-36127375/81663349824
111	84	5	15	-1673317375/20905817554944
111	84	9	11	-36127375/81663349824
111	84	9	12	-1673317375/20905817554944
111	84	9	13	-36127375/81663349824
111	84	9	14	-1673317375/20905817554944
111	85	2	4	2429253125/30868746233472
111	85	2	6	2429253125/30868746233472
111	85	2	12	-4524842965625/31609596143075328
111	85	2	14	-4524842965625/31609596143075328
111	85	3	4	2429253125/30868746233472
111	85	3	8	-4524842965625/31609596143075328
111	85	3	11	2429253125/30868746233472
111	85	3	15	-4524842965625/31609596143075328
111	85	5	6	2429253125/30868746233472
111	85	5	8	-4524842965625/31609596143075328
111	85	5	13	2429253125/30868746233472
111	85	5	15	-4524842965625/31609596143075328
111	85	9	11	2429253125/30868746233472
111	85	9	12	-4524842965625/31609596143075328
111	85	9	13	2429253125/30868746233472
111	85	9	14	-4524842965625/31609596143075328
111	86	1	7	1
111	86	1	11	1
111	86	2	11	1
111	86	2	15	1
111	86	3	7	1
111	86	3	15	1
111	87	1	7	31/108
111	87	1	10	31/108
111	87	2	10	-4/27
111	87	2	13	-1/27
111	87	3	7	-4/27
111	87	3	13	-1/27
111	88	1	7	4535/81648
111	88	1	10	4535/81648
111	88	2	10	-25/5103
111	88	2	13	-130/5103
111	88	3	7	-25/5103
111	88	3	13	-130/5103
111	89	1	7	4681/8817984
111	89	1	10	4681/8817984
111	89	2	10	1196/137781
111	89	2	13	404/137781
111	89	3	7	1196/137781
111	89	3	13	404/137781
111	90	1	7	-21262397/4761711360
111	90	1	10	-21262397/4761711360
111	90	2	10	-19262/18600435
111	90	2	13	33463/18600435
111	90	3	7	-19262/18600435
111	90	3	13	33463/18600435
111	91	1	7	-154713095/102852965376
111	91	1	10	-154713095/102852965376
111	91	2	10	-69640/100442349
111	91	2	13	-36175/100442349
111	91	3	7	-69640/100442349
111	91	3	13	-36175/100442349
111	92	1	3	1
111	92	1	5	1
111	92	2	3	1
111	92	2	5	1
111	93	1	3	670/2619
111	93	1	5	670/2619
111	93	2	3	-245/2619
111	93	2	5	-245/2619
111	94	1	3	1813400/48014127
111	94	1	5	1813400/48014127
111	94	2	3	-908725/48014127
111	94	2	5	-908725/48014127
111	95	1	3	-565748000/125748998613
111	95	1	5	-565748000/125748998613
111	95	2	3	124828375/17964142659
111	95	2	5	124828375/17964142659
111	96	1	3	-1462290706000/329336627367447
111	96	1	5	-1462290706000/329336627367447
111	96	2	3	253007753375/329336627367447
111	96	2	5	253007753375/329336627367447
111	97	1	3	-97906450100000/123218946725049099
111	97	1	5	-97906450100000/123218946725049099
111	97	2	3	-96582471978125/123218946725049099
111	97	2	5	-96582471978125/123218946725049099
112	56	8	10	1/2
112	56	8	17	1/2
112	56	9	10	1/2
112	56	9	16	1/2
112	56	12	14	1/2
112	56	12	17	1/2
112	56	13	14	1/2
112	56	13	16	1/2
112	57	6	8	215/4212
112	57	6	15	140/1053
112	57	7	8	215/4212
112	57	7	14	140/1053
112	57	10	12	215/4212
112	57	10	15	140/1053
112	57	11	12	215/4212
112	57	11	14	140/1053
112	58	6	8	-46075/8870472
112	58	6	15	55325/2217618
112	58	7	8	-46075/8870472
112	58	7	14	55325/2217618
112	58	10	12	-46075/8870472
112	58	10	15	55325/2217618
112	58	11	12	-46075/8870472
112	58	11	14	55325/2217618
112	59	6	8	-49595125/18681214032
112	59	6	15	1284500/1167575877
112	59	7	8	-49595125/18681214032
112	59	7	14	1284500/1167575877
112	59	10	12	-49595125/18681214032
112	59	10	15	1284500/1167575877
112	59	11	12	-49595125/18681214032
112	59	11	14	1284500/1167575877
112	60	6	8	391357625/39342636751392
112	60	6	15	-1608522125/1229457398481
112	60	7	8	391357625/39342636751392
112	60	7	14	-1608522125/1229457398481
112	60	10	12	391357625/39342636751392
112	60	10	15	-1608522125/1229457398481
112	60	11	12	391357625/39342636751392
112	60	11	14	-1608522125/1229457398481
112	61	6	8	16929344159375/82855592998431552
112	61	6	15	-628580575000/1294618640600493
112	61	7	8	16929344159375/82855592998431552
112	61	7	14	-628580575000/1294618640600493
112	61	10	12	16929344159375/82855592998431552
112	61	10	15	-628580575000/1294618640600493
112	61	11	12	16929344159375/82855592998431552
112	61	11	14	-628580575000/1294618640600493
112	62	4	13	1
112	62	4	18	1
112	62	6	16	1
112	62	6	18	1
112	62	11	12	1
112	62	11	15	1
112	62	12	13	1
112	62	15	16	1
112	63	3	12	55/216
112	63	3	16	-65/648
112	63	5	14	55/216
112	63	5	16	-65/648
112	63	10	11	35/162
112	63	10	13	35/162
112	63	11	12	-35/162
112	63	13	14	-35/162
112	64	3	12	53275/1259712
112	64	3	16	-15725/1259712
112	64	5	14	53275/1259712
112	64	5	16	-15725/1259712
112	64	10	11	475/19683
112	64	10	13	475/19683
112	64	11	12	475/19683
112	64	13	14	475/19683
112	65	3	12	-64625/90699264
112	65	3	16	1571375/272097792
112	65	5	14	-64625/90699264
112	65	5	16	1571375/272097792
112	65	10	11	-9625/2125764
112	65	10	13	-9625/2125764
112	65	11	12	9625/2125764
112	65	13	14	9625/2125764
112	66	3	12	-4988246375/1586874322944
112	66	3	16	259203625/1586874322944
112	66	5	14	-4988246375/1586874322944
112	66	5	16	259203625/1586874322944
112	66	10	11	-16811375/6198727824
112	66	10	13	-16811375/6198727824
112	66	11	12	-16811375/6198727824
112	66	13	14	-16811375/6198727824
112	67	3	12	-287817990625/342764853755904
112	67	3	16	-510431715625/1028294561267712
112	67	5	14	-287817990625/342764853755904
112	67	5	16	-510431715625/1028294561267712
112	67	10	11	-266590625/1004193907488
112	67	10	13	-266590625/1004193907488
112	67	11	12	266590625/1004193907488
112	67	13	14	266590625/1004193907488
112	68	2	13	1/3
112	68	2	16	1/3
112	68	3	13	1/3
112	68	3	17	1/3
112	68	5	16	1/3
112	68	5	17	1/3
112	69	2	12	-235/5103
112	69	2	14	-235/5103
112	69	3	12	-235/5103
112	69	3	15	-235/5103
112	69	5	14	-235/5103
112	69	5	15	-235/5103
112	70	2	12	-19325/8680203
112	70	2	14	-19325/8680203
112	70	3	12	-19325/8680203
112	70	3	15	-19325/8680203
112	70	5	14	-19325/8680203
112	70	5	15	-19325/8680203
112	71	2	12	39579875/14765025303
112	71	2	14	39579875/14765025303
112	71	3	12	39579875/14765025303
112	71	3	15	39579875/14765025303
112	71	5	14	39579875/14765025303
112	71	5	15	39579875/14765025303
112	72	2	12	-6090774875/25115308040403
112	72	2	14	-6090774875/25115308040403
112	72	3	12	-6090774875/25115308040403
112	72	3	15	-6090774875/25115308040403
112	72	5	14	-6090774875/25115308040403
112	72	5	15	-6090774875/25115308040403
112	73	2	12	-9326538559375/42721138976725503
112	73	2	14	-9326538559375/42721138976725503
112	73	3	12	-9326538559375/42721138976725503
112	73	3	15	-9326538559375/42721138976725503
112	73	5	14	-9326538559375/42721138976725503
112	73	5	15	-9326538559375/42721138976725503
112	74	4	9	1/3
112	74	4	13	1/3
112	74	6	9	1/3
112	74	6	15	1/3
112	74	10	13	1/3
112	74	10	15	1/3
112	75	3	8	-35/729
112	75	3	12	-35/729
112	75	5	8	-35/729
112	75	5	14	-35/729
112	75	9	12	-35/729
112	75	9	14	-35/729
112	76	3	8	-425/708588
112	76	3	12	-425/708588
112	76	5	8	-425/708588
112	76	5	14	-425/708588
112	76	9	12	-425/708588
112	76	9	14	-425/708588
112	77	3	8	387625/172186884
112	77	3	12	387625/172186884
112	77	5	8	387625/172186884
112	77	5	14	387625/172186884
112	77	9	12	387625/172186884
112	77	9	14	387625/172186884
112	78	3	8	-26574625/83682825624
112	78	3	12	-26574625/83682825624
112	78	5	8	-26574625/83682825624
112	78	5	14	-26574625/83682825624
112	78	9	12	-26574625/83682825624
112	78	9	14	-26574625/83682825624
112	79	3	8	-2801115625/20334926626632
112	79	3	12	-2801115625/20334926626632
112	79	5	8	-2801115625/20334926626632
112	79	5	14	-2801115625/20334926626632
112	79	9	12	-2801115625/20334926626632
112	79	9	14	-2801115625/20334926626632
112	86	1	16	1
112	86	1	17	1
112	86	5	15	1
112	86	5	17	1
112	86	10	15	1
112	86	10	16	1
112	87	1	14	17/54
112	87	1	15	17/54
112	87	5	13	41/216
112	87	5	15	-5/54
112	87	9	13	41/216
112	87	9	14	-5/54
112	88	1	14	109/1458
112	88	1	15	109/1458
112	88	5	13	545/46656
112	88	5	15	-23/1458
112	88	9	13	545/46656
112	88	9	14	-23/1458
112	89	1	14	323/39366
112	89	1	15	323/39366
112	89	5	13	-70807/10077696
112	89	5	15	235/39366
112	89	9	13	-70807/10077696
112	89	9	14	235/39366
112	90	1	14	-127391/42515280
112	90	1	15	-127391/42515280
112	90	5	13	-25092731/10883911680
112	90	5	15	20449/42515280
112	90	9	13	-25092731/10883911680
112	90	9	14	20449/42515280
112	91	1	14	-868615/459165024
112	91	1	15	-868615/459165024
112	91	5	13	73658345/470184984576
112	91	5	15	-267245/459165024
112	91	9	13	73658345/470184984576
112	91	9	14	-267245/459165024
112	92	1	12	1
112	92	1	14	1
112	92	3	7	1
112	92	3	14	1
112	92	5	7	1
112	92	5	12	1
112	93	1	11	700/2619
112	93	1	13	700/2619
112	93	3	7	-460/2619
112	93	3	13	-5/5238
112	93	5	7	-460/2619
112	93	5	11	-5/5238
112	94	1	11	317825/6859161
112	94	1	13	317825/6859161
112	94	3	7	39425/6859161
112	94	3	13	-688675/27436644
112	94	5	7	39425/6859161
112	94	5	11	-688675/27436644
112	95	1	11	-18567500/17964142659
112	95	1	13	-18567500/17964142659
112	95	3	7	140265500/17964142659
112	95	3	13	10330375/143713141272
112	95	5	7	140265500/17964142659
112	95	5	11	10330375/143713141272
112	96	1	11	-183090654250/47048089623921
112	96	1	13	-183090654250/47048089623921
112	96	3	7	-90814974250/47048089623921
112	96	3	13	1327958227625/752769433982736
112	96	5	7	-90814974250/47048089623921
112	96	5	11	1327958227625/752769433982736
112	97	1	11	-131976789875000/123218946725049099
112	97	1	13	-131976789875000/123218946725049099
112	97	3	7	-43916884825000/123218946725049099
112	97	3	13	-33200677428125/3943006295201571168
112	97	5	7	-43916884825000/123218946725049099
112	97	5	11	-33200677428125/3943006295201571168
112	104	2	5	1/2
112	104	2	9	1/2
112	104	3	5	1/2
112	104	3	9	1/2
112	105	2	5	-20/837
112	105	2	9	-20/837
112	105	3	5	-20/837
112	105	3	9	-20/837
112	106	2	5	-50225/4203414
112	106	2	9	-50225/4203414
112	106	3	5	-50225/4203414
112	106	3	9	-50225/4203414
112	107	2	5	1068500/586376253
112	107	2	9	1068500/586376253
112	107	3	5	1068500/586376253
112	107	3	9	1068500/586376253
112	108	2	5	3458010875/4417172313849
112	108	2	9	3458010875/4417172313849
112	108	3	5	3458010875/4417172313849
112	108	3	9	3458010875/4417172313849
112	109	2	5	-795406975000/3697173226691613
112	109	2	9	-795406975000/3697173226691613
112	109	3	5	-795406975000/3697173226691613
112	109	3	9	-795406975000/3697173226691613
113	56	8	14	1
113	56	9	14	1
113	56	10	12	1
113	56	10	13	1
113	57	6	12	-175/2106
113	57	7	12	-175/2106
113	57	8	10	-175/2106
113	57	8	11	-175/2106
113	58	6	12	-435625/31046652
113	58	7	12	-435625/31046652
113	58	8	10	-435625/31046652
113	58	8	11	-435625/31046652
113	59	6	12	43390625/9340607016
113	59	7	12	43390625/9340607016
113	59	8	10	43390625/9340607016
113	59	8	11	43390625/9340607016
113	60	6	12	56127734375/137699228629872
113	60	7	12	56127734375/137699228629872
113	60	8	10	56127734375/137699228629872
113	60	8	11	56127734375/137699228629872
113	61	6	12	-16312568359375/41427796499215776
113	61	7	12	-16312568359375/41427796499215776
113	61	8	10	-16312568359375/41427796499215776
113	61	8	11	-16312568359375/41427796499215776
113	62	4	7	2
113	62	5	6	2
113	62	5	11	2
113	62	7	11	2
113	63	3	6	50/81
113	63	4	5	50/81
113	63	4	10	-50/243
113	63	6	10	-50/243
113	64	3	6	20000/137781
113	64	4	5	20000/137781
113	64	4	10	-10000/413343
113	64	6	10	-10000/413343
113	65	3	6	62500/3720087
113	65	4	5	62500/3720087
113	65	4	10	1187500/100442349
113	65	6	10	1187500/100442349
113	66	3	6	-13281250/2711943423
113	66	4	5	-13281250/2711943423
113	66	4	10	781250/3486784401
113	66	6	10	781250/3486784401
113	67	3	6	-722656250/219667417263
113	67	4	5	-722656250/219667417263
113	67	4	10	-5996093750/5931020266101
113	67	6	10	-5996093750/5931020266101
113	68	2	3	2/3
113	68	2	5	2/3
113	68	3	5	2/3
113	69	2	3	950/5103
113	69	2	5	950/5103
113	69	3	5	950/5103
113	70	2	3	301250/8680203
113	70	2	5	301250/8680203
113	70	3	5	301250/8680203
113	71	2	3	593750/14765025303
113	71	2	5	593750/14765025303
113	71	3	5	593750/14765025303
113	72	2	3	-69749218750/25115308040403
113	72	2	5	-69749218750/25115308040403
113	72	3	5	-69749218750/25115308040403
113	73	2	3	-37584003906250/42721138976725503
113	73	2	5	-37584003906250/42721138976725503
113	73	3	5	-37584003906250/42721138976725503
113	80	4	6	1/2
113	80	4	14	1/2
113	80	6	16	1/2
113	80	14	16	1/2
113	81	4	6	-25/378
113	81	4	11	-25/378
113	81	6	13	-25/378
113	81	11	13	-25/378
113	82	4	6	-625/285768
113	82	4	11	-625/285768
113	82	6	13	-625/285768
113	82	11	13	-625/285768
113	83	4	6	171875/54010152
113	83	4	11	171875/54010152
113	83	6	13	171875/54010152
113	83	11	13	171875/54010152
113	84	4	6	-6640625/20415837456
113	84	4	11	-6640625/20415837456
113	84	6	13	-6640625/20415837456
113	84	11	13	-6640625/20415837456
113	85	4	6	-810546875/3858593279184
113	85	4	11	-810546875/3858593279184
113	85	6	13	-810546875/3858593279184
113	85	11	13	-810546875/3858593279184
113	86	1	4	2
113	86	2	4	2
113	86	2	5	2
113	86	3	4	2
113	86	3	10	2
113	86	4	5	2
113	86	4	10	2
113	87	1	4	65/108
113	87	2	4	-10/27
113	87	2	5	14/27
113	87	3	4	-10/27
113	87	3	9	14/27
113	87	4	5	-5/108
113	87	4	9	-5/108
113	88	1	4	21575/163296
113	88	2	4	100/5103
113	88	2	5	436/5103
113	88	3	4	100/5103
113	88	3	9	436/5103
113	88	4	5	-7825/163296
113	88	4	9	-7825/163296
113	89	1	4	362375/35271936
113	89	2	4	2000/137781
113	89	2	5	-64/19683
113	89	3	4	2000/137781
113	89	3	9	-64/19683
113	89	4	5	119125/35271936
113	89	4	9	119125/35271936
113	90	1	4	-52245625/7618738176
113	90	2	4	-16250/3720087
113	90	2	5	-27386/3720087
113	90	3	4	-16250/3720087
113	90	3	9	-27386/3720087
113	90	4	5	24404375/7618738176
113	90	4	9	24404375/7618738176
113	91	1	4	-789709375/235092492288
113	91	2	4	-6250/14348907
113	91	2	5	-26386/14348907
113	91	3	4	-6250/14348907
113	91	3	9	-26386/14348907
113	91	4	5	-90003125/235092492288
113	91	4	9	-90003125/235092492288
114	56	8	14	1/2
114	56	8	18	1/2
114	56	9	14	1/2
114	56	9	18	1/2
114	56	10	12	1/2
114	56	10	13	1/2
114	56	12	18	1/2
114	56	13	18	1/2
114	57	6	12	605/4212
114	57	6	16	-215/2106
114	57	7	12	605/4212
114	57	7	16	-215/2106
114	57	8	10	605/4212
114	57	8	11	605/4212
114	57	10	16	-215/2106
114	57	11	16	-215/2106
114	58	6	12	1996025/62093304
114	58	6	16	364075/31046652
114	58	7	12	1996025/62093304
114	58	7	16	364075/31046652
114	58	8	10	1996025/62093304
114	58	8	11	1996025/62093304
114	58	10	16	364075/31046652
114	58	11	16	364075/31046652
114	59	6	12	522553625/130768498224
114	59	6	16	43446125/32692124556
114	59	7	12	522553625/130768498224
114	59	7	16	43446125/32692124556
114	59	8	10	522553625/130768498224
114	59	8	11	522553625/130768498224
114	59	10	16	43446125/32692124556
114	59	11	16	43446125/32692124556
114	60	6	12	-177319889125/275398457259744
114	60	6	16	-32570051375/34424807157468
114	60	7	12	-177319889125/275398457259744
114	60	7	16	-32570051375/34424807157468
114	60	8	10	-177319889125/275398457259744
114	60	8	11	-177319889125/275398457259744
114	60	10	16	-32570051375/34424807157468
114	60	11	16	-32570051375/34424807157468
114	61	6	12	-298494166815625/579989150989020864
114	61	6	16	4473172690625/36249321936813804
114	61	7	12	-298494166815625/579989150989020864
114	61	7	16	4473172690625/36249321936813804
114	61	8	10	-298494166815625/579989150989020864
114	61	8	11	-298494166815625/579989150989020864
114	61	10	16	4473172690625/36249321936813804
114	61	11	16	4473172690625/36249321936813804
114	62	4	9	1
114	62	4	16	1
114	62	6	9	1
114	62	6	13	1
114	62	11	13	1
114	62	11	16	1
114	63	3	8	65/324
114	63	3	14	245/648
114	63	5	8	65/324
114	63	5	12	245/648
114	63	10	12	-485/1944
114	63	10	14	-485/1944
114	64	3	8	45175/2204496
114	64	3	14	1086325/8817984
114	64	5	8	45175/2204496
114	64	5	12	1086325/8817984
114	64	10	12	1123975/26453952
114	64	10	14	1123975/26453952
114	65	3	8	-908375/238085568
114	65	3	14	8609125/272097792
114	65	5	8	-908375/238085568
114	65	5	12	8609125/272097792
114	65	10	12	-38205875/51426482688
114	65	10	14	-38205875/51426482688
114	66	3	8	-1428747125/694257516288
114	66	3	14	50912905375/11108120260608
114	66	5	8	-1428747125/694257516288
114	66	5	12	50912905375/11108120260608
114	66	10	12	-241011601625/99973082345472
114	66	10	14	-241011601625/99973082345472
114	67	3	8	-39140928125/224939435277312
114	67	3	14	-910361571875/1028294561267712
114	67	5	8	-39140928125/224939435277312
114	67	5	12	-910361571875/1028294561267712
114	67	10	12	143438131928125/194347672079597568
114	67	10	14	143438131928125/194347672079597568
114	68	2	12	1/3
114	68	2	15	1/3
114	68	3	10	1/3
114	68	3	15	1/3
114	68	4	10	1/3
114	68	4	12	1/3
114	68	5	10	1/3
114	68	5	12	1/3
114	68	6	10	1/3
114	68	6	15	1/3
114	68	7	12	1/3
114	68	7	15	1/3
114	69	2	11	580/5103
114	69	2	13	580/5103
114	69	3	10	580/5103
114	69	3	13	580/5103
114	69	4	10	-130/5103
114	69	4	11	-130/5103
114	69	5	10	580/5103
114	69	5	11	580/5103
114	69	6	10	-130/5103
114	69	6	13	-130/5103
114	69	7	11	-130/5103
114	69	7	13	-130/5103
114	70	2	11	38725/1240029
114	70	2	13	38725/1240029
114	70	3	10	38725/1240029
114	70	3	13	38725/1240029
114	70	4	10	-48425/8680203
114	70	4	11	-48425/8680203
114	70	5	10	38725/1240029
114	70	5	11	38725/1240029
114	70	6	10	-48425/8680203
114	70	6	13	-48425/8680203
114	70	7	11	-48425/8680203
114	70	7	13	-48425/8680203
114	71	2	11	81446500/14765025303
114	71	2	13	81446500/14765025303
114	71	3	10	81446500/14765025303
114	71	3	13	81446500/14765025303
114	71	4	10	23279750/14765025303
114	71	4	11	23279750/14765025303
114	71	5	10	81446500/14765025303
114	71	5	11	81446500/14765025303
114	71	6	10	23279750/14765025303
114	71	6	13	23279750/14765025303
114	71	7	11	23279750/14765025303
114	71	7	13	23279750/14765025303
114	72	2	11	-6738424250/25115308040403
114	72	2	13	-6738424250/25115308040403
114	72	3	10	-6738424250/25115308040403
114	72	3	13	-6738424250/25115308040403
114	72	4	10	5610250750/25115308040403
114	72	4	11	5610250750/25115308040403
114	72	5	10	-6738424250/25115308040403
114	72	5	11	-6738424250/25115308040403
114	72	6	10	5610250750/25115308040403
114	72	6	13	5610250750/25115308040403
114	72	7	11	5610250750/25115308040403
114	72	7	13	5610250750/25115308040403
114	73	2	11	-27170309525000/42721138976725503
114	73	2	13	-27170309525000/42721138976725503
114	73	3	10	-27170309525000/42721138976725503
114	73	3	13	-27170309525000/42721138976725503
114	73	4	10	-6368526287500/42721138976725503
114	73	4	11	-6368526287500/42721138976725503
114	73	5	10	-27170309525000/42721138976725503
114	73	5	11	-27170309525000/42721138976725503
114	73	6	10	-6368526287500/42721138976725503
114	73	6	13	-6368526287500/42721138976725503
114	73	7	11	-6368526287500/42721138976725503
114	73	7	13	-6368526287500/42721138976725503
114	86	1	8	1
114	86	1	14	1
114	86	5	6	1
114	86	5	8	1
114	86	6	15	1
114	86	10	13	1
114	86	10	14	1
114	86	13	15	1
114	87	1	8	71/216
114	87	1	12	71/216
114	87	5	6	13/108
114	87	5	8	-35/216
114	87	6	13	-13/108
114	87	9	11	13/108
114	87	9	12	-35/216
114	87	11	13	-13/108
114	88	1	8	28319/326592
114	88	1	12	28319/326592
114	88	5	6	-559/81648
114	88	5	8	1607/326592
114	88	6	13	-559/81648
114	88	9	11	-559/81648
114	88	9	12	1607/326592
114	88	11	13	-559/81648
114	89	1	8	1021193/70543872
114	89	1	12	1021193/70543872
114	89	5	6	-52559/8817984
114	89	5	8	61645/10077696
114	89	6	13	52559/8817984
114	89	9	11	-52559/8817984
114	89	9	12	61645/10077696
114	89	11	13	52559/8817984
114	90	1	8	-67255757/76187381760
114	90	1	12	-67255757/76187381760
114	90	5	6	-1763177/4761711360
114	90	5	8	-106446077/76187381760
114	90	6	13	-1763177/4761711360
114	90	9	11	-1763177/4761711360
114	90	9	12	-106446077/76187381760
114	90	11	13	-1763177/4761711360
114	91	1	8	-5415103615/3291294892032
114	91	1	12	-5415103615/3291294892032
114	91	5	6	43225975/102852965376
114	91	5	8	-111262115/470184984576
114	91	6	13	-43225975/102852965376
114	91	9	11	43225975/102852965376
114	91	9	12	-111262115/470184984576
114	91	11	13	-43225975/102852965376
114	92	3	4	1
114	92	3	9	1
114	92	4	9	1
114	92	5	6	1
114	92	5	9	1
114	92	6	9	1
114	93	3	4	-1135/5238
114	93	3	9	805/2619
114	93	4	9	95/2619
114	93	5	6	-1135/5238
114	93	5	9	805/2619
114	93	6	9	95/2619
114	94	3	4	4793225/192056508
114	94	3	9	6960175/96028254
114	94	4	9	-1985825/96028254
114	94	5	6	4793225/192056508
114	94	5	9	6960175/96028254
114	94	6	9	-1985825/96028254
114	95	3	4	4148964125/1005991988904
114	95	3	9	314619875/35928285318
114	95	4	9	-589966625/251497997226
114	95	5	6	4148964125/1005991988904
114	95	5	9	314619875/35928285318
114	95	6	9	-589966625/251497997226
114	96	3	4	-13896760949125/5269386037879152
114	96	3	9	-1441086971375/658673254734894
114	96	4	9	779022678625/658673254734894
114	96	5	6	-13896760949125/5269386037879152
114	96	5	9	-1441086971375/658673254734894
114	96	6	9	779022678625/658673254734894
114	97	3	4	8072348575521875/27601044066410998176
114	97	3	9	-384908358503125/246437893450098198
114	97	4	9	405820975834375/1725065254150687386
114	97	5	6	8072348575521875/27601044066410998176
114	97	5	9	-384908358503125/246437893450098198
114	97	6	9	405820975834375/1725065254150687386
114	98	2	6	1/4
114	98	2	11	1/4
114	98	3	7	1/4
114	98	3	12	1/4
114	98	5	6	1/4
114	98	5	7	1/4
114	98	10	11	1/4
114	98	10	12	1/4
114	99	2	6	-65/1539
114	99	2	10	-65/1539
114	99	3	7	-65/1539
114	99	3	11	-65/1539
114	99	5	6	-65/1539
114	99	5	7	-65/1539
114	99	9	10	-65/1539
114	99	9	11	-65/1539
114	100	2	6	19825/22106196
114	100	2	10	19825/22106196
114	100	3	7	19825/22106196
114	100	3	11	19825/22106196
114	100	5	6	19825/22106196
114	100	5	7	19825/22106196
114	100	9	10	19825/22106196
114	100	9	11	19825/22106196
114	101	2	6	49918375/25516076733
114	101	2	10	49918375/25516076733
114	101	3	7	49918375/25516076733
114	101	3	11	49918375/25516076733
114	101	5	6	49918375/25516076733
114	101	5	7	49918375/25516076733
114	101	9	10	49918375/25516076733
114	101	9	11	49918375/25516076733
114	102	2	6	-33675594875/78538484184174
114	102	2	10	-33675594875/78538484184174
114	102	3	7	-33675594875/78538484184174
114	102	3	11	-33675594875/78538484184174
114	102	5	6	-33675594875/78538484184174
114	102	5	7	-33675594875/78538484184174
114	102	9	10	-33675594875/78538484184174
114	102	9	11	-33675594875/78538484184174
114	103	2	6	-6152053131250/60435363579721893
114	103	2	10	-6152053131250/60435363579721893
114	103	3	7	-6152053131250/60435363579721893
114	103	3	11	-6152053131250/60435363579721893
114	103	5	6	-6152053131250/60435363579721893
114	103	5	7	-6152053131250/60435363579721893
114	103	9	10	-6152053131250/60435363579721893
114	103	9	11	-6152053131250/60435363579721893
115	56	8	18	1
115	56	9	18	1
115	56	12	18	1
115	56	13	18	1
115	57	6	16	175/1053
115	57	7	16	175/1053
115	57	10	16	175/1053
115	57	11	16	175/1053
115	58	6	16	137875/15523326
115	58	7	16	137875/15523326
115	58	10	16	137875/15523326
115	58	11	16	137875/15523326
115	59	6	16	-11096875/2335151754
115	59	7	16	-11096875/2335151754
115	59	10	16	-11096875/2335151754
115	59	11	16	-11096875/2335151754
115	60	6	16	-23396159375/17212403578734
115	60	7	16	-23396159375/17212403578734
115	60	10	16	-23396159375/17212403578734
115	60	11	16	-23396159375/17212403578734
115	61	6	16	216456640625/2589237281200986
115	61	7	16	216456640625/2589237281200986
115	61	10	16	216456640625/2589237281200986
115	61	11	16	216456640625/2589237281200986
115	62	4	18	2
115	62	6	18	2
115	63	3	16	175/324
115	63	5	16	175/324
115	64	3	16	464125/4408992
115	64	5	16	464125/4408992
115	65	3	16	884375/136048896
115	65	5	16	884375/136048896
115	66	3	16	-26770240625/5554060130304
115	66	5	16	-26770240625/5554060130304
115	67	3	16	-1032178515625/514147280633856
115	67	5	16	-1032178515625/514147280633856
115	68	10	12	2/3
115	68	10	13	2/3
115	68	10	15	2/3
115	68	10	16	2/3
115	68	12	13	2/3
115	68	12	15	2/3
115	68	12	17	2/3
115	68	15	16	2/3
115	68	15	17	2/3
115	69	10	11	740/5103
115	69	10	12	-680/5103
115	69	10	13	740/5103
115	69	10	14	-680/5103
115	69	11	12	-680/5103
115	69	11	13	740/5103
115	69	11	15	-680/5103
115	69	13	14	-680/5103
115	69	13	15	-680/5103
115	70	10	11	139550/8680203
115	70	10	12	13850/1240029
115	70	10	13	139550/8680203
115	70	10	14	13850/1240029
115	70	11	12	13850/1240029
115	70	11	13	139550/8680203
115	70	11	15	13850/1240029
115	70	13	14	13850/1240029
115	70	13	15	13850/1240029
115	71	10	11	-47711500/14765025303
115	71	10	12	58327000/14765025303
115	71	10	13	-47711500/14765025303
115	71	10	14	58327000/14765025303
115	71	11	12	58327000/14765025303
115	71	11	13	-47711500/14765025303
115	71	11	15	58327000/14765025303
115	71	13	14	58327000/14765025303
115	71	13	15	58327000/14765025303
115	72	10	11	-47557442500/25115308040403
115	72	10	12	-41156792500/25115308040403
115	72	10	13	-47557442500/25115308040403
115	72	10	14	-41156792500/25115308040403
115	72	11	12	-41156792500/25115308040403
115	72	11	13	-47557442500/25115308040403
115	72	11	15	-41156792500/25115308040403
115	72	13	14	-41156792500/25115308040403
115	72	13	15	-41156792500/25115308040403
115	73	10	11	-7453129225000/42721138976725503
115	73	10	12	783646450000/42721138976725503
115	73	10	13	-7453129225000/42721138976725503
115	73	10	14	783646450000/42721138976725503
115	73	11	12	783646450000/42721138976725503
115	73	11	13	-7453129225000/42721138976725503
115	73	11	15	783646450000/42721138976725503
115	73	13	14	783646450000/42721138976725503
115	73	13	15	783646450000/42721138976725503
115	86	1	18	2
115	87	1	16	77/108
115	88	1	16	34343/163296
115	89	1	16	220253/5038848
115	90	1	16	11867687/7618738176
115	91	1	16	-835053043/235092492288
115	92	9	12	2
115	92	9	13	2
115	92	9	14	2
115	92	9	15	2
115	92	12	14	2
115	93	9	11	770/2619
115	93	9	12	-650/2619
115	93	9	13	770/2619
115	93	9	14	-650/2619
115	93	11	13	-635/2619
115	94	9	11	-95225/48014127
115	94	9	12	-691625/48014127
115	94	9	13	-95225/48014127
115	94	9	14	-691625/48014127
115	94	11	13	-1518175/96028254
115	95	9	11	-243978625/17964142659
115	95	9	12	1635521875/125748998613
115	95	9	13	-243978625/17964142659
115	95	9	14	1635521875/125748998613
115	95	11	13	6476793625/502995994452
115	96	9	11	-680528369375/329336627367447
115	96	9	12	-39596665625/47048089623921
115	96	9	13	-680528369375/329336627367447
115	96	9	14	-39596665625/47048089623921
115	96	11	13	-1826816483125/2634693018939576
115	97	9	11	99059312309375/123218946725049099
115	97	9	12	-836635155078125/862532627075343693
115	97	9	13	99059312309375/123218946725049099
115	97	9	14	-836635155078125/862532627075343693
115	97	11	13	-13537796611090625/13800522033205499088
115	104	5	6	1
115	104	5	7	1
115	104	9	10	1
115	104	9	11	1
115	105	5	6	-325/1674
115	105	5	7	-325/1674
115	105	9	10	-325/1674
115	105	9	11	-325/1674
115	106	5	6	830875/58847796
115	106	5	7	830875/58847796
115	106	9	10	830875/58847796
115	106	9	11	830875/58847796
115	107	5	6	210559375/32837070168
115	107	5	7	210559375/32837070168
115	107	9	10	210559375/32837070168
115	107	9	11	210559375/32837070168
115	108	5	6	-1164855678125/494723299151088
115	108	5	7	-1164855678125/494723299151088
115	108	9	10	-1164855678125/494723299151088
115	108	9	11	-1164855678125/494723299151088
115	109	5	6	-50682140234375/828166802778921312
115	109	5	7	-50682140234375/828166802778921312
115	109	9	10	-50682140234375/828166802778921312
115	109	9	11	-50682140234375/828166802778921312
116	56	16	16	1
116	56	17	17	1
116	57	14	14	-110/351
116	57	15	15	-110/351
116	58	14	14	68125/862407
116	58	15	15	68125/862407
116	59	14	14	-3847250/302704857
116	59	15	15	-3847250/302704857
116	60	14	14	-68582750/106249404807
116	60	15	15	-68582750/106249404807
116	61	14	14	6776687500/5327648726751
116	61	15	15	6776687500/5327648726751
116	62	8	8	2
116	62	8	12	4
116	62	8	15	4
116	62	8	17	4
116	63	7	7	5/108
116	63	7	11	10/9
116	63	7	13	10/9
116	63	7	15	-25/27
116	64	7	7	-6625/163296
116	64	7	11	1150/5103
116	64	7	13	1150/5103
116	64	7	15	2675/20412
116	65	7	7	-101125/35271936
116	65	7	11	250/15309
116	65	7	13	250/15309
116	65	7	15	18125/2204496
116	66	7	7	17480375/7618738176
116	66	7	11	-147125/14880348
116	66	7	13	-147125/14880348
116	66	7	15	-2484625/238085568
116	67	7	7	453921875/1645647446016
116	67	7	11	-171875/38263752
116	67	7	13	-171875/38263752
116	67	7	15	52765625/25713241344
116	74	4	14	4/3
116	74	6	12	4/3
116	74	8	10	4/3
116	75	3	13	40/81
116	75	5	11	40/81
116	75	7	9	40/81
116	76	3	13	2375/15309
116	76	5	11	2375/15309
116	76	7	9	2375/15309
116	77	3	13	15250/413343
116	77	5	11	15250/413343
116	77	7	9	15250/413343
116	78	3	13	86125/22320522
116	78	5	11	86125/22320522
116	78	7	9	86125/22320522
116	79	3	13	-78125/43046721
116	79	5	11	-78125/43046721
116	79	7	9	-78125/43046721
116	92	1	8	4
116	93	1	8	-40/291
116	94	1	8	-156500/1778301
116	95	1	8	1621000/172495197
116	96	1	8	2424901000/451764920943
116	97	1	8	-18719750000/18780513142059
116	98	1	8	1
116	98	1	13	1
116	98	1	15	1
116	98	1	17	1
116	99	1	8	-10/171
116	99	1	12	-10/171
116	99	1	14	-10/171
116	99	1	15	-10/171
116	100	1	8	-14050/614061
116	100	1	12	-14050/614061
116	100	1	14	-14050/614061
116	100	1	15	-14050/614061
116	101	1	8	51500/11667159
116	101	1	12	51500/11667159
116	101	1	14	51500/11667159
116	101	1	15	51500/11667159
116	102	1	8	75889000/53867273103
116	102	1	12	75889000/53867273103
116	102	1	14	75889000/53867273103
116	102	1	15	75889000/53867273103
116	103	1	8	-4738250000/9211303700613
116	103	1	12	-4738250000/9211303700613
116	103	1	14	-4738250000/9211303700613
116	103	1	15	-4738250000/9211303700613
116	104	1	4	2
116	105	1	4	-40/279
116	106	1	4	-20750/544887
116	107	1	4	1469000/152023473
116	108	1	4	11123500/6059221281
116	109	1	4	-11823250000/11833659161793
117	56	16	16	1
117	56	17	17	1
117	57	14	14	20/351
117	57	15	15	20/351
117	58	14	14	-16700/862407
117	58	15	15	-16700/862407
117	59	14	14	-1114000/302704857
117	59	15	15	-1114000/302704857
117	60	14	14	106420000/106249404807
117	60	15	15	106420000/106249404807
117	61	14	14	1953200000/5327648726751
117	61	15	15	1953200000/5327648726751
117	62	12	17	4
117	62	15	17	4
117	63	11	15	20/27
117	63	13	15	20/27
117	64	11	15	200/5103
117	64	13	15	200/5103
117	65	11	15	-4000/137781
117	65	13	15	-4000/137781
117	66	11	15	-32500/3720087
117	66	13	15	-32500/3720087
117	67	11	15	12500/14348907
117	67	13	15	12500/14348907
117	74	4	16	4/3
117	74	6	16	4/3
117	74	8	8	2/3
117	74	8	16	4/3
117	74	10	16	4/3
117	74	12	12	2/3
117	74	12	16	4/3
117	74	14	14	2/3
117	74	14	16	4/3
117	75	3	15	80/243
117	75	5	15	80/243
117	75	7	7	5/81
117	75	7	15	-20/81
117	75	9	15	80/243
117	75	11	11	5/81
117	75	11	15	-20/81
117	75	13	13	5/81
117	75	13	15	-20/81
117	76	3	15	6700/137781
117	76	5	15	6700/137781
117	76	7	7	-325/30618
117	76	7	15	200/15309
117	76	9	15	6700/137781
117	76	11	11	-325/30618
117	76	11	15	200/15309
117	76	13	13	-325/30618
117	76	13	15	200/15309
117	77	3	15	-46000/11160261
117	77	5	15	-46000/11160261
117	77	7	7	-6625/1653372
117	77	7	15	4000/413343
117	77	9	15	-46000/11160261
117	77	11	11	-6625/1653372
117	77	11	15	4000/413343
117	77	13	13	-6625/1653372
117	77	13	15	4000/413343
117	78	3	15	-4295000/903981141
117	78	5	15	-4295000/903981141
117	78	7	7	29375/89282088
117	78	7	15	-32500/11160261
117	78	9	15	-4295000/903981141
117	78	11	11	29375/89282088
117	78	11	15	-32500/11160261
117	78	13	13	29375/89282088
117	78	13	15	-32500/11160261
117	79	3	15	-9700000/10460353203
117	79	5	15	-9700000/10460353203
117	79	7	7	1896875/4821232752
117	79	7	15	-12500/43046721
117	79	9	15	-9700000/10460353203
117	79	11	11	1896875/4821232752
117	79	11	15	-12500/43046721
117	79	13	13	1896875/4821232752
117	79	13	15	-12500/43046721
117	92	1	17	4
117	93	1	16	-80/873
117	94	1	16	-570800/5334903
117	95	1	16	34696000/4657370319
117	96	1	16	32480080000/4065884288487
117	97	1	16	-477252800000/507073854835593
117	104	1	14	2
117	104	1	16	2
117	105	1	14	-40/279
117	105	1	15	-40/279
117	106	1	14	-25400/544887
117	106	1	15	-25400/544887
117	107	1	14	1748000/152023473
117	107	1	15	1748000/152023473
117	108	1	14	120040000/42414548967
117	108	1	15	120040000/42414548967
117	109	1	14	-16784800000/11833659161793
117	109	1	15	-16784800000/11833659161793
117	110	1	4	1/3
117	110	1	6	1/3
117	110	1	7	1/3
117	110	1	10	1/3
117	110	1	11	1/3
117	110	1	13	1/3
117	111	1	4	-5/162
117	111	1	6	-5/162
117	111	1	7	-5/162
117	111	1	10	-5/162
117	111	1	11	-5/162
117	111	1	13	-5/162
117	112	1	4	-775/122472
117	112	1	6	-775/122472
117	112	1	7	-775/122472
117	112	1	10	-775/122472
117	112	1	11	-775/122472
117	112	1	13	-775/122472
117	113	1	4	15125/6613488
117	113	1	6	15125/6613488
117	113	1	7	15125/6613488
117	113	1	10	15125/6613488
117	113	1	11	15125/6613488
117	113	1	13	15125/6613488
117	114	1	4	93125/357128352
117	114	1	6	93125/357128352
117	114	1	7	93125/357128352
117	114	1	10	93125/357128352
117	114	1	11	93125/357128352
117	114	1	13	93125/357128352
117	115	1	4	-709375/2754990144
117	115	1	6	-709375/2754990144
117	115	1	7	-709375/2754990144
117	115	1	10	-709375/2754990144
117	115	1	11	-709375/2754990144
117	115	1	13	-709375/2754990144
118	56	16	17	2
118	57	14	15	-400/1053
118	58	14	15	227200/7761663
118	59	14	15	87680000/8173031139
118	60	14	15	-35320832000/8606201789367
118	61	14	15	-1024000000/1294618640600493
118	62	5	12	4
118	62	7	15	4
118	63	4	11	80/81
118	63	6	13	80/81
118	64	4	11	20800/137781
118	64	6	13	20800/137781
118	65	4	11	-32000/3720087
118	65	6	13	-32000/3720087
118	66	4	11	-35456000/2711943423
118	66	6	13	-35456000/2711943423
118	67	4	11	-89600000/31381059609
118	67	6	13	-89600000/31381059609
118	74	4	15	4/3
118	74	6	13	4/3
118	74	9	10	4/3
118	75	3	14	40/729
118	75	5	12	40/729
118	75	8	9	40/729
118	76	3	14	-35600/1240029
118	76	5	12	-35600/1240029
118	76	8	9	-35600/1240029
118	77	3	14	-1124000/301327047
118	77	5	12	-1124000/301327047
118	77	8	9	-1124000/301327047
118	78	3	14	124696000/73222472421
118	78	5	12	124696000/73222472421
118	78	8	9	124696000/73222472421
118	79	3	14	998800000/2541865828329
118	79	5	12	998800000/2541865828329
118	79	8	9	998800000/2541865828329
118	80	4	4	1/2
118	80	6	6	1/2
118	80	14	14	1/2
118	80	16	16	1/2
118	81	4	4	5/189
118	81	6	6	5/189
118	81	11	11	5/189
118	81	13	13	5/189
118	82	4	4	-50/5103
118	82	6	6	-50/5103
118	82	11	11	-50/5103
118	82	13	13	-50/5103
118	83	4	4	-11500/6751269
118	83	6	6	-11500/6751269
118	83	11	11	-11500/6751269
118	83	13	13	-11500/6751269
118	84	4	4	661000/1275989841
118	84	6	6	661000/1275989841
118	84	11	11	661000/1275989841
118	84	13	13	661000/1275989841
118	85	4	4	40850000/241162079949
118	85	6	6	40850000/241162079949
118	85	11	11	40850000/241162079949
118	85	13	13	40850000/241162079949
118	86	2	16	4
118	86	3	17	4
118	87	2	14	-16/27
118	87	3	15	-16/27
118	88	2	14	-64/5103
118	88	3	15	-64/5103
118	89	2	14	4352/137781
118	89	3	15	4352/137781
118	90	2	14	-11264/2657205
118	90	3	15	-11264/2657205
118	91	2	14	-225280/100442349
118	91	3	15	-225280/100442349
118	92	1	7	4
118	93	1	7	3040/2619
118	94	1	7	11206400/48014127
118	95	1	7	967936000/125748998613
118	96	1	7	-5403633664000/329336627367447
118	97	1	7	-761297715200000/123218946725049099
118	104	2	3	2
118	105	2	3	-560/2511
118	106	2	3	-1283200/44135847
118	107	2	3	241792000/15832158831
118	108	2	3	99765248000/278281855772487
118	109	2	3	-155508531200000/99823677120673551
119	56	16	17	2
119	57	14	15	380/1053
119	58	14	15	170650/7761663
119	59	14	15	-94781500/8173031139
119	60	14	15	-31850397500/8606201789367
119	61	14	15	256710425000/1294618640600493
119	62	12	13	4
119	62	15	16	4
119	63	11	12	50/81
119	63	13	14	50/81
119	64	11	12	250/137781
119	64	13	14	250/137781
119	65	11	12	-106250/3720087
119	65	13	14	-106250/3720087
119	66	11	12	-53928125/10847773692
119	66	13	14	-53928125/10847773692
119	67	11	12	409765625/251048476872
119	67	13	14	409765625/251048476872
119	74	4	17	4/3
119	74	6	17	4/3
119	74	10	17	4/3
119	75	3	16	-80/729
119	75	5	16	-80/729
119	75	9	16	-80/729
119	76	3	16	-27425/1240029
119	76	5	16	-27425/1240029
119	76	9	16	-27425/1240029
119	77	3	16	2093500/301327047
119	77	5	16	2093500/301327047
119	77	9	16	2093500/301327047
119	78	3	16	121938125/146444944842
119	78	5	16	121938125/146444944842
119	78	9	16	121938125/146444944842
119	79	3	16	-1702643750/2541865828329
119	79	5	16	-1702643750/2541865828329
119	79	9	16	-1702643750/2541865828329
119	86	15	15	2
119	87	13	13	23/108
119	88	13	13	-4537/163296
119	89	13	13	-483391/35271936
119	90	13	13	2964167/7618738176
119	91	13	13	2165783201/1645647446016
119	92	1	16	4
119	92	3	16	4
119	92	5	16	4
119	93	1	15	3160/2619
119	93	3	15	-1300/2619
119	93	5	15	-1300/2619
119	94	1	15	12479300/48014127
119	94	3	15	-2038000/48014127
119	94	5	15	-2038000/48014127
119	95	1	15	1965757000/125748998613
119	95	3	15	3909425000/125748998613
119	95	5	15	3909425000/125748998613
119	96	1	15	-5304624595000/329336627367447
119	96	3	15	-358010162500/329336627367447
119	96	5	15	-358010162500/329336627367447
119	97	1	15	-879538904150000/123218946725049099
119	97	3	15	-2441854735937500/862532627075343693
119	97	5	15	-2441854735937500/862532627075343693
119	110	2	3	1/3
119	110	2	5	1/3
119	110	2	9	1/3
119	110	3	5	1/3
119	110	3	9	1/3
119	110	5	9	1/3
119	111	2	3	-85/3888
119	111	2	5	-85/3888
119	111	2	9	-85/3888
119	111	3	5	-85/3888
119	111	3	9	-85/3888
119	111	5	9	-85/3888
119	112	2	3	-258425/35271936
119	112	2	5	-258425/35271936
119	112	2	9	-258425/35271936
119	112	3	5	-258425/35271936
119	112	3	9	-258425/35271936
119	112	5	9	-258425/35271936
119	113	2	3	74496125/45712429056
119	113	2	5	74496125/45712429056
119	113	2	9	74496125/45712429056
119	113	3	5	74496125/45712429056
119	113	3	9	74496125/45712429056
119	113	5	9	74496125/45712429056
119	114	2	3	25162654375/59243308056576
119	114	2	5	25162654375/59243308056576
119	114	2	9	25162654375/59243308056576
119	114	3	5	25162654375/59243308056576
119	114	3	9	25162654375/59243308056576
119	114	5	9	25162654375/59243308056576
119	115	2	3	-14365183121875/76779327241322496
119	115	2	5	-14365183121875/76779327241322496
119	115	2	9	-14365183121875/76779327241322496
119	115	3	5	-14365183121875/76779327241322496
119	115	3	9	-14365183121875/76779327241322496
119	115	5	9	-14365183121875/76779327241322496
120	56	5	16	1
120	56	5	17	1
120	57	4	14	-140/1053
120	57	4	15	-140/1053
120	58	4	14	-6400/1108809
120	58	4	15	-6400/1108809
120	59	4	14	8176000/1167575877
120	59	4	15	8176000/1167575877
120	60	4	14	-780640000/1229457398481
120	60	4	15	-780640000/1229457398481
120	61	4	14	-665302400000/1294618640600493
120	61	4	15	-665302400000/1294618640600493
120	62	2	5	2
120	62	2	7	2
120	62	5	15	2
120	62	7	12	2
120	63	2	4	100/243
120	63	2	6	100/243
120	64	2	4	2000/59049
120	64	2	6	2000/59049
120	64	4	13	-1000/19683
120	64	6	11	-1000/19683
120	65	2	4	-200000/14348907
120	65	2	6	-200000/14348907
120	66	2	4	-19900000/3486784401
120	66	2	6	-19900000/3486784401
120	66	4	13	1400000/387420489
120	66	6	11	1400000/387420489
120	67	2	4	25000000/847288609443
120	67	2	6	25000000/847288609443
120	74	2	4	2/3
120	74	2	5	2/3
120	74	2	6	2/3
120	74	2	7	2/3
120	74	2	10	2/3
120	74	2	11	2/3
120	75	2	3	140/729
120	75	2	4	-250/2187
120	75	2	5	140/729
120	75	2	6	-250/2187
120	75	2	9	140/729
120	75	2	10	-250/2187
120	76	2	3	6800/177147
120	76	2	4	4250/1594323
120	76	2	5	6800/177147
120	76	2	6	4250/1594323
120	76	2	9	6800/177147
120	76	2	10	4250/1594323
120	77	2	3	56000/43046721
120	77	2	4	6218750/1162261467
120	77	2	5	56000/43046721
120	77	2	6	6218750/1162261467
120	77	2	9	56000/43046721
120	77	2	10	6218750/1162261467
120	78	2	3	-27580000/10460353203
120	78	2	4	-1022368750/847288609443
120	78	2	5	-27580000/10460353203
120	78	2	6	-1022368750/847288609443
120	78	2	9	-27580000/10460353203
120	78	2	10	-1022368750/847288609443
120	79	2	3	-2518600000/2541865828329
120	79	2	4	-171566406250/617673396283947
120	79	2	5	-2518600000/2541865828329
120	79	2	6	-171566406250/617673396283947
120	79	2	9	-2518600000/2541865828329
120	79	2	10	-171566406250/617673396283947
120	80	2	7	1/2
120	80	2	18	1/2
120	80	3	12	1/2
120	80	3	17	1/2
120	80	4	7	1/2
120	80	4	12	1/2
120	80	5	12	1/2
120	80	5	15	1/2
120	80	6	7	1/2
120	80	6	12	1/2
120	80	7	11	1/2
120	80	7	14	1/2
120	80	7	16	1/2
120	80	8	11	1/2
120	80	12	14	1/2
120	80	12	16	1/2
120	81	2	7	235/1512
120	81	2	15	25/3024
120	81	3	10	235/1512
120	81	3	14	25/3024
120	81	4	7	-25/378
120	81	4	10	-25/378
120	81	5	10	235/1512
120	81	5	12	25/3024
120	81	6	7	-25/378
120	81	6	10	-25/378
120	81	7	9	235/1512
120	81	7	11	-25/378
120	81	7	13	-25/378
120	81	8	9	25/3024
120	81	10	11	-25/378
120	81	10	13	-25/378
120	82	2	7	41225/1143072
120	82	2	15	-55375/4572288
120	82	3	10	41225/1143072
120	82	3	14	-55375/4572288
120	82	4	7	-125/35721
120	82	4	10	-125/35721
120	82	5	10	41225/1143072
120	82	5	12	-55375/4572288
120	82	6	7	-125/35721
120	82	6	10	-125/35721
120	82	7	9	41225/1143072
120	82	7	11	-125/35721
120	82	7	13	-125/35721
120	82	8	9	-55375/4572288
120	82	10	11	-125/35721
120	82	10	13	-125/35721
120	83	2	7	3107875/864162432
120	83	2	15	-4184375/6913299456
120	83	3	10	3107875/864162432
120	83	3	14	-4184375/6913299456
120	83	4	7	25000/6751269
120	83	4	10	25000/6751269
120	83	5	10	3107875/864162432
120	83	5	12	-4184375/6913299456
120	83	6	7	25000/6751269
120	83	6	10	25000/6751269
120	83	7	9	3107875/864162432
120	83	7	11	25000/6751269
120	83	7	13	25000/6751269
120	83	8	9	-4184375/6913299456
120	83	10	11	25000/6751269
120	83	10	13	25000/6751269
120	84	2	7	-1040299375/653306798592
120	84	2	15	8571190625/10452908777472
120	84	3	10	-1040299375/653306798592
120	84	3	14	8571190625/10452908777472
120	84	4	7	-746875/2551979682
120	84	4	10	-746875/2551979682
120	84	5	10	-1040299375/653306798592
120	84	5	12	8571190625/10452908777472
120	84	6	7	-746875/2551979682
120	84	6	10	-746875/2551979682
120	84	7	9	-1040299375/653306798592
120	84	7	11	-746875/2551979682
120	84	7	13	-746875/2551979682
120	84	8	9	8571190625/10452908777472
120	84	10	11	-746875/2551979682
120	84	10	13	-746875/2551979682
120	85	2	7	-455359353125/493899939735552
120	85	2	15	1088859765625/15804798071537664
120	85	3	10	-455359353125/493899939735552
120	85	3	14	1088859765625/15804798071537664
120	85	4	7	-141015625/482324159898
120	85	4	10	-141015625/482324159898
120	85	5	10	-455359353125/493899939735552
120	85	5	12	1088859765625/15804798071537664
120	85	6	7	-141015625/482324159898
120	85	6	10	-141015625/482324159898
120	85	7	9	-455359353125/493899939735552
120	85	7	11	-141015625/482324159898
120	85	7	13	-141015625/482324159898
120	85	8	9	1088859765625/15804798071537664
120	85	10	11	-141015625/482324159898
120	85	10	13	-141015625/482324159898
120	86	2	2	1
120	86	2	7	2
120	86	3	3	1
120	86	3	11	2
120	87	2	2	4/27
120	87	2	7	-4/27
120	87	3	3	4/27
120	87	3	10	-4/27
120	88	2	2	-4/729
120	88	2	7	-32/729
120	88	3	3	-4/729
120	88	3	10	-32/729
120	89	2	2	-176/19683
120	89	2	7	224/19683
120	89	3	3	-176/19683
120	89	3	10	224/19683
120	90	2	2	-544/531441
120	90	2	7	1312/531441
120	90	3	3	-544/531441
120	90	3	10	1312/531441
120	91	2	2	10624/14348907
120	91	2	7	-19264/14348907
120	91	3	3	10624/14348907
120	91	3	10	-19264/14348907
120	92	1	2	2
120	93	1	2	1400/2619
120	94	1	2	592000/6859161
120	95	1	2	-128800000/17964142659
120	96	1	2	-449758400000/47048089623921
120	97	1	2	-257034400000000/123218946725049099
121	56	5	16	1
121	56	5	17	1
121	57	4	14	250/1053
121	57	4	15	250/1053
121	58	4	14	266225/7761663
121	58	4	15	266225/7761663
121	59	4	14	-19081250/8173031139
121	59	4	15	-19081250/8173031139
121	60	4	14	-25150324750/8606201789367
121	60	4	15	-25150324750/8606201789367
121	61	4	14	-751174062500/1294618640600493
121	61	4	15	-751174062500/1294618640600493
121	62	2	13	2
121	62	2	16	2
121	62	12	16	2
121	62	13	15	2
121	63	2	12	215/486
121	63	2	14	215/486
121	63	11	14	-5/27
121	63	12	13	-5/27
121	64	2	12	165475/3306744
121	64	2	14	165475/3306744
121	64	11	14	-4225/137781
121	64	12	13	-4225/137781
121	65	2	12	-32405875/3214155168
121	65	2	14	-32405875/3214155168
121	65	11	14	14500/1240029
121	65	12	13	14500/1240029
121	66	2	12	-18893536625/3124158823296
121	66	2	14	-18893536625/3124158823296
121	66	11	14	19262875/21695547384
121	66	12	13	19262875/21695547384
121	67	2	12	-1748648884375/3036682376243712
121	67	2	14	-1748648884375/3036682376243712
121	67	11	14	-186728125/167365651248
121	67	12	13	-186728125/167365651248
121	74	4	5	2/3
121	74	6	7	2/3
121	74	10	11	2/3
121	75	3	4	80/729
121	75	5	6	80/729
121	75	9	10	80/729
121	76	3	4	5275/2480058
121	76	5	6	5275/2480058
121	76	9	10	5275/2480058
121	77	3	4	-1475500/301327047
121	77	5	6	-1475500/301327047
121	77	9	10	-1475500/301327047
121	78	3	4	-303074875/292889889684
121	78	5	6	-303074875/292889889684
121	78	9	10	-303074875/292889889684
121	79	3	4	629693750/2541865828329
121	79	5	6	629693750/2541865828329
121	79	9	10	629693750/2541865828329
121	80	2	8	1/2
121	80	2	19	1/2
121	80	3	15	1/2
121	80	3	19	1/2
121	80	5	17	1/2
121	80	5	19	1/2
121	80	11	18	1/2
121	80	11	19	1/2
121	81	2	8	305/3024
121	81	2	16	-5/108
121	81	3	12	305/3024
121	81	3	16	-5/108
121	81	5	14	305/3024
121	81	5	16	-5/108
121	81	9	15	305/3024
121	81	9	16	-5/108
121	82	2	8	40325/4572288
121	82	2	16	-8275/1143072
121	82	3	12	40325/4572288
121	82	3	16	-8275/1143072
121	82	5	14	40325/4572288
121	82	5	16	-8275/1143072
121	82	9	15	40325/4572288
121	82	9	16	-8275/1143072
121	83	2	8	-19847875/6913299456
121	83	2	16	173125/61725888
121	83	3	12	-19847875/6913299456
121	83	3	16	173125/61725888
121	83	5	14	-19847875/6913299456
121	83	5	16	173125/61725888
121	83	9	15	-19847875/6913299456
121	83	9	16	173125/61725888
121	84	2	8	-12984442375/10452908777472
121	84	2	16	8763625/46664771328
121	84	3	12	-12984442375/10452908777472
121	84	3	16	8763625/46664771328
121	84	5	14	-12984442375/10452908777472
121	84	5	16	8763625/46664771328
121	84	9	15	-12984442375/10452908777472
121	84	9	16	8763625/46664771328
121	85	2	8	-453981634375/15804798071537664
121	85	2	16	-645915625/2519897651712
121	85	3	12	-453981634375/15804798071537664
121	85	3	16	-645915625/2519897651712
121	85	5	14	-453981634375/15804798071537664
121	85	5	16	-645915625/2519897651712
121	85	9	15	-453981634375/15804798071537664
121	85	9	16	-645915625/2519897651712
121	86	7	15	2
121	86	11	15	2
121	87	7	13	-13/54
121	87	10	13	-13/54
121	88	7	13	-925/40824
121	88	10	13	-925/40824
121	89	7	13	66833/4408992
121	89	10	13	66833/4408992
121	90	7	13	-114371/340122240
121	90	10	13	-114371/340122240
121	91	7	13	-71821555/51426482688
121	91	10	13	-71821555/51426482688
121	92	1	10	2
121	92	2	10	2
121	92	3	3	1
121	92	3	10	2
121	92	5	5	1
121	92	5	10	2
121	93	1	10	1460/2619
121	93	2	10	-260/873
121	93	3	3	695/5238
121	93	3	10	-220/2619
121	93	5	5	695/5238
121	93	5	10	-220/2619
121	94	1	10	4904650/48014127
121	94	2	10	-426550/48014127
121	94	3	3	-1730725/192056508
121	94	3	10	-2386550/48014127
121	94	5	5	-1730725/192056508
121	94	5	10	-2386550/48014127
121	95	1	10	-151292500/125748998613
121	95	2	10	239999500/13972110957
121	95	3	3	-8308394875/1005991988904
121	95	3	10	824829500/125748998613
121	95	5	5	-8308394875/1005991988904
121	95	5	10	824829500/125748998613
121	96	1	10	-2890064709500/329336627367447
121	96	2	10	-702102149500/329336627367447
121	96	3	3	-2729252286625/5269386037879152
121	96	3	10	1123063850500/329336627367447
121	96	5	5	-2729252286625/5269386037879152
121	96	5	10	1123063850500/329336627367447
121	97	1	10	-324539583925000/123218946725049099
121	97	2	10	-55141583575000/41072982241683033
121	97	3	3	20297113808065625/27601044066410998176
121	97	3	10	-97831803025000/123218946725049099
121	97	5	5	20297113808065625/27601044066410998176
121	97	5	10	-97831803025000/123218946725049099
122	56	10	16	1/2
122	56	10	17	1/2
122	56	14	16	1/2
122	56	14	17	1/2
122	57	8	14	-115/1053
122	57	8	15	-115/1053
122	57	12	14	-115/1053
122	57	12	15	-115/1053
122	58	8	14	111700/7761663
122	58	8	15	111700/7761663
122	58	12	14	111700/7761663
122	58	12	15	111700/7761663
122	59	8	14	8096000/8173031139
122	59	8	15	8096000/8173031139
122	59	12	14	8096000/8173031139
122	59	12	15	8096000/8173031139
122	60	8	14	-9202673000/8606201789367
122	60	8	15	-9202673000/8606201789367
122	60	12	14	-9202673000/8606201789367
122	60	12	15	-9202673000/8606201789367
122	61	8	14	245804450000/1294618640600493
122	61	8	15	245804450000/1294618640600493
122	61	12	14	245804450000/1294618640600493
122	61	12	15	245804450000/1294618640600493
122	62	5	11	1
122	62	5	15	1
122	62	7	11	1
122	62	7	12	1
122	62	9	12	1
122	62	9	15	1
122	63	4	10	65/243
122	63	4	13	10/27
122	63	6	10	65/243
122	63	6	11	10/27
122	63	8	11	-5/81
122	63	8	13	-5/81
122	64	4	10	21100/413343
122	64	4	13	16075/137781
122	64	6	10	21100/413343
122	64	6	11	16075/137781
122	64	8	11	-2300/137781
122	64	8	13	-2300/137781
122	65	4	10	269750/100442349
122	65	4	13	34750/1240029
122	65	6	10	269750/100442349
122	65	6	11	34750/1240029
122	65	8	11	13250/3720087
122	65	8	13	13250/3720087
122	66	4	10	-61156625/24407490807
122	66	4	13	8457250/2711943423
122	66	6	10	-61156625/24407490807
122	66	6	11	8457250/2711943423
122	66	8	11	1960375/2711943423
122	66	8	13	1960375/2711943423
122	67	4	10	-5815103125/5931020266101
122	67	4	13	-13262500/10460353203
122	67	6	10	-5815103125/5931020266101
122	67	6	11	-13262500/10460353203
122	67	8	11	-9915625/31381059609
122	67	8	13	-9915625/31381059609
122	68	2	4	1/3
122	68	2	6	1/3
122	68	3	4	1/3
122	68	3	7	1/3
122	68	5	6	1/3
122	68	5	7	1/3
122	69	2	4	290/5103
122	69	2	6	290/5103
122	69	3	4	290/5103
122	69	3	7	290/5103
122	69	5	6	290/5103
122	69	5	7	290/5103
122	70	2	4	16300/8680203
122	70	2	6	16300/8680203
122	70	3	4	16300/8680203
122	70	3	7	16300/8680203
122	70	5	6	16300/8680203
122	70	5	7	16300/8680203
122	71	2	4	-34597000/14765025303
122	71	2	6	-34597000/14765025303
122	71	3	4	-34597000/14765025303
122	71	3	7	-34597000/14765025303
122	71	5	6	-34597000/14765025303
122	71	5	7	-34597000/14765025303
122	72	2	4	-291182000/512557306947
122	72	2	6	-291182000/512557306947
122	72	3	4	-291182000/512557306947
122	72	3	7	-291182000/512557306947
122	72	5	6	-291182000/512557306947
122	72	5	7	-291182000/512557306947
122	73	2	4	4178543300000/42721138976725503
122	73	2	6	4178543300000/42721138976725503
122	73	3	4	4178543300000/42721138976725503
122	73	3	7	4178543300000/42721138976725503
122	73	5	6	4178543300000/42721138976725503
122	73	5	7	4178543300000/42721138976725503
122	74	4	7	1/3
122	74	4	11	1/3
122	74	5	6	1/3
122	74	5	10	1/3
122	74	6	11	1/3
122	74	7	10	1/3
122	75	3	6	85/729
122	75	3	10	85/729
122	75	4	5	85/729
122	75	4	9	85/729
122	75	5	10	85/729
122	75	6	9	85/729
122	76	3	6	42100/1240029
122	76	3	10	42100/1240029
122	76	4	5	42100/1240029
122	76	4	9	42100/1240029
122	76	5	10	42100/1240029
122	76	6	9	42100/1240029
122	77	3	6	2137750/301327047
122	77	3	10	2137750/301327047
122	77	4	5	2137750/301327047
122	77	4	9	2137750/301327047
122	77	5	10	2137750/301327047
122	77	6	9	2137750/301327047
122	78	3	6	26743375/73222472421
122	78	3	10	26743375/73222472421
122	78	4	5	26743375/73222472421
122	78	4	9	26743375/73222472421
122	78	5	10	26743375/73222472421
122	78	6	9	26743375/73222472421
122	79	3	6	-1253909375/2541865828329
122	79	3	10	-1253909375/2541865828329
122	79	4	5	-1253909375/2541865828329
122	79	4	9	-1253909375/2541865828329
122	79	5	10	-1253909375/2541865828329
122	79	6	9	-1253909375/2541865828329
122	80	4	8	1/4
122	80	4	15	1/4
122	80	6	8	1/4
122	80	6	17	1/4
122	80	14	15	1/4
122	80	14	18	1/4
122	80	16	17	1/4
122	80	16	18	1/4
122	81	4	8	-95/1512
122	81	4	12	-95/1512
122	81	6	8	-95/1512
122	81	6	14	-95/1512
122	81	11	12	-95/1512
122	81	11	15	-95/1512
122	81	13	14	-95/1512
122	81	13	15	-95/1512
122	82	4	8	775/71442
122	82	4	12	775/71442
122	82	6	8	775/71442
122	82	6	14	775/71442
122	82	11	12	775/71442
122	82	11	15	775/71442
122	82	13	14	775/71442
122	82	13	15	775/71442
122	83	4	8	-26125/108020304
122	83	4	12	-26125/108020304
122	83	6	8	-26125/108020304
122	83	6	14	-26125/108020304
122	83	11	12	-26125/108020304
122	83	11	15	-26125/108020304
122	83	13	14	-26125/108020304
122	83	13	15	-26125/108020304
122	84	4	8	-49177375/81663349824
122	84	4	12	-49177375/81663349824
122	84	6	8	-49177375/81663349824
122	84	6	14	-49177375/81663349824
122	84	11	12	-49177375/81663349824
122	84	11	15	-49177375/81663349824
122	84	13	14	-49177375/81663349824
122	84	13	15	-49177375/81663349824
122	85	4	8	5868803125/30868746233472
122	85	4	12	5868803125/30868746233472
122	85	6	8	5868803125/30868746233472
122	85	6	14	5868803125/30868746233472
122	85	11	12	5868803125/30868746233472
122	85	11	15	5868803125/30868746233472
122	85	13	14	5868803125/30868746233472
122	85	13	15	5868803125/30868746233472
122	86	2	6	1
122	86	2	8	1
122	86	3	13	1
122	86	3	14	1
122	86	5	11	1
122	86	5	14	1
122	86	6	11	1
122	86	7	10	1
122	86	7	13	1
122	86	8	10	1
122	87	2	6	4/27
122	87	2	8	-5/27
122	87	3	11	4/27
122	87	3	12	-5/27
122	87	5	10	37/108
122	87	5	12	13/216
122	87	6	10	-5/54
122	87	7	9	37/108
122	87	7	11	-5/54
122	87	8	9	13/216
122	88	2	6	-1/5103
122	88	2	8	62/5103
122	88	3	11	-1/5103
122	88	3	12	62/5103
122	88	5	10	7775/81648
122	88	5	12	-6049/326592
122	88	6	10	-277/20412
122	88	7	9	7775/81648
122	88	7	11	-277/20412
122	88	8	9	-6049/326592
122	89	2	6	-908/137781
122	89	2	8	820/137781
122	89	3	11	-908/137781
122	89	3	12	820/137781
122	89	5	10	153883/8817984
122	89	5	12	-266669/70543872
122	89	6	10	5905/1102248
122	89	7	9	153883/8817984
122	89	7	11	5905/1102248
122	89	8	9	-266669/70543872
122	90	2	6	-19742/18600435
122	90	2	8	-37337/18600435
122	90	3	11	-19742/18600435
122	90	3	12	-37337/18600435
122	90	5	10	-2121197/4761711360
122	90	5	12	9848149/10883911680
122	90	6	10	13069/42515280
122	90	7	9	-2121197/4761711360
122	90	7	11	13069/42515280
122	90	8	9	9848149/10883911680
122	91	2	6	37000/100442349
122	91	2	8	-8315/100442349
122	91	3	11	37000/100442349
122	91	3	12	-8315/100442349
122	91	5	10	-188502605/102852965376
122	91	5	12	1203559435/3291294892032
122	91	6	10	-1499915/3214155168
122	91	7	9	-188502605/102852965376
122	91	7	11	-1499915/3214155168
122	91	8	9	1203559435/3291294892032
122	92	1	4	1
122	92	1	6	1
122	92	2	4	1
122	92	2	6	1
122	93	1	4	790/2619
122	93	1	6	790/2619
122	93	2	4	-535/2619
122	93	2	6	-535/2619
122	94	1	4	3272600/48014127
122	94	1	6	3272600/48014127
122	94	2	4	907475/48014127
122	94	2	6	907475/48014127
122	95	1	4	853516000/125748998613
122	95	1	6	853516000/125748998613
122	95	2	4	687327875/125748998613
122	95	2	6	687327875/125748998613
122	96	1	4	-897376306000/329336627367447
122	96	1	6	-897376306000/329336627367447
122	96	2	4	-828339996625/329336627367447
122	96	2	6	-828339996625/329336627367447
122	97	1	4	-193141909700000/123218946725049099
122	97	1	6	-193141909700000/123218946725049099
122	97	2	4	86118174584375/862532627075343693
122	97	2	6	86118174584375/862532627075343693
122	98	2	7	1/4
122	98	2	12	1/4
122	98	3	6	1/4
122	98	3	11	1/4
122	98	5	11	1/4
122	98	5	12	1/4
122	98	6	10	1/4
122	98	7	10	1/4
122	99	2	7	-35/3078
122	99	2	11	-35/3078
122	99	3	6	-35/3078
122	99	3	10	-35/3078
122	99	5	10	-35/3078
122	99	5	11	-35/3078
122	99	6	9	-35/3078
122	99	7	9	-35/3078
122	100	2	7	-10975/1842183
122	100	2	11	-10975/1842183
122	100	3	6	-10975/1842183
122	100	3	10	-10975/1842183
122	100	5	10	-10975/1842183
122	100	5	11	-10975/1842183
122	100	6	9	-10975/1842183
122	100	7	9	-10975/1842183
122	101	2	7	3134750/3645153819
122	101	2	11	3134750/3645153819
122	101	3	6	3134750/3645153819
122	101	3	10	3134750/3645153819
122	101	5	10	3134750/3645153819
122	101	5	11	3134750/3645153819
122	101	6	9	3134750/3645153819
122	101	7	9	3134750/3645153819
122	102	2	7	15324363500/39269242092087
122	102	2	11	15324363500/39269242092087
122	102	3	6	15324363500/39269242092087
122	102	3	10	15324363500/39269242092087
122	102	5	10	15324363500/39269242092087
122	102	5	11	15324363500/39269242092087
122	102	6	9	15324363500/39269242092087
122	102	7	9	15324363500/39269242092087
122	103	2	7	-869740475000/8633623368531699
122	103	2	11	-869740475000/8633623368531699
122	103	3	6	-869740475000/8633623368531699
122	103	3	10	-869740475000/8633623368531699
122	103	5	10	-869740475000/8633623368531699
122	103	5	11	-869740475000/8633623368531699
122	103	6	9	-869740475000/8633623368531699
122	103	7	9	-869740475000/8633623368531699
123	56	10	16	1/2
123	56	10	17	1/2
123	56	14	16	1/2
123	56	14	17	1/2
123	57	8	14	80/1053
123	57	8	15	80/1053
123	57	12	14	80/1053
123	57	12	15	80/1053
123	58	8	14	25475/15523326
123	58	8	15	25475/15523326
123	58	12	14	25475/15523326
123	58	12	15	25475/15523326
123	59	8	14	-22558000/8173031139
123	59	8	15	-22558000/8173031139
123	59	12	14	-22558000/8173031139
123	59	12	15	-22558000/8173031139
123	60	8	14	-4786044875/8606201789367
123	60	8	15	-4786044875/8606201789367
123	60	12	14	-4786044875/8606201789367
123	60	12	15	-4786044875/8606201789367
123	61	8	14	142819100000/1294618640600493
123	61	8	15	142819100000/1294618640600493
123	61	12	14	142819100000/1294618640600493
123	61	12	15	142819100000/1294618640600493
123	62	11	13	1
123	62	11	16	1
123	62	12	16	1
123	62	12	18	1
123	62	13	15	1
123	62	15	18	1
123	63	10	12	235/1944
123	63	10	14	235/1944
123	63	11	14	5/18
123	63	11	16	-25/162
123	63	12	13	5/18
123	63	13	16	-25/162
123	64	10	12	-181025/26453952
123	64	10	14	-181025/26453952
123	64	11	14	7675/137781
123	64	11	16	325/137781
123	64	12	13	7675/137781
123	64	13	16	325/137781
123	65	10	12	-309312875/51426482688
123	65	10	14	-309312875/51426482688
123	65	11	14	5875/1653372
123	65	11	16	93125/14880348
123	65	12	13	5875/1653372
123	65	13	16	93125/14880348
123	66	10	12	-37857751625/99973082345472
123	66	10	14	-37857751625/99973082345472
123	66	11	14	-116749625/43391094768
123	66	11	16	-52489625/43391094768
123	66	12	13	-116749625/43391094768
123	66	13	16	-52489625/43391094768
123	67	10	12	82774290728125/194347672079597568
123	67	10	14	82774290728125/194347672079597568
123	67	11	14	-128834375/111577100832
123	67	11	16	-294828125/1004193907488
123	67	12	13	-128834375/111577100832
123	67	13	16	-294828125/1004193907488
123	68	2	13	1/3
123	68	2	16	1/3
123	68	3	13	1/3
123	68	3	17	1/3
123	68	5	16	1/3
123	68	5	17	1/3
123	69	2	12	395/5103
123	69	2	14	395/5103
123	69	3	12	395/5103
123	69	3	15	395/5103
123	69	5	14	395/5103
123	69	5	15	395/5103
123	70	2	12	85075/8680203
123	70	2	14	85075/8680203
123	70	3	12	85075/8680203
123	70	3	15	85075/8680203
123	70	5	14	85075/8680203
123	70	5	15	85075/8680203
123	71	2	12	-22445875/14765025303
123	71	2	14	-22445875/14765025303
123	71	3	12	-22445875/14765025303
123	71	3	15	-22445875/14765025303
123	71	5	14	-22445875/14765025303
123	71	5	15	-22445875/14765025303
123	72	2	12	-3997302125/3587901148629
123	72	2	14	-3997302125/3587901148629
123	72	3	12	-3997302125/3587901148629
123	72	3	15	-3997302125/3587901148629
123	72	5	14	-3997302125/3587901148629
123	72	5	15	-3997302125/3587901148629
123	73	2	12	-6273114240625/42721138976725503
123	73	2	14	-6273114240625/42721138976725503
123	73	3	12	-6273114240625/42721138976725503
123	73	3	15	-6273114240625/42721138976725503
123	73	5	14	-6273114240625/42721138976725503
123	73	5	15	-6273114240625/42721138976725503
123	74	4	9	1/3
123	74	4	13	1/3
123	74	6	9	1/3
123	74	6	15	1/3
123	74	10	13	1/3
123	74	10	15	1/3
123	75	3	8	55/729
123	75	3	12	55/729
123	75	5	8	55/729
123	75	5	14	55/729
123	75	9	12	55/729
123	75	9	14	55/729
123	76	3	8	49225/4960116
123	76	3	12	49225/4960116
123	76	5	8	49225/4960116
123	76	5	14	49225/4960116
123	76	9	12	49225/4960116
123	76	9	14	49225/4960116
123	77	3	8	-1194875/1205308188
123	77	3	12	-1194875/1205308188
123	77	5	8	-1194875/1205308188
123	77	5	14	-1194875/1205308188
123	77	9	12	-1194875/1205308188
123	77	9	14	-1194875/1205308188
123	78	3	8	-523612375/585779779368
123	78	3	12	-523612375/585779779368
123	78	5	8	-523612375/585779779368
123	78	5	14	-523612375/585779779368
123	78	9	12	-523612375/585779779368
123	78	9	14	-523612375/585779779368
123	79	3	8	-2948996875/20334926626632
123	79	3	12	-2948996875/20334926626632
123	79	5	8	-2948996875/20334926626632
123	79	5	14	-2948996875/20334926626632
123	79	9	12	-2948996875/20334926626632
123	79	9	14	-2948996875/20334926626632
123	86	5	16	1
123	86	5	18	1
123	86	10	17	1
123	86	10	18	1
123	86	15	16	1
123	86	15	17	1
123	87	5	14	11/54
123	87	5	16	-17/216
123	87	9	15	11/54
123	87	9	16	-17/216
123	87	13	14	-11/54
123	87	13	15	-11/54
123	88	5	14	187/10206
123	88	5	16	-5545/326592
123	88	9	15	187/10206
123	88	9	16	-5545/326592
123	88	13	14	187/10206
123	88	13	15	187/10206
123	89	5	14	-1573/275562
123	89	5	16	351577/70543872
123	89	9	15	-1573/275562
123	89	9	16	351577/70543872
123	89	13	14	1573/275562
123	89	13	15	1573/275562
123	90	5	14	-757097/297606960
123	90	5	16	51857923/76187381760
123	90	9	15	-757097/297606960
123	90	9	16	51857923/76187381760
123	90	13	14	-757097/297606960
123	90	13	15	-757097/297606960
123	91	5	14	-246235/3214155168
123	91	5	16	-1585460375/3291294892032
123	91	9	15	-246235/3214155168
123	91	9	16	-1585460375/3291294892032
123	91	13	14	246235/3214155168
123	91	13	15	246235/3214155168
123	92	1	13	1
123	92	1	15	1
123	92	3	12	1
123	92	3	13	1
123	92	5	14	1
123	92	5	15	1
123	92	7	12	1
123	92	7	14	1
123	93	1	12	820/2619
123	93	1	14	820/2619
123	93	3	11	965/5238
123	93	3	12	-865/5238
123	93	5	13	965/5238
123	93	5	14	-865/5238
123	93	7	11	-220/2619
123	93	7	13	-220/2619
123	94	1	12	3559775/48014127
123	94	1	14	3559775/48014127
123	94	3	11	1930475/192056508
123	94	3	12	649475/192056508
123	94	5	13	1930475/192056508
123	94	5	14	649475/192056508
123	94	7	11	-808225/48014127
123	94	7	13	-808225/48014127
123	95	1	12	1037894500/125748998613
123	95	1	14	1037894500/125748998613
123	95	3	11	-6992124625/1005991988904
123	95	3	12	7375617125/1005991988904
123	95	5	13	-6992124625/1005991988904
123	95	5	14	7375617125/1005991988904
123	95	7	11	682500500/125748998613
123	95	7	13	682500500/125748998613
123	96	1	12	-936438799750/329336627367447
123	96	1	14	-936438799750/329336627367447
123	96	3	11	-11144795886625/5269386037879152
123	96	3	12	-8258437536625/5269386037879152
123	96	5	13	-11144795886625/5269386037879152
123	96	5	14	-8258437536625/5269386037879152
123	96	7	11	209568400250/329336627367447
123	96	7	13	209568400250/329336627367447
123	97	1	12	-224493869225000/123218946725049099
123	97	1	14	-224493869225000/123218946725049099
123	97	3	11	5255437284396875/27601044066410998176
123	97	3	12	-10112625515209375/27601044066410998176
123	97	5	13	5255437284396875/27601044066410998176
123	97	5	14	-10112625515209375/27601044066410998176
123	97	7	11	-460365514675000/862532627075343693
123	97	7	13	-460365514675000/862532627075343693
123	104	2	6	1/2
123	104	2	10	1/2
123	104	3	7	1/2
123	104	3	11	1/2
123	104	5	10	1/2
123	104	5	11	1/2
123	104	6	9	1/2
123	104	7	9	1/2
123	105	2	6	-220/2511
123	105	2	10	-220/2511
123	105	3	7	-220/2511
123	105	3	11	-220/2511
123	105	5	10	-5/1116
123	105	5	11	-5/1116
123	105	6	9	-5/1116
123	105	7	9	-5/1116
123	106	2	6	255475/88271694
123	106	2	10	255475/88271694
123	106	3	7	255475/88271694
123	106	3	11	255475/88271694
123	106	5	10	-1461575/117695592
123	106	5	11	-1461575/117695592
123	106	6	9	-1461575/117695592
123	106	7	9	-1461575/117695592
123	107	2	6	427674500/110825111817
123	107	2	10	427674500/110825111817
123	107	3	7	427674500/110825111817
123	107	3	11	427674500/110825111817
123	107	5	10	7323625/21891380112
123	107	5	11	7323625/21891380112
123	107	6	9	7323625/21891380112
123	107	7	9	7323625/21891380112
123	108	2	6	-265657904875/278281855772487
123	108	2	10	-265657904875/278281855772487
123	108	3	7	-265657904875/278281855772487
123	108	3	11	-265657904875/278281855772487
123	108	5	10	122011278625/141349514043168
123	108	5	11	122011278625/141349514043168
123	108	6	9	122011278625/141349514043168
123	108	7	9	122011278625/141349514043168
123	109	2	6	-121459639675000/698765739844714857
123	109	2	10	-121459639675000/698765739844714857
123	109	3	7	-121459639675000/698765739844714857
123	109	3	11	-121459639675000/698765739844714857
123	109	5	10	-21450885221875/552111201852614208
123	109	5	11	-21450885221875/552111201852614208
123	109	6	9	-21450885221875/552111201852614208
123	109	7	9	-21450885221875/552111201852614208
124	56	16	18	1
124	56	17	18	1
124	57	14	16	-320/1053
124	57	15	16	-320/1053
124	58	14	16	593300/7761663
124	58	15	16	593300/7761663
124	59	14	16	-110816000/8173031139
124	59	15	16	-110816000/8173031139
124	60	14	16	3622820000/8606201789367
124	60	15	16	3622820000/8606201789367
124	61	14	16	1031276800000/1294618640600493
124	61	15	16	1031276800000/1294618640600493
124	62	9	12	2
124	62	9	15	2
124	63	8	11	50/81
124	63	8	13	50/81
124	64	8	11	21500/137781
124	64	8	13	21500/137781
124	65	8	11	100000/3720087
124	65	8	13	100000/3720087
124	66	8	11	293750/2711943423
124	66	8	13	293750/2711943423
124	67	8	11	-61718750/31381059609
124	67	8	13	-61718750/31381059609
124	68	4	10	2/3
124	68	4	12	2/3
124	68	6	10	2/3
124	68	6	15	2/3
124	68	7	12	2/3
124	68	7	15	2/3
124	69	4	10	1000/5103
124	69	4	11	1000/5103
124	69	6	10	1000/5103
124	69	6	13	1000/5103
124	69	7	11	1000/5103
124	69	7	13	1000/5103
124	70	4	10	386000/8680203
124	70	4	11	386000/8680203
124	70	6	10	386000/8680203
124	70	6	13	386000/8680203
124	70	7	11	386000/8680203
124	70	7	13	386000/8680203
124	71	4	10	79000000/14765025303
124	71	4	11	79000000/14765025303
124	71	6	10	79000000/14765025303
124	71	6	13	79000000/14765025303
124	71	7	11	79000000/14765025303
124	71	7	13	79000000/14765025303
124	72	4	10	-27805600000/25115308040403
124	72	4	11	-27805600000/25115308040403
124	72	6	10	-27805600000/25115308040403
124	72	6	13	-27805600000/25115308040403
124	72	7	11	-27805600000/25115308040403
124	72	7	13	-27805600000/25115308040403
124	73	4	10	-34514000000000/42721138976725503
124	73	4	11	-34514000000000/42721138976725503
124	73	6	10	-34514000000000/42721138976725503
124	73	6	13	-34514000000000/42721138976725503
124	73	7	11	-34514000000000/42721138976725503
124	73	7	13	-34514000000000/42721138976725503
124	74	4	15	2/3
124	74	6	13	2/3
124	74	9	10	2/3
124	75	3	14	200/729
124	75	5	12	200/729
124	75	8	9	200/729
124	76	3	14	125750/1240029
124	76	5	12	125750/1240029
124	76	8	9	125750/1240029
124	77	3	14	9725000/301327047
124	77	5	12	9725000/301327047
124	77	8	9	9725000/301327047
124	78	3	14	585612500/73222472421
124	78	5	12	585612500/73222472421
124	78	8	9	585612500/73222472421
124	79	3	14	2543750000/2541865828329
124	79	5	12	2543750000/2541865828329
124	79	8	9	2543750000/2541865828329
124	86	6	6	1
124	86	6	16	2
124	86	13	13	1
124	86	13	17	2
124	87	6	6	-1/54
124	87	6	14	-14/27
124	87	11	11	-1/54
124	87	11	15	-14/27
124	88	6	6	-373/20412
124	88	6	14	496/5103
124	88	11	11	-373/20412
124	88	11	15	496/5103
124	89	6	6	1133/1102248
124	89	6	14	-116/19683
124	89	11	11	1133/1102248
124	89	11	15	-116/19683
124	90	6	6	55487/59521392
124	90	6	14	-15026/3720087
124	90	11	11	55487/59521392
124	90	11	15	-15026/3720087
124	91	6	6	-285007/3214155168
124	91	6	14	23386/14348907
124	91	11	11	-285007/3214155168
124	91	11	15	23386/14348907
124	92	1	8	2
124	92	7	9	2
124	92	8	9	2
124	93	1	8	1760/2619
124	93	7	9	2000/2619
124	93	8	9	580/2619
124	94	1	8	8998600/48014127
124	94	7	9	12157000/48014127
124	94	8	9	-665600/48014127
124	95	1	8	4675088000/125748998613
124	95	7	9	8471000000/125748998613
124	95	8	9	-1261964000/125748998613
124	96	1	8	511749640000/329336627367447
124	96	7	9	3621329800000/329336627367447
124	96	8	9	-151628660000/329336627367447
124	97	1	8	-311747286400000/123218946725049099
124	97	7	9	-1033351000000000/862532627075343693
124	97	8	9	564254548600000/862532627075343693
124	98	2	8	1/2
124	98	2	13	1/2
124	98	3	8	1/2
124	98	3	13	1/2
124	98	5	15	1/2
124	98	5	17	1/2
124	98	10	15	1/2
124	98	10	17	1/2
124	99	2	8	-50/513
124	99	2	12	-50/513
124	99	3	8	-50/513
124	99	3	12	-50/513
124	99	5	14	-50/513
124	99	5	15	-50/513
124	99	9	14	-50/513
124	99	9	15	-50/513
124	100	2	8	134500/16579647
124	100	2	12	134500/16579647
124	100	3	8	134500/16579647
124	100	3	12	134500/16579647
124	100	5	14	134500/16579647
124	100	5	15	134500/16579647
124	100	9	14	134500/16579647
124	100	9	15	134500/16579647
124	101	2	8	7550000/2835119637
124	101	2	12	7550000/2835119637
124	101	3	8	7550000/2835119637
124	101	3	12	7550000/2835119637
124	101	5	14	7550000/2835119637
124	101	5	15	7550000/2835119637
124	101	9	14	7550000/2835119637
124	101	9	15	7550000/2835119637
124	102	2	8	-43055800000/39269242092087
124	102	2	12	-43055800000/39269242092087
124	102	3	8	-43055800000/39269242092087
124	102	3	12	-43055800000/39269242092087
124	102	5	14	-43055800000/39269242092087
124	102	5	15	-43055800000/39269242092087
124	102	9	14	-43055800000/39269242092087
124	102	9	15	-43055800000/39269242092087
124	103	2	8	377900000000/20145121193240631
124	103	2	12	377900000000/20145121193240631
124	103	3	8	377900000000/20145121193240631
124	103	3	12	377900000000/20145121193240631
124	103	5	14	377900000000/20145121193240631
124	103	5	15	377900000000/20145121193240631
124	103	9	14	377900000000/20145121193240631
124	103	9	15	377900000000/20145121193240631
124	104	2	4	1
124	104	3	4	1
124	105	2	4	-200/837
124	105	3	4	-200/837
124	106	2	4	545500/14711949
124	106	3	4	545500/14711949
124	107	2	4	2900000/4104633771
124	107	3	4	2900000/4104633771
124	108	2	4	-76547900000/30920206196943
124	108	3	4	-76547900000/30920206196943
124	109	2	4	15827900000000/25880212586841291
124	109	3	4	15827900000000/25880212586841291
125	56	16	18	1
125	56	17	18	1
125	57	14	16	70/1053
125	57	15	16	70/1053
125	58	14	16	-16225/1108809
125	58	15	16	-16225/1108809
125	59	14	16	-4093250/1167575877
125	59	15	16	-4093250/1167575877
125	60	14	16	652478750/1229457398481
125	60	15	16	652478750/1229457398481
125	61	14	16	366562262500/1294618640600493
125	61	15	16	366562262500/1294618640600493
125	62	12	18	2
125	62	15	18	2
125	63	11	16	35/81
125	63	13	16	35/81
125	64	11	16	1025/19683
125	64	13	16	1025/19683
125	65	11	16	-3500/531441
125	65	13	16	-3500/531441
125	66	11	16	-14931875/3099363912
125	66	13	16	-14931875/3099363912
125	67	11	16	-323553125/502096953744
125	67	13	16	-323553125/502096953744
125	68	10	13	2/3
125	68	10	16	2/3
125	68	12	13	2/3
125	68	12	17	2/3
125	68	15	16	2/3
125	68	15	17	2/3
125	69	10	12	580/5103
125	69	10	14	580/5103
125	69	11	12	580/5103
125	69	11	15	580/5103
125	69	13	14	580/5103
125	69	13	15	580/5103
125	70	10	12	31700/8680203
125	70	10	14	31700/8680203
125	70	11	12	31700/8680203
125	70	11	15	31700/8680203
125	70	13	14	31700/8680203
125	70	13	15	31700/8680203
125	71	10	12	-69977000/14765025303
125	71	10	14	-69977000/14765025303
125	71	11	12	-69977000/14765025303
125	71	11	15	-69977000/14765025303
125	71	13	14	-69977000/14765025303
125	71	13	15	-69977000/14765025303
125	72	10	12	-28647130000/25115308040403
125	72	10	14	-28647130000/25115308040403
125	72	11	12	-28647130000/25115308040403
125	72	11	15	-28647130000/25115308040403
125	72	13	14	-28647130000/25115308040403
125	72	13	15	-28647130000/25115308040403
125	73	10	12	8634712300000/42721138976725503
125	73	10	14	8634712300000/42721138976725503
125	73	11	12	8634712300000/42721138976725503
125	73	11	15	8634712300000/42721138976725503
125	73	13	14	8634712300000/42721138976725503
125	73	13	15	8634712300000/42721138976725503
125	74	4	17	2/3
125	74	6	17	2/3
125	74	10	17	2/3
125	75	3	16	140/729
125	75	5	16	140/729
125	75	9	16	140/729
125	76	3	16	14725/354294
125	76	5	16	14725/354294
125	76	9	16	14725/354294
125	77	3	16	174125/43046721
125	77	5	16	174125/43046721
125	77	9	16	174125/43046721
125	78	3	16	-61298125/41841412812
125	78	5	16	-61298125/41841412812
125	78	9	16	-61298125/41841412812
125	79	3	16	-4175871875/5083731656658
125	79	5	16	-4175871875/5083731656658
125	79	9	16	-4175871875/5083731656658
125	92	1	17	2
125	92	9	16	2
125	92	9	17	2
125	92	12	12	1
125	92	12	16	2
125	92	14	14	1
125	92	14	16	2
125	93	1	16	1820/2619
125	93	9	15	1160/2619
125	93	9	16	-260/2619
125	93	11	11	335/5238
125	93	11	15	-1070/2619
125	93	13	13	335/5238
125	93	13	15	-1070/2619
125	94	1	16	1340950/6859161
125	94	9	15	357550/6859161
125	94	9	16	-281450/6859161
125	94	11	11	-518275/27436644
125	94	11	15	257200/6859161
125	94	13	13	-518275/27436644
125	94	13	15	257200/6859161
125	95	1	16	646509500/17964142659
125	95	9	15	-158311000/17964142659
125	95	9	16	118553500/17964142659
125	95	11	11	-596057125/143713141272
125	95	11	15	199715500/17964142659
125	95	13	13	-596057125/143713141272
125	95	13	15	199715500/17964142659
125	96	1	16	-55716342500/47048089623921
125	96	9	15	-270835092500/47048089623921
125	96	9	16	107740457500/47048089623921
125	96	11	11	701131975625/752769433982736
125	96	11	15	-238409498750/47048089623921
125	96	13	13	701131975625/752769433982736
125	96	13	15	-238409498750/47048089623921
125	97	1	16	-494501364175000/123218946725049099
125	97	9	15	-80326022650000/123218946725049099
125	97	9	16	-83586347975000/123218946725049099
125	97	11	11	1631597174084375/3943006295201571168
125	97	11	15	22896327456250/123218946725049099
125	97	13	13	1631597174084375/3943006295201571168
125	97	13	15	22896327456250/123218946725049099
125	104	5	14	1
125	104	5	16	1
125	104	9	14	1
125	104	9	16	1
125	105	5	14	-130/837
125	105	5	15	-130/837
125	105	9	14	-130/837
125	105	9	15	-130/837
125	106	5	14	325/2101707
125	106	5	15	325/2101707
125	106	9	14	325/2101707
125	106	9	15	325/2101707
125	107	5	14	4351750/586376253
125	107	5	15	4351750/586376253
125	107	9	14	4351750/586376253
125	107	9	15	4351750/586376253
125	108	5	14	-5648191250/4417172313849
125	108	5	15	-5648191250/4417172313849
125	108	9	14	-5648191250/4417172313849
125	108	9	15	-5648191250/4417172313849
125	109	5	14	-1632453387500/3697173226691613
125	109	5	15	-1632453387500/3697173226691613
125	109	9	14	-1632453387500/3697173226691613
125	109	9	15	-1632453387500/3697173226691613
125	110	2	4	1/6
125	110	2	6	1/6
125	110	2	10	1/6
125	110	3	4	1/6
125	110	3	7	1/6
125	110	3	11	1/6
125	110	5	6	1/6
125	110	5	7	1/6
125	110	5	13	1/6
125	110	9	10	1/6
125	110	9	11	1/6
125	110	9	13	1/6
125	111	2	4	-65/1944
125	111	2	6	-65/1944
125	111	2	10	-65/1944
125	111	3	4	-65/1944
125	111	3	7	-65/1944
125	111	3	11	-65/1944
125	111	5	6	-65/1944
125	111	5	7	-65/1944
125	111	5	13	-65/1944
125	111	9	10	-65/1944
125	111	9	11	-65/1944
125	111	9	13	-65/1944
125	112	2	4	3575/1259712
125	112	2	6	3575/1259712
125	112	2	10	3575/1259712
125	112	3	4	3575/1259712
125	112	3	7	3575/1259712
125	112	3	11	3575/1259712
125	112	5	6	3575/1259712
125	112	5	7	3575/1259712
125	112	5	13	3575/1259712
125	112	9	10	3575/1259712
125	112	9	11	3575/1259712
125	112	9	13	3575/1259712
125	113	2	4	401375/408146688
125	113	2	6	401375/408146688
125	113	2	10	401375/408146688
125	113	3	4	401375/408146688
125	113	3	7	401375/408146688
125	113	3	11	401375/408146688
125	113	5	6	401375/408146688
125	113	5	7	401375/408146688
125	113	5	13	401375/408146688
125	113	9	10	401375/408146688
125	113	9	11	401375/408146688
125	113	9	13	401375/408146688
125	114	2	4	-54608125/132239526912
125	114	2	6	-54608125/132239526912
125	114	2	10	-54608125/132239526912
125	114	3	4	-54608125/132239526912
125	114	3	7	-54608125/132239526912
125	114	3	11	-54608125/132239526912
125	114	5	6	-54608125/132239526912
125	114	5	7	-54608125/132239526912
125	114	5	13	-54608125/132239526912
125	114	9	10	-54608125/132239526912
125	114	9	11	-54608125/132239526912
125	114	9	13	-54608125/132239526912
125	115	2	4	254028125/42845606719488
125	115	2	6	254028125/42845606719488
125	115	2	10	254028125/42845606719488
125	115	3	4	254028125/42845606719488
125	115	3	7	254028125/42845606719488
125	115	3	11	254028125/42845606719488
125	115	5	6	254028125/42845606719488
125	115	5	7	254028125/42845606719488
125	115	5	13	254028125/42845606719488
125	115	9	10	254028125/42845606719488
125	115	9	11	254028125/42845606719488
125	115	9	13	254028125/42845606719488
126	56	5	5	4
126	57	4	4	-1120/1053
126	58	4	4	1481500/7761663
126	59	4	4	-2164000/1167575877
126	60	4	4	-112684031000/8606201789367
126	61	4	4	5310131000000/1294618640600493
126	62	2	8	16
126	63	2	7	-20/27
126	64	2	7	-5575/15309
126	65	2	7	9875/183708
126	66	2	7	12178375/535692528
126	67	2	7	-349421875/57854793024
126	80	2	11	4
126	80	3	5	4
126	81	2	9	55/42
126	81	3	5	55/42
126	82	2	9	21125/63504
126	82	3	5	21125/63504
126	83	2	9	23375/508032
126	83	3	5	23375/508032
126	84	2	9	-151046375/16131032064
126	84	3	5	-151046375/16131032064
126	85	2	9	-447390625/55306395648
126	85	3	5	-447390625/55306395648
126	98	1	1	2
126	99	1	1	230/513
126	100	1	1	69250/1842183
126	101	1	1	-18693250/945039879
126	102	1	1	-4061494250/484805457927
126	103	1	1	63669031250/248705199916551
127	56	5	5	2
127	57	4	4	220/1053
127	58	4	4	-220600/7761663
127	59	4	4	-110066000/8173031139
127	60	4	4	4155740000/8606201789367
127	61	4	4	11765571400000/9062330484203451
127	62	2	17	8
127	63	2	15	-20/81
127	64	2	15	-9650/45927
127	65	2	15	74125/3720087
127	66	2	15	9254375/602654094
127	67	2	15	-243771875/97629963228
127	74	2	8	8/3
127	74	2	12	8/3
127	74	2	14	8/3
127	75	2	7	-40/243
127	75	2	11	-40/243
127	75	2	13	-40/243
127	76	2	7	-8600/137781
127	76	2	11	-8600/137781
127	76	2	13	-8600/137781
127	77	2	7	143000/11160261
127	77	2	11	143000/11160261
127	77	2	13	143000/11160261
127	78	2	7	505000/129140163
127	78	2	11	505000/129140163
127	78	2	13	505000/129140163
127	79	2	7	-112675000/73222472421
127	79	2	11	-112675000/73222472421
127	79	2	13	-112675000/73222472421
127	80	2	12	2
127	80	3	7	2
127	80	5	7	2
127	80	7	7	1
127	80	11	12	2
127	80	12	12	1
127	81	2	10	55/126
127	81	3	7	55/126
127	81	5	7	55/126
127	81	7	7	-85/378
127	81	9	10	55/126
127	81	10	10	-85/378
127	82	2	10	4075/95256
127	82	3	7	4075/95256
127	82	5	7	4075/95256
127	82	7	7	3475/142884
127	82	9	10	4075/95256
127	82	10	10	3475/142884
127	83	2	10	-108625/8001504
127	83	3	7	-108625/8001504
127	83	5	7	-108625/8001504
127	83	7	7	48875/7715736
127	83	9	10	-108625/8001504
127	83	10	10	48875/7715736
127	84	2	10	-119894375/18147411072
127	84	3	7	-119894375/18147411072
127	84	5	7	-119894375/18147411072
127	84	7	7	-70986875/20415837456
127	84	9	10	-119894375/18147411072
127	84	10	10	-70986875/20415837456
127	85	2	10	-1176690625/4573147590144
127	85	3	7	-1176690625/4573147590144
127	85	5	7	-1176690625/4573147590144
127	85	7	7	265465625/1102455222624
127	85	9	10	-1176690625/4573147590144
127	85	10	10	265465625/1102455222624
127	104	1	1	2
127	105	1	1	380/837
127	106	1	1	195400/4903983
127	107	1	1	-80674000/4104633771
127	108	1	1	-29681060000/3435578466327
127	109	1	1	462638600000/2875579176315699
128	56	5	10	1
128	56	5	14	1
128	57	4	8	-265/1053
128	57	4	12	-265/1053
128	58	4	8	339475/7761663
128	58	4	12	339475/7761663
128	59	4	8	-9347875/8173031139
128	59	4	12	-9347875/8173031139
128	60	4	8	-20312716625/8606201789367
128	60	4	12	-20312716625/8606201789367
128	61	4	8	6895975915625/9062330484203451
128	61	4	12	6895975915625/9062330484203451
128	62	2	8	2
128	62	2	9	2
128	62	5	5	1
128	62	5	8	2
128	62	7	7	1
128	62	7	8	2
128	62	8	11	2
128	63	2	7	35/54
128	63	2	8	-65/243
128	63	4	4	-70/243
128	63	4	7	-10/27
128	63	6	6	-70/243
128	63	6	7	-10/27
128	63	7	10	5/36
128	64	2	7	20525/122472
128	64	2	8	-5525/826686
128	64	4	4	25525/413343
128	64	4	7	400/15309
128	64	6	6	25525/413343
128	64	6	7	400/15309
128	64	7	10	-16075/489888
128	65	2	7	625/23328
128	65	2	8	4922125/401769396
128	65	4	4	-79750/14348907
128	65	4	7	500/45927
128	65	6	6	-79750/14348907
128	65	6	7	500/45927
128	65	7	10	-96125/11757312
128	66	2	7	-9304625/4285540224
128	66	2	8	-272026625/195259926456
128	66	4	4	-59114750/24407490807
128	66	4	7	-129250/33480783
128	66	6	6	-59114750/24407490807
128	66	6	7	-129250/33480783
128	66	7	10	13143625/9795520512
128	67	2	7	-212403125/66119763456
128	67	2	8	-71889959375/94896324257616
128	67	4	4	1079037500/847288609443
128	67	4	7	-68750/903981141
128	67	6	6	1079037500/847288609443
128	67	6	7	-68750/903981141
128	67	7	10	3640346875/4936942338048
128	68	2	7	2/3
128	68	3	6	2/3
128	68	4	5	2/3
128	69	2	7	-260/5103
128	69	3	6	-260/5103
128	69	4	5	-260/5103
128	70	2	7	-106600/8680203
128	70	3	6	-106600/8680203
128	70	4	5	-106600/8680203
128	71	2	7	50362000/14765025303
128	71	3	6	50362000/14765025303
128	71	4	5	50362000/14765025303
128	72	2	7	13931684000/25115308040403
128	72	3	6	13931684000/25115308040403
128	72	4	5	13931684000/25115308040403
128	73	2	7	-14927736200000/42721138976725503
128	73	3	6	-14927736200000/42721138976725503
128	73	4	5	-14927736200000/42721138976725503
128	80	2	14	1/2
128	80	2	16	1/2
128	80	3	6	1/2
128	80	3	16	1/2
128	80	4	5	1/2
128	80	4	11	1/2
128	80	5	14	1/2
128	80	6	11	1/2
128	81	2	11	5/28
128	81	2	13	5/28
128	81	3	6	5/28
128	81	3	13	5/28
128	81	4	5	5/28
128	81	4	9	5/28
128	81	5	11	5/28
128	81	6	9	5/28
128	82	2	11	425/7938
128	82	2	13	425/7938
128	82	3	6	425/7938
128	82	3	13	425/7938
128	82	4	5	425/7938
128	82	4	9	425/7938
128	82	5	11	425/7938
128	82	6	9	425/7938
128	83	2	11	125/10584
128	83	2	13	125/10584
128	83	3	6	125/10584
128	83	3	13	125/10584
128	83	4	5	125/10584
128	83	4	9	125/10584
128	83	5	11	125/10584
128	83	6	9	125/10584
128	84	2	11	447625/504094752
128	84	2	13	447625/504094752
128	84	3	6	447625/504094752
128	84	3	13	447625/504094752
128	84	4	5	447625/504094752
128	84	4	9	447625/504094752
128	84	5	11	447625/504094752
128	84	6	9	447625/504094752
128	85	2	11	-715625/1008189504
128	85	2	13	-715625/1008189504
128	85	3	6	-715625/1008189504
128	85	3	13	-715625/1008189504
128	85	4	5	-715625/1008189504
128	85	4	9	-715625/1008189504
128	85	5	11	-715625/1008189504
128	85	6	9	-715625/1008189504
128	86	2	10	2
128	86	2	13	2
128	86	3	5	2
128	86	3	6	2
128	87	2	9	2/3
128	87	3	5	2/3
128	88	2	9	100/567
128	88	2	11	-26/567
128	88	3	5	100/567
128	88	3	6	-26/567
128	89	2	9	16/567
128	89	3	5	16/567
128	90	2	9	-674/229635
128	90	2	11	676/229635
128	90	3	5	-674/229635
128	90	3	6	676/229635
128	91	2	9	-530/137781
128	91	3	5	-530/137781
128	98	1	2	1/2
128	98	1	3	1/2
128	98	1	5	1/2
128	98	1	10	1/2
128	99	1	2	65/513
128	99	1	3	65/513
128	99	1	5	65/513
128	99	1	9	65/513
128	100	1	2	34450/1842183
128	100	1	3	34450/1842183
128	100	1	5	34450/1842183
128	100	1	9	34450/1842183
128	101	1	2	-1943500/945039879
128	101	1	3	-1943500/945039879
128	101	1	5	-1943500/945039879
128	101	1	9	-1943500/945039879
128	102	1	2	-1016873000/484805457927
128	102	1	3	-1016873000/484805457927
128	102	1	5	-1016873000/484805457927
128	102	1	9	-1016873000/484805457927
128	103	1	2	-95459650000/248705199916551
128	103	1	3	-95459650000/248705199916551
128	103	1	5	-95459650000/248705199916551
128	103	1	9	-95459650000/248705199916551
129	56	5	10	1
129	56	5	14	1
129	57	4	8	125/1053
129	57	4	12	125/1053
129	58	4	8	-56375/7761663
129	58	4	12	-56375/7761663
129	59	4	8	-48484375/8173031139
129	59	4	12	-48484375/8173031139
129	60	4	8	-2840853125/8606201789367
129	60	4	12	-2840853125/8606201789367
129	61	4	8	3844583984375/9062330484203451
129	61	4	12	3844583984375/9062330484203451
129	62	2	17	2
129	62	2	18	2
129	62	11	17	2
129	63	2	15	55/81
129	63	2	16	-115/486
129	63	10	15	-25/162
129	64	2	15	16925/91854
129	64	2	16	-60425/3306744
129	64	10	15	-12625/367416
129	65	2	15	463375/14880348
129	65	2	16	42138875/3214155168
129	65	10	15	1165625/119042784
129	66	2	15	-836875/344373768
129	66	2	16	-1552645625/3124158823296
129	66	10	15	54584375/38569862016
129	67	2	15	-1561071875/390519852912
129	67	2	16	-3197926253125/3036682376243712
129	67	10	15	-11862109375/12496635293184
129	68	2	17	2/3
129	68	3	16	2/3
129	68	5	13	2/3
129	69	2	15	-50/5103
129	69	3	14	-50/5103
129	69	5	12	-50/5103
129	70	2	15	-151750/8680203
129	70	3	14	-151750/8680203
129	70	5	12	-151750/8680203
129	71	2	15	11443750/14765025303
129	71	3	14	11443750/14765025303
129	71	5	12	11443750/14765025303
129	72	2	15	32199631250/25115308040403
129	72	3	14	32199631250/25115308040403
129	72	5	12	32199631250/25115308040403
129	73	2	15	-4072688281250/42721138976725503
129	73	3	14	-4072688281250/42721138976725503
129	73	5	12	-4072688281250/42721138976725503
129	74	5	8	2/3
129	74	5	12	2/3
129	74	7	8	2/3
129	74	7	14	2/3
129	74	11	12	2/3
129	74	11	14	2/3
129	75	4	7	-25/243
129	75	4	11	-25/243
129	75	6	7	-25/243
129	75	6	13	-25/243
129	75	10	11	-25/243
129	75	10	13	-25/243
129	76	4	7	125/275562
129	76	4	11	125/275562
129	76	6	7	125/275562
129	76	6	13	125/275562
129	76	10	11	125/275562
129	76	10	13	125/275562
129	77	4	7	209375/44641044
129	77	4	11	209375/44641044
129	77	6	7	209375/44641044
129	77	6	13	209375/44641044
129	77	10	11	209375/44641044
129	77	10	13	209375/44641044
129	78	4	7	-5978125/7231849128
129	78	4	11	-5978125/7231849128
129	78	6	7	-5978125/7231849128
129	78	6	13	-5978125/7231849128
129	78	10	11	-5978125/7231849128
129	78	10	13	-5978125/7231849128
129	79	4	7	-307421875/1171559558736
129	79	4	11	-307421875/1171559558736
129	79	6	7	-307421875/1171559558736
129	79	6	13	-307421875/1171559558736
129	79	10	11	-307421875/1171559558736
129	79	10	13	-307421875/1171559558736
129	80	2	15	1/2
129	80	2	17	1/2
129	80	3	8	1/2
129	80	3	18	1/2
129	80	5	8	1/2
129	80	5	18	1/2
129	80	11	15	1/2
129	80	11	17	1/2
129	81	2	12	125/1008
129	81	2	14	125/1008
129	81	3	8	125/1008
129	81	3	15	125/1008
129	81	5	8	125/1008
129	81	5	15	125/1008
129	81	9	12	125/1008
129	81	9	14	125/1008
129	82	2	12	29875/1524096
129	82	2	14	29875/1524096
129	82	3	8	29875/1524096
129	82	3	15	29875/1524096
129	82	5	8	29875/1524096
129	82	5	15	29875/1524096
129	82	9	12	29875/1524096
129	82	9	14	29875/1524096
129	83	2	12	-171875/256048128
129	83	2	14	-171875/256048128
129	83	3	8	-171875/256048128
129	83	3	15	-171875/256048128
129	83	5	8	-171875/256048128
129	83	5	15	-171875/256048128
129	83	9	12	-171875/256048128
129	83	9	14	-171875/256048128
129	84	2	12	-253540625/165919186944
129	84	2	14	-253540625/165919186944
129	84	3	8	-253540625/165919186944
129	84	3	15	-253540625/165919186944
129	84	5	8	-253540625/165919186944
129	84	5	15	-253540625/165919186944
129	84	9	12	-253540625/165919186944
129	84	9	14	-253540625/165919186944
129	85	2	12	-215685546875/585362891538432
129	85	2	14	-215685546875/585362891538432
129	85	3	8	-215685546875/585362891538432
129	85	3	15	-215685546875/585362891538432
129	85	5	8	-215685546875/585362891538432
129	85	5	15	-215685546875/585362891538432
129	85	9	12	-215685546875/585362891538432
129	85	9	14	-215685546875/585362891538432
129	86	5	7	2
129	86	7	7	1
129	86	10	11	2
129	86	11	11	1
129	87	5	7	7/18
129	87	7	7	-13/54
129	87	9	10	7/18
129	87	10	10	-13/54
129	88	5	7	349/13608
129	88	7	7	673/20412
129	88	9	10	349/13608
129	88	10	10	673/20412
129	89	5	7	-337/23328
129	89	7	7	4511/1102248
129	89	9	10	-337/23328
129	89	10	10	4511/1102248
129	90	5	7	-263537/52907904
129	90	7	7	-213173/59521392
129	90	9	10	-263537/52907904
129	90	10	10	-213173/59521392
129	91	5	7	76463/272097792
129	91	7	7	1843049/3214155168
129	91	9	10	76463/272097792
129	91	10	10	1843049/3214155168
129	92	2	12	2
129	92	2	14	2
129	93	2	11	-50/873
129	93	2	13	-50/873
129	94	2	11	-798250/16004709
129	94	2	13	-798250/16004709
129	95	2	11	20393750/4657370319
129	95	2	13	20393750/4657370319
129	96	2	11	18104806250/5227565513769
129	96	2	13	18104806250/5227565513769
129	97	2	11	-16609752343750/31945652854642359
129	97	2	13	-16609752343750/31945652854642359
129	104	1	5	1
129	104	1	9	1
129	105	1	5	205/837
129	105	1	9	205/837
129	106	1	5	162425/4903983
129	106	1	9	162425/4903983
129	107	1	5	-20720375/4104633771
129	107	1	9	-20720375/4104633771
129	108	1	5	-13914833125/3435578466327
129	108	1	9	-13914833125/3435578466327
129	109	1	5	-1699267165625/2875579176315699
129	109	1	9	-1699267165625/2875579176315699
130	56	5	18	2
130	57	4	16	-500/1053
130	58	4	16	590300/7761663
130	59	4	16	-5225000/8173031139
130	60	4	16	-35864182000/8606201789367
130	61	4	16	10548977500000/9062330484203451
130	62	2	9	4
130	63	2	8	230/243
130	64	2	8	59725/413343
130	65	2	8	-687125/200884698
130	66	2	8	-950694125/97629963228
130	67	2	8	-110614259375/47448162128808
130	68	4	15	4/3
130	68	6	12	4/3
130	68	7	10	4/3
130	69	4	13	320/5103
130	69	6	11	320/5103
130	69	7	10	320/5103
130	70	4	13	-237200/8680203
130	70	6	11	-237200/8680203
130	70	7	10	-237200/8680203
130	71	4	13	-61024000/14765025303
130	71	6	11	-61024000/14765025303
130	71	7	10	-61024000/14765025303
130	72	4	13	5488144000/3587901148629
130	72	6	11	5488144000/3587901148629
130	72	7	10	5488144000/3587901148629
130	73	4	13	18005446400000/42721138976725503
130	73	6	11	18005446400000/42721138976725503
130	73	7	10	18005446400000/42721138976725503
130	74	5	5	2/3
130	74	7	7	2/3
130	74	11	11	2/3
130	75	4	4	-445/2187
130	75	6	6	-445/2187
130	75	10	10	-445/2187
130	76	4	4	1090525/22320522
130	76	6	6	1090525/22320522
130	76	10	10	1090525/22320522
130	77	4	4	-222155125/32543321076
130	77	6	6	-222155125/32543321076
130	77	10	10	-222155125/32543321076
130	78	4	4	-41815674125/47448162128808
130	78	6	6	-41815674125/47448162128808
130	78	10	10	-41815674125/47448162128808
130	79	4	4	60584864590625/69179420383802064
130	79	6	6	60584864590625/69179420383802064
130	79	10	10	60584864590625/69179420383802064
130	80	2	18	1
130	80	3	17	1
130	80	5	15	1
130	80	8	11	1
130	81	2	15	65/168
130	81	3	14	65/168
130	81	5	12	65/168
130	81	8	9	65/168
130	82	2	15	99475/762048
130	82	3	14	99475/762048
130	82	5	12	99475/762048
130	82	8	9	99475/762048
130	83	2	15	1522625/42674688
130	83	3	14	1522625/42674688
130	83	5	12	1522625/42674688
130	83	8	9	1522625/42674688
130	84	2	15	3616983625/580717154304
130	84	3	14	3616983625/580717154304
130	84	5	12	3616983625/580717154304
130	84	8	9	3616983625/580717154304
130	85	2	15	-42744284375/97560481923072
130	85	3	14	-42744284375/97560481923072
130	85	5	12	-42744284375/97560481923072
130	85	8	9	-42744284375/97560481923072
130	86	6	7	4
130	86	11	13	4
130	87	6	7	-2/3
130	87	10	11	-2/3
130	88	6	7	43/1701
130	88	10	11	43/1701
130	89	6	7	83/3402
130	89	10	11	83/3402
130	90	6	7	-7159/1180980
130	90	10	11	-7159/1180980
130	91	6	7	-8315/9920232
130	91	10	11	-8315/9920232
130	92	2	9	4
130	93	2	9	1160/873
130	94	2	9	5648200/16004709
130	95	2	9	272194000/4657370319
130	96	2	9	-160933196000/36592958596383
130	97	2	9	-228494845400000/31945652854642359
130	98	2	2	1/2
130	98	3	3	1/2
130	98	5	5	1/2
130	98	10	10	1/2
130	99	2	2	80/1539
130	99	3	3	80/1539
130	99	5	5	80/1539
130	99	9	9	80/1539
130	100	2	2	-118450/16579647
130	100	3	3	-118450/16579647
130	100	5	5	-118450/16579647
130	100	9	9	-118450/16579647
130	101	2	2	-85528000/25516076733
130	101	3	3	-85528000/25516076733
130	101	5	5	-85528000/25516076733
130	101	9	9	-85528000/25516076733
130	102	2	2	4965122000/39269242092087
130	102	3	3	4965122000/39269242092087
130	102	5	5	4965122000/39269242092087
130	102	9	9	4965122000/39269242092087
130	103	2	2	19547547200000/60435363579721893
130	103	3	3	19547547200000/60435363579721893
130	103	5	5	19547547200000/60435363579721893
130	103	9	9	19547547200000/60435363579721893
131	56	5	18	2
131	57	4	16	280/1053
131	58	4	16	-31750/7761663
131	59	4	16	-12881000/1167575877
131	60	4	16	-11879435500/8606201789367
131	61	4	16	782013250000/1294618640600493
131	62	2	18	4
131	63	2	16	245/243
131	64	2	16	278875/1653372
131	65	2	16	-130375/229582512
131	66	2	16	-17681914625/1562079411648
131	67	2	16	-688202921875/216905884017408
131	68	10	17	4/3
131	68	12	16	4/3
131	68	13	15	4/3
131	69	10	15	-520/5103
131	69	11	14	-520/5103
131	69	12	13	-520/5103
131	70	10	15	-215000/8680203
131	70	11	14	-215000/8680203
131	70	12	13	-215000/8680203
131	71	10	15	101426000/14765025303
131	71	11	14	101426000/14765025303
131	71	12	13	101426000/14765025303
131	72	10	15	28390732000/25115308040403
131	72	11	14	28390732000/25115308040403
131	72	12	13	28390732000/25115308040403
131	73	10	15	-30277351000000/42721138976725503
131	73	11	14	-30277351000000/42721138976725503
131	73	12	13	-30277351000000/42721138976725503
131	80	2	19	1
131	80	3	19	1
131	80	5	19	1
131	80	11	19	1
131	81	2	16	5/18
131	81	3	16	5/18
131	81	5	16	5/18
131	81	9	16	5/18
131	82	2	16	10775/190512
131	82	3	16	10775/190512
131	82	5	16	10775/190512
131	82	9	16	10775/190512
131	83	2	16	1625/381024
131	83	3	16	1625/381024
131	83	5	16	1625/381024
131	83	9	16	1625/381024
131	84	2	16	-6211375/2592487296
131	84	3	16	-6211375/2592487296
131	84	5	16	-6211375/2592487296
131	84	9	16	-6211375/2592487296
131	85	2	16	-51859375/46664771328
131	85	3	16	-51859375/46664771328
131	85	5	16	-51859375/46664771328
131	85	9	16	-51859375/46664771328
131	92	9	10	4
131	92	10	10	2
131	92	10	12	4
131	92	10	14	4
131	93	9	10	200/291
131	93	10	10	-1340/2619
131	93	10	11	-520/873
131	93	10	13	-520/873
131	94	9	10	367100/16004709
131	94	10	10	4000250/48014127
131	94	10	11	-103300/16004709
131	94	10	13	-103300/16004709
131	95	9	10	-44645000/1552456773
131	95	10	10	380861500/125748998613
131	95	10	11	45487000/1552456773
131	95	10	13	45487000/1552456773
131	96	9	10	-257277059000/36592958596383
131	96	10	10	-2287860365500/329336627367447
131	96	10	11	-159370019000/36592958596383
131	96	10	13	-159370019000/36592958596383
131	97	9	10	1851640750000/1521221564506779
131	97	10	10	212010520375000/123218946725049099
131	97	10	11	-8533118750000/4563664693520337
131	97	10	13	-8533118750000/4563664693520337
131	104	5	5	1
131	104	9	9	1
131	105	5	5	55/558
131	105	9	9	55/558
131	106	5	5	-296125/19615932
131	106	9	9	-296125/19615932
131	107	5	5	-23274625/3648563352
131	107	9	9	-23274625/3648563352
131	108	5	5	20436715375/54969255461232
131	108	9	9	20436715375/54969255461232
131	109	5	5	19054096015625/30672844547367456
131	109	9	9	19054096015625/30672844547367456
132	56	10	10	1
132	56	14	14	1
132	57	8	8	-815/2106
132	57	12	12	-815/2106
132	58	8	8	4234225/31046652
132	58	12	12	4234225/31046652
132	59	8	8	-2773872875/65384249112
132	59	12	12	-2773872875/65384249112
132	60	8	8	1502055080875/137699228629872
132	60	12	12	1502055080875/137699228629872
132	61	8	8	-549747379428125/289994575494510432
132	61	12	12	-549747379428125/289994575494510432
132	62	8	9	4
132	62	8	11	4
132	63	7	8	-35/27
132	63	7	10	95/54
132	64	7	8	22175/61236
132	64	7	10	175325/244944
132	65	7	8	-8375/104976
132	65	7	10	1550875/5878656
132	66	7	8	21302875/2142770112
132	66	7	10	2905255375/34284321792
132	67	7	8	53590625/33059881728
132	67	7	10	160551840625/7405413507072
132	68	2	8	4/3
132	68	3	8	4/3
132	68	4	4	2/3
132	68	5	8	4/3
132	68	6	6	2/3
132	68	7	7	2/3
132	69	2	8	-20/81
132	69	3	8	-20/81
132	69	4	4	-1180/5103
132	69	5	8	-20/81
132	69	6	6	-1180/5103
132	69	7	7	-1180/5103
132	70	2	8	7600/321489
132	70	3	8	7600/321489
132	70	4	4	600350/8680203
132	70	5	8	7600/321489
132	70	6	6	600350/8680203
132	70	7	7	600350/8680203
132	71	2	8	11000/2893401
132	71	3	8	11000/2893401
132	71	4	4	-241103500/14765025303
132	71	5	8	11000/2893401
132	71	6	6	-241103500/14765025303
132	71	7	7	-241103500/14765025303
132	72	2	8	-9606500/4921675101
132	72	3	8	-9606500/4921675101
132	72	4	4	7859574500/3587901148629
132	72	5	8	-9606500/4921675101
132	72	6	6	7859574500/3587901148629
132	72	7	7	7859574500/3587901148629
132	73	2	8	21762500/132885227727
132	73	3	8	21762500/132885227727
132	73	4	4	15927682775000/42721138976725503
132	73	5	8	21762500/132885227727
132	73	6	6	15927682775000/42721138976725503
132	73	7	7	15927682775000/42721138976725503
132	86	5	13	4
132	86	6	10	4
132	87	5	11	5/3
132	87	6	9	5/3
132	88	5	11	1433/2268
132	88	6	9	1433/2268
132	89	5	11	1915/9072
132	89	6	9	1915/9072
132	90	5	11	853703/14696640
132	90	6	9	853703/14696640
132	91	5	11	376015/35271936
132	91	6	9	376015/35271936
132	98	1	4	1
132	98	1	14	1
132	98	2	14	1
132	98	3	14	1
132	98	4	5	1
132	98	4	10	1
132	99	1	4	145/513
132	99	1	13	145/513
132	99	2	13	40/513
132	99	3	13	40/513
132	99	4	5	40/513
132	99	4	9	40/513
132	100	1	4	113450/1842183
132	100	1	13	113450/1842183
132	100	2	13	-22525/1842183
132	100	3	13	-22525/1842183
132	100	4	5	-22525/1842183
132	100	4	9	-22525/1842183
132	101	1	4	6670000/945039879
132	101	1	13	6670000/945039879
132	101	2	13	-3599000/945039879
132	101	3	13	-3599000/945039879
132	101	4	5	-3599000/945039879
132	101	4	9	-3599000/945039879
132	102	1	4	-705104125/484805457927
132	102	1	13	-705104125/484805457927
132	102	2	13	149110250/484805457927
132	102	3	13	149110250/484805457927
132	102	4	5	149110250/484805457927
132	102	4	9	149110250/484805457927
132	103	1	4	-35661209375/35529314273793
132	103	1	13	-35661209375/35529314273793
132	103	2	13	10017550000/35529314273793
132	103	3	13	10017550000/35529314273793
132	103	4	5	10017550000/35529314273793
132	103	4	9	10017550000/35529314273793
133	56	10	10	1
133	56	14	14	1
133	57	8	8	-35/2106
133	57	12	12	-35/2106
133	58	8	8	-572525/31046652
133	58	12	12	-572525/31046652
133	59	8	8	8673625/9340607016
133	59	12	12	8673625/9340607016
133	60	8	8	130810303375/137699228629872
133	60	12	12	130810303375/137699228629872
133	61	8	8	-3341232246875/41427796499215776
133	61	12	12	-3341232246875/41427796499215776
133	62	11	17	4
133	63	10	15	95/81
133	64	10	15	48275/183708
133	65	10	15	1755125/59521392
133	66	10	15	-147876625/19284931008
133	67	10	15	-31402309375/6248317646592
133	68	2	18	4/3
133	68	3	18	4/3
133	68	5	18	4/3
133	69	2	16	-40/243
133	69	3	16	-40/243
133	69	5	16	-40/243
133	70	2	16	-3400/321489
133	70	3	16	-3400/321489
133	70	5	16	-3400/321489
133	71	2	16	698000/78121827
133	71	3	16	698000/78121827
133	71	5	16	698000/78121827
133	72	2	16	-22636000/44295075909
133	72	3	16	-22636000/44295075909
133	72	5	16	-22636000/44295075909
133	73	2	16	-2491400000/3587901148629
133	73	3	16	-2491400000/3587901148629
133	73	5	16	-2491400000/3587901148629
133	74	8	9	4/3
133	74	12	13	4/3
133	74	14	15	4/3
133	75	7	8	-80/243
133	75	11	12	-80/243
133	75	13	14	-80/243
133	76	7	8	7475/137781
133	76	11	12	7475/137781
133	76	13	14	7475/137781
133	77	7	8	-500/11160261
133	77	11	12	-500/11160261
133	77	13	14	-500/11160261
133	78	7	8	-6144875/1807962282
133	78	11	12	-6144875/1807962282
133	78	13	14	-6144875/1807962282
133	79	7	8	69643750/73222472421
133	79	11	12	69643750/73222472421
133	79	13	14	69643750/73222472421
133	86	5	17	4
133	86	10	16	4
133	87	5	15	10/9
133	87	9	14	10/9
133	88	5	15	376/1701
133	88	9	14	376/1701
133	89	5	15	65/5103
133	89	9	14	65/5103
133	90	5	15	-93973/8266860
133	90	9	14	-93973/8266860
133	91	5	15	-139865/29760696
133	91	9	14	-139865/29760696
133	92	7	7	2
133	93	7	7	-1420/2619
133	94	7	7	4889450/48014127
133	95	7	7	-393020500/125748998613
133	96	7	7	-2059544789500/329336627367447
133	97	7	7	1896405319325000/862532627075343693
133	104	1	13	2
133	104	2	13	2
133	104	3	13	2
133	105	1	13	440/837
133	105	2	13	20/837
133	105	3	13	20/837
133	106	1	13	446650/4903983
133	106	2	13	-229550/4903983
133	106	3	13	-229550/4903983
133	107	1	13	-3355000/4104633771
133	107	2	13	-6914500/4104633771
133	107	3	13	-6914500/4104633771
133	108	1	13	-23604459500/3435578466327
133	108	2	13	10529150500/3435578466327
133	108	3	13	10529150500/3435578466327
133	109	1	13	-806018950000/410797025187957
133	109	2	13	75867275000/410797025187957
133	109	3	13	75867275000/410797025187957
134	56	10	14	2
134	57	8	12	-425/1053
134	58	8	12	728125/15523326
134	59	8	12	146359375/32692124556
134	60	8	12	-237757578125/68849614314936
134	61	8	12	70165673828125/144997287747255216
134	62	9	11	4
134	63	8	10	-25/243
134	64	8	10	-119375/1653372
134	65	8	10	9171875/1607077584
134	66	8	10	5664296875/1562079411648
134	67	8	10	-746435546875/1518341188121856
134	68	2	7	4/3
134	68	3	6	4/3
134	68	4	5	4/3
134	69	2	7	2000/5103
134	69	3	6	2000/5103
134	69	4	5	2000/5103
134	70	2	7	107500/1240029
134	70	3	6	107500/1240029
134	70	4	5	107500/1240029
134	71	2	7	128750000/14765025303
134	71	3	6	128750000/14765025303
134	71	4	5	128750000/14765025303
134	72	2	7	-78370625000/25115308040403
134	72	3	6	-78370625000/25115308040403
134	72	4	5	-78370625000/25115308040403
134	73	2	7	-77176562500000/42721138976725503
134	73	3	6	-77176562500000/42721138976725503
134	73	4	5	-77176562500000/42721138976725503
134	86	4	4	2
134	86	4	5	4
134	86	4	6	4
134	86	4	10	4
134	86	4	13	4
134	87	4	4	-65/108
134	87	4	5	25/18
134	87	4	6	-5/9
134	87	4	9	25/18
134	87	4	11	-5/9
134	88	4	4	22975/163296
134	88	4	5	10925/27216
134	88	4	6	-25/6804
134	88	4	9	10925/27216
134	88	4	11	-25/6804
134	89	4	4	-635375/35271936
134	89	4	5	18125/217728
134	89	4	6	625/27216
134	89	4	9	18125/217728
134	89	4	11	625/27216
134	90	4	4	-24931625/7618738176
134	90	4	5	1795375/423263232
134	90	4	6	-87125/26453952
134	90	4	9	1795375/423263232
134	90	4	11	-87125/26453952
134	91	4	4	620059375/235092492288
134	91	4	5	-24859375/4353564672
134	91	4	6	-165625/136048896
134	91	4	9	-24859375/4353564672
134	91	4	11	-165625/136048896
134	98	2	3	1
134	98	5	10	1
134	99	2	3	350/1539
134	99	5	9	350/1539
134	100	2	3	465625/16579647
134	100	5	9	465625/16579647
134	101	2	3	-15906250/3645153819
134	101	5	9	-15906250/3645153819
134	102	2	3	-121557968750/39269242092087
134	102	5	9	-121557968750/39269242092087
134	103	2	3	-3393554687500/8633623368531699
134	103	5	9	-3393554687500/8633623368531699
135	56	10	14	2
135	57	8	12	355/1053
135	58	8	12	332275/15523326
135	59	8	12	-272471375/32692124556
135	60	8	12	-183674776625/68849614314936
135	61	8	12	8145350528125/144997287747255216
135	62	11	18	4
135	63	10	16	-335/486
135	64	10	16	277975/6613488
135	65	10	16	246970375/12856620672
135	66	10	16	-150568201625/24993270586368
135	67	10	16	-11330562415625/48586918019899392
135	68	2	17	4/3
135	68	3	16	4/3
135	68	5	13	4/3
135	69	2	15	2420/5103
135	69	3	14	2420/5103
135	69	5	12	2420/5103
135	70	2	15	24700/177147
135	70	3	14	24700/177147
135	70	5	12	24700/177147
135	71	2	15	425133500/14765025303
135	71	3	14	425133500/14765025303
135	71	5	12	425133500/14765025303
135	72	2	15	23604440500/25115308040403
135	72	3	14	23604440500/25115308040403
135	72	5	12	23604440500/25115308040403
135	73	2	15	-101412343037500/42721138976725503
135	73	3	14	-101412343037500/42721138976725503
135	73	5	12	-101412343037500/42721138976725503
135	86	5	8	4
135	86	10	14	4
135	87	5	8	5/6
135	87	9	12	5/6
135	88	5	8	823/9072
135	88	9	12	823/9072
135	89	5	8	-1135/72576
135	89	9	12	-1135/72576
135	90	5	8	-2173117/235146240
135	90	9	12	-2173117/235146240
135	91	5	8	-1033085/1128701952
135	91	9	12	-1033085/1128701952
135	92	4	12	4
135	92	6	14	4
135	93	4	11	-130/291
135	93	6	13	-130/291
135	94	4	11	-189725/5334903
135	94	6	13	-189725/5334903
135	95	4	11	23866375/1034971182
135	95	6	13	23866375/1034971182
135	96	4	11	-10754356625/16263537153948
135	96	6	13	-10754356625/16263537153948
135	97	4	11	-16409571709375/9465378623597736
135	97	6	13	-16409571709375/9465378623597736
135	98	6	6	1/2
135	98	7	7	1/2
135	98	11	11	1/2
135	98	12	12	1/2
135	99	6	6	-385/3078
135	99	7	7	-385/3078
135	99	10	10	-385/3078
135	99	11	11	-385/3078
135	100	6	6	635725/33159294
135	100	7	7	635725/33159294
135	100	10	10	635725/33159294
135	100	11	11	635725/33159294
135	101	6	6	9238625/7290307638
135	101	7	7	9238625/7290307638
135	101	10	10	9238625/7290307638
135	101	11	11	9238625/7290307638
135	102	6	6	-138997374125/78538484184174
135	102	7	7	-138997374125/78538484184174
135	102	10	10	-138997374125/78538484184174
135	102	11	11	-138997374125/78538484184174
135	103	6	6	6538441971875/17267246737063398
135	103	7	7	6538441971875/17267246737063398
135	103	10	10	6538441971875/17267246737063398
135	103	11	11	6538441971875/17267246737063398
135	104	5	9	2
135	105	5	9	475/837
135	106	5	9	1142275/9807966
135	107	5	9	127335625/16418535084
135	108	5	9	-158955076625/27484627730616
135	109	5	9	-117680096046875/46009266821051184
136	56	10	18	1
136	56	14	18	1
136	57	8	16	-355/1053
136	57	12	16	-355/1053
136	58	8	16	1556675/15523326
136	58	12	16	1556675/15523326
136	59	8	16	-405170375/16346062278
136	59	12	16	-405170375/16346062278
136	60	8	16	73944538625/17212403578734
136	60	12	16	73944538625/17212403578734
136	61	8	16	-1334336946875/18124660968406902
136	61	12	16	-1334336946875/18124660968406902
136	62	9	11	2
136	63	8	10	335/486
136	64	8	10	689725/3306744
136	65	8	10	166838375/3214155168
136	66	8	10	27295445875/3124158823296
136	67	8	10	-345741146875/3036682376243712
136	68	2	8	2/3
136	68	3	8	2/3
136	68	4	15	2/3
136	68	5	8	2/3
136	68	6	12	2/3
136	68	7	10	2/3
136	68	8	10	2/3
136	68	8	12	2/3
136	68	8	15	2/3
136	69	2	8	10/81
136	69	3	8	10/81
136	69	4	13	1420/5103
136	69	5	8	10/81
136	69	6	11	1420/5103
136	69	7	10	1420/5103
136	70	2	8	3800/321489
136	70	3	8	3800/321489
136	70	4	13	912350/8680203
136	70	5	8	3800/321489
136	70	6	11	912350/8680203
136	70	7	10	912350/8680203
136	70	8	10	-3550/321489
136	70	8	11	-3550/321489
136	70	8	13	-3550/321489
136	71	2	8	-5500/2893401
136	71	3	8	-5500/2893401
136	71	4	13	73094500/2109289329
136	71	5	8	-5500/2893401
136	71	6	11	73094500/2109289329
136	71	7	10	73094500/2109289329
136	72	2	8	-4803250/4921675101
136	72	3	8	-4803250/4921675101
136	72	4	13	231187821500/25115308040403
136	72	5	8	-4803250/4921675101
136	72	6	11	231187821500/25115308040403
136	72	7	10	231187821500/25115308040403
136	72	8	10	2520500/4921675101
136	72	8	11	2520500/4921675101
136	72	8	13	2520500/4921675101
136	73	2	8	-10881250/132885227727
136	73	3	8	-10881250/132885227727
136	73	4	13	9064096075000/6103019853817929
136	73	5	8	-10881250/132885227727
136	73	6	11	9064096075000/6103019853817929
136	73	7	10	9064096075000/6103019853817929
136	86	5	14	2
136	86	6	8	2
136	86	8	10	2
136	86	13	14	2
136	87	5	12	31/36
136	87	6	8	-11/18
136	87	8	9	31/36
136	87	11	12	-11/18
136	88	5	12	2053/6048
136	88	6	8	235/1512
136	88	8	9	2053/6048
136	88	11	12	235/1512
136	89	5	12	155713/1306368
136	89	6	8	-4631/163296
136	89	8	9	155713/1306368
136	89	11	12	-4631/163296
136	90	5	12	16593043/470292480
136	90	6	8	5329/4199040
136	90	8	9	16593043/470292480
136	90	11	12	5329/4199040
136	91	5	12	51193865/6772211712
136	91	6	8	319055/211631616
136	91	8	9	51193865/6772211712
136	91	11	12	319055/211631616
136	92	4	4	1
136	92	4	9	2
136	92	6	6	1
136	92	6	9	2
136	93	4	4	-205/582
136	93	4	9	710/873
136	93	6	6	-205/582
136	93	6	9	710/873
136	94	4	4	2303225/21339612
136	94	4	9	530725/1778301
136	94	6	6	2303225/21339612
136	94	6	9	530725/1778301
136	95	4	4	-110325875/4139884728
136	95	4	9	442977875/4657370319
136	95	6	6	-110325875/4139884728
136	95	6	9	442977875/4657370319
136	96	4	4	267359150875/65054148615792
136	96	4	9	98090928625/4065884288487
136	96	6	6	267359150875/65054148615792
136	96	6	9	98090928625/4065884288487
136	97	4	4	13096402065625/37861514494390944
136	97	4	9	12429577946875/3549516983849151
136	97	6	6	13096402065625/37861514494390944
136	97	6	9	12429577946875/3549516983849151
136	98	2	4	1/2
136	98	3	4	1/2
136	98	4	6	1/2
136	98	4	7	1/2
136	98	4	11	1/2
136	98	4	12	1/2
136	98	5	14	1/2
136	98	6	14	1/2
136	98	7	14	1/2
136	98	10	14	1/2
136	98	11	14	1/2
136	98	12	14	1/2
136	99	2	4	20/513
136	99	3	4	20/513
136	99	4	6	-65/1026
136	99	4	7	-65/1026
136	99	4	10	-65/1026
136	99	4	11	-65/1026
136	99	5	13	20/513
136	99	6	13	-65/1026
136	99	7	13	-65/1026
136	99	9	13	20/513
136	99	10	13	-65/1026
136	99	11	13	-65/1026
136	100	2	4	-22525/3684366
136	100	3	4	-22525/3684366
136	100	4	6	-2075/1842183
136	100	4	7	-2075/1842183
136	100	4	10	-2075/1842183
136	100	4	11	-2075/1842183
136	100	5	13	-22525/3684366
136	100	6	13	-2075/1842183
136	100	7	13	-2075/1842183
136	100	9	13	-22525/3684366
136	100	10	13	-2075/1842183
136	100	11	13	-2075/1842183
136	101	2	4	-1799500/945039879
136	101	3	4	-1799500/945039879
136	101	4	6	2327000/945039879
136	101	4	7	2327000/945039879
136	101	4	10	2327000/945039879
136	101	4	11	2327000/945039879
136	101	5	13	-1799500/945039879
136	101	6	13	2327000/945039879
136	101	7	13	2327000/945039879
136	101	9	13	-1799500/945039879
136	101	10	13	2327000/945039879
136	101	11	13	2327000/945039879
136	102	2	4	74555125/484805457927
136	102	3	4	74555125/484805457927
136	102	4	6	-275024125/969610915854
136	102	4	7	-275024125/969610915854
136	102	4	10	-275024125/969610915854
136	102	4	11	-275024125/969610915854
136	102	5	13	74555125/484805457927
136	102	6	13	-275024125/969610915854
136	102	7	13	-275024125/969610915854
136	102	9	13	74555125/484805457927
136	102	10	13	-275024125/969610915854
136	102	11	13	-275024125/969610915854
136	103	2	4	5008775000/35529314273793
136	103	3	4	5008775000/35529314273793
136	103	4	6	-9051940625/71058628547586
136	103	4	7	-9051940625/71058628547586
136	103	4	10	-9051940625/71058628547586
136	103	4	11	-9051940625/71058628547586
136	103	5	13	5008775000/35529314273793
136	103	6	13	-9051940625/71058628547586
136	103	7	13	-9051940625/71058628547586
136	103	9	13	5008775000/35529314273793
136	103	10	13	-9051940625/71058628547586
136	103	11	13	-9051940625/71058628547586
137	56	10	18	1
137	56	14	18	1
137	57	8	16	35/1053
137	57	12	16	35/1053
137	58	8	16	-252925/15523326
137	58	12	16	-252925/15523326
137	59	8	16	-3965375/2335151754
137	59	12	16	-3965375/2335151754
137	60	8	16	12624058625/17212403578734
137	60	12	16	12624058625/17212403578734
137	61	8	16	348265478125/2589237281200986
137	61	12	16	348265478125/2589237281200986
137	62	11	18	2
137	63	10	16	385/972
137	64	10	16	538975/13226976
137	65	10	16	-25202375/3673320192
137	66	10	16	-190194571625/49986541172736
137	67	10	16	-4842825659375/13881976577114112
137	68	2	18	2/3
137	68	3	18	2/3
137	68	5	18	2/3
137	68	10	17	2/3
137	68	10	18	2/3
137	68	12	16	2/3
137	68	12	18	2/3
137	68	13	15	2/3
137	68	15	18	2/3
137	69	2	16	40/243
137	69	3	16	40/243
137	69	5	16	40/243
137	69	10	15	1000/5103
137	69	10	16	-20/243
137	69	11	14	1000/5103
137	69	11	16	-20/243
137	69	12	13	1000/5103
137	69	13	16	-20/243
137	70	2	16	8450/321489
137	70	3	16	8450/321489
137	70	5	16	8450/321489
137	70	10	15	375350/8680203
137	70	10	16	-50/11907
137	70	11	14	375350/8680203
137	70	11	16	-50/11907
137	70	12	13	375350/8680203
137	70	13	16	-50/11907
137	71	2	16	-47000/78121827
137	71	3	16	-47000/78121827
137	71	5	16	-47000/78121827
137	71	10	15	63025000/14765025303
137	71	10	16	317500/78121827
137	71	11	14	63025000/14765025303
137	71	11	16	317500/78121827
137	71	12	13	63025000/14765025303
137	71	13	16	317500/78121827
137	72	2	16	-84555500/44295075909
137	72	3	16	-84555500/44295075909
137	72	5	16	-84555500/44295075909
137	72	10	15	-40222328500/25115308040403
137	72	10	16	-12945500/44295075909
137	72	11	14	-40222328500/25115308040403
137	72	11	16	-12945500/44295075909
137	72	12	13	-40222328500/25115308040403
137	72	13	16	-12945500/44295075909
137	73	2	16	-1724350000/3587901148629
137	73	3	16	-1724350000/3587901148629
137	73	5	16	-1724350000/3587901148629
137	73	10	15	-38930821250000/42721138976725503
137	73	10	16	-1017325000/3587901148629
137	73	11	14	-38930821250000/42721138976725503
137	73	11	16	-1017325000/3587901148629
137	73	12	13	-38930821250000/42721138976725503
137	73	13	16	-1017325000/3587901148629
137	86	5	18	2
137	86	10	18	2
137	87	5	16	7/12
137	87	9	16	7/12
137	88	5	16	7045/54432
137	88	9	16	7045/54432
137	89	5	16	871/62208
137	89	9	16	871/62208
137	90	5	16	-16870213/4232632320
137	90	9	16	-16870213/4232632320
137	91	5	16	-7244065/2902376448
137	91	9	16	-7244065/2902376448
137	92	9	13	2
137	92	9	15	2
137	92	12	13	2
137	92	14	15	2
137	93	9	12	430/873
137	93	9	14	430/873
137	93	11	12	-45/97
137	93	13	14	-45/97
137	94	9	12	1269725/16004709
137	94	9	14	1269725/16004709
137	94	11	12	2101075/32009418
137	94	13	14	2101075/32009418
137	95	9	12	-5283625/4657370319
137	95	9	14	-5283625/4657370319
137	95	11	12	976375/229993596
137	95	13	14	976375/229993596
137	96	9	12	-199435312375/36592958596383
137	96	9	14	-199435312375/36592958596383
137	96	11	12	-221365878875/41820524110152
137	96	13	14	-221365878875/41820524110152
137	97	9	12	-45379961715625/31945652854642359
137	97	9	14	-45379961715625/31945652854642359
137	97	11	12	6530505715625/6310252415731824
137	97	13	14	6530505715625/6310252415731824
137	104	5	13	1
137	104	6	6	1/2
137	104	6	13	1
137	104	7	7	1/2
137	104	7	13	1
137	104	9	13	1
137	104	10	10	1/2
137	104	10	13	1
137	104	11	11	1/2
137	104	11	13	1
137	105	5	13	115/837
137	105	6	6	-1405/10044
137	105	6	13	-95/837
137	105	7	7	-1405/10044
137	105	7	13	-95/837
137	105	9	13	115/837
137	105	10	10	-1405/10044
137	105	10	13	-95/837
137	105	11	11	-1405/10044
137	105	11	13	-95/837
137	106	5	13	-29525/9807966
137	106	6	6	9954025/353086776
137	106	6	13	-88325/9807966
137	106	7	7	9954025/353086776
137	106	7	13	-88325/9807966
137	106	9	13	-29525/9807966
137	106	10	10	9954025/353086776
137	106	10	13	-88325/9807966
137	106	11	11	9954025/353086776
137	106	11	13	-88325/9807966
137	107	5	13	-52770625/8209267542
137	107	6	6	-3127143625/1773201789072
137	107	6	13	49179125/8209267542
137	107	7	7	-3127143625/1773201789072
137	107	7	13	49179125/8209267542
137	107	9	13	-52770625/8209267542
137	107	10	10	-3127143625/1773201789072
137	107	10	13	49179125/8209267542
137	107	11	11	-3127143625/1773201789072
137	107	11	13	49179125/8209267542
137	108	5	13	-5368781375/6871156932654
137	108	6	6	-12517487229125/8905019384719584
137	108	6	13	-1267271375/6871156932654
137	108	7	7	-12517487229125/8905019384719584
137	108	7	13	-1267271375/6871156932654
137	108	9	13	-5368781375/6871156932654
137	108	10	10	-12517487229125/8905019384719584
137	108	10	13	-1267271375/6871156932654
137	108	11	11	-12517487229125/8905019384719584
137	108	11	13	-1267271375/6871156932654
137	109	5	13	330923928125/821594050375914
137	109	6	6	26889667931815625/44721007350061750848
137	109	6	13	-377981190625/821594050375914
137	109	7	7	26889667931815625/44721007350061750848
137	109	7	13	-377981190625/821594050375914
137	109	9	13	330923928125/821594050375914
137	109	10	10	26889667931815625/44721007350061750848
137	109	10	13	-377981190625/821594050375914
137	109	11	11	26889667931815625/44721007350061750848
137	109	11	13	-377981190625/821594050375914
138	56	18	18	2
138	57	16	16	-920/1053
138	58	16	16	2816150/7761663
138	59	16	16	-1160879000/8173031139
138	60	16	16	445442652500/8606201789367
138	61	16	16	-155833235150000/9062330484203451
138	68	8	10	8/3
138	68	8	12	8/3
138	68	8	15	8/3
138	69	8	10	80/81
138	69	8	11	80/81
138	69	8	13	80/81
138	70	8	10	107600/321489
138	70	8	11	107600/321489
138	70	8	13	107600/321489
138	71	8	10	292000/2893401
138	71	8	11	292000/2893401
138	71	8	13	292000/2893401
138	72	8	10	125960000/4921675101
138	72	8	11	125960000/4921675101
138	72	8	13	125960000/4921675101
138	73	8	10	619600000/132885227727
138	73	8	11	619600000/132885227727
138	73	8	13	619600000/132885227727
138	92	8	9	8
138	93	8	9	1120/291
138	94	8	9	9393400/5334903
138	95	8	9	56156000/73926513
138	96	8	9	1240987010000/4065884288487
138	97	8	9	18916320200000/169024618278531
138	98	4	4	1
138	98	4	8	2
138	98	4	13	2
138	98	14	14	1
138	98	14	15	2
138	98	14	17	2
138	99	4	4	-65/513
138	99	4	8	-340/513
138	99	4	12	-340/513
138	99	13	13	-65/513
138	99	13	14	-340/513
138	99	13	15	-340/513
138	100	4	4	5825/1842183
138	100	4	8	357100/1842183
138	100	4	12	357100/1842183
138	100	13	13	5825/1842183
138	100	13	14	357100/1842183
138	100	13	15	357100/1842183
138	101	4	4	2708875/945039879
138	101	4	8	-44557000/945039879
138	101	4	12	-44557000/945039879
138	101	13	13	2708875/945039879
138	101	13	14	-44557000/945039879
138	101	13	15	-44557000/945039879
138	102	4	4	-251483125/484805457927
138	102	4	8	3907690000/484805457927
138	102	4	12	3907690000/484805457927
138	102	13	13	-251483125/484805457927
138	102	13	14	3907690000/484805457927
138	102	13	15	3907690000/484805457927
138	103	4	4	-2318103125/35529314273793
138	103	4	8	-5383900000/35529314273793
138	103	4	12	-5383900000/35529314273793
138	103	13	13	-2318103125/35529314273793
138	103	13	14	-5383900000/35529314273793
138	103	13	15	-5383900000/35529314273793
138	104	4	4	2
138	105	4	4	-680/837
138	106	4	4	1502150/4903983
138	107	4	4	-431681000/4104633771
138	108	4	4	109158852500/3435578466327
138	109	4	4	-22513474850000/2875579176315699
139	56	18	18	2
139	57	16	16	-140/1053
139	58	16	16	-181000/7761663
139	59	16	16	6802000/1167575877
139	60	16	16	5457932000/8606201789367
139	61	16	16	-504059000000/1294618640600493
139	68	10	18	8/3
139	68	12	18	8/3
139	68	15	18	8/3
139	69	10	16	160/243
139	69	11	16	160/243
139	69	13	16	160/243
139	70	10	16	35200/321489
139	70	11	16	35200/321489
139	70	13	16	35200/321489
139	71	10	16	64000/78121827
139	71	11	16	64000/78121827
139	71	13	16	64000/78121827
139	72	10	16	-290048000/44295075909
139	72	11	16	-290048000/44295075909
139	72	13	16	-290048000/44295075909
139	73	10	16	-6784000000/3587901148629
139	73	11	16	-6784000000/3587901148629
139	73	13	16	-6784000000/3587901148629
139	92	9	17	8
139	93	9	16	2240/873
139	94	9	16	10688000/16004709
139	95	9	16	76288000/665338617
139	96	9	16	-98111488000/36592958596383
139	97	9	16	-48041984000000/4563664693520337
139	104	13	13	2
139	104	13	14	4
139	104	13	16	4
139	105	13	13	20/837
139	105	13	14	-800/837
139	105	13	15	-800/837
139	106	13	13	-197000/4903983
139	106	13	14	723200/4903983
139	106	13	15	723200/4903983
139	107	13	13	-5938000/4104633771
139	107	13	14	14080000/4104633771
139	107	13	15	14080000/4104633771
139	108	13	13	7753612000/3435578466327
139	108	13	14	-34686976000/3435578466327
139	108	13	15	-34686976000/3435578466327
139	109	13	13	55949000000/410797025187957
139	109	13	14	1005568000000/410797025187957
139	109	13	15	1005568000000/410797025187957
139	110	4	4	1/3
139	110	6	6	1/3
139	110	7	7	1/3
139	110	10	10	1/3
139	110	11	11	1/3
139	110	13	13	1/3
139	111	4	4	-25/243
139	111	6	6	-25/243
139	111	7	7	-25/243
139	111	10	10	-25/243
139	111	11	11	-25/243
139	111	13	13	-25/243
139	112	4	4	3475/137781
139	112	6	6	3475/137781
139	112	7	7	3475/137781
139	112	10	10	3475/137781
139	112	11	11	3475/137781
139	112	13	13	3475/137781
139	113	4	4	-41875/11160261
139	113	6	6	-41875/11160261
139	113	7	7	-41875/11160261
139	113	10	10	-41875/11160261
139	113	11	11	-41875/11160261
139	113	13	13	-41875/11160261
139	114	4	4	-316625/903981141
139	114	6	6	-316625/903981141
139	114	7	7	-316625/903981141
139	114	10	10	-316625/903981141
139	114	11	11	-316625/903981141
139	114	13	13	-316625/903981141
139	115	4	4	31765625/73222472421
139	115	6	6	31765625/73222472421
139	115	7	7	31765625/73222472421
139	115	10	10	31765625/73222472421
139	115	11	11	31765625/73222472421
139	115	13	13	31765625/73222472421
140	62	8	17	8
140	62	17	17	4
140	63	7	15	10/9
140	63	15	15	-10/9
140	64	7	15	-25/1134
140	64	15	15	125/567
140	65	7	15	-2125/40824
140	65	15	15	-125/10206
140	66	7	15	-1375/209952
140	66	15	15	-2125/183708
140	67	7	15	171875/52907904
140	67	15	15	15625/3306744
140	74	8	12	8/3
140	74	8	14	8/3
140	74	12	14	8/3
140	75	7	11	20/27
140	75	7	13	20/27
140	75	11	13	20/27
140	76	7	11	250/1701
140	76	7	13	250/1701
140	76	11	13	250/1701
140	77	7	11	125/15309
140	77	7	13	125/15309
140	77	11	13	125/15309
140	78	7	11	-2125/275562
140	78	7	13	-2125/275562
140	78	11	13	-2125/275562
140	79	7	11	-15625/4960116
140	79	7	13	-15625/4960116
140	79	11	13	-15625/4960116
140	98	1	18	2
140	99	1	16	-10/171
140	100	1	16	-11050/204687
140	101	1	16	169250/35001477
140	102	1	16	24290750/5985252567
140	103	1	16	-635593750/1023478188957
140	104	1	8	4
140	104	1	12	4
140	105	1	8	-20/93
140	105	1	12	-20/93
140	106	1	8	-5500/60543
140	106	1	12	-5500/60543
140	107	1	8	89500/5630499
140	107	1	12	89500/5630499
140	108	1	8	2931500/523636407
140	108	1	12	2931500/523636407
140	109	1	8	-88437500/48698185851
140	109	1	12	-88437500/48698185851
141	62	5	8	2
141	62	5	13	2
141	62	7	8	2
141	62	7	16	2
141	62	8	13	2
141	62	8	16	2
141	63	4	7	10/27
141	63	4	12	-110/243
141	63	6	7	10/27
141	63	6	14	-110/243
141	63	7	12	-5/36
141	63	7	14	-5/36
141	64	4	7	400/15309
141	64	4	12	24800/413343
141	64	6	7	400/15309
141	64	6	14	24800/413343
141	64	7	12	-16075/489888
141	64	7	14	-16075/489888
141	65	4	7	-500/45927
141	65	4	12	566500/100442349
141	65	6	7	-500/45927
141	65	6	14	566500/100442349
141	65	7	12	96125/11757312
141	65	7	14	96125/11757312
141	66	4	7	-129250/33480783
141	66	4	12	-128823250/24407490807
141	66	6	7	-129250/33480783
141	66	6	14	-128823250/24407490807
141	66	7	12	13143625/9795520512
141	66	7	14	13143625/9795520512
141	67	4	7	68750/903981141
141	67	4	12	5212693750/5931020266101
141	67	6	7	68750/903981141
141	67	6	14	5212693750/5931020266101
141	67	7	12	-3640346875/4936942338048
141	67	7	14	-3640346875/4936942338048
141	80	4	6	1/2
141	80	4	14	1/2
141	80	6	16	1/2
141	80	14	16	1/2
141	81	4	6	5/42
141	81	4	11	5/42
141	81	6	13	5/42
141	81	11	13	5/42
141	82	4	6	575/31752
141	82	4	11	575/31752
141	82	6	13	575/31752
141	82	11	13	575/31752
141	83	4	6	-125/222264
141	83	4	11	-125/222264
141	83	6	13	-125/222264
141	83	11	13	-125/222264
141	84	4	6	-6625/5143824
141	84	4	11	-6625/5143824
141	84	6	13	-6625/5143824
141	84	11	13	-6625/5143824
141	85	4	6	-1590625/5292994896
141	85	4	11	-1590625/5292994896
141	85	6	13	-1590625/5292994896
141	85	11	13	-1590625/5292994896
141	86	2	14	2
141	86	2	15	2
141	86	3	8	2
141	86	3	15	2
141	87	2	12	-2/9
141	87	2	13	2/3
141	87	3	8	-2/9
141	87	3	13	2/3
141	88	2	12	-4/189
141	88	2	13	100/567
141	88	3	8	-4/189
141	88	3	13	100/567
141	89	2	12	64/5103
141	89	2	13	16/567
141	89	3	8	64/5103
141	89	3	13	16/567
141	90	2	12	-34/229635
141	90	2	13	-674/229635
141	90	3	8	-34/229635
141	90	3	13	-674/229635
141	91	2	12	-430/413343
141	91	2	13	-530/137781
141	91	3	8	-430/413343
141	91	3	13	-530/137781
141	92	3	5	2
141	92	3	6	2
141	92	4	5	2
141	93	3	5	185/291
141	93	3	6	-55/873
141	93	4	5	-55/873
141	94	3	5	1651775/10669806
141	94	3	6	-161075/3556602
141	94	4	5	-161075/3556602
141	95	3	5	39650125/2069942364
141	95	3	6	82061375/18629481276
141	95	4	5	82061375/18629481276
141	96	3	5	-166283311625/32527074307896
141	96	3	6	13239562625/4646724901128
141	96	4	5	13239562625/4646724901128
141	97	3	5	-70426461490625/18930757247195472
141	97	3	6	-27150457090625/56792271741586416
141	97	4	5	-27150457090625/56792271741586416
141	98	1	6	1/2
141	98	1	7	1/2
141	98	1	11	1/2
141	98	1	12	1/2
141	99	1	6	145/1026
141	99	1	7	145/1026
141	99	1	10	145/1026
141	99	1	11	145/1026
141	100	1	6	97775/3684366
141	100	1	7	97775/3684366
141	100	1	10	97775/3684366
141	100	1	11	97775/3684366
141	101	1	6	-148625/1890079758
141	101	1	7	-148625/1890079758
141	101	1	10	-148625/1890079758
141	101	1	11	-148625/1890079758
141	102	1	6	-2161311625/969610915854
141	102	1	7	-2161311625/969610915854
141	102	1	10	-2161311625/969610915854
141	102	1	11	-2161311625/969610915854
141	103	1	6	-349634965625/497410399833102
141	103	1	7	-349634965625/497410399833102
141	103	1	10	-349634965625/497410399833102
141	103	1	11	-349634965625/497410399833102
142	62	8	9	2
142	62	8	13	2
142	62	8	16	2
142	62	8	18	2
142	62	13	13	1
142	62	16	16	1
142	63	7	8	5/54
142	63	7	12	65/108
142	63	7	14	65/108
142	63	7	16	-5/12
142	63	12	12	-635/1944
142	63	14	14	-635/1944
142	64	7	8	-3925/122472
142	64	7	12	70925/489888
142	64	7	14	70925/489888
142	64	7	16	24725/489888
142	64	12	12	2341975/26453952
142	64	14	14	2341975/26453952
142	65	7	8	-2375/489888
142	65	7	12	255125/11757312
142	65	7	14	255125/11757312
142	65	7	16	18125/3919104
142	65	12	12	-876792125/51426482688
142	65	14	14	-876792125/51426482688
142	66	7	8	851125/612220032
142	66	7	12	-102364625/68568643584
142	66	7	14	-102364625/68568643584
142	66	7	16	-37676375/9795520512
142	66	12	12	67783738375/99973082345472
142	66	14	14	67783738375/99973082345472
142	67	7	8	181534375/462838344192
142	67	7	12	-32362240625/14810827014144
142	67	7	14	-32362240625/14810827014144
142	67	7	16	946653125/1645647446016
142	67	12	12	214511779271875/194347672079597568
142	67	14	14	214511779271875/194347672079597568
142	68	4	13	2/3
142	68	6	16	2/3
142	68	7	17	2/3
142	69	4	12	-760/5103
142	69	6	14	-760/5103
142	69	7	15	-760/5103
142	70	4	12	168650/8680203
142	70	6	14	168650/8680203
142	70	7	15	168650/8680203
142	71	4	12	27227000/14765025303
142	71	6	14	27227000/14765025303
142	71	7	15	27227000/14765025303
142	72	4	12	-42184808500/25115308040403
142	72	6	14	-42184808500/25115308040403
142	72	7	15	-42184808500/25115308040403
142	73	4	12	11681854550000/42721138976725503
142	73	6	14	11681854550000/42721138976725503
142	73	7	15	11681854550000/42721138976725503
142	86	6	15	2
142	86	13	15	2
142	87	6	13	1/2
142	87	11	13	1/2
142	88	6	13	389/4536
142	88	11	13	389/4536
142	89	6	13	11/6048
142	89	11	13	11/6048
142	90	6	13	-139537/29393280
142	90	11	13	-139537/29393280
142	91	6	13	-34885/23514624
142	91	11	13	-34885/23514624
142	92	3	8	2
142	92	3	14	2
142	92	5	8	2
142	92	5	12	2
142	93	3	8	-30/97
142	93	3	13	215/291
142	93	5	8	-30/97
142	93	5	11	215/291
142	94	3	8	39325/5334903
142	94	3	13	2480525/10669806
142	94	5	8	39325/5334903
142	94	5	11	2480525/10669806
142	95	3	8	653875/57498399
142	95	3	13	115901125/2069942364
142	95	5	8	653875/57498399
142	95	5	11	115901125/2069942364
142	96	3	8	-1376324125/580840612641
142	96	3	13	208603145875/32527074307896
142	96	5	8	-1376324125/580840612641
142	96	5	11	208603145875/32527074307896
142	97	3	8	-59482165625/131463591994413
142	97	3	13	-45492035571875/18930757247195472
142	97	5	8	-59482165625/131463591994413
142	97	5	11	-45492035571875/18930757247195472
142	98	1	8	1/2
142	98	1	13	1/2
142	98	1	15	1/2
142	98	1	17	1/2
142	98	2	15	1/2
142	98	3	17	1/2
142	98	5	8	1/2
142	98	10	13	1/2
142	99	1	8	80/513
142	99	1	12	80/513
142	99	1	14	80/513
142	99	1	15	80/513
142	99	2	14	-55/1539
142	99	3	15	-55/1539
142	99	5	8	-55/1539
142	99	9	12	-55/1539
142	100	1	8	136925/3684366
142	100	1	12	136925/3684366
142	100	1	14	136925/3684366
142	100	1	15	136925/3684366
142	100	2	14	-295775/33159294
142	100	3	15	-295775/33159294
142	100	5	8	-295775/33159294
142	100	9	12	-295775/33159294
142	101	1	8	4190000/945039879
142	101	1	12	4190000/945039879
142	101	1	14	4190000/945039879
142	101	1	15	4190000/945039879
142	101	2	14	58119875/25516076733
142	101	3	15	58119875/25516076733
142	101	5	8	58119875/25516076733
142	101	9	12	58119875/25516076733
142	102	1	8	-595524875/484805457927
142	102	1	12	-595524875/484805457927
142	102	1	14	-595524875/484805457927
142	102	1	15	-595524875/484805457927
142	102	2	14	2236205375/5609891727441
142	102	3	15	2236205375/5609891727441
142	102	5	8	2236205375/5609891727441
142	102	9	12	2236205375/5609891727441
142	103	1	8	-212842300000/248705199916551
142	103	1	12	-212842300000/248705199916551
142	103	1	14	-212842300000/248705199916551
142	103	1	15	-212842300000/248705199916551
142	103	2	14	-13448041543750/60435363579721893
142	103	3	15	-13448041543750/60435363579721893
142	103	5	8	-13448041543750/60435363579721893
142	103	9	12	-13448041543750/60435363579721893
142	104	4	5	1
142	104	4	9	1
142	105	4	5	25/837
142	105	4	9	25/837
142	106	4	5	-198175/9807966
142	106	4	9	-198175/9807966
142	107	4	5	-15300625/8209267542
142	107	4	9	-15300625/8209267542
142	108	4	5	7793091125/6871156932654
142	108	4	9	7793091125/6871156932654
142	109	4	5	1038253578125/5751158352631398
142	109	4	9	1038253578125/5751158352631398
143	62	8	18	8
143	63	7	16	35/27
143	64	7	16	7325/122472
143	65	7	16	-16375/419904
143	66	7	16	-175756625/17142160896
143	67	7	16	477296875/528958107648
143	68	13	13	4/3
143	68	16	16	4/3
143	68	17	17	4/3
143	69	12	12	-1940/5103
143	69	14	14	-1940/5103
143	69	15	15	-1940/5103
143	70	12	12	692500/8680203
143	70	14	14	692500/8680203
143	70	15	15	692500/8680203
143	71	12	12	-94914500/14765025303
143	71	14	14	-94914500/14765025303
143	71	15	15	-94914500/14765025303
143	72	12	12	-12294906500/3587901148629
143	72	14	14	-12294906500/3587901148629
143	72	15	15	-12294906500/3587901148629
143	73	12	12	71303117687500/42721138976725503
143	73	14	14	71303117687500/42721138976725503
143	73	15	15	71303117687500/42721138976725503
143	92	12	14	8
143	93	11	13	580/291
143	94	11	13	1756750/5334903
143	95	11	13	-677875/517485591
143	96	11	13	-176312689625/8131768576974
143	97	11	13	-28346103015625/4732689311798868
143	98	1	18	2
143	99	1	16	350/513
143	100	1	16	341350/1842183
143	101	1	16	4163750/135005697
143	102	1	16	-1401529250/484805457927
143	103	1	16	-149925531250/35529314273793
143	104	5	8	4
143	104	9	12	4
143	105	5	8	-130/279
143	105	9	12	-130/279
143	106	5	8	-53875/1634661
143	106	9	12	-53875/1634661
143	107	5	8	2448875/101348982
143	107	9	12	2448875/101348982
143	108	5	8	-1586236625/1526923762812
143	108	9	12	-1586236625/1526923762812
143	109	5	8	-1541771359375/852023459649096
143	109	9	12	-1541771359375/852023459649096
144	62	17	17	6
144	63	15	15	5/9
144	64	15	15	-325/3402
144	65	15	15	-6625/183708
144	66	15	15	29375/9920232
144	67	15	15	1896875/535692528
144	74	8	16	4
144	74	12	16	4
144	74	14	16	4
144	74	16	16	2
144	75	7	15	20/27
144	75	11	15	20/27
144	75	13	15	20/27
144	75	15	15	-40/81
144	76	7	15	200/5103
144	76	11	15	200/5103
144	76	13	15	200/5103
144	76	15	15	3350/45927
144	77	7	15	-4000/137781
144	77	11	15	-4000/137781
144	77	13	15	-4000/137781
144	77	15	15	23000/3720087
144	78	7	15	-32500/3720087
144	78	11	15	-32500/3720087
144	78	13	15	-32500/3720087
144	78	15	15	-2147500/301327047
144	79	7	15	12500/14348907
144	79	11	15	12500/14348907
144	79	13	15	12500/14348907
144	79	15	15	4850000/3486784401
144	104	1	17	6
144	105	1	16	-20/93
144	106	1	16	-29600/181629
144	107	1	16	916000/50674491
144	108	1	16	24820000/2019740427
144	109	1	16	-9301400000/3944553053931
144	110	1	8	1
144	110	1	12	1
144	110	1	14	1
144	110	1	15	1
144	111	1	8	-5/72
144	111	1	12	-5/72
144	111	1	14	-5/72
144	111	1	15	-5/72
144	112	1	8	-275/12096
144	112	1	12	-275/12096
144	112	1	14	-275/12096
144	112	1	15	-275/12096
144	113	1	8	14125/2612736
144	113	1	12	14125/2612736
144	113	1	14	14125/2612736
144	113	1	15	14125/2612736
144	114	1	8	254375/188116992
144	114	1	12	254375/188116992
144	114	1	14	254375/188116992
144	114	1	15	254375/188116992
144	115	1	8	-1253125/1934917632
144	115	1	12	-1253125/1934917632
144	115	1	14	-1253125/1934917632
144	115	1	15	-1253125/1934917632
145	62	5	5	1
145	62	5	17	2
145	62	7	7	1
145	62	7	17	2
145	63	4	4	20/243
145	63	4	15	-20/81
145	63	6	6	20/243
145	63	6	15	-20/81
145	64	4	4	-7100/413343
145	64	4	15	-800/45927
145	64	6	6	-7100/413343
145	64	6	15	-800/45927
145	65	4	4	-538000/100442349
145	65	4	15	52000/3720087
145	65	6	6	-538000/100442349
145	65	6	15	52000/3720087
145	66	4	4	16564000/24407490807
145	66	4	15	-212000/301327047
145	66	6	6	16564000/24407490807
145	66	6	15	-212000/301327047
145	67	4	4	3150800000/5931020266101
145	67	4	15	-27800000/24407490807
145	67	6	6	3150800000/5931020266101
145	67	6	15	-27800000/24407490807
145	74	2	8	2/3
145	74	2	9	2/3
145	74	2	12	2/3
145	74	2	13	2/3
145	74	2	14	2/3
145	74	2	15	2/3
145	74	5	14	2/3
145	74	7	12	2/3
145	74	8	11	2/3
145	75	2	7	50/243
145	75	2	8	-220/2187
145	75	2	11	50/243
145	75	2	12	-220/2187
145	75	2	13	50/243
145	75	2	14	-220/2187
145	75	4	13	5/243
145	75	6	11	5/243
145	75	7	10	5/243
145	76	2	7	6550/137781
145	76	2	8	-8800/11160261
145	76	2	11	6550/137781
145	76	2	12	-8800/11160261
145	76	2	13	6550/137781
145	76	2	14	-8800/11160261
145	76	4	13	-4225/275562
145	76	6	11	-4225/275562
145	76	7	10	-4225/275562
145	77	2	7	53750/11160261
145	77	2	8	40172000/8135830269
145	77	2	11	53750/11160261
145	77	2	12	40172000/8135830269
145	77	2	13	53750/11160261
145	77	2	14	40172000/8135830269
145	77	4	13	-65125/44641044
145	77	6	11	-65125/44641044
145	77	7	10	-65125/44641044
145	78	2	7	-1813250/903981141
145	78	2	8	-648076000/847288609443
145	78	2	11	-1813250/903981141
145	78	2	12	-648076000/847288609443
145	78	2	13	-1813250/903981141
145	78	2	14	-648076000/847288609443
145	78	4	13	1012625/1033121304
145	78	6	11	1012625/1033121304
145	78	7	10	1012625/1033121304
145	79	2	7	-86031250/73222472421
145	79	2	8	-1346705800000/4323713773987629
145	79	2	11	-86031250/73222472421
145	79	2	12	-1346705800000/4323713773987629
145	79	2	13	-86031250/73222472421
145	79	2	14	-1346705800000/4323713773987629
145	79	4	13	188121875/1171559558736
145	79	6	11	188121875/1171559558736
145	79	7	10	188121875/1171559558736
145	80	4	7	1/2
145	80	4	12	1/2
145	80	6	7	1/2
145	80	6	12	1/2
145	80	7	8	1/2
145	80	7	14	1/2
145	80	7	16	1/2
145	80	7	18	1/2
145	80	12	14	1/2
145	80	12	15	1/2
145	80	12	16	1/2
145	80	12	17	1/2
145	81	4	7	5/42
145	81	4	10	5/42
145	81	6	7	5/42
145	81	6	10	5/42
145	81	7	8	-155/1512
145	81	7	11	5/42
145	81	7	13	5/42
145	81	7	15	-155/1512
145	81	10	11	5/42
145	81	10	12	-155/1512
145	81	10	13	5/42
145	81	10	14	-155/1512
145	82	4	7	200/11907
145	82	4	10	200/11907
145	82	6	7	200/11907
145	82	6	10	200/11907
145	82	7	8	10825/1143072
145	82	7	11	200/11907
145	82	7	13	200/11907
145	82	7	15	10825/1143072
145	82	10	11	200/11907
145	82	10	12	10825/1143072
145	82	10	13	200/11907
145	82	10	14	10825/1143072
145	83	4	7	-125/83349
145	83	4	10	-125/83349
145	83	6	7	-125/83349
145	83	6	10	-125/83349
145	83	7	8	344875/123451776
145	83	7	11	-125/83349
145	83	7	13	-125/83349
145	83	7	15	344875/123451776
145	83	10	11	-125/83349
145	83	10	12	344875/123451776
145	83	10	13	-125/83349
145	83	10	14	344875/123451776
145	84	4	7	-446375/283553298
145	84	4	10	-446375/283553298
145	84	6	7	-446375/283553298
145	84	6	10	-446375/283553298
145	84	7	8	-837707375/653306798592
145	84	7	11	-446375/283553298
145	84	7	13	-446375/283553298
145	84	7	15	-837707375/653306798592
145	84	10	11	-446375/283553298
145	84	10	12	-837707375/653306798592
145	84	10	13	-446375/283553298
145	84	10	14	-837707375/653306798592
145	85	4	7	-1709375/5954619258
145	85	4	10	-1709375/5954619258
145	85	6	7	-1709375/5954619258
145	85	6	10	-1709375/5954619258
145	85	7	8	3426371875/70557134247936
145	85	7	11	-1709375/5954619258
145	85	7	13	-1709375/5954619258
145	85	7	15	3426371875/70557134247936
145	85	10	11	-1709375/5954619258
145	85	10	12	3426371875/70557134247936
145	85	10	13	-1709375/5954619258
145	85	10	14	3426371875/70557134247936
145	86	2	11	2
145	86	2	17	2
145	86	3	7	2
145	86	3	16	2
145	87	2	10	4/9
145	87	3	7	4/9
145	88	2	10	80/1701
145	88	2	15	-88/1701
145	88	3	7	80/1701
145	88	3	14	-88/1701
145	89	2	10	-64/5103
145	89	3	7	-64/5103
145	90	2	10	-13856/2066715
145	90	2	15	7744/2066715
145	90	3	7	-13856/2066715
145	90	3	14	7744/2066715
145	91	2	10	-1600/3720087
145	91	3	7	-1600/3720087
145	92	2	7	2
145	93	2	7	-440/2619
145	94	2	7	-1883200/48014127
145	95	2	7	1541056000/125748998613
145	96	2	7	85811264000/47048089623921
145	97	2	7	-1177234361600000/862532627075343693
145	104	1	2	1
145	104	1	3	1
145	105	1	2	220/837
145	105	1	3	220/837
145	106	1	2	202400/4903983
145	106	1	3	202400/4903983
145	107	1	2	-15488000/4104633771
145	107	1	3	-15488000/4104633771
145	108	1	2	-15770656000/3435578466327
145	108	1	3	-15770656000/3435578466327
145	109	1	2	-2730147200000/2875579176315699
145	109	1	3	-2730147200000/2875579176315699
146	62	5	13	1
146	62	5	17	1
146	62	7	16	1
146	62	7	17	1
146	62	13	17	1
146	62	16	17	1
146	63	4	12	35/243
146	63	4	15	20/81
146	63	6	14	35/243
146	63	6	15	20/81
146	63	12	15	-55/324
146	63	14	15	-55/324
146	64	4	12	-650/413343
146	64	4	15	1775/45927
146	64	6	14	-650/413343
146	64	6	15	1775/45927
146	64	12	15	4775/734832
146	64	14	15	4775/734832
146	65	4	12	-95500/14348907
146	65	4	15	-5500/3720087
146	65	6	14	-95500/14348907
146	65	6	15	-5500/3720087
146	65	12	15	1541375/238085568
146	65	14	15	1541375/238085568
146	66	4	12	-23259125/24407490807
146	66	4	15	-919750/301327047
146	66	6	14	-23259125/24407490807
146	66	6	15	-919750/301327047
146	66	12	15	-126021625/77139724032
146	66	14	15	-126021625/77139724032
146	67	4	12	338496875/847288609443
146	67	4	15	-17575000/24407490807
146	67	6	14	338496875/847288609443
146	67	6	15	-17575000/24407490807
146	67	12	15	-5823090625/24993270586368
146	67	14	15	-5823090625/24993270586368
146	74	5	8	1/3
146	74	5	12	1/3
146	74	7	8	1/3
146	74	7	14	1/3
146	74	8	13	1/3
146	74	8	15	1/3
146	74	9	12	1/3
146	74	9	14	1/3
146	74	11	12	1/3
146	74	11	14	1/3
146	74	12	15	1/3
146	74	13	14	1/3
146	75	4	7	35/486
146	75	4	11	35/486
146	75	6	7	35/486
146	75	6	13	35/486
146	75	7	12	-5/243
146	75	7	14	-5/243
146	75	8	11	-5/243
146	75	8	13	-5/243
146	75	10	11	35/486
146	75	10	13	35/486
146	75	11	14	-5/243
146	75	12	13	-5/243
146	76	4	7	4475/551124
146	76	4	11	4475/551124
146	76	6	7	4475/551124
146	76	6	13	4475/551124
146	76	7	12	-850/137781
146	76	7	14	-850/137781
146	76	8	11	-850/137781
146	76	8	13	-850/137781
146	76	10	11	4475/551124
146	76	10	13	4475/551124
146	76	11	14	-850/137781
146	76	12	13	-850/137781
146	77	4	7	-18625/12754584
146	77	4	11	-18625/12754584
146	77	6	7	-18625/12754584
146	77	6	13	-18625/12754584
146	77	7	12	14500/11160261
146	77	7	14	14500/11160261
146	77	8	11	14500/11160261
146	77	8	13	14500/11160261
146	77	10	11	-18625/12754584
146	77	10	13	-18625/12754584
146	77	11	14	14500/11160261
146	77	12	13	14500/11160261
146	78	4	7	-12906625/14463698256
146	78	4	11	-12906625/14463698256
146	78	6	7	-12906625/14463698256
146	78	6	13	-12906625/14463698256
146	78	7	12	270875/903981141
146	78	7	14	270875/903981141
146	78	8	11	270875/903981141
146	78	8	13	270875/903981141
146	78	10	11	-12906625/14463698256
146	78	10	13	-12906625/14463698256
146	78	11	14	270875/903981141
146	78	12	13	270875/903981141
146	79	4	7	-30503125/334731302496
146	79	4	11	-30503125/334731302496
146	79	6	7	-30503125/334731302496
146	79	6	13	-30503125/334731302496
146	79	7	12	-9246875/73222472421
146	79	7	14	-9246875/73222472421
146	79	8	11	-9246875/73222472421
146	79	8	13	-9246875/73222472421
146	79	10	11	-30503125/334731302496
146	79	10	13	-30503125/334731302496
146	79	11	14	-9246875/73222472421
146	79	12	13	-9246875/73222472421
146	80	4	8	1/4
146	80	4	15	1/4
146	80	6	8	1/4
146	80	6	17	1/4
146	80	14	15	1/4
146	80	14	18	1/4
146	80	16	17	1/4
146	80	16	18	1/4
146	81	4	8	5/168
146	81	4	12	5/168
146	81	6	8	5/168
146	81	6	14	5/168
146	81	11	12	5/168
146	81	11	15	5/168
146	81	13	14	5/168
146	81	13	15	5/168
146	82	4	8	-25/13608
146	82	4	12	-25/13608
146	82	6	8	-25/13608
146	82	6	14	-25/13608
146	82	11	12	-25/13608
146	82	11	15	-25/13608
146	82	13	14	-25/13608
146	82	13	15	-25/13608
146	83	4	8	-125/83349
146	83	4	12	-125/83349
146	83	6	8	-125/83349
146	83	6	14	-125/83349
146	83	11	12	-125/83349
146	83	11	15	-125/83349
146	83	13	14	-125/83349
146	83	13	15	-125/83349
146	84	4	8	-753875/9073705536
146	84	4	12	-753875/9073705536
146	84	6	8	-753875/9073705536
146	84	6	14	-753875/9073705536
146	84	11	12	-753875/9073705536
146	84	11	15	-753875/9073705536
146	84	13	14	-753875/9073705536
146	84	13	15	-753875/9073705536
146	85	4	8	41228125/381095632512
146	85	4	12	41228125/381095632512
146	85	6	8	41228125/381095632512
146	85	6	14	41228125/381095632512
146	85	11	12	41228125/381095632512
146	85	11	15	41228125/381095632512
146	85	13	14	41228125/381095632512
146	85	13	15	41228125/381095632512
146	86	2	16	1
146	86	2	18	1
146	86	3	17	1
146	86	3	18	1
146	86	7	15	1
146	86	7	17	1
146	86	11	15	1
146	86	11	16	1
146	87	2	14	2/9
146	87	2	16	-1/9
146	87	3	15	2/9
146	87	3	16	-1/9
146	87	7	13	1/4
146	87	7	15	-5/27
146	87	10	13	1/4
146	87	10	14	-5/27
146	88	2	14	43/1701
146	88	2	16	-20/1701
146	88	3	15	43/1701
146	88	3	16	-20/1701
146	88	7	13	1045/27216
146	88	7	15	52/5103
146	88	10	13	1045/27216
146	88	10	14	52/5103
146	89	2	14	-26/5103
146	89	2	16	34/5103
146	89	3	15	-26/5103
146	89	3	16	34/5103
146	89	7	13	-89/36288
146	89	7	15	970/137781
146	89	10	13	-89/36288
146	89	10	14	970/137781
146	90	2	14	-6358/2066715
146	90	2	16	-13/2066715
146	90	3	15	-6358/2066715
146	90	3	16	-13/2066715
146	90	7	13	-264979/75582720
146	90	7	15	-5731/2657205
146	90	10	13	-264979/75582720
146	90	10	14	-5731/2657205
146	91	2	14	-1100/3720087
146	91	2	16	-2195/3720087
146	91	3	15	-1100/3720087
146	91	3	16	-2195/3720087
146	91	7	13	-320065/423263232
146	91	7	15	-19415/100442349
146	91	10	13	-320065/423263232
146	91	10	14	-19415/100442349
146	92	2	13	1
146	92	2	15	1
146	92	3	7	1
146	92	3	15	1
146	92	5	7	1
146	92	5	13	1
146	93	2	12	-365/2619
146	93	2	14	-365/2619
146	93	3	7	170/873
146	93	3	14	35/1746
146	93	5	7	170/873
146	93	5	12	35/1746
146	94	2	12	-260525/48014127
146	94	2	14	-260525/48014127
146	94	3	7	209200/16004709
146	94	3	14	-1565075/64018836
146	94	5	7	209200/16004709
146	94	5	12	-1565075/64018836
146	95	2	12	966054625/125748998613
146	95	2	14	966054625/125748998613
146	95	3	7	-33218000/4657370319
146	95	3	14	-7911125/5322708936
146	95	5	7	-33218000/4657370319
146	95	5	12	-7911125/5322708936
146	96	2	12	-260067136625/329336627367447
146	96	2	14	-260067136625/329336627367447
146	96	3	7	-90999194000/36592958596383
146	96	3	14	977275255375/585487337542128
146	96	5	7	-90999194000/36592958596383
146	96	5	12	977275255375/585487337542128
146	97	2	12	-504324168021875/862532627075343693
146	97	2	14	-504324168021875/862532627075343693
146	97	3	7	4104294700000/31945652854642359
146	97	3	14	25014609596875/146037270192650784
146	97	5	7	4104294700000/31945652854642359
146	97	5	12	25014609596875/146037270192650784
146	104	1	6	1/2
146	104	1	7	1/2
146	104	1	10	1/2
146	104	1	11	1/2
146	104	2	7	1/2
146	104	2	11	1/2
146	104	3	6	1/2
146	104	3	10	1/2
146	105	1	6	235/1674
146	105	1	7	235/1674
146	105	1	10	235/1674
146	105	1	11	235/1674
146	105	2	7	-65/2511
146	105	2	11	-65/2511
146	105	3	6	-65/2511
146	105	3	10	-65/2511
146	106	1	6	259475/9807966
146	106	1	7	259475/9807966
146	106	1	10	259475/9807966
146	106	1	11	259475/9807966
146	106	2	7	-512800/44135847
146	106	2	11	-512800/44135847
146	106	3	6	-512800/44135847
146	106	3	10	-512800/44135847
146	107	1	6	1239625/8209267542
146	107	1	7	1239625/8209267542
146	107	1	10	1239625/8209267542
146	107	1	11	1239625/8209267542
146	107	2	7	215371000/110825111817
146	107	2	11	215371000/110825111817
146	107	3	6	215371000/110825111817
146	107	3	10	215371000/110825111817
146	108	1	6	-14304216625/6871156932654
146	108	1	7	-14304216625/6871156932654
146	108	1	10	-14304216625/6871156932654
146	108	1	11	-14304216625/6871156932654
146	108	2	7	29243621000/39754550824641
146	108	2	11	29243621000/39754550824641
146	108	3	6	29243621000/39754550824641
146	108	3	10	29243621000/39754550824641
146	109	1	6	-3885384396875/5751158352631398
146	109	1	7	-3885384396875/5751158352631398
146	109	1	10	-3885384396875/5751158352631398
146	109	1	11	-3885384396875/5751158352631398
146	109	2	7	-157670148350000/698765739844714857
146	109	2	11	-157670148350000/698765739844714857
146	109	3	6	-157670148350000/698765739844714857
146	109	3	10	-157670148350000/698765739844714857
147	62	13	13	1
147	62	13	17	2
147	62	16	16	1
147	62	16	17	2
147	63	12	12	85/1944
147	63	12	15	65/162
147	63	14	14	85/1944
147	63	14	15	65/162
147	64	12	12	-75575/3779136
147	64	12	15	1925/52488
147	64	14	14	-75575/3779136
147	64	14	15	1925/52488
147	65	12	12	-20499875/7346640384
147	65	12	15	-173875/17006112
147	65	14	14	-20499875/7346640384
147	65	14	15	-173875/17006112
147	66	12	12	15659172625/14281868906496
147	66	12	15	-25642375/5509980288
147	66	14	14	15659172625/14281868906496
147	66	14	15	-25642375/5509980288
147	67	12	12	7654391153125/27763953154228224
147	67	12	15	-342184375/1785233613312
147	67	14	14	7654391153125/27763953154228224
147	67	14	15	-342184375/1785233613312
147	74	8	9	2/3
147	74	8	17	2/3
147	74	12	13	2/3
147	74	12	17	2/3
147	74	14	15	2/3
147	74	14	17	2/3
147	75	7	8	20/243
147	75	7	16	-25/243
147	75	11	12	20/243
147	75	11	16	-25/243
147	75	13	14	20/243
147	75	13	16	-25/243
147	76	7	8	-175/39366
147	76	7	16	25/19683
147	76	11	12	-175/39366
147	76	11	16	25/19683
147	76	13	14	-175/39366
147	76	13	16	25/19683
147	77	7	8	-6625/1594323
147	77	7	16	6875/1594323
147	77	11	12	-6625/1594323
147	77	11	16	6875/1594323
147	77	13	14	-6625/1594323
147	77	13	16	6875/1594323
147	78	7	8	-147125/516560652
147	78	7	16	-839875/1033121304
147	78	11	12	-147125/516560652
147	78	11	16	-839875/1033121304
147	78	13	14	-147125/516560652
147	78	13	16	-839875/1033121304
147	79	7	8	6221875/20920706406
147	79	7	16	-35640625/167365651248
147	79	11	12	6221875/20920706406
147	79	11	16	-35640625/167365651248
147	79	13	14	6221875/20920706406
147	79	13	16	-35640625/167365651248
147	86	15	16	2
147	86	15	17	2
147	87	13	14	1/3
147	87	13	15	1/3
147	88	13	14	2/243
147	88	13	15	2/243
147	89	13	14	-7/486
147	89	13	15	-7/486
147	90	13	14	-7579/2361960
147	90	13	15	-7579/2361960
147	91	13	14	1925/2834352
147	91	13	15	1925/2834352
147	92	3	16	2
147	92	3	17	2
147	92	5	16	2
147	92	5	17	2
147	92	7	16	2
147	93	3	15	430/873
147	93	3	16	-20/97
147	93	5	15	430/873
147	93	5	16	-20/97
147	93	7	15	-940/2619
147	94	3	15	165800/2286387
147	94	3	16	-62950/2286387
147	94	5	15	165800/2286387
147	94	5	16	-62950/2286387
147	94	7	15	107150/6859161
147	95	3	15	-4106500/665338617
147	95	3	16	953500/73926513
147	95	5	15	-4106500/665338617
147	95	5	16	953500/73926513
147	95	7	15	264210500/17964142659
147	96	3	15	-36932902750/5227565513769
147	96	3	16	2337753500/5227565513769
147	96	5	15	-36932902750/5227565513769
147	96	5	16	2337753500/5227565513769
147	96	7	15	-189164618500/47048089623921
147	97	3	15	-6262226256250/4563664693520337
147	97	3	16	-611781475000/507073854835593
147	97	5	15	-6262226256250/4563664693520337
147	97	5	16	-611781475000/507073854835593
147	97	7	15	-66874479925000/123218946725049099
147	104	1	14	1
147	104	1	16	1
147	104	2	14	1
147	104	3	16	1
147	105	1	14	250/837
147	105	1	15	250/837
147	105	2	14	-290/2511
147	105	3	15	-290/2511
147	106	1	14	44675/700569
147	106	1	15	44675/700569
147	106	2	14	-76325/6305121
147	106	3	15	-76325/6305121
147	107	1	14	2256250/586376253
147	107	1	15	2256250/586376253
147	107	2	14	115180750/15832158831
147	107	3	15	115180750/15832158831
147	108	1	14	-1888479250/490796923761
147	108	1	15	-1888479250/490796923761
147	108	2	14	-1816339250/39754550824641
147	108	3	15	-1816339250/39754550824641
147	109	1	14	-696536562500/410797025187957
147	109	1	15	-696536562500/410797025187957
147	109	2	14	-67413954987500/99823677120673551
147	109	3	15	-67413954987500/99823677120673551
147	110	2	7	1/6
147	110	2	11	1/6
147	110	2	13	1/6
147	110	3	6	1/6
147	110	3	10	1/6
147	110	3	13	1/6
147	110	4	5	1/6
147	110	4	9	1/6
147	110	5	10	1/6
147	110	5	11	1/6
147	110	6	9	1/6
147	110	7	9	1/6
147	111	2	7	-5/1944
147	111	2	11	-5/1944
147	111	2	13	-5/1944
147	111	3	6	-5/1944
147	111	3	10	-5/1944
147	111	3	13	-5/1944
147	111	4	5	-5/1944
147	111	4	9	-5/1944
147	111	5	10	-5/1944
147	111	5	11	-5/1944
147	111	6	9	-5/1944
147	111	7	9	-5/1944
147	112	2	7	-5125/1259712
147	112	2	11	-5125/1259712
147	112	2	13	-5125/1259712
147	112	3	6	-5125/1259712
147	112	3	10	-5125/1259712
147	112	3	13	-5125/1259712
147	112	4	5	-5125/1259712
147	112	4	9	-5125/1259712
147	112	5	10	-5125/1259712
147	112	5	11	-5125/1259712
147	112	6	9	-5125/1259712
147	112	7	9	-5125/1259712
147	113	2	7	77375/408146688
147	113	2	11	77375/408146688
147	113	2	13	77375/408146688
147	113	3	6	77375/408146688
147	113	3	10	77375/408146688
147	113	3	13	77375/408146688
147	113	4	5	77375/408146688
147	113	4	9	77375/408146688
147	113	5	10	77375/408146688
147	113	5	11	77375/408146688
147	113	6	9	77375/408146688
147	113	7	9	77375/408146688
147	114	2	7	36717875/132239526912
147	114	2	11	36717875/132239526912
147	114	2	13	36717875/132239526912
147	114	3	6	36717875/132239526912
147	114	3	10	36717875/132239526912
147	114	3	13	36717875/132239526912
147	114	4	5	36717875/132239526912
147	114	4	9	36717875/132239526912
147	114	5	10	36717875/132239526912
147	114	5	11	36717875/132239526912
147	114	6	9	36717875/132239526912
147	114	7	9	36717875/132239526912
147	115	2	7	-930859375/42845606719488
147	115	2	11	-930859375/42845606719488
147	115	2	13	-930859375/42845606719488
147	115	3	6	-930859375/42845606719488
147	115	3	10	-930859375/42845606719488
147	115	3	13	-930859375/42845606719488
147	115	4	5	-930859375/42845606719488
147	115	4	9	-930859375/42845606719488
147	115	5	10	-930859375/42845606719488
147	115	5	11	-930859375/42845606719488
147	115	6	9	-930859375/42845606719488
147	115	7	9	-930859375/42845606719488
148	62	9	17	4
148	63	8	15	-70/81
148	64	8	15	5225/45927
148	65	8	15	7375/1062882
148	66	8	15	-9629125/1205308188
148	67	8	15	40440625/27894275208
148	68	4	4	2/3
148	68	6	6	2/3
148	68	7	7	2/3
148	69	4	4	80/5103
148	69	6	6	80/5103
148	69	7	7	80/5103
148	70	4	4	-117400/8680203
148	70	6	6	-117400/8680203
148	70	7	7	-117400/8680203
148	71	4	4	-14344000/14765025303
148	71	6	6	-14344000/14765025303
148	71	7	7	-14344000/14765025303
148	72	4	4	19209464000/25115308040403
148	72	6	6	19209464000/25115308040403
148	72	7	7	19209464000/25115308040403
148	73	4	4	3995441600000/42721138976725503
148	73	6	6	3995441600000/42721138976725503
148	73	7	7	3995441600000/42721138976725503
148	74	5	14	4/3
148	74	7	12	4/3
148	74	8	11	4/3
148	75	4	13	130/243
148	75	6	11	130/243
148	75	7	10	130/243
148	76	4	13	26225/137781
148	76	6	11	26225/137781
148	76	7	10	26225/137781
148	77	4	13	1269125/22320522
148	77	6	11	1269125/22320522
148	77	7	10	1269125/22320522
148	78	4	13	6360125/516560652
148	78	6	11	6360125/516560652
148	78	7	10	6360125/516560652
148	79	4	13	381021875/585779779368
148	79	6	11	381021875/585779779368
148	79	7	10	381021875/585779779368
148	80	8	8	1/2
148	80	15	15	1/2
148	80	17	17	1/2
148	80	18	18	1/2
148	81	8	8	-505/3024
148	81	12	12	-505/3024
148	81	14	14	-505/3024
148	81	15	15	-505/3024
148	82	8	8	214825/4572288
148	82	12	12	214825/4572288
148	82	14	14	214825/4572288
148	82	15	15	214825/4572288
148	83	8	8	-67884625/6913299456
148	83	12	12	-67884625/6913299456
148	83	14	14	-67884625/6913299456
148	83	15	15	-67884625/6913299456
148	84	8	8	164298625/213324668928
148	84	12	12	164298625/213324668928
148	84	14	14	164298625/213324668928
148	84	15	15	164298625/213324668928
148	85	8	8	7503158384375/15804798071537664
148	85	12	12	7503158384375/15804798071537664
148	85	14	14	7503158384375/15804798071537664
148	85	15	15	7503158384375/15804798071537664
148	86	6	11	4
148	86	7	13	4
148	87	6	10	10/9
148	87	7	11	10/9
148	88	6	10	391/1701
148	88	7	11	391/1701
148	89	6	10	205/10206
148	89	7	11	205/10206
148	90	6	10	-68713/8266860
148	90	7	11	-68713/8266860
148	91	6	10	-126065/29760696
148	91	7	11	-126065/29760696
148	92	2	8	4
148	93	2	8	-680/873
148	94	2	8	1127800/16004709
148	95	2	8	83402000/4657370319
148	96	2	8	-296735036000/36592958596383
148	97	2	8	12191322200000/31945652854642359
148	98	2	17	1
148	98	3	15	1
148	98	5	13	1
148	98	8	10	1
148	99	2	15	80/1539
148	99	3	14	80/1539
148	99	5	12	80/1539
148	99	8	9	80/1539
148	100	2	15	-337100/16579647
148	100	3	14	-337100/16579647
148	100	5	12	-337100/16579647
148	100	8	9	-337100/16579647
148	101	2	15	-88072000/25516076733
148	101	3	14	-88072000/25516076733
148	101	5	12	-88072000/25516076733
148	101	8	9	-88072000/25516076733
148	102	2	15	43960804000/39269242092087
148	102	3	14	43960804000/39269242092087
148	102	5	12	43960804000/39269242092087
148	102	8	9	43960804000/39269242092087
148	103	2	15	21403227200000/60435363579721893
148	103	3	14	21403227200000/60435363579721893
148	103	5	12	21403227200000/60435363579721893
148	103	8	9	21403227200000/60435363579721893
148	104	1	4	2
148	105	1	4	500/837
148	106	1	4	667300/4903983
148	107	1	4	62975000/4104633771
148	108	1	4	-14572142000/3435578466327
148	109	1	4	-7996427500000/2875579176315699
149	62	9	17	2
149	62	17	18	2
149	63	8	15	25/81
149	63	15	16	-85/162
149	64	8	15	125/13122
149	64	15	16	5225/52488
149	65	8	15	-21875/2125764
149	65	15	16	-104125/17006112
149	66	8	15	-784375/344373768
149	66	15	16	-23299375/5509980288
149	67	8	15	19140625/55788550416
149	67	15	16	3085446875/1785233613312
149	68	4	13	2/3
149	68	6	16	2/3
149	68	7	17	2/3
149	69	4	12	500/5103
149	69	6	14	500/5103
149	69	7	15	500/5103
149	70	4	12	-1000/8680203
149	70	6	14	-1000/8680203
149	70	7	15	-1000/8680203
149	71	4	12	-63250000/14765025303
149	71	6	14	-63250000/14765025303
149	71	7	15	-63250000/14765025303
149	72	4	12	-17211100000/25115308040403
149	72	6	14	-17211100000/25115308040403
149	72	7	15	-17211100000/25115308040403
149	73	4	12	10048625000000/42721138976725503
149	73	6	14	10048625000000/42721138976725503
149	73	7	15	10048625000000/42721138976725503
149	74	8	13	2/3
149	74	8	15	2/3
149	74	9	12	2/3
149	74	9	14	2/3
149	74	12	15	2/3
149	74	13	14	2/3
149	75	7	12	50/243
149	75	7	14	50/243
149	75	8	11	50/243
149	75	8	13	50/243
149	75	11	14	50/243
149	75	12	13	50/243
149	76	7	12	1000/19683
149	76	7	14	1000/19683
149	76	8	11	1000/19683
149	76	8	13	1000/19683
149	76	11	14	1000/19683
149	76	12	13	1000/19683
149	77	7	12	12500/1594323
149	77	7	14	12500/1594323
149	77	8	11	12500/1594323
149	77	8	13	12500/1594323
149	77	11	14	12500/1594323
149	77	12	13	12500/1594323
149	78	7	12	-68750/129140163
149	78	7	14	-68750/129140163
149	78	8	11	-68750/129140163
149	78	8	13	-68750/129140163
149	78	11	14	-68750/129140163
149	78	12	13	-68750/129140163
149	79	7	12	-8593750/10460353203
149	79	7	14	-8593750/10460353203
149	79	8	11	-8593750/10460353203
149	79	8	13	-8593750/10460353203
149	79	11	14	-8593750/10460353203
149	79	12	13	-8593750/10460353203
149	86	6	16	2
149	86	13	17	2
149	86	16	16	1
149	86	17	17	1
149	87	6	14	2/9
149	87	11	15	2/9
149	87	14	14	-8/27
149	87	15	15	-8/27
149	88	6	14	-4/243
149	88	11	15	-4/243
149	88	14	14	49/729
149	88	15	15	49/729
149	89	6	14	-8/729
149	89	11	15	-8/729
149	89	14	14	-152/19683
149	89	15	15	-152/19683
149	90	6	14	-22/59049
149	90	11	15	-22/59049
149	90	14	14	-1034/531441
149	90	15	15	-1034/531441
149	91	6	14	418/531441
149	91	11	15	418/531441
149	91	14	14	18832/14348907
149	91	15	15	18832/14348907
149	92	7	12	2
149	92	7	14	2
149	93	7	11	500/873
149	93	7	13	500/873
149	94	7	11	278000/2286387
149	94	7	13	278000/2286387
149	95	7	11	7000000/665338617
149	95	7	13	7000000/665338617
149	96	7	11	-25639900000/5227565513769
149	96	7	13	-25639900000/5227565513769
149	97	7	11	-11424875000000/4563664693520337
149	97	7	13	-11424875000000/4563664693520337
149	98	2	18	1/2
149	98	3	18	1/2
149	98	5	18	1/2
149	98	10	18	1/2
149	99	2	16	-25/513
149	99	3	16	-25/513
149	99	5	16	-25/513
149	99	9	16	-25/513
149	100	2	16	-5750/789507
149	100	3	16	-5750/789507
149	100	5	16	-5750/789507
149	100	9	16	-5750/789507
149	101	2	16	137500/45001899
149	101	3	16	137500/45001899
149	101	5	16	137500/45001899
149	101	9	16	137500/45001899
149	102	2	16	106025000/623321303049
149	102	3	16	106025000/623321303049
149	102	5	16	106025000/623321303049
149	102	9	16	106025000/623321303049
149	103	2	16	-92131250000/319763828464137
149	103	3	16	-92131250000/319763828464137
149	103	5	16	-92131250000/319763828464137
149	103	9	16	-92131250000/319763828464137
149	104	1	8	1
149	104	1	12	1
149	104	2	8	1
149	104	2	12	1
149	104	3	8	1
149	104	3	12	1
149	104	5	12	1
149	104	8	9	1
149	105	1	8	265/837
149	105	1	12	265/837
149	105	2	8	-50/279
149	105	2	12	-50/279
149	105	3	8	-50/279
149	105	3	12	-50/279
149	105	5	12	115/1674
149	105	8	9	115/1674
149	106	1	8	54725/700569
149	106	1	12	54725/700569
149	106	2	8	7000/700569
149	106	2	12	7000/700569
149	106	3	8	7000/700569
149	106	3	12	7000/700569
149	106	5	12	-48775/2802276
149	106	8	9	-48775/2802276
149	107	1	8	6287125/586376253
149	107	1	12	6287125/586376253
149	107	2	8	400000/65152917
149	107	2	12	400000/65152917
149	107	3	8	400000/65152917
149	107	3	12	400000/65152917
149	107	5	12	-19869125/4691010024
149	107	8	9	-19869125/4691010024
149	108	1	8	-926674375/490796923761
149	108	1	12	-926674375/490796923761
149	108	2	8	-913550000/490796923761
149	108	2	12	-913550000/490796923761
149	108	3	8	-913550000/490796923761
149	108	3	12	-913550000/490796923761
149	108	5	12	6018400625/7852750780176
149	108	8	9	6018400625/7852750780176
149	109	1	8	-686303459375/410797025187957
149	109	1	12	-686303459375/410797025187957
149	109	2	8	-19112500000/136932341729319
149	109	2	12	-19112500000/136932341729319
149	109	3	8	-19112500000/136932341729319
149	109	3	12	-19112500000/136932341729319
149	109	5	12	5266011071875/13145504806014624
149	109	8	9	5266011071875/13145504806014624
150	62	17	18	4
150	63	15	16	35/81
150	64	15	16	-6925/183708
150	65	15	16	-189625/8503056
150	66	15	16	-7320625/19284931008
150	67	15	16	1505646875/892616806656
150	68	13	13	2/3
150	68	16	16	2/3
150	68	17	17	2/3
150	69	12	12	290/5103
150	69	14	14	290/5103
150	69	15	15	290/5103
150	70	12	12	-97450/8680203
150	70	14	14	-97450/8680203
150	70	15	15	-97450/8680203
150	71	12	12	-54585250/14765025303
150	71	14	14	-54585250/14765025303
150	71	15	15	-54585250/14765025303
150	72	12	12	10530526250/25115308040403
150	72	14	14	10530526250/25115308040403
150	72	15	15	10530526250/25115308040403
150	73	12	12	15627516556250/42721138976725503
150	73	14	14	15627516556250/42721138976725503
150	73	15	15	15627516556250/42721138976725503
150	74	8	17	4/3
150	74	12	17	4/3
150	74	14	17	4/3
150	75	7	16	70/243
150	75	11	16	70/243
150	75	13	16	70/243
150	76	7	16	4700/137781
150	76	11	16	4700/137781
150	76	13	16	4700/137781
150	77	7	16	-7625/1594323
150	77	11	16	-7625/1594323
150	77	13	16	-7625/1594323
150	78	7	16	-11970625/3615924564
150	78	11	16	-11970625/3615924564
150	78	13	16	-11970625/3615924564
150	79	7	16	-34665625/83682825624
150	79	11	16	-34665625/83682825624
150	79	13	16	-34665625/83682825624
150	92	12	16	4
150	92	14	16	4
150	92	16	16	2
150	93	11	15	580/873
150	93	13	15	580/873
150	93	15	15	-1360/2619
150	94	11	15	262600/16004709
150	94	13	15	262600/16004709
150	94	15	15	4218350/48014127
150	95	11	15	-132646000/4657370319
150	95	13	15	-132646000/4657370319
150	95	15	15	198662000/125748998613
150	96	11	15	-231551592500/36592958596383
150	96	13	15	-231551592500/36592958596383
150	96	15	15	-2246342447500/329336627367447
150	97	11	15	42531437337500/31945652854642359
150	97	13	15	42531437337500/31945652854642359
150	97	15	15	1597136942300000/862532627075343693
150	104	1	17	2
150	104	5	17	2
150	104	9	17	2
150	105	1	16	560/837
150	105	5	16	-130/837
150	105	9	16	-130/837
150	106	1	16	857350/4903983
150	106	5	16	-181100/4903983
150	106	9	16	-181100/4903983
150	107	1	16	15074000/586376253
150	107	5	16	43004000/4104633771
150	107	9	16	43004000/4104633771
150	108	1	16	-15417747500/3435578466327
150	108	5	16	5703583750/3435578466327
150	108	9	16	5703583750/3435578466327
150	109	1	16	-1783363900000/410797025187957
150	109	5	16	-3108261568750/2875579176315699
150	109	9	16	-3108261568750/2875579176315699
150	110	2	8	1/3
150	110	2	12	1/3
150	110	2	14	1/3
150	110	3	8	1/3
150	110	3	12	1/3
150	110	3	15	1/3
150	110	5	8	1/3
150	110	5	14	1/3
150	110	5	15	1/3
150	110	9	12	1/3
150	110	9	14	1/3
150	110	9	15	1/3
150	111	2	8	-65/1296
150	111	2	12	-65/1296
150	111	2	14	-65/1296
150	111	3	8	-65/1296
150	111	3	12	-65/1296
150	111	3	15	-65/1296
150	111	5	8	-65/1296
150	111	5	14	-65/1296
150	111	5	15	-65/1296
150	111	9	12	-65/1296
150	111	9	14	-65/1296
150	111	9	15	-65/1296
150	112	2	8	-475/1306368
150	112	2	12	-475/1306368
150	112	2	14	-475/1306368
150	112	3	8	-475/1306368
150	112	3	12	-475/1306368
150	112	3	15	-475/1306368
150	112	5	8	-475/1306368
150	112	5	14	-475/1306368
150	112	5	15	-475/1306368
150	112	9	12	-475/1306368
150	112	9	14	-475/1306368
150	112	9	15	-475/1306368
150	113	2	8	4122625/1693052928
150	113	2	12	4122625/1693052928
150	113	2	14	4122625/1693052928
150	113	3	8	4122625/1693052928
150	113	3	12	4122625/1693052928
150	113	3	15	4122625/1693052928
150	113	5	8	4122625/1693052928
150	113	5	14	4122625/1693052928
150	113	5	15	4122625/1693052928
150	113	9	12	4122625/1693052928
150	113	9	14	4122625/1693052928
150	113	9	15	4122625/1693052928
150	114	2	8	-39499375/104485552128
150	114	2	12	-39499375/104485552128
150	114	2	14	-39499375/104485552128
150	114	3	8	-39499375/104485552128
150	114	3	12	-39499375/104485552128
150	114	3	15	-39499375/104485552128
150	114	5	8	-39499375/104485552128
150	114	5	14	-39499375/104485552128
150	114	5	15	-39499375/104485552128
150	114	9	12	-39499375/104485552128
150	114	9	14	-39499375/104485552128
150	114	9	15	-39499375/104485552128
150	115	2	8	-47918284375/315964309635072
150	115	2	12	-47918284375/315964309635072
150	115	2	14	-47918284375/315964309635072
150	115	3	8	-47918284375/315964309635072
150	115	3	12	-47918284375/315964309635072
150	115	3	15	-47918284375/315964309635072
150	115	5	8	-47918284375/315964309635072
150	115	5	14	-47918284375/315964309635072
150	115	5	15	-47918284375/315964309635072
150	115	9	12	-47918284375/315964309635072
150	115	9	14	-47918284375/315964309635072
150	115	9	15	-47918284375/315964309635072
151	62	5	7	12
151	63	4	6	-160/81
151	64	4	6	6400/137781
151	65	4	6	2816000/33480783
151	66	4	6	-149504000/8135830269
151	67	4	6	-7782400000/1977006755367
151	80	4	16	3
151	80	6	14	3
151	81	4	13	10/63
151	81	6	11	10/63
151	82	4	13	-100/1701
151	82	6	11	-100/1701
151	83	4	13	-23000/2250423
151	83	6	11	-23000/2250423
151	84	4	13	1322000/425329947
151	84	6	11	1322000/425329947
151	85	4	13	81700000/80387359983
151	85	6	11	81700000/80387359983
151	86	2	3	12
151	87	2	3	32/9
151	88	2	3	1280/1701
151	89	2	3	2048/45927
151	90	2	3	-278528/6200145
151	91	2	3	-655360/33480783
152	62	5	7	2
152	62	5	16	2
152	62	7	13	2
152	63	4	6	100/243
152	63	4	14	-50/243
152	63	6	12	-50/243
152	64	4	6	16250/413343
152	64	4	14	-10000/413343
152	64	6	12	-10000/413343
152	65	4	6	-1062500/100442349
152	65	4	14	1187500/100442349
152	65	6	12	1187500/100442349
152	66	4	6	-123437500/24407490807
152	66	4	14	781250/3486784401
152	66	6	12	781250/3486784401
152	67	4	6	-1484375000/5931020266101
152	67	4	14	-5996093750/5931020266101
152	67	6	12	-5996093750/5931020266101
152	74	5	7	2/3
152	74	5	11	2/3
152	74	7	11	2/3
152	75	4	6	-175/2187
152	75	4	10	-175/2187
152	75	6	10	-175/2187
152	76	4	6	-123125/22320522
152	76	4	10	-123125/22320522
152	76	6	10	-123125/22320522
152	77	4	6	19953125/4649045868
152	77	4	10	19953125/4649045868
152	77	6	10	19953125/4649045868
152	78	4	6	-9887890625/47448162128808
152	78	4	10	-9887890625/47448162128808
152	78	6	10	-9887890625/47448162128808
152	79	4	6	-3275458984375/9882774340543152
152	79	4	10	-3275458984375/9882774340543152
152	79	6	10	-3275458984375/9882774340543152
152	80	4	17	1/2
152	80	4	18	1/2
152	80	6	15	1/2
152	80	6	18	1/2
152	80	8	14	1/2
152	80	8	16	1/2
152	80	14	17	1/2
152	80	15	16	1/2
152	81	4	14	-25/756
152	81	4	15	-25/756
152	81	6	12	-25/756
152	81	6	15	-25/756
152	81	8	11	-25/756
152	81	8	13	-25/756
152	81	11	14	-25/756
152	81	12	13	-25/756
152	82	4	14	-625/71442
152	82	4	15	-625/71442
152	82	6	12	-625/71442
152	82	6	15	-625/71442
152	82	8	11	-625/71442
152	82	8	13	-625/71442
152	82	11	14	-625/71442
152	82	12	13	-625/71442
152	83	4	14	15625/7715736
152	83	4	15	15625/7715736
152	83	6	12	15625/7715736
152	83	6	15	15625/7715736
152	83	8	11	15625/7715736
152	83	8	13	15625/7715736
152	83	11	14	15625/7715736
152	83	12	13	15625/7715736
152	84	4	14	16015625/40831674912
152	84	4	15	16015625/40831674912
152	84	6	12	16015625/40831674912
152	84	6	15	16015625/40831674912
152	84	8	11	16015625/40831674912
152	84	8	13	16015625/40831674912
152	84	11	14	16015625/40831674912
152	84	12	13	16015625/40831674912
152	85	4	14	-419921875/2204910445248
152	85	4	15	-419921875/2204910445248
152	85	6	12	-419921875/2204910445248
152	85	6	15	-419921875/2204910445248
152	85	8	11	-419921875/2204910445248
152	85	8	13	-419921875/2204910445248
152	85	11	14	-419921875/2204910445248
152	85	12	13	-419921875/2204910445248
152	86	2	4	2
152	86	2	7	2
152	86	3	4	2
152	86	3	11	2
152	86	4	7	2
152	86	4	11	2
152	86	4	15	2
152	87	2	4	10/27
152	87	2	7	16/27
152	87	3	4	10/27
152	87	3	10	16/27
152	87	4	7	-5/18
152	87	4	10	-5/18
152	87	4	13	5/108
152	88	2	4	100/5103
152	88	2	7	646/5103
152	88	3	4	100/5103
152	88	3	10	646/5103
152	88	4	7	-425/40824
152	88	4	10	-425/40824
152	88	4	13	-7825/163296
152	89	2	4	-2000/137781
152	89	2	7	1168/137781
152	89	3	4	-2000/137781
152	89	3	10	1168/137781
152	89	4	7	7375/489888
152	89	4	10	7375/489888
152	89	4	13	-119125/35271936
152	90	2	4	-16250/3720087
152	90	2	7	-26156/3720087
152	90	3	4	-16250/3720087
152	90	3	10	-26156/3720087
152	90	4	7	-745625/476171136
152	90	4	10	-745625/476171136
152	90	4	13	24404375/7618738176
152	91	2	4	6250/14348907
152	91	2	7	-321248/100442349
152	91	3	4	6250/14348907
152	91	3	10	-321248/100442349
152	91	4	7	-2753125/2448880128
152	91	4	10	-2753125/2448880128
152	91	4	13	90003125/235092492288
152	92	2	3	2
152	92	2	5	2
152	93	2	3	1450/2619
152	93	2	5	1450/2619
152	94	2	3	4933750/48014127
152	94	2	5	4933750/48014127
152	95	2	3	60718750/125748998613
152	95	2	5	60718750/125748998613
152	96	2	3	-371967968750/47048089623921
152	96	2	5	-371967968750/47048089623921
152	97	2	3	-2173432753906250/862532627075343693
152	97	2	5	-2173432753906250/862532627075343693
153	62	5	16	2
153	62	7	13	2
153	62	13	16	2
153	63	4	14	130/243
153	63	6	12	130/243
153	63	12	14	-395/972
153	64	4	14	42200/413343
153	64	6	12	42200/413343
153	64	12	14	549775/13226976
153	65	4	14	539500/100442349
153	65	6	12	539500/100442349
153	65	12	14	211334875/25713241344
153	66	4	14	-122313250/24407490807
153	66	6	12	-122313250/24407490807
153	66	12	14	-219682051625/49986541172736
153	67	4	14	-11630206250/5931020266101
153	67	6	12	-11630206250/5931020266101
153	67	12	14	34553602871875/97173836039798784
153	80	4	19	1/2
153	80	6	19	1/2
153	80	14	19	1/2
153	80	16	19	1/2
153	81	4	16	-5/54
153	81	6	16	-5/54
153	81	11	16	-5/54
153	81	13	16	-5/54
153	82	4	16	2075/285768
153	82	6	16	2075/285768
153	82	11	16	2075/285768
153	82	13	16	2075/285768
153	83	4	16	17875/7715736
153	83	6	16	17875/7715736
153	83	11	16	17875/7715736
153	83	13	16	17875/7715736
153	84	4	16	-2621375/2916548208
153	84	6	16	-2621375/2916548208
153	84	11	16	-2621375/2916548208
153	84	13	16	-2621375/2916548208
153	85	4	16	959375/78746801616
153	85	6	16	959375/78746801616
153	85	11	16	959375/78746801616
153	85	13	16	959375/78746801616
153	86	2	8	2
153	86	3	14	2
153	86	8	15	2
153	86	14	15	2
153	87	2	8	10/27
153	87	3	12	10/27
153	87	8	13	-13/108
153	87	12	13	-13/108
153	88	2	8	124/5103
153	88	3	12	124/5103
153	88	8	13	-6049/163296
153	88	12	13	-6049/163296
153	89	2	8	-1640/137781
153	89	3	12	-1640/137781
153	89	8	13	266669/35271936
153	89	12	13	266669/35271936
153	90	2	8	-74674/18600435
153	90	3	12	-74674/18600435
153	90	8	13	9848149/5441955840
153	90	12	13	9848149/5441955840
153	91	2	8	16630/100442349
153	91	3	12	16630/100442349
153	91	8	13	-1203559435/1645647446016
153	91	12	13	-1203559435/1645647446016
153	92	3	4	2
153	92	3	10	2
153	92	4	10	2
153	92	5	6	2
153	92	5	10	2
153	92	6	10	2
153	93	3	4	805/2619
153	93	3	10	1720/2619
153	93	4	10	-520/2619
153	93	5	6	805/2619
153	93	5	10	1720/2619
153	93	6	10	-520/2619
153	94	3	4	151775/96028254
153	94	3	10	8162200/48014127
153	94	4	10	-1245800/48014127
153	94	5	6	151775/96028254
153	94	5	10	8162200/48014127
153	94	6	10	-1245800/48014127
153	95	3	4	-990957875/71856570636
153	95	3	10	3248908000/125748998613
153	95	4	10	1463852000/125748998613
153	95	5	6	-990957875/71856570636
153	95	5	10	3248908000/125748998613
153	95	6	10	1463852000/125748998613
153	96	3	4	-6418464711625/2634693018939576
153	96	3	10	-1108844312000/329336627367447
153	96	4	10	135968488000/329336627367447
153	96	5	6	-6418464711625/2634693018939576
153	96	5	10	-1108844312000/329336627367447
153	96	6	10	135968488000/329336627367447
153	97	3	4	1491949443803125/1971503147600785584
153	97	3	10	-460672037600000/123218946725049099
153	97	4	10	-125832210400000/123218946725049099
153	97	5	6	1491949443803125/1971503147600785584
153	97	5	10	-460672037600000/123218946725049099
153	97	6	10	-125832210400000/123218946725049099
153	98	6	7	1/2
153	98	6	11	1/2
153	98	7	12	1/2
153	98	11	12	1/2
153	99	6	7	-65/1026
153	99	6	10	-65/1026
153	99	7	11	-65/1026
153	99	10	11	-65/1026
153	100	6	7	-163225/33159294
153	100	6	10	-163225/33159294
153	100	7	11	-163225/33159294
153	100	10	11	-163225/33159294
153	101	6	7	22143875/5670239274
153	101	6	10	22143875/5670239274
153	101	7	11	22143875/5670239274
153	101	10	11	22143875/5670239274
153	102	6	7	-14092561625/78538484184174
153	102	6	10	-14092561625/78538484184174
153	102	7	11	-14092561625/78538484184174
153	102	10	11	-14092561625/78538484184174
153	103	6	7	-14014693834375/40290242386481262
153	103	6	10	-14014693834375/40290242386481262
153	103	7	11	-14014693834375/40290242386481262
153	103	10	11	-14014693834375/40290242386481262
154	62	5	9	4
154	62	7	9	4
154	63	4	8	-280/243
154	63	6	8	-280/243
154	64	4	8	109600/413343
154	64	6	8	109600/413343
154	65	4	8	-544000/14348907
154	65	6	8	-544000/14348907
154	66	4	8	-62984000/24407490807
154	66	6	8	-62984000/24407490807
154	67	4	8	2992400000/847288609443
154	67	6	8	2992400000/847288609443
154	68	4	6	4/3
154	68	4	7	4/3
154	68	6	7	4/3
154	69	4	6	-1520/5103
154	69	4	7	-1520/5103
154	69	6	7	-1520/5103
154	70	4	6	356800/8680203
154	70	4	7	356800/8680203
154	70	6	7	356800/8680203
154	71	4	6	32224000/14765025303
154	71	4	7	32224000/14765025303
154	71	6	7	32224000/14765025303
154	72	4	6	-73768832000/25115308040403
154	72	4	7	-73768832000/25115308040403
154	72	6	7	-73768832000/25115308040403
154	73	4	6	24622297600000/42721138976725503
154	73	4	7	24622297600000/42721138976725503
154	73	6	7	24622297600000/42721138976725503
154	80	4	16	1
154	80	6	14	1
154	81	4	13	80/189
154	81	6	11	80/189
154	82	4	13	5825/35721
154	82	6	11	5825/35721
154	83	4	13	374000/6751269
154	83	6	11	374000/6751269
154	84	4	13	19805750/1275989841
154	84	6	11	19805750/1275989841
154	85	4	13	703100000/241162079949
154	85	6	11	703100000/241162079949
154	86	2	13	4
154	86	3	6	4
154	86	6	13	4
154	87	2	11	40/27
154	87	3	6	40/27
154	87	6	11	14/27
154	88	2	11	2432/5103
154	88	3	6	2432/5103
154	88	6	11	-25/5103
154	89	2	11	16960/137781
154	89	3	6	16960/137781
154	89	6	11	-761/39366
154	90	2	11	363712/18600435
154	90	3	6	363712/18600435
154	90	6	11	-186077/74401740
154	91	2	11	-202880/100442349
154	91	3	6	-202880/100442349
154	91	6	11	107335/114791256
154	98	2	5	1
154	98	2	10	1
154	98	3	5	1
154	98	3	10	1
154	99	2	5	20/57
154	99	2	9	20/57
154	99	3	5	20/57
154	99	3	9	20/57
154	100	2	5	1691600/16579647
154	100	2	9	1691600/16579647
154	100	3	5	1691600/16579647
154	100	3	9	1691600/16579647
154	101	2	5	6616000/315013293
154	101	2	9	6616000/315013293
154	101	3	5	6616000/315013293
154	101	3	9	6616000/315013293
154	102	2	5	32441824000/39269242092087
154	102	2	9	32441824000/39269242092087
154	102	3	5	32441824000/39269242092087
154	102	3	9	32441824000/39269242092087
154	103	2	5	-3595587200000/2238346799248959
154	103	2	9	-3595587200000/2238346799248959
154	103	3	5	-3595587200000/2238346799248959
154	103	3	9	-3595587200000/2238346799248959
155	62	5	9	1
155	62	5	18	1
155	62	7	9	1
155	62	7	18	1
155	63	4	8	20/243
155	63	4	16	-55/243
155	63	6	8	20/243
155	63	6	16	-55/243
155	64	4	8	-5225/413343
155	64	4	16	13150/413343
155	64	6	8	-5225/413343
155	64	6	16	13150/413343
155	65	4	8	-425500/100442349
155	65	4	16	159500/100442349
155	65	6	8	-425500/100442349
155	65	6	16	159500/100442349
155	66	4	8	7620250/24407490807
155	66	4	16	-55839125/24407490807
155	66	6	8	7620250/24407490807
155	66	6	16	-55839125/24407490807
155	67	4	8	1956425000/5931020266101
155	67	4	16	2744534375/5931020266101
155	67	6	8	1956425000/5931020266101
155	67	6	16	2744534375/5931020266101
155	68	4	16	1/3
155	68	4	17	1/3
155	68	6	13	1/3
155	68	6	17	1/3
155	68	7	13	1/3
155	68	7	16	1/3
155	69	4	14	-170/5103
155	69	4	15	-170/5103
155	69	6	12	-170/5103
155	69	6	15	-170/5103
155	69	7	12	-170/5103
155	69	7	14	-170/5103
155	70	4	14	-35300/8680203
155	70	4	15	-35300/8680203
155	70	6	12	-35300/8680203
155	70	6	15	-35300/8680203
155	70	7	12	-35300/8680203
155	70	7	14	-35300/8680203
155	71	4	14	27829000/14765025303
155	71	4	15	27829000/14765025303
155	71	6	12	27829000/14765025303
155	71	6	15	27829000/14765025303
155	71	7	12	27829000/14765025303
155	71	7	14	27829000/14765025303
155	72	4	14	25378000/512557306947
155	72	4	15	25378000/512557306947
155	72	6	12	25378000/512557306947
155	72	6	15	25378000/512557306947
155	72	7	12	25378000/512557306947
155	72	7	14	25378000/512557306947
155	73	4	14	-6797342900000/42721138976725503
155	73	4	15	-6797342900000/42721138976725503
155	73	6	12	-6797342900000/42721138976725503
155	73	6	15	-6797342900000/42721138976725503
155	73	7	12	-6797342900000/42721138976725503
155	73	7	14	-6797342900000/42721138976725503
155	74	5	9	1/3
155	74	5	13	1/3
155	74	7	9	1/3
155	74	7	15	1/3
155	74	11	13	1/3
155	74	11	15	1/3
155	75	4	8	-185/2187
155	75	4	12	-185/2187
155	75	6	8	-185/2187
155	75	6	14	-185/2187
155	75	10	12	-185/2187
155	75	10	14	-185/2187
155	76	4	8	167350/11160261
155	76	4	12	167350/11160261
155	76	6	8	167350/11160261
155	76	6	14	167350/11160261
155	76	10	12	167350/11160261
155	76	10	14	167350/11160261
155	77	4	8	-4236500/8135830269
155	77	4	12	-4236500/8135830269
155	77	6	8	-4236500/8135830269
155	77	6	14	-4236500/8135830269
155	77	10	12	-4236500/8135830269
155	77	10	14	-4236500/8135830269
155	78	4	8	-4545369125/5931020266101
155	78	4	12	-4545369125/5931020266101
155	78	6	8	-4545369125/5931020266101
155	78	6	14	-4545369125/5931020266101
155	78	10	12	-4545369125/5931020266101
155	78	10	14	-4545369125/5931020266101
155	79	4	8	1126030365625/4323713773987629
155	79	4	12	1126030365625/4323713773987629
155	79	6	8	1126030365625/4323713773987629
155	79	6	14	1126030365625/4323713773987629
155	79	10	12	1126030365625/4323713773987629
155	79	10	14	1126030365625/4323713773987629
155	80	4	17	1/4
155	80	4	18	1/4
155	80	6	15	1/4
155	80	6	18	1/4
155	80	8	14	1/4
155	80	8	16	1/4
155	80	14	17	1/4
155	80	15	16	1/4
155	81	4	14	115/1512
155	81	4	15	115/1512
155	81	6	12	115/1512
155	81	6	15	115/1512
155	81	8	11	115/1512
155	81	8	13	115/1512
155	81	11	14	115/1512
155	81	12	13	115/1512
155	82	4	14	5275/285768
155	82	4	15	5275/285768
155	82	6	12	5275/285768
155	82	6	15	5275/285768
155	82	8	11	5275/285768
155	82	8	13	5275/285768
155	82	11	14	5275/285768
155	82	12	13	5275/285768
155	83	4	14	37375/13502538
155	83	4	15	37375/13502538
155	83	6	12	37375/13502538
155	83	6	15	37375/13502538
155	83	8	11	37375/13502538
155	83	8	13	37375/13502538
155	83	11	14	37375/13502538
155	83	12	13	37375/13502538
155	84	4	14	-17324875/81663349824
155	84	4	15	-17324875/81663349824
155	84	6	12	-17324875/81663349824
155	84	6	15	-17324875/81663349824
155	84	8	11	-17324875/81663349824
155	84	8	13	-17324875/81663349824
155	84	11	14	-17324875/81663349824
155	84	12	13	-17324875/81663349824
155	85	4	14	-9049278125/30868746233472
155	85	4	15	-9049278125/30868746233472
155	85	6	12	-9049278125/30868746233472
155	85	6	15	-9049278125/30868746233472
155	85	8	11	-9049278125/30868746233472
155	85	8	13	-9049278125/30868746233472
155	85	11	14	-9049278125/30868746233472
155	85	12	13	-9049278125/30868746233472
155	86	2	14	1
155	86	2	17	1
155	86	3	8	1
155	86	3	16	1
155	86	6	7	1
155	86	6	17	1
155	86	7	8	1
155	86	11	13	1
155	86	11	14	1
155	86	13	16	1
155	87	2	12	7/27
155	87	2	15	10/27
155	87	3	8	7/27
155	87	3	14	10/27
155	87	6	7	11/54
155	87	6	15	-1/27
155	87	7	8	-25/108
155	87	10	11	11/54
155	87	10	12	-25/108
155	87	11	14	-1/27
155	88	2	12	236/5103
155	88	2	15	593/5103
155	88	3	8	236/5103
155	88	3	14	593/5103
155	88	6	7	419/20412
155	88	6	15	-100/5103
155	88	7	8	2663/81648
155	88	10	11	419/20412
155	88	10	12	2663/81648
155	88	11	14	-100/5103
155	89	2	12	22/19683
155	89	2	15	3790/137781
155	89	3	8	22/19683
155	89	3	14	3790/137781
155	89	6	7	-4807/1102248
155	89	6	15	314/137781
155	89	7	8	19025/8817984
155	89	10	11	-4807/1102248
155	89	10	12	19025/8817984
155	89	11	14	314/137781
155	90	2	12	-50357/18600435
155	90	2	15	7414/2657205
155	90	3	8	-50357/18600435
155	90	3	14	7414/2657205
155	90	6	7	-674837/297606960
155	90	6	15	19723/18600435
155	90	7	8	-12566237/4761711360
155	90	10	11	-674837/297606960
155	90	10	12	-12566237/4761711360
155	90	11	14	19723/18600435
155	91	2	12	-12725/14348907
155	91	2	15	-141020/100442349
155	91	3	8	-12725/14348907
155	91	3	14	-141020/100442349
155	91	6	7	-539275/3214155168
155	91	6	15	-21835/100442349
155	91	7	8	52593425/102852965376
155	91	10	11	-539275/3214155168
155	91	10	12	52593425/102852965376
155	91	11	14	-21835/100442349
155	92	2	12	1
155	92	2	14	1
155	92	4	7	1
155	92	4	14	1
155	92	6	7	1
155	92	6	12	1
155	93	2	11	895/2619
155	93	2	13	895/2619
155	93	4	7	-470/2619
155	93	4	13	385/5238
155	93	6	7	-470/2619
155	93	6	11	385/5238
155	94	2	11	4569275/48014127
155	94	2	13	4569275/48014127
155	94	4	7	508400/48014127
155	94	4	13	-3114025/192056508
155	94	6	7	508400/48014127
155	94	6	11	-3114025/192056508
155	95	2	11	2231660125/125748998613
155	95	2	13	2231660125/125748998613
155	95	4	7	736678000/125748998613
155	95	4	13	-627947375/143713141272
155	95	6	7	736678000/125748998613
155	95	6	11	-627947375/143713141272
155	96	2	11	-65921166625/329336627367447
155	96	2	13	-65921166625/329336627367447
155	96	4	7	-603160426000/329336627367447
155	96	4	13	3355882118375/5269386037879152
155	96	6	7	-603160426000/329336627367447
155	96	6	11	3355882118375/5269386037879152
155	97	2	11	-1492751079059375/862532627075343693
155	97	2	13	-1492751079059375/862532627075343693
155	97	4	7	-95564813300000/862532627075343693
155	97	4	13	1565940781590625/3943006295201571168
155	97	6	7	-95564813300000/862532627075343693
155	97	6	11	1565940781590625/3943006295201571168
155	98	2	6	1/4
155	98	2	11	1/4
155	98	3	7	1/4
155	98	3	12	1/4
155	98	5	6	1/4
155	98	5	7	1/4
155	98	10	11	1/4
155	98	10	12	1/4
155	99	2	6	155/3078
155	99	2	10	155/3078
155	99	3	7	155/3078
155	99	3	11	155/3078
155	99	5	6	155/3078
155	99	5	7	155/3078
155	99	9	10	155/3078
155	99	9	11	155/3078
155	100	2	6	22175/5526549
155	100	2	10	22175/5526549
155	100	3	7	22175/5526549
155	100	3	11	22175/5526549
155	100	5	6	22175/5526549
155	100	5	7	22175/5526549
155	100	9	10	22175/5526549
155	100	9	11	22175/5526549
155	101	2	6	-42400250/25516076733
155	101	2	10	-42400250/25516076733
155	101	3	7	-42400250/25516076733
155	101	3	11	-42400250/25516076733
155	101	5	6	-42400250/25516076733
155	101	5	7	-42400250/25516076733
155	101	9	10	-42400250/25516076733
155	101	9	11	-42400250/25516076733
155	102	2	6	-25917416500/39269242092087
155	102	2	10	-25917416500/39269242092087
155	102	3	7	-25917416500/39269242092087
155	102	3	11	-25917416500/39269242092087
155	102	5	6	-25917416500/39269242092087
155	102	5	7	-25917416500/39269242092087
155	102	9	10	-25917416500/39269242092087
155	102	9	11	-25917416500/39269242092087
155	103	2	6	352701725000/60435363579721893
155	103	2	10	352701725000/60435363579721893
155	103	3	7	352701725000/60435363579721893
155	103	3	11	352701725000/60435363579721893
155	103	5	6	352701725000/60435363579721893
155	103	5	7	352701725000/60435363579721893
155	103	9	10	352701725000/60435363579721893
155	103	9	11	352701725000/60435363579721893
155	104	2	5	1/2
155	104	2	9	1/2
155	104	3	5	1/2
155	104	3	9	1/2
155	105	2	5	5/31
155	105	2	9	5/31
155	105	3	5	5/31
155	105	3	9	5/31
155	106	2	5	599600/14711949
155	106	2	9	599600/14711949
155	106	3	5	599600/14711949
155	106	3	9	599600/14711949
155	107	2	5	893000/152023473
155	107	2	9	893000/152023473
155	107	3	5	893000/152023473
155	107	3	9	893000/152023473
155	108	2	5	-28219477000/30920206196943
155	108	2	9	-28219477000/30920206196943
155	108	3	5	-28219477000/30920206196943
155	108	3	9	-28219477000/30920206196943
155	109	2	5	-852851450000/958526392105233
155	109	2	9	-852851450000/958526392105233
155	109	3	5	-852851450000/958526392105233
155	109	3	9	-852851450000/958526392105233
156	62	5	18	2
156	62	7	18	2
156	63	4	16	70/243
156	63	6	16	70/243
156	64	4	16	200/413343
156	64	6	16	200/413343
156	65	4	16	-168500/14348907
156	65	6	16	-168500/14348907
156	66	4	16	-46113250/24407490807
156	66	6	16	-46113250/24407490807
156	67	4	16	503368750/847288609443
156	67	6	16	503368750/847288609443
156	68	13	16	2/3
156	68	13	17	2/3
156	68	16	17	2/3
156	69	12	14	-550/5103
156	69	12	15	-550/5103
156	69	14	15	-550/5103
156	70	12	14	15650/8680203
156	70	12	15	15650/8680203
156	70	14	15	15650/8680203
156	71	12	14	70276250/14765025303
156	71	12	15	70276250/14765025303
156	71	14	15	70276250/14765025303
156	72	12	14	-24347914750/25115308040403
156	72	12	15	-24347914750/25115308040403
156	72	14	15	-24347914750/25115308040403
156	73	12	14	-10340632843750/42721138976725503
156	73	12	15	-10340632843750/42721138976725503
156	73	14	15	-10340632843750/42721138976725503
156	80	4	19	1/2
156	80	6	19	1/2
156	80	14	19	1/2
156	80	16	19	1/2
156	81	4	16	5/54
156	81	6	16	5/54
156	81	11	16	5/54
156	81	13	16	5/54
156	82	4	16	2075/285768
156	82	6	16	2075/285768
156	82	11	16	2075/285768
156	82	13	16	2075/285768
156	83	4	16	-17875/7715736
156	83	6	16	-17875/7715736
156	83	11	16	-17875/7715736
156	83	13	16	-17875/7715736
156	84	4	16	-2621375/2916548208
156	84	6	16	-2621375/2916548208
156	84	11	16	-2621375/2916548208
156	84	13	16	-2621375/2916548208
156	85	4	16	-959375/78746801616
156	85	6	16	-959375/78746801616
156	85	11	16	-959375/78746801616
156	85	13	16	-959375/78746801616
156	86	2	18	2
156	86	3	18	2
156	87	2	16	14/27
156	87	3	16	14/27
156	88	2	16	460/5103
156	88	3	16	460/5103
156	89	2	16	8/19683
156	89	3	16	8/19683
156	90	2	16	-113074/18600435
156	90	3	16	-113074/18600435
156	91	2	16	-26050/14348907
156	91	3	16	-26050/14348907
156	92	10	12	2
156	92	10	13	2
156	92	10	14	2
156	92	10	15	2
156	92	12	15	2
156	92	13	14	2
156	93	10	11	1160/2619
156	93	10	12	-40/97
156	93	10	13	1160/2619
156	93	10	14	-40/97
156	93	11	14	-245/2619
156	93	12	13	-245/2619
156	94	10	11	2517400/48014127
156	94	10	12	1890200/48014127
156	94	10	13	2517400/48014127
156	94	10	14	1890200/48014127
156	94	11	14	-3964225/96028254
156	94	12	13	-3964225/96028254
156	95	10	11	-1082860000/125748998613
156	95	10	12	16628000/1552456773
156	95	10	13	-1082860000/125748998613
156	95	10	14	16628000/1552456773
156	95	11	14	445655875/71856570636
156	95	12	13	445655875/71856570636
156	96	10	11	-1879278872000/329336627367447
156	96	10	12	-1683897112000/329336627367447
156	96	10	13	-1879278872000/329336627367447
156	96	10	14	-1683897112000/329336627367447
156	96	11	14	6135364688375/2634693018939576
156	96	12	13	6135364688375/2634693018939576
156	97	10	11	-81573728800000/123218946725049099
156	97	10	12	1132247200000/4563664693520337
156	97	10	13	-81573728800000/123218946725049099
156	97	10	14	1132247200000/4563664693520337
156	97	11	14	-1254379406853125/1971503147600785584
156	97	12	13	-1254379406853125/1971503147600785584
156	104	5	6	1
156	104	5	7	1
156	104	6	7	1
156	104	9	10	1
156	104	9	11	1
156	104	10	11	1
156	105	5	6	295/1674
156	105	5	7	295/1674
156	105	6	7	-785/5022
156	105	9	10	295/1674
156	105	9	11	295/1674
156	105	10	11	-785/5022
156	106	5	6	426325/58847796
156	106	5	7	426325/58847796
156	106	6	7	109975/176543388
156	106	9	10	426325/58847796
156	106	9	11	426325/58847796
156	106	10	11	109975/176543388
156	107	5	6	-233647375/32837070168
156	107	5	7	-233647375/32837070168
156	107	6	7	6513321625/886600894536
156	107	9	10	-233647375/32837070168
156	107	9	11	-233647375/32837070168
156	107	10	11	6513321625/886600894536
156	108	5	6	-133206296375/70674757021584
156	108	5	7	-133206296375/70674757021584
156	108	6	7	-5815946521625/4452509692359792
156	108	9	10	-133206296375/70674757021584
156	108	9	11	-133206296375/70674757021584
156	108	10	11	-5815946521625/4452509692359792
156	109	5	6	219970015465625/828166802778921312
156	109	5	7	219970015465625/828166802778921312
156	109	6	7	-9494578590884375/22360503675030875424
156	109	9	10	219970015465625/828166802778921312
156	109	9	11	219970015465625/828166802778921312
156	109	10	11	-9494578590884375/22360503675030875424
157	62	13	16	6
157	63	12	14	325/324
157	64	12	14	184375/4408992
157	65	12	14	-300828125/8571080448
157	66	12	14	-150424765625/16662180390912
157	67	12	14	35076513671875/32391278679932928
157	86	15	18	6
157	87	13	16	-31/36
157	88	13	16	-673/54432
157	89	13	16	479663/11757312
157	90	13	16	-14299753/2539579392
157	91	13	16	-1390990057/548549148672
157	92	3	13	6
157	92	5	15	6
157	93	3	12	1075/873
157	93	5	14	1075/873
157	94	3	12	3603125/32009418
157	94	5	14	3603125/32009418
157	95	3	12	-5772078125/167665331484
157	95	5	14	-5772078125/167665331484
157	96	3	12	-13707676328125/878231006313192
157	96	5	14	-13707676328125/878231006313192
157	97	3	12	-2411294287109375/4600174011068499696
157	97	5	14	-2411294287109375/4600174011068499696
157	104	6	10	3
157	104	7	11	3
157	105	6	10	-475/1674
157	105	7	11	-475/1674
157	106	6	10	-2721875/58847796
157	106	7	11	-2721875/58847796
157	107	6	10	5379078125/295533631512
157	107	7	11	5379078125/295533631512
157	108	6	10	1933829921875/1484169897453264
157	108	7	11	1933829921875/1484169897453264
157	109	6	10	-13135248291015625/7453501225010291808
157	109	7	11	-13135248291015625/7453501225010291808
158	62	9	13	2
158	62	9	16	2
158	63	8	12	-175/486
158	63	8	14	-175/486
158	64	8	12	98125/3306744
158	64	8	14	98125/3306744
158	65	8	12	3359375/459165024
158	65	8	14	3359375/459165024
158	66	8	12	-9390078125/3124158823296
158	66	8	14	-9390078125/3124158823296
158	67	8	12	50205078125/433811768034816
158	67	8	14	50205078125/433811768034816
158	68	4	6	2/3
158	68	4	7	2/3
158	68	6	7	2/3
158	69	4	6	500/5103
158	69	4	7	500/5103
158	69	6	7	500/5103
158	70	4	6	1250/1240029
158	70	4	7	1250/1240029
158	70	6	7	1250/1240029
158	71	4	6	-55937500/14765025303
158	71	4	7	-55937500/14765025303
158	71	6	7	-55937500/14765025303
158	72	4	6	-16861562500/25115308040403
158	72	4	7	-16861562500/25115308040403
158	72	6	7	-16861562500/25115308040403
158	73	4	6	7438671875000/42721138976725503
158	73	4	7	7438671875000/42721138976725503
158	73	6	7	7438671875000/42721138976725503
158	86	4	6	2
158	86	4	8	2
158	86	4	13	2
158	86	4	14	2
158	86	4	15	2
158	86	6	14	2
158	86	8	13	2
158	87	4	6	25/54
158	87	4	8	-55/108
158	87	4	11	25/54
158	87	4	12	-55/108
158	87	4	13	85/108
158	87	6	12	-1/54
158	87	8	11	-1/54
158	88	4	6	2825/40824
158	88	4	8	14975/163296
158	88	4	11	2825/40824
158	88	4	12	14975/163296
158	88	4	13	44375/163296
158	88	6	12	-1543/40824
158	88	8	11	-1543/40824
158	89	4	6	-6875/4408992
158	89	4	8	-141625/35271936
158	89	4	11	-6875/4408992
158	89	4	12	-141625/35271936
158	89	4	13	2717875/35271936
158	89	6	12	4643/4408992
158	89	8	11	4643/4408992
158	90	4	6	-2117125/476171136
158	90	4	8	-33099625/7618738176
158	90	4	11	-2117125/476171136
158	90	4	12	-33099625/7618738176
158	90	4	13	112010375/7618738176
158	90	6	12	951707/476171136
158	90	8	11	951707/476171136
158	91	4	6	-7671875/7346640384
158	91	4	8	366265625/235092492288
158	91	4	11	-7671875/7346640384
158	91	4	12	366265625/235092492288
158	91	4	13	-68796875/235092492288
158	91	6	12	-4789507/51426482688
158	91	8	11	-4789507/51426482688
158	92	3	6	2
158	92	4	5	2
158	92	4	6	2
158	93	3	6	1775/2619
158	93	4	5	1775/2619
158	93	4	6	-875/2619
158	94	3	6	18295625/96028254
158	94	4	5	18295625/96028254
158	94	4	6	1600625/96028254
158	95	3	6	19131171875/502995994452
158	95	4	5	19131171875/502995994452
158	95	4	6	739609375/71856570636
158	96	3	6	583125078125/376384716991368
158	96	4	5	583125078125/376384716991368
158	96	4	6	-7512205703125/2634693018939576
158	97	3	6	-36711701669921875/13800522033205499088
158	97	4	5	-36711701669921875/13800522033205499088
158	97	4	6	-447718115234375/1971503147600785584
158	98	2	7	1/2
158	98	2	12	1/2
158	98	3	6	1/2
158	98	3	11	1/2
158	98	5	11	1/2
158	98	5	12	1/2
158	98	6	10	1/2
158	98	7	10	1/2
158	99	2	7	250/1539
158	99	2	11	250/1539
158	99	3	6	250/1539
158	99	3	10	250/1539
158	99	5	10	250/1539
158	99	5	11	250/1539
158	99	6	9	250/1539
158	99	7	9	250/1539
158	100	2	7	460625/11053098
158	100	2	11	460625/11053098
158	100	3	6	460625/11053098
158	100	3	10	460625/11053098
158	100	5	10	460625/11053098
158	100	5	11	460625/11053098
158	100	6	9	460625/11053098
158	100	7	9	460625/11053098
158	101	2	7	161406250/25516076733
158	101	2	11	161406250/25516076733
158	101	3	6	161406250/25516076733
158	101	3	10	161406250/25516076733
158	101	5	10	161406250/25516076733
158	101	5	11	161406250/25516076733
158	101	6	9	161406250/25516076733
158	101	7	9	161406250/25516076733
158	102	2	7	-4320078125/5609891727441
158	102	2	11	-4320078125/5609891727441
158	102	3	6	-4320078125/5609891727441
158	102	3	10	-4320078125/5609891727441
158	102	5	10	-4320078125/5609891727441
158	102	5	11	-4320078125/5609891727441
158	102	6	9	-4320078125/5609891727441
158	102	7	9	-4320078125/5609891727441
158	103	2	7	-52945117187500/60435363579721893
158	103	2	11	-52945117187500/60435363579721893
158	103	3	6	-52945117187500/60435363579721893
158	103	3	10	-52945117187500/60435363579721893
158	103	5	10	-52945117187500/60435363579721893
158	103	5	11	-52945117187500/60435363579721893
158	103	6	9	-52945117187500/60435363579721893
158	103	7	9	-52945117187500/60435363579721893
159	62	9	13	1
159	62	9	16	1
159	62	13	18	1
159	62	16	18	1
159	63	8	12	185/972
159	63	8	14	185/972
159	63	12	16	-545/1944
159	63	14	16	-545/1944
159	64	8	12	124225/6613488
159	64	8	14	124225/6613488
159	64	12	16	1617775/26453952
159	64	14	16	1617775/26453952
159	65	8	12	-19697875/6428310336
159	65	8	14	-19697875/6428310336
159	65	12	16	-378761375/51426482688
159	65	14	16	-378761375/51426482688
159	66	8	12	-10165419125/6248317646592
159	66	8	14	-10165419125/6248317646592
159	66	12	16	-119561071625/99973082345472
159	66	14	16	-119561071625/99973082345472
159	67	8	12	-863550053125/6073364752487424
159	67	8	14	-863550053125/6073364752487424
159	67	12	16	178283929215625/194347672079597568
159	67	14	16	178283929215625/194347672079597568
159	68	4	16	1/3
159	68	4	17	1/3
159	68	6	13	1/3
159	68	6	17	1/3
159	68	7	13	1/3
159	68	7	16	1/3
159	69	4	14	460/5103
159	69	4	15	460/5103
159	69	6	12	460/5103
159	69	6	15	460/5103
159	69	7	12	460/5103
159	69	7	14	460/5103
159	70	4	14	153925/8680203
159	70	4	15	153925/8680203
159	70	6	12	153925/8680203
159	70	6	15	153925/8680203
159	70	7	12	153925/8680203
159	70	7	14	153925/8680203
159	71	4	14	17744500/14765025303
159	71	4	15	17744500/14765025303
159	71	6	12	17744500/14765025303
159	71	6	15	17744500/14765025303
159	71	7	12	17744500/14765025303
159	71	7	14	17744500/14765025303
159	72	4	14	-19135684250/25115308040403
159	72	4	15	-19135684250/25115308040403
159	72	6	12	-19135684250/25115308040403
159	72	6	15	-19135684250/25115308040403
159	72	7	12	-19135684250/25115308040403
159	72	7	14	-19135684250/25115308040403
159	73	4	14	-14120188175000/42721138976725503
159	73	4	15	-14120188175000/42721138976725503
159	73	6	12	-14120188175000/42721138976725503
159	73	6	15	-14120188175000/42721138976725503
159	73	7	12	-14120188175000/42721138976725503
159	73	7	14	-14120188175000/42721138976725503
159	86	6	8	1
159	86	6	18	1
159	86	8	15	1
159	86	13	14	1
159	86	13	18	1
159	86	14	15	1
159	87	6	8	7/108
159	87	6	16	-19/108
159	87	8	13	67/216
159	87	11	12	7/108
159	87	11	16	-19/108
159	87	12	13	67/216
159	88	6	8	-1195/81648
159	88	6	16	989/81648
159	88	8	13	25271/326592
159	88	11	12	-1195/81648
159	88	11	16	989/81648
159	88	12	13	25271/326592
159	89	6	8	-4271/1259712
159	89	6	16	39653/8817984
159	89	8	13	868789/70543872
159	89	11	12	-4271/1259712
159	89	11	16	39653/8817984
159	89	12	13	868789/70543872
159	90	6	8	2554063/4761711360
159	90	6	16	-7364417/4761711360
159	90	8	13	-47506397/76187381760
159	90	11	12	2554063/4761711360
159	90	11	16	-7364417/4761711360
159	90	12	13	-47506397/76187381760
159	91	6	8	3994075/14693280768
159	91	6	16	-1728145/102852965376
159	91	8	13	-3980552075/3291294892032
159	91	11	12	3994075/14693280768
159	91	11	16	-1728145/102852965376
159	91	12	13	-3980552075/3291294892032
159	92	3	8	1
159	92	3	15	1
159	92	4	12	1
159	92	4	13	1
159	92	5	8	1
159	92	5	13	1
159	92	6	14	1
159	92	6	15	1
159	92	8	12	1
159	92	8	14	1
159	93	3	8	565/2619
159	93	3	14	2045/5238
159	93	4	11	1355/5238
159	93	4	12	-1295/5238
159	93	5	8	565/2619
159	93	5	12	2045/5238
159	93	6	13	1355/5238
159	93	6	14	-1295/5238
159	93	8	11	-25/2619
159	93	8	13	-25/2619
159	94	3	8	2604325/96028254
159	94	3	14	25544525/192056508
159	94	4	11	9122525/192056508
159	94	4	12	8009525/192056508
159	94	5	8	2604325/96028254
159	94	5	12	25544525/192056508
159	94	6	13	9122525/192056508
159	94	6	14	8009525/192056508
159	94	8	11	-1856075/96028254
159	94	8	13	-1856075/96028254
159	95	3	8	-635808625/251497997226
159	95	3	14	36984285125/1005991988904
159	95	4	11	2253669875/1005991988904
159	95	4	12	-101791625/143713141272
159	95	5	8	-635808625/251497997226
159	95	5	12	36984285125/1005991988904
159	95	6	13	2253669875/1005991988904
159	95	6	14	-101791625/143713141272
159	95	8	11	139643125/251497997226
159	95	8	13	139643125/251497997226
159	96	3	8	-1449613698875/658673254734894
159	96	3	14	4914930015125/752769433982736
159	96	4	11	-11925353594125/5269386037879152
159	96	4	12	-12277292144125/5269386037879152
159	96	5	8	-1449613698875/658673254734894
159	96	5	12	4914930015125/752769433982736
159	96	6	13	-11925353594125/5269386037879152
159	96	6	14	-12277292144125/5269386037879152
159	96	8	11	98360975875/94096179247842
159	96	8	13	98360975875/94096179247842
159	97	3	8	-592544268034375/1725065254150687386
159	97	3	14	-11715775272090625/27601044066410998176
159	97	4	11	-23116047378034375/27601044066410998176
159	97	4	12	2782343521928125/3943006295201571168
159	97	5	8	-592544268034375/1725065254150687386
159	97	5	12	-11715775272090625/27601044066410998176
159	97	6	13	-23116047378034375/27601044066410998176
159	97	6	14	2782343521928125/3943006295201571168
159	97	8	11	-86648064828125/1725065254150687386
159	97	8	13	-86648064828125/1725065254150687386
159	98	2	8	1/4
159	98	2	13	1/4
159	98	3	8	1/4
159	98	3	13	1/4
159	98	5	15	1/4
159	98	5	17	1/4
159	98	6	8	1/4
159	98	6	15	1/4
159	98	7	8	1/4
159	98	7	17	1/4
159	98	10	15	1/4
159	98	10	17	1/4
159	98	11	13	1/4
159	98	11	15	1/4
159	98	12	13	1/4
159	98	12	17	1/4
159	99	2	8	5/114
159	99	2	12	5/114
159	99	3	8	5/114
159	99	3	12	5/114
159	99	5	14	5/114
159	99	5	15	5/114
159	99	6	8	-80/1539
159	99	6	14	-80/1539
159	99	7	8	-80/1539
159	99	7	15	-80/1539
159	99	9	14	5/114
159	99	9	15	5/114
159	99	10	12	-80/1539
159	99	10	14	-80/1539
159	99	11	12	-80/1539
159	99	11	15	-80/1539
159	100	2	8	145025/66318588
159	100	2	12	145025/66318588
159	100	3	8	145025/66318588
159	100	3	12	145025/66318588
159	100	5	14	145025/66318588
159	100	5	15	145025/66318588
159	100	6	8	117175/22106196
159	100	6	14	117175/22106196
159	100	7	8	117175/22106196
159	100	7	15	117175/22106196
159	100	9	14	145025/66318588
159	100	9	15	145025/66318588
159	100	10	12	117175/22106196
159	100	10	14	117175/22106196
159	100	11	12	117175/22106196
159	100	11	15	117175/22106196
159	101	2	8	-975875/630026586
159	101	2	12	-975875/630026586
159	101	3	8	-975875/630026586
159	101	3	12	-975875/630026586
159	101	5	14	-975875/630026586
159	101	5	15	-975875/630026586
159	101	6	8	30322000/25516076733
159	101	6	14	30322000/25516076733
159	101	7	8	30322000/25516076733
159	101	7	15	30322000/25516076733
159	101	9	14	-975875/630026586
159	101	9	15	-975875/630026586
159	101	10	12	30322000/25516076733
159	101	10	14	30322000/25516076733
159	101	11	12	30322000/25516076733
159	101	11	15	30322000/25516076733
159	102	2	8	-34600042375/78538484184174
159	102	2	12	-34600042375/78538484184174
159	102	3	8	-34600042375/78538484184174
159	102	3	12	-34600042375/78538484184174
159	102	5	14	-34600042375/78538484184174
159	102	5	15	-34600042375/78538484184174
159	102	6	8	-48827154875/78538484184174
159	102	6	14	-48827154875/78538484184174
159	102	7	8	-48827154875/78538484184174
159	102	7	15	-48827154875/78538484184174
159	102	9	14	-34600042375/78538484184174
159	102	9	15	-34600042375/78538484184174
159	102	10	12	-48827154875/78538484184174
159	102	10	14	-48827154875/78538484184174
159	102	11	12	-48827154875/78538484184174
159	102	11	15	-48827154875/78538484184174
159	103	2	8	94417615625/2238346799248959
159	103	2	12	94417615625/2238346799248959
159	103	3	8	94417615625/2238346799248959
159	103	3	12	94417615625/2238346799248959
159	103	5	14	94417615625/2238346799248959
159	103	5	15	94417615625/2238346799248959
159	103	6	8	2703170300000/60435363579721893
159	103	6	14	2703170300000/60435363579721893
159	103	7	8	2703170300000/60435363579721893
159	103	7	15	2703170300000/60435363579721893
159	103	9	14	94417615625/2238346799248959
159	103	9	15	94417615625/2238346799248959
159	103	10	12	2703170300000/60435363579721893
159	103	10	14	2703170300000/60435363579721893
159	103	11	12	2703170300000/60435363579721893
159	103	11	15	2703170300000/60435363579721893
159	104	4	6	1/2
159	104	4	7	1/2
159	104	4	10	1/2
159	104	4	11	1/2
159	104	5	10	1/2
159	104	5	11	1/2
159	104	6	9	1/2
159	104	7	9	1/2
159	105	4	6	-115/1674
159	105	4	7	-115/1674
159	105	4	10	-115/1674
159	105	4	11	-115/1674
159	105	5	10	605/3348
159	105	5	11	605/3348
159	105	6	9	605/3348
159	105	7	9	605/3348
159	106	4	6	-40525/58847796
159	106	4	7	-40525/58847796
159	106	4	10	-40525/58847796
159	106	4	11	-40525/58847796
159	106	5	10	6494575/117695592
159	106	5	11	6494575/117695592
159	106	6	9	6494575/117695592
159	106	7	9	6494575/117695592
159	107	4	6	47244875/16418535084
159	107	4	7	47244875/16418535084
159	107	4	10	47244875/16418535084
159	107	4	11	47244875/16418535084
159	107	5	10	828986125/65674140336
159	107	5	11	828986125/65674140336
159	107	6	9	828986125/65674140336
159	107	7	9	828986125/65674140336
159	108	4	6	-48797129875/123680824787772
159	108	4	7	-48797129875/123680824787772
159	108	4	10	-48797129875/123680824787772
159	108	4	11	-48797129875/123680824787772
159	108	5	10	1155575882875/989446598302176
159	108	5	11	1155575882875/989446598302176
159	108	6	9	1155575882875/989446598302176
159	108	7	9	1155575882875/989446598302176
159	109	4	6	-16188618784375/103520850347365164
159	109	4	7	-16188618784375/103520850347365164
159	109	4	10	-16188618784375/103520850347365164
159	109	4	11	-16188618784375/103520850347365164
159	109	5	10	-1093013822965625/1656333605557842624
159	109	5	11	-1093013822965625/1656333605557842624
159	109	6	9	-1093013822965625/1656333605557842624
159	109	7	9	-1093013822965625/1656333605557842624
160	62	13	18	2
160	62	16	18	2
160	63	12	16	175/972
160	63	14	16	175/972
160	64	12	16	-313625/13226976
160	64	14	16	-313625/13226976
160	65	12	16	-34240625/3673320192
160	65	14	16	-34240625/3673320192
160	66	12	16	21058834375/49986541172736
160	66	14	16	21058834375/49986541172736
160	67	12	16	10060830859375/13881976577114112
160	67	14	16	10060830859375/13881976577114112
160	68	13	16	2/3
160	68	13	17	2/3
160	68	16	17	2/3
160	69	12	14	710/5103
160	69	12	15	710/5103
160	69	14	15	710/5103
160	70	12	14	2450/177147
160	70	12	15	2450/177147
160	70	14	15	2450/177147
160	71	12	14	-51102250/14765025303
160	71	12	15	-51102250/14765025303
160	71	14	15	-51102250/14765025303
160	72	12	14	-43653598750/25115308040403
160	72	12	15	-43653598750/25115308040403
160	72	14	15	-43653598750/25115308040403
160	73	12	14	-4480241556250/42721138976725503
160	73	12	15	-4480241556250/42721138976725503
160	73	14	15	-4480241556250/42721138976725503
160	86	15	18	2
160	87	13	16	49/108
160	88	13	16	9767/163296
160	89	13	16	-30191/5038848
160	90	13	16	-41239993/7618738176
160	91	13	16	-206875151/235092492288
160	92	3	17	2
160	92	5	17	2
160	92	12	13	2
160	92	12	17	2
160	92	14	15	2
160	92	14	17	2
160	93	3	16	1400/2619
160	93	5	16	1400/2619
160	93	11	12	725/2619
160	93	11	16	-680/2619
160	93	13	14	725/2619
160	93	13	16	-680/2619
160	94	3	16	4726000/48014127
160	94	5	16	4726000/48014127
160	94	11	12	-588625/96028254
160	94	11	16	-515600/48014127
160	94	13	14	-588625/96028254
160	94	13	16	-515600/48014127
160	95	3	16	45800000/17964142659
160	95	5	16	45800000/17964142659
160	95	11	12	-6615353125/502995994452
160	95	11	16	1626424000/125748998613
160	95	13	14	-6615353125/502995994452
160	95	13	16	1626424000/125748998613
160	96	3	16	-2001768800000/329336627367447
160	96	5	16	-2001768800000/329336627367447
160	96	11	12	-605700559375/376384716991368
160	96	11	16	-382264160000/329336627367447
160	96	13	14	-605700559375/376384716991368
160	96	13	16	-382264160000/329336627367447
160	97	3	16	-254124400000000/123218946725049099
160	97	5	16	-254124400000000/123218946725049099
160	97	11	12	11550659751171875/13800522033205499088
160	97	11	16	-773207273600000/862532627075343693
160	97	13	14	11550659751171875/13800522033205499088
160	97	13	16	-773207273600000/862532627075343693
160	104	5	14	1
160	104	5	16	1
160	104	6	14	1
160	104	7	16	1
160	104	9	14	1
160	104	9	16	1
160	104	10	14	1
160	104	11	16	1
160	105	5	14	20/93
160	105	5	15	20/93
160	105	6	14	-500/2511
160	105	7	15	-500/2511
160	105	9	14	20/93
160	105	9	15	20/93
160	105	10	14	-500/2511
160	105	11	15	-500/2511
160	106	5	14	339400/14711949
160	106	5	15	339400/14711949
160	106	6	14	727000/44135847
160	106	7	15	727000/44135847
160	106	9	14	339400/14711949
160	106	9	15	339400/14711949
160	106	10	14	727000/44135847
160	106	11	15	727000/44135847
160	107	5	14	-2284000/456070419
160	107	5	15	-2284000/456070419
160	107	6	14	659500000/110825111817
160	107	7	15	659500000/110825111817
160	107	9	14	-2284000/456070419
160	107	9	15	-2284000/456070419
160	107	10	14	659500000/110825111817
160	107	11	15	659500000/110825111817
160	108	5	14	-86223920000/30920206196943
160	108	5	15	-86223920000/30920206196943
160	108	6	14	-678388400000/278281855772487
160	108	7	15	-678388400000/278281855772487
160	108	9	14	-86223920000/30920206196943
160	108	9	15	-86223920000/30920206196943
160	108	10	14	-678388400000/278281855772487
160	108	11	15	-678388400000/278281855772487
160	109	5	14	-655102400000/2875579176315699
160	109	5	15	-655102400000/2875579176315699
160	109	6	14	13471000000000/698765739844714857
160	109	7	15	13471000000000/698765739844714857
160	109	9	14	-655102400000/2875579176315699
160	109	9	15	-655102400000/2875579176315699
160	109	10	14	13471000000000/698765739844714857
160	109	11	15	13471000000000/698765739844714857
160	110	4	6	1/6
160	110	4	7	1/6
160	110	4	10	1/6
160	110	4	11	1/6
160	110	6	7	1/6
160	110	6	10	1/6
160	110	6	13	1/6
160	110	7	11	1/6
160	110	7	13	1/6
160	110	10	11	1/6
160	110	10	13	1/6
160	110	11	13	1/6
160	111	4	6	-5/243
160	111	4	7	-5/243
160	111	4	10	-5/243
160	111	4	11	-5/243
160	111	6	7	-5/243
160	111	6	10	-5/243
160	111	6	13	-5/243
160	111	7	11	-5/243
160	111	7	13	-5/243
160	111	10	11	-5/243
160	111	10	13	-5/243
160	111	11	13	-5/243
160	112	4	6	-1325/1102248
160	112	4	7	-1325/1102248
160	112	4	10	-1325/1102248
160	112	4	11	-1325/1102248
160	112	6	7	-1325/1102248
160	112	6	10	-1325/1102248
160	112	6	13	-1325/1102248
160	112	7	11	-1325/1102248
160	112	7	13	-1325/1102248
160	112	10	11	-1325/1102248
160	112	10	13	-1325/1102248
160	112	11	13	-1325/1102248
160	113	4	6	47875/44641044
160	113	4	7	47875/44641044
160	113	4	10	47875/44641044
160	113	4	11	47875/44641044
160	113	6	7	47875/44641044
160	113	6	10	47875/44641044
160	113	6	13	47875/44641044
160	113	7	11	47875/44641044
160	113	7	13	47875/44641044
160	113	10	11	47875/44641044
160	113	10	13	47875/44641044
160	113	11	13	47875/44641044
160	114	4	6	-986875/14463698256
160	114	4	7	-986875/14463698256
160	114	4	10	-986875/14463698256
160	114	4	11	-986875/14463698256
160	114	6	7	-986875/14463698256
160	114	6	10	-986875/14463698256
160	114	6	13	-986875/14463698256
160	114	7	11	-986875/14463698256
160	114	7	13	-986875/14463698256
160	114	10	11	-986875/14463698256
160	114	10	13	-986875/14463698256
160	114	11	13	-986875/14463698256
160	115	4	6	-46628125/585779779368
160	115	4	7	-46628125/585779779368
160	115	4	10	-46628125/585779779368
160	115	4	11	-46628125/585779779368
160	115	6	7	-46628125/585779779368
160	115	6	10	-46628125/585779779368
160	115	6	13	-46628125/585779779368
160	115	7	11	-46628125/585779779368
160	115	7	13	-46628125/585779779368
160	115	10	11	-46628125/585779779368
160	115	10	13	-46628125/585779779368
160	115	11	13	-46628125/585779779368
161	62	9	9	4
161	63	8	8	-430/243
161	64	8	8	308725/413343
161	65	8	8	-59990375/200884698
161	66	8	8	10926815875/97629963228
161	67	8	8	-1834785678125/47448162128808
161	68	4	8	8/3
161	68	6	8	8/3
161	68	7	8	8/3
161	69	4	8	-80/81
161	69	6	8	-80/81
161	69	7	8	-80/81
161	70	4	8	108800/321489
161	70	6	8	108800/321489
161	70	7	8	108800/321489
161	71	4	8	-304000/2893401
161	71	6	8	-304000/2893401
161	71	7	8	-304000/2893401
161	72	4	8	139952000/4921675101
161	72	6	8	139952000/4921675101
161	72	7	8	139952000/4921675101
161	73	4	8	-815200000/132885227727
161	73	6	8	-815200000/132885227727
161	73	7	8	-815200000/132885227727
161	86	6	13	8
161	87	6	11	4
161	88	6	11	1090/567
161	89	6	11	167/189
161	90	6	11	177143/459270
161	91	6	11	29075/183708
161	98	2	14	2
161	98	3	14	2
161	98	4	5	2
161	98	4	10	2
161	98	4	14	2
161	99	2	13	460/513
161	99	3	13	460/513
161	99	4	5	460/513
161	99	4	9	460/513
161	99	4	13	250/513
161	100	2	13	698800/1842183
161	100	3	13	698800/1842183
161	100	4	5	698800/1842183
161	100	4	9	698800/1842183
161	100	4	13	176950/1842183
161	101	2	13	141496000/945039879
161	101	3	13	141496000/945039879
161	101	4	5	141496000/945039879
161	101	4	9	141496000/945039879
161	101	4	13	11668750/945039879
161	102	2	13	26259868000/484805457927
161	102	3	13	26259868000/484805457927
161	102	4	5	26259868000/484805457927
161	102	4	9	26259868000/484805457927
161	102	4	13	-151333250/484805457927
161	103	2	13	618134200000/35529314273793
161	103	3	13	618134200000/35529314273793
161	103	4	5	618134200000/35529314273793
161	103	4	9	618134200000/35529314273793
161	103	4	13	-24393593750/35529314273793
162	62	9	9	2
162	63	8	8	-35/243
162	64	8	8	-17525/826686
162	65	8	8	348625/57395628
162	66	8	8	91153375/195259926456
162	67	8	8	-5265996875/13556617751088
162	68	4	18	4/3
162	68	6	18	4/3
162	68	7	18	4/3
162	69	4	16	-80/243
162	69	6	16	-80/243
162	69	7	16	-80/243
162	70	4	16	18400/321489
162	70	6	16	18400/321489
162	70	7	16	18400/321489
162	71	4	16	-176000/78121827
162	71	6	16	-176000/78121827
162	71	7	16	-176000/78121827
162	72	4	16	-116416000/44295075909
162	72	6	16	-116416000/44295075909
162	72	7	16	-116416000/44295075909
162	73	4	16	3219200000/3587901148629
162	73	6	16	3219200000/3587901148629
162	73	7	16	3219200000/3587901148629
162	74	9	9	2/3
162	74	13	13	2/3
162	74	15	15	2/3
162	75	8	8	-520/2187
162	75	12	12	-520/2187
162	75	14	14	-520/2187
162	76	8	8	828950/11160261
162	76	12	12	828950/11160261
162	76	14	14	828950/11160261
162	77	8	8	-154453000/8135830269
162	77	12	12	-154453000/8135830269
162	77	14	14	-154453000/8135830269
162	78	8	8	19097820500/5931020266101
162	78	12	12	19097820500/5931020266101
162	78	14	14	19097820500/5931020266101
162	79	8	8	422514950000/4323713773987629
162	79	12	12	422514950000/4323713773987629
162	79	14	14	422514950000/4323713773987629
162	86	6	17	4
162	86	13	16	4
162	87	6	15	4/3
162	87	11	14	4/3
162	88	6	15	640/1701
162	88	11	14	640/1701
162	89	6	15	136/1701
162	89	11	14	136/1701
162	90	6	15	14828/2066715
162	90	11	14	14828/2066715
162	91	6	15	-4180/1240029
162	91	11	14	-4180/1240029
162	92	7	8	4
162	93	7	8	-320/291
162	94	7	8	3713200/16004709
162	95	7	8	-39008000/1552456773
162	96	7	8	-29132048000/5227565513769
162	97	7	8	38018604800000/10648550951547453
162	98	2	15	1
162	98	3	17	1
162	98	5	8	1
162	98	10	13	1
162	99	2	14	460/1539
162	99	3	15	460/1539
162	99	5	8	460/1539
162	99	9	12	460/1539
162	100	2	14	1150600/16579647
162	100	3	15	1150600/16579647
162	100	5	8	1150600/16579647
162	100	9	12	1150600/16579647
162	101	2	14	225124000/25516076733
162	101	3	15	225124000/25516076733
162	101	5	8	225124000/25516076733
162	101	9	12	225124000/25516076733
162	102	2	14	-8941328000/5609891727441
162	102	3	15	-8941328000/5609891727441
162	102	5	8	-8941328000/5609891727441
162	102	9	12	-8941328000/5609891727441
162	103	2	14	-77066081600000/60435363579721893
162	103	3	15	-77066081600000/60435363579721893
162	103	5	8	-77066081600000/60435363579721893
162	103	9	12	-77066081600000/60435363579721893
162	104	2	13	2
162	104	3	13	2
162	104	4	13	2
162	105	2	13	640/837
162	105	3	13	640/837
162	105	4	13	220/837
162	106	2	13	1253800/4903983
162	106	3	13	1253800/4903983
162	106	4	13	-10400/4903983
162	107	2	13	286144000/4104633771
162	107	3	13	286144000/4104633771
162	107	4	13	-40700000/4104633771
162	108	2	13	42797128000/3435578466327
162	108	3	13	42797128000/3435578466327
162	108	4	13	-4538132000/3435578466327
162	109	2	13	-227955200000/410797025187957
162	109	3	13	-227955200000/410797025187957
162	109	4	13	198345400000/410797025187957
163	62	9	18	2
163	63	8	16	-325/486
163	64	8	16	651625/3306744
163	65	8	16	-154740625/3214155168
163	66	8	16	25564946875/3124158823296
163	67	8	16	-263468359375/3036682376243712
163	68	4	8	2/3
163	68	6	8	2/3
163	68	7	8	2/3
163	68	8	13	2/3
163	68	8	16	2/3
163	68	8	17	2/3
163	69	8	12	-10/81
163	69	8	14	-10/81
163	69	8	15	-10/81
163	70	4	8	-3250/321489
163	70	6	8	-3250/321489
163	70	7	8	-3250/321489
163	70	8	12	4100/321489
163	70	8	14	4100/321489
163	70	8	15	4100/321489
163	71	8	12	4000/2893401
163	71	8	14	4000/2893401
163	71	8	15	4000/2893401
163	72	4	8	2112500/4921675101
163	72	6	8	2112500/4921675101
163	72	7	8	2112500/4921675101
163	72	8	12	-4266250/4921675101
163	72	8	14	-4266250/4921675101
163	72	8	15	-4266250/4921675101
163	73	8	12	13206250/132885227727
163	73	8	14	13206250/132885227727
163	73	8	15	13206250/132885227727
163	86	6	14	2
163	86	8	8	1
163	86	8	13	2
163	86	14	14	1
163	87	6	12	13/18
163	87	8	8	-3/8
163	87	8	11	13/18
163	87	12	12	-3/8
163	88	6	12	13/56
163	88	8	8	4583/36288
163	88	8	11	13/56
163	88	12	12	4583/36288
163	89	6	12	10309/163296
163	89	8	8	-1181/32256
163	89	8	11	10309/163296
163	89	12	12	-1181/32256
163	90	6	12	74867/5878656
163	90	8	8	1553767/188116992
163	90	8	11	74867/5878656
163	90	12	12	1553767/188116992
163	91	6	12	182351/211631616
163	91	8	8	-470087/501645312
163	91	8	11	182351/211631616
163	91	12	12	-470087/501645312
163	92	4	8	2
163	92	4	14	2
163	92	6	8	2
163	92	6	12	2
163	93	4	8	-550/873
163	93	4	13	775/873
163	93	6	8	-550/873
163	93	6	11	775/873
163	94	4	8	11125/65863
163	94	4	13	432125/1185534
163	94	6	8	11125/65863
163	94	6	11	432125/1185534
163	95	4	8	-161115625/4657370319
163	95	4	13	2525434375/18629481276
163	95	6	8	-161115625/4657370319
163	95	6	11	2525434375/18629481276
163	96	4	8	13514753125/4065884288487
163	96	4	13	1428923571875/32527074307896
163	96	6	8	13514753125/4065884288487
163	96	6	11	1428923571875/32527074307896
163	97	4	8	3929831640625/3549516983849151
163	97	4	13	643674348828125/56792271741586416
163	97	6	8	3929831640625/3549516983849151
163	97	6	11	643674348828125/56792271741586416
163	98	2	17	1/2
163	98	3	15	1/2
163	98	4	6	1/2
163	98	4	7	1/2
163	98	4	11	1/2
163	98	4	12	1/2
163	98	4	15	1/2
163	98	4	17	1/2
163	98	5	13	1/2
163	98	6	14	1/2
163	98	7	14	1/2
163	98	8	10	1/2
163	98	8	14	1/2
163	98	11	14	1/2
163	98	12	14	1/2
163	98	13	14	1/2
163	99	2	15	325/1539
163	99	3	14	325/1539
163	99	4	6	125/1026
163	99	4	7	125/1026
163	99	4	10	125/1026
163	99	4	11	125/1026
163	99	4	14	10/513
163	99	4	15	10/513
163	99	5	12	325/1539
163	99	6	13	125/1026
163	99	7	13	125/1026
163	99	8	9	325/1539
163	99	8	13	10/513
163	99	10	13	125/1026
163	99	11	13	125/1026
163	99	12	13	10/513
163	100	2	15	2679625/33159294
163	100	3	14	2679625/33159294
163	100	4	6	39250/1842183
163	100	4	7	39250/1842183
163	100	4	10	39250/1842183
163	100	4	11	39250/1842183
163	100	4	14	-28075/3684366
163	100	4	15	-28075/3684366
163	100	5	12	2679625/33159294
163	100	6	13	39250/1842183
163	100	7	13	39250/1842183
163	100	8	9	2679625/33159294
163	100	8	13	-28075/3684366
163	100	10	13	39250/1842183
163	100	11	13	39250/1842183
163	100	12	13	-28075/3684366
163	101	2	15	690259375/25516076733
163	101	3	14	690259375/25516076733
163	101	4	6	1046875/945039879
163	101	4	7	1046875/945039879
163	101	4	10	1046875/945039879
163	101	4	11	1046875/945039879
163	101	4	14	-898250/945039879
163	101	4	15	-898250/945039879
163	101	5	12	690259375/25516076733
163	101	6	13	1046875/945039879
163	101	7	13	1046875/945039879
163	101	8	9	690259375/25516076733
163	101	8	13	-898250/945039879
163	101	10	13	1046875/945039879
163	101	11	13	1046875/945039879
163	101	12	13	-898250/945039879
163	102	2	15	288008215625/39269242092087
163	102	3	14	288008215625/39269242092087
163	102	4	6	-804240625/969610915854
163	102	4	7	-804240625/969610915854
163	102	4	10	-804240625/969610915854
163	102	4	11	-804240625/969610915854
163	102	4	14	154163125/484805457927
163	102	4	15	154163125/484805457927
163	102	5	12	288008215625/39269242092087
163	102	6	13	-804240625/969610915854
163	102	7	13	-804240625/969610915854
163	102	8	9	288008215625/39269242092087
163	102	8	13	154163125/484805457927
163	102	10	13	-804240625/969610915854
163	102	11	13	-804240625/969610915854
163	102	12	13	154163125/484805457927
163	103	2	15	74734044531250/60435363579721893
163	103	3	14	74734044531250/60435363579721893
163	103	4	6	-21583984375/71058628547586
163	103	4	7	-21583984375/71058628547586
163	103	4	10	-21583984375/71058628547586
163	103	4	11	-21583984375/71058628547586
163	103	4	14	2548787500/35529314273793
163	103	4	15	2548787500/35529314273793
163	103	5	12	74734044531250/60435363579721893
163	103	6	13	-21583984375/71058628547586
163	103	7	13	-21583984375/71058628547586
163	103	8	9	74734044531250/60435363579721893
163	103	8	13	2548787500/35529314273793
163	103	10	13	-21583984375/71058628547586
163	103	11	13	-21583984375/71058628547586
163	103	12	13	2548787500/35529314273793
163	104	4	5	1
163	104	4	9	1
163	105	4	5	335/837
163	105	4	9	335/837
163	106	4	5	1420025/9807966
163	106	4	9	1420025/9807966
163	107	4	5	374454625/8209267542
163	107	4	9	374454625/8209267542
163	108	4	5	11304291875/981593847522
163	108	4	9	11304291875/981593847522
163	109	4	5	9902949446875/5751158352631398
163	109	4	9	9902949446875/5751158352631398
164	62	9	18	2
164	63	8	16	35/486
164	64	8	16	-105275/3306744
164	65	8	16	-1664875/459165024
164	66	8	16	4358435875/3124158823296
164	67	8	16	122697434375/433811768034816
164	68	4	18	2/3
164	68	6	18	2/3
164	68	7	18	2/3
164	68	13	18	2/3
164	68	16	18	2/3
164	68	17	18	2/3
164	69	4	16	20/243
164	69	6	16	20/243
164	69	7	16	20/243
164	69	12	16	-40/243
164	69	14	16	-40/243
164	69	15	16	-40/243
164	70	4	16	-950/321489
164	70	6	16	-950/321489
164	70	7	16	-950/321489
164	70	12	16	2950/107163
164	70	14	16	2950/107163
164	70	15	16	2950/107163
164	71	4	16	-281500/78121827
164	71	6	16	-281500/78121827
164	71	7	16	-281500/78121827
164	71	12	16	-25000/78121827
164	71	14	16	-25000/78121827
164	71	15	16	-25000/78121827
164	72	4	16	-14265500/44295075909
164	72	6	16	-14265500/44295075909
164	72	7	16	-14265500/44295075909
164	72	12	16	-70755500/44295075909
164	72	14	16	-70755500/44295075909
164	72	15	16	-70755500/44295075909
164	73	4	16	783325000/3587901148629
164	73	6	16	783325000/3587901148629
164	73	7	16	783325000/3587901148629
164	73	12	16	1688350000/3587901148629
164	73	14	16	1688350000/3587901148629
164	73	15	16	1688350000/3587901148629
164	86	6	18	2
164	86	13	18	2
164	87	6	16	7/18
164	87	11	16	7/18
164	88	6	16	523/13608
164	88	11	16	523/13608
164	89	6	16	-163/23328
164	89	11	16	-163/23328
164	90	6	16	-963073/264539520
164	90	11	16	-963073/264539520
164	91	6	16	-80485/272097792
164	91	11	16	-80485/272097792
164	92	12	15	2
164	92	13	13	1
164	92	13	14	2
164	92	15	15	1
164	93	11	14	565/873
164	93	12	12	-1645/5238
164	93	12	13	565/873
164	93	14	14	-1645/5238
164	94	11	14	5476675/32009418
164	94	12	12	15261025/192056508
164	94	12	13	5476675/32009418
164	94	14	14	15261025/192056508
164	95	11	14	569251625/18629481276
164	95	12	12	-1856200375/143713141272
164	95	12	13	569251625/18629481276
164	95	14	14	-1856200375/143713141272
164	96	11	14	-28440132125/292743668771064
164	96	12	12	-3089358339125/5269386037879152
164	96	12	13	-28440132125/292743668771064
164	96	14	14	-3089358339125/5269386037879152
164	97	11	14	-1310719681365625/511130445674277744
164	97	12	12	4994480741459375/3943006295201571168
164	97	12	13	-1310719681365625/511130445674277744
164	97	14	14	4994480741459375/3943006295201571168
164	98	2	18	1/2
164	98	3	18	1/2
164	98	5	18	1/2
164	98	10	18	1/2
164	99	2	16	70/513
164	99	3	16	70/513
164	99	5	16	70/513
164	99	9	16	70/513
164	100	2	16	291425/11053098
164	100	3	16	291425/11053098
164	100	5	16	291425/11053098
164	100	9	16	291425/11053098
164	101	2	16	56750/45001899
164	101	3	16	56750/45001899
164	101	5	16	56750/45001899
164	101	9	16	56750/45001899
164	102	2	16	-6209423875/4363249121343
164	102	3	16	-6209423875/4363249121343
164	102	5	16	-6209423875/4363249121343
164	102	9	16	-6209423875/4363249121343
164	103	2	16	-175767587500/319763828464137
164	103	3	16	-175767587500/319763828464137
164	103	5	16	-175767587500/319763828464137
164	103	9	16	-175767587500/319763828464137
164	104	5	8	1
164	104	6	8	1
164	104	6	13	1
164	104	7	8	1
164	104	7	13	1
164	104	8	13	1
164	104	9	12	1
164	104	10	12	1
164	104	10	13	1
164	104	11	12	1
164	104	11	13	1
164	104	12	13	1
164	105	5	8	425/1674
164	105	6	8	-15/62
164	105	6	13	215/837
164	105	7	8	-15/62
164	105	7	13	215/837
164	105	8	13	5/837
164	105	9	12	425/1674
164	105	10	12	-15/62
164	105	10	13	215/837
164	105	11	12	-15/62
164	105	11	13	215/837
164	105	12	13	5/837
164	106	5	8	872225/19615932
164	106	6	8	756025/19615932
164	106	6	13	451075/9807966
164	106	7	8	756025/19615932
164	106	7	13	451075/9807966
164	106	8	13	-195725/9807966
164	106	9	12	872225/19615932
164	106	10	12	756025/19615932
164	106	10	13	451075/9807966
164	106	11	12	756025/19615932
164	106	11	13	451075/9807966
164	106	12	13	-195725/9807966
164	107	5	8	37368125/32837070168
164	107	6	8	47125/135131976
164	107	6	13	12668875/8209267542
164	107	7	8	47125/135131976
164	107	7	13	12668875/8209267542
164	107	8	13	-2939375/8209267542
164	107	9	12	37368125/32837070168
164	107	10	12	47125/135131976
164	107	10	13	12668875/8209267542
164	107	11	12	47125/135131976
164	107	11	13	12668875/8209267542
164	107	12	13	-2939375/8209267542
164	108	5	8	-135102179125/54969255461232
164	108	6	8	-136092369125/54969255461232
164	108	6	13	-16777811375/6871156932654
164	108	7	8	-136092369125/54969255461232
164	108	7	13	-16777811375/6871156932654
164	108	8	13	7659678625/6871156932654
164	108	9	12	-135102179125/54969255461232
164	108	10	12	-136092369125/54969255461232
164	108	10	13	-16777811375/6871156932654
164	108	11	12	-136092369125/54969255461232
164	108	11	13	-16777811375/6871156932654
164	108	12	13	7659678625/6871156932654
164	109	5	8	-73261482203125/92018533642102368
164	109	6	8	736656940625/1136031279532128
164	109	6	13	-684183884375/821594050375914
164	109	7	8	736656940625/1136031279532128
164	109	7	13	-684183884375/821594050375914
164	109	8	13	27425996875/821594050375914
164	109	9	12	-73261482203125/92018533642102368
164	109	10	12	736656940625/1136031279532128
164	109	10	13	-684183884375/821594050375914
164	109	11	12	736656940625/1136031279532128
164	109	11	13	-684183884375/821594050375914
164	109	12	13	27425996875/821594050375914
165	62	18	18	2
165	63	16	16	-755/972
165	64	16	16	3639175/13226976
165	65	16	16	-2217567125/25713241344
165	66	16	16	1123307254375/49986541172736
165	67	16	16	-392685884553125/97173836039798784
165	68	8	13	4/3
165	68	8	16	4/3
165	68	8	17	4/3
165	69	8	12	20/81
165	69	8	14	20/81
165	69	8	15	20/81
165	70	8	12	8200/321489
165	70	8	14	8200/321489
165	70	8	15	8200/321489
165	71	8	12	-8000/2893401
165	71	8	14	-8000/2893401
165	71	8	15	-8000/2893401
165	72	8	12	-8532500/4921675101
165	72	8	14	-8532500/4921675101
165	72	8	15	-8532500/4921675101
165	73	8	12	-26412500/132885227727
165	73	8	14	-26412500/132885227727
165	73	8	15	-26412500/132885227727
165	92	8	12	4
165	92	8	14	4
165	93	8	11	140/97
165	93	8	13	140/97
165	94	8	11	2463050/5334903
165	94	8	13	2463050/5334903
165	95	8	11	3054250/24642171
165	95	8	13	3054250/24642171
165	96	8	11	97930986250/4065884288487
165	96	8	13	97930986250/4065884288487
165	97	8	11	62806431250/56341539426177
165	97	8	13	62806431250/56341539426177
165	98	4	8	1
165	98	4	13	1
165	98	4	18	1
165	98	8	8	1/2
165	98	13	13	1/2
165	98	14	15	1
165	98	14	17	1
165	98	14	18	1
165	98	15	15	1/2
165	98	17	17	1/2
165	99	4	8	20/513
165	99	4	12	20/513
165	99	4	16	-85/513
165	99	8	8	-265/1539
165	99	12	12	-265/1539
165	99	13	14	20/513
165	99	13	15	20/513
165	99	13	16	-85/513
165	99	14	14	-265/1539
165	99	15	15	-265/1539
165	100	4	8	-28075/1842183
165	100	4	12	-28075/1842183
165	100	4	16	19700/1842183
165	100	8	8	1688425/33159294
165	100	12	12	1688425/33159294
165	100	13	14	-28075/1842183
165	100	13	15	-28075/1842183
165	100	13	16	19700/1842183
165	100	14	14	1688425/33159294
165	100	15	15	1688425/33159294
165	101	4	8	-1796500/945039879
165	101	4	12	-1796500/945039879
165	101	4	16	3574250/945039879
165	101	8	8	-300158875/25516076733
165	101	12	12	-300158875/25516076733
165	101	13	14	-1796500/945039879
165	101	13	15	-1796500/945039879
165	101	13	16	3574250/945039879
165	101	14	14	-300158875/25516076733
165	101	15	15	-300158875/25516076733
165	102	4	8	308326250/484805457927
165	102	4	12	308326250/484805457927
165	102	4	16	-591720625/484805457927
165	102	8	8	57444475625/39269242092087
165	102	12	12	57444475625/39269242092087
165	102	13	14	308326250/484805457927
165	102	13	15	308326250/484805457927
165	102	13	16	-591720625/484805457927
165	102	14	14	57444475625/39269242092087
165	102	15	15	57444475625/39269242092087
165	103	4	8	5097575000/35529314273793
165	103	4	12	5097575000/35529314273793
165	103	4	16	-500490625/35529314273793
165	103	8	8	19553866043750/60435363579721893
165	103	12	12	19553866043750/60435363579721893
165	103	13	14	5097575000/35529314273793
165	103	13	15	5097575000/35529314273793
165	103	13	16	-500490625/35529314273793
165	103	14	14	19553866043750/60435363579721893
165	103	15	15	19553866043750/60435363579721893
165	104	4	8	2
165	104	4	12	2
165	104	5	12	2
165	104	8	9	2
165	105	4	8	-170/279
165	105	4	12	-170/279
165	105	5	12	245/279
165	105	8	9	245/279
165	106	4	8	253075/1634661
165	106	4	12	253075/1634661
165	106	5	12	1159775/3269322
165	106	8	9	1159775/3269322
165	107	4	8	-1438625/50674491
165	107	4	12	-1438625/50674491
165	107	5	12	3726625/28956852
165	107	8	9	3726625/28956852
165	108	4	8	533538125/381730940703
165	108	4	12	533538125/381730940703
165	108	5	12	122193926875/3053847525624
165	108	8	9	122193926875/3053847525624
165	109	4	8	153328259375/106502932456137
165	109	4	12	153328259375/106502932456137
165	109	5	12	2305261065625/243435274185456
165	109	8	9	2305261065625/243435274185456
166	62	18	18	2
166	63	16	16	-35/972
166	64	16	16	-484625/13226976
166	65	16	16	7355125/3673320192
166	66	16	16	93683980375/49986541172736
166	67	16	16	-2402306421875/13881976577114112
166	68	13	18	4/3
166	68	16	18	4/3
166	68	17	18	4/3
166	69	12	16	40/243
166	69	14	16	40/243
166	69	15	16	40/243
166	70	12	16	-2600/321489
166	70	14	16	-2600/321489
166	70	15	16	-2600/321489
166	71	12	16	-626000/78121827
166	71	14	16	-626000/78121827
166	71	15	16	-626000/78121827
166	72	12	16	-26284000/44295075909
166	72	14	16	-26284000/44295075909
166	72	15	16	-26284000/44295075909
166	73	12	16	1973000000/3587901148629
166	73	14	16	1973000000/3587901148629
166	73	15	16	1973000000/3587901148629
166	92	12	17	4
166	92	14	17	4
166	93	11	16	280/291
166	93	13	16	280/291
166	94	11	16	2375500/16004709
166	94	13	16	2375500/16004709
166	95	11	16	-941000/221779539
166	95	13	16	-941000/221779539
166	96	11	16	-388191179000/36592958596383
166	96	13	16	-388191179000/36592958596383
166	97	11	16	-3850549750000/1521221564506779
166	97	13	16	-3850549750000/1521221564506779
166	104	5	17	2
166	104	9	17	2
166	104	13	14	2
166	104	13	16	2
166	104	13	17	2
166	104	14	14	1
166	104	16	16	1
166	105	5	16	490/837
166	105	9	16	490/837
166	105	13	14	220/837
166	105	13	15	220/837
166	105	13	16	-200/837
166	105	14	14	-710/2511
166	105	15	15	-710/2511
166	106	5	16	628000/4903983
166	106	9	16	628000/4903983
166	106	13	14	-42950/4903983
166	106	13	15	-42950/4903983
166	106	13	16	-72350/4903983
166	106	14	14	2573125/44135847
166	106	15	15	2573125/44135847
166	107	5	16	7115500/586376253
166	107	9	16	7115500/586376253
166	107	13	14	-51441500/4104633771
166	107	13	15	-51441500/4104633771
166	107	13	16	49705000/4104633771
166	107	14	14	-470002250/110825111817
166	107	15	15	-470002250/110825111817
166	108	5	16	-17017339250/3435578466327
166	108	9	16	-17017339250/3435578466327
166	108	13	14	-4348365500/3435578466327
166	108	13	15	-4348365500/3435578466327
166	108	13	16	-2322495500/3435578466327
166	108	14	14	-746165042750/278281855772487
166	108	15	15	-746165042750/278281855772487
166	109	5	16	-1117499468750/410797025187957
166	109	9	16	-1117499468750/410797025187957
166	109	13	14	337038625000/410797025187957
166	109	13	15	337038625000/410797025187957
166	109	13	16	-360821750000/410797025187957
166	109	14	14	860512008062500/698765739844714857
166	109	15	15	860512008062500/698765739844714857
166	110	4	8	1/3
166	110	4	12	1/3
166	110	6	8	1/3
166	110	6	14	1/3
166	110	7	8	1/3
166	110	7	15	1/3
166	110	10	12	1/3
166	110	10	14	1/3
166	110	11	12	1/3
166	110	11	15	1/3
166	110	13	14	1/3
166	110	13	15	1/3
166	111	4	8	-25/324
166	111	4	12	-25/324
166	111	6	8	-25/324
166	111	6	14	-25/324
166	111	7	8	-25/324
166	111	7	15	-25/324
166	111	10	12	-25/324
166	111	10	14	-25/324
166	111	11	12	-25/324
166	111	11	15	-25/324
166	111	13	14	-25/324
166	111	13	15	-25/324
166	112	4	8	1775/163296
166	112	4	12	1775/163296
166	112	6	8	1775/163296
166	112	6	14	1775/163296
166	112	7	8	1775/163296
166	112	7	15	1775/163296
166	112	10	12	1775/163296
166	112	10	14	1775/163296
166	112	11	12	1775/163296
166	112	11	15	1775/163296
166	112	13	14	1775/163296
166	112	13	15	1775/163296
166	113	4	8	38125/52907904
166	113	4	12	38125/52907904
166	113	6	8	38125/52907904
166	113	6	14	38125/52907904
166	113	7	8	38125/52907904
166	113	7	15	38125/52907904
166	113	10	12	38125/52907904
166	113	10	14	38125/52907904
166	113	11	12	38125/52907904
166	113	11	15	38125/52907904
166	113	13	14	38125/52907904
166	113	13	15	38125/52907904
166	114	4	8	-5028875/5714053632
166	114	4	12	-5028875/5714053632
166	114	6	8	-5028875/5714053632
166	114	6	14	-5028875/5714053632
166	114	7	8	-5028875/5714053632
166	114	7	15	-5028875/5714053632
166	114	10	12	-5028875/5714053632
166	114	10	14	-5028875/5714053632
166	114	11	12	-5028875/5714053632
166	114	11	15	-5028875/5714053632
166	114	13	14	-5028875/5714053632
166	114	13	15	-5028875/5714053632
166	115	4	8	105171875/617117792256
166	115	4	12	105171875/617117792256
166	115	6	8	105171875/617117792256
166	115	6	14	105171875/617117792256
166	115	7	8	105171875/617117792256
166	115	7	15	105171875/617117792256
166	115	10	12	105171875/617117792256
166	115	10	14	105171875/617117792256
166	115	11	12	105171875/617117792256
166	115	11	15	105171875/617117792256
166	115	13	14	105171875/617117792256
166	115	13	15	105171875/617117792256
167	68	8	8	12
167	69	8	8	-20/3
167	70	8	8	100/27
167	71	8	8	-500/243
167	72	8	8	2500/2187
167	73	8	8	-12500/19683
167	98	4	14	18
167	99	4	13	210/19
167	100	4	13	2450/361
167	101	4	13	85750/20577
167	102	4	13	3001250/1172889
167	103	4	13	105043750/66854673
168	68	8	8	2
168	68	8	18	4
168	69	8	8	-10/27
168	69	8	16	-40/27
168	70	8	8	250/5103
168	70	8	16	2600/5103
168	71	8	8	-250/137781
168	71	8	16	-22000/137781
168	72	8	8	-4250/3720087
168	72	8	16	164000/3720087
168	73	8	8	31250/100442349
168	73	8	16	-1000000/100442349
168	92	8	8	6
168	93	8	8	-760/291
168	94	8	8	274250/254043
168	95	8	8	-93157000/221779539
168	96	8	8	29392983500/193613537547
168	97	8	8	-8426286250000/169024618278531
168	98	4	15	3
168	98	4	17	3
168	98	8	14	3
168	98	13	14	3
168	99	4	14	70/57
168	99	4	15	70/57
168	99	8	13	70/57
168	99	12	13	70/57
168	100	4	14	13750/29241
168	100	4	15	13750/29241
168	100	8	13	13750/29241
168	100	12	13	13750/29241
168	101	4	14	276500/1666737
168	101	4	15	276500/1666737
168	101	8	13	276500/1666737
168	101	12	13	276500/1666737
168	102	4	14	134827000/2565108243
168	102	4	15	134827000/2565108243
168	102	8	13	134827000/2565108243
168	102	12	13	134827000/2565108243
168	103	4	14	6235250000/438633509553
168	103	4	15	6235250000/438633509553
168	103	8	13	6235250000/438633509553
168	103	12	13	6235250000/438633509553
168	104	4	13	6
168	105	4	13	280/93
168	106	4	13	12550/8649
168	107	4	13	4837000/7239213
168	108	4	13	589403500/2019740427
168	109	4	13	67387250000/563507579133
169	68	8	18	4
169	68	18	18	2
169	69	16	16	-20/27
169	70	8	16	-100/1701
169	70	16	16	1250/5103
169	71	16	16	-9500/137781
169	72	8	16	1000/413343
169	72	16	16	54500/3720087
169	73	16	16	-125000/100442349
169	98	4	18	3
169	98	14	18	3
169	99	4	16	35/57
169	99	13	16	35/57
169	100	4	16	250/3249
169	100	13	16	250/3249
169	101	4	16	-7000/1666737
169	101	13	16	-7000/1666737
169	102	4	16	-1358875/285012027
169	102	13	16	-1358875/285012027
169	103	4	16	-40578125/48737056617
169	103	13	16	-40578125/48737056617
169	104	8	8	3
169	104	8	13	6
169	104	12	12	3
169	104	12	13	6
169	105	8	8	-205/186
169	105	8	13	70/31
169	105	12	12	-205/186
169	105	12	13	70/31
169	106	8	8	37375/103788
169	106	8	13	6575/8649
169	106	12	12	37375/103788
169	106	12	13	6575/8649
169	107	8	8	-5755375/57913704
169	107	8	13	58625/268119
169	107	12	12	-5755375/57913704
169	107	12	13	58625/268119
169	108	8	8	654146125/32315846832
169	108	8	13	10763375/224415603
169	108	12	12	654146125/32315846832
169	108	12	13	10763375/224415603
169	109	8	8	-23503890625/18032242532256
169	109	8	13	95703125/20870651079
169	109	12	12	-23503890625/18032242532256
169	109	12	13	95703125/20870651079
170	68	18	18	6
170	70	16	16	-200/1701
170	72	16	16	8000/1240029
170	104	13	17	18
170	105	13	16	140/31
170	106	13	16	6700/8649
170	107	13	16	35000/2413071
170	108	13	16	-29666000/673246809
170	109	13	16	-2562700000/187835859711
170	110	8	8	3/2
170	110	12	12	3/2
170	110	14	14	3/2
170	110	15	15	3/2
170	111	8	8	-15/32
170	111	12	12	-15/32
170	111	14	14	-15/32
170	111	15	15	-15/32
170	112	8	8	1625/13824
170	112	12	12	1625/13824
170	112	14	14	1625/13824
170	112	15	15	1625/13824
170	113	8	8	-1375/73728
170	113	12	12	-1375/73728
170	113	14	14	-1375/73728
170	113	15	15	-1375/73728
170	114	8	8	-311375/286654464
170	114	12	12	-311375/286654464
170	114	14	14	-311375/286654464
170	114	15	15	-311375/286654464
170	115	8	8	8796875/4586471424
170	115	12	12	8796875/4586471424
170	115	14	14	8796875/4586471424
170	115	15	15	8796875/4586471424
171	74	16	16	20
171	75	15	15	200/81
171	76	15	15	-10000/45927
171	77	15	15	-580000/3720087
171	78	15	15	-1480000/301327047
171	79	15	15	50000000/3486784401
171	110	1	16	10
171	111	1	16	-25/54
171	112	1	16	-11125/40824
171	113	1	16	175625/4408992
171	114	1	16	9741875/476171136
171	115	1	16	-39015625/7346640384
172	74	2	16	16
172	75	2	15	-160/243
172	76	2	15	-176000/413343
172	77	2	15	5504000/100442349
172	78	2	15	764896000/24407490807
172	79	2	15	-5992000000/847288609443
172	80	7	7	6
172	80	12	12	6
172	81	7	7	55/63
172	81	10	10	55/63
172	82	7	7	-125/3402
172	82	10	10	-125/3402
172	83	7	7	-477125/9001692
172	83	10	10	-477125/9001692
172	84	7	7	-19046375/3402639576
172	84	10	10	-19046375/3402639576
172	85	7	7	5726359375/1286197759728
172	85	10	10	5726359375/1286197759728
172	110	1	1	2
172	111	1	1	25/54
172	112	1	1	1775/40824
172	113	1	1	-85625/4408992
172	114	1	1	-4311625/476171136
172	115	1	1	15625/7346640384
173	74	2	16	2
173	74	2	17	2
173	74	5	16	2
173	74	7	16	2
173	74	11	16	2
173	75	2	15	160/243
173	75	2	16	-190/729
173	75	4	15	-50/243
173	75	6	15	-50/243
173	75	10	15	-50/243
173	76	2	15	69350/413343
173	76	2	16	-55900/3720087
173	76	4	15	-11500/413343
173	76	6	15	-11500/413343
173	76	10	15	-11500/413343
173	77	2	15	2308000/100442349
173	77	2	16	39938000/2711943423
173	77	4	15	1300000/100442349
173	77	6	15	1300000/100442349
173	77	10	15	1300000/100442349
173	78	2	15	-122147500/24407490807
173	78	2	16	-2085516250/1977006755367
173	78	4	15	11543750/24407490807
173	78	6	15	11543750/24407490807
173	78	10	15	11543750/24407490807
173	79	2	15	-3571400000/847288609443
173	79	2	16	-1701194331250/1441237924662543
173	79	4	15	-1032031250/847288609443
173	79	6	15	-1032031250/847288609443
173	79	10	15	-1032031250/847288609443
173	80	7	8	3/2
173	80	7	18	3/2
173	80	12	15	3/2
173	80	12	17	3/2
173	81	7	8	125/504
173	81	7	15	125/504
173	81	10	12	125/504
173	81	10	14	125/504
173	82	7	8	2125/381024
173	82	7	15	2125/381024
173	82	10	12	2125/381024
173	82	10	14	2125/381024
173	83	7	8	-3109375/288054144
173	83	7	15	-3109375/288054144
173	83	10	12	-3109375/288054144
173	83	10	14	-3109375/288054144
173	84	7	8	-511184375/217768932864
173	84	7	15	-511184375/217768932864
173	84	10	12	-511184375/217768932864
173	84	10	14	-511184375/217768932864
173	85	7	8	85783203125/164633313245184
173	85	7	15	85783203125/164633313245184
173	85	10	12	85783203125/164633313245184
173	85	10	14	85783203125/164633313245184
173	86	7	7	3
173	86	11	11	3
173	87	7	7	7/18
173	87	10	10	7/18
173	88	7	7	-197/6804
173	88	10	10	-197/6804
173	89	7	7	-1277/52488
173	89	10	10	-1277/52488
173	90	7	7	-25313/19840464
173	90	10	10	-25313/19840464
173	91	7	7	335407/153055008
173	91	10	10	335407/153055008
173	92	2	16	6
173	93	2	15	-100/873
173	94	2	15	-2584000/16004709
173	95	2	15	391100000/41916332871
173	96	2	15	1332634700000/109778875789149
173	97	2	15	-339688675000000/287510875691781231
173	110	1	2	1/2
173	110	1	3	1/2
173	110	1	5	1/2
173	110	1	9	1/2
173	111	1	2	55/432
173	111	1	3	55/432
173	111	1	5	55/432
173	111	1	9	55/432
173	112	1	2	12175/653184
173	112	1	3	12175/653184
173	112	1	5	12175/653184
173	112	1	9	12175/653184
173	113	1	2	-320375/141087744
173	113	1	3	-320375/141087744
173	113	1	5	-320375/141087744
173	113	1	9	-320375/141087744
173	114	1	2	-66895625/30474952704
173	114	1	3	-66895625/30474952704
173	114	1	5	-66895625/30474952704
173	114	1	9	-66895625/30474952704
173	115	1	2	-362965625/940369969152
173	115	1	3	-362965625/940369969152
173	115	1	5	-362965625/940369969152
173	115	1	9	-362965625/940369969152
174	74	5	16	4/3
174	74	7	16	4/3
174	74	9	16	4/3
174	74	11	16	4/3
174	74	13	16	4/3
174	74	15	16	4/3
174	75	4	15	260/729
174	75	6	15	260/729
174	75	8	15	-160/729
174	75	10	15	260/729
174	75	12	15	-160/729
174	75	14	15	-160/729
174	76	4	15	81400/1240029
174	76	6	15	81400/1240029
174	76	8	15	7900/1240029
174	76	10	15	81400/1240029
174	76	12	15	7900/1240029
174	76	14	15	7900/1240029
174	77	4	15	494000/301327047
174	77	6	15	494000/301327047
174	77	8	15	2636000/301327047
174	77	10	15	494000/301327047
174	77	12	15	2636000/301327047
174	77	14	15	2636000/301327047
174	78	4	15	-299436500/73222472421
174	78	6	15	-299436500/73222472421
174	78	8	15	-146399000/73222472421
174	78	10	15	-299436500/73222472421
174	78	12	15	-146399000/73222472421
174	78	14	15	-146399000/73222472421
174	79	4	15	-3513737500/2541865828329
174	79	6	15	-3513737500/2541865828329
174	79	8	15	-926200000/2541865828329
174	79	10	15	-3513737500/2541865828329
174	79	12	15	-926200000/2541865828329
174	79	14	15	-926200000/2541865828329
174	80	8	8	1/2
174	80	15	15	1/2
174	80	17	17	1/2
174	80	18	18	1/2
174	81	8	8	55/3024
174	81	12	12	55/3024
174	81	14	14	55/3024
174	81	15	15	55/3024
174	82	8	8	-46175/4572288
174	82	12	12	-46175/4572288
174	82	14	14	-46175/4572288
174	82	15	15	-46175/4572288
174	83	8	8	-7951625/6913299456
174	83	12	12	-7951625/6913299456
174	83	14	14	-7951625/6913299456
174	83	15	15	-7951625/6913299456
174	84	8	8	5893962625/10452908777472
174	84	12	12	5893962625/10452908777472
174	84	14	14	5893962625/10452908777472
174	84	15	15	5893962625/10452908777472
174	85	8	8	1782539584375/15804798071537664
174	85	12	12	1782539584375/15804798071537664
174	85	14	14	1782539584375/15804798071537664
174	85	15	15	1782539584375/15804798071537664
174	86	7	17	4
174	86	11	16	4
174	87	7	15	20/27
174	87	10	14	20/27
174	88	7	15	208/5103
174	88	10	14	208/5103
174	89	7	15	-3880/137781
174	89	10	14	-3880/137781
174	90	7	15	-22924/2657205
174	90	10	14	-22924/2657205
174	91	7	15	77660/100442349
174	91	10	14	77660/100442349
174	92	2	17	4
174	92	7	7	2
174	93	2	16	-1360/2619
174	93	7	7	520/2619
174	94	2	16	-1535600/48014127
174	94	7	7	-1439800/48014127
174	95	2	16	3767336000/125748998613
174	95	7	7	-1615172000/125748998613
174	96	2	16	-658382384000/329336627367447
174	96	7	7	234924008000/329336627367447
174	97	2	16	-2123361390400000/862532627075343693
174	97	7	7	1077662528800000/862532627075343693
174	104	2	16	2
174	104	3	14	2
174	105	2	15	40/2511
174	105	3	14	40/2511
174	106	2	15	-2282200/44135847
174	106	3	14	-2282200/44135847
174	107	2	15	-137156000/110825111817
174	107	3	14	-137156000/110825111817
174	108	2	15	1041317288000/278281855772487
174	108	3	14	1041317288000/278281855772487
174	109	2	15	104497597600000/698765739844714857
174	109	3	14	104497597600000/698765739844714857
174	110	1	4	1/3
174	110	1	6	1/3
174	110	1	7	1/3
174	110	1	10	1/3
174	110	1	11	1/3
174	110	1	13	1/3
174	111	1	4	5/54
174	111	1	6	5/54
174	111	1	7	5/54
174	111	1	10	5/54
174	111	1	11	5/54
174	111	1	13	5/54
174	112	1	4	2125/122472
174	112	1	6	2125/122472
174	112	1	7	2125/122472
174	112	1	10	2125/122472
174	112	1	11	2125/122472
174	112	1	13	2125/122472
174	113	1	4	125/734832
174	113	1	6	125/734832
174	113	1	7	125/734832
174	113	1	10	125/734832
174	113	1	11	125/734832
174	113	1	13	125/734832
174	114	1	4	-464875/357128352
174	114	1	6	-464875/357128352
174	114	1	7	-464875/357128352
174	114	1	10	-464875/357128352
174	114	1	11	-464875/357128352
174	114	1	13	-464875/357128352
174	115	1	4	-390625/918330048
174	115	1	6	-390625/918330048
174	115	1	7	-390625/918330048
174	115	1	10	-390625/918330048
174	115	1	11	-390625/918330048
174	115	1	13	-390625/918330048
175	74	9	16	2
175	74	13	16	2
175	74	15	16	2
175	74	16	17	2
175	75	8	15	100/243
175	75	12	15	100/243
175	75	14	15	100/243
175	75	15	16	-110/243
175	76	8	15	17000/413343
175	76	12	15	17000/413343
175	76	14	15	17000/413343
175	76	15	16	24350/413343
175	77	8	15	-950000/100442349
175	77	12	15	-950000/100442349
175	77	14	15	-950000/100442349
175	77	15	16	640750/100442349
175	78	8	15	-117700000/24407490807
175	78	12	15	-117700000/24407490807
175	78	14	15	-117700000/24407490807
175	78	15	16	-133791250/24407490807
175	79	8	15	-275000000/847288609443
175	79	12	15	-275000000/847288609443
175	79	14	15	-275000000/847288609443
175	79	15	16	725931250/847288609443
175	86	16	16	3
175	86	17	17	3
175	87	14	14	2/9
175	87	15	15	2/9
175	88	14	14	-92/1701
175	88	15	15	-92/1701
175	89	14	14	-664/45927
175	89	15	15	-664/45927
175	90	14	14	2992/1240029
175	90	15	15	2992/1240029
175	91	14	14	48224/33480783
175	91	15	15	48224/33480783
175	92	7	16	6
175	93	7	15	1000/873
175	94	7	15	1172000/16004709
175	95	7	15	-1742000000/41916332871
175	96	7	15	-1533083200000/109778875789149
175	97	7	15	237292000000000/287510875691781231
175	104	2	17	3
175	104	3	17	3
175	105	2	16	-100/279
175	105	3	16	-100/279
175	106	2	16	-2000/60543
175	106	3	16	-2000/60543
175	107	2	16	30200000/1368211257
175	107	3	16	30200000/1368211257
175	108	2	16	-589600000/1145192822109
175	108	3	16	-589600000/1145192822109
175	109	2	16	-1905200000000/958526392105233
175	109	3	16	-1905200000000/958526392105233
175	110	1	8	1/2
175	110	1	12	1/2
175	110	1	14	1/2
175	110	1	15	1/2
175	110	2	15	1/2
175	110	3	14	1/2
175	110	5	12	1/2
175	110	8	9	1/2
175	111	1	8	65/432
175	111	1	12	65/432
175	111	1	14	65/432
175	111	1	15	65/432
175	111	2	15	5/288
175	111	3	14	5/288
175	111	5	12	5/288
175	111	8	9	5/288
175	112	1	8	21575/653184
175	112	1	12	21575/653184
175	112	1	14	21575/653184
175	112	1	15	21575/653184
175	112	2	15	-30425/2612736
175	112	3	14	-30425/2612736
175	112	5	12	-30425/2612736
175	112	8	9	-30425/2612736
175	113	1	8	362375/141087744
175	113	1	12	362375/141087744
175	113	1	14	362375/141087744
175	113	1	15	362375/141087744
175	113	2	15	-157375/125411328
175	113	3	14	-157375/125411328
175	113	5	12	-157375/125411328
175	113	8	9	-157375/125411328
175	114	1	8	-52245625/30474952704
175	114	1	12	-52245625/30474952704
175	114	1	14	-52245625/30474952704
175	114	1	15	-52245625/30474952704
175	114	2	15	366754375/487599243264
175	114	3	14	366754375/487599243264
175	114	5	12	366754375/487599243264
175	114	8	9	366754375/487599243264
175	115	1	8	-789709375/940369969152
175	115	1	12	-789709375/940369969152
175	115	1	14	-789709375/940369969152
175	115	1	15	-789709375/940369969152
175	115	2	15	9881771875/70214291030016
175	115	3	14	9881771875/70214291030016
175	115	5	12	9881771875/70214291030016
175	115	8	9	9881771875/70214291030016
176	74	16	17	8
176	75	15	16	280/243
176	76	15	16	-1000/59049
176	77	15	16	-791000/14348907
176	78	15	16	-26551000/3486784401
176	79	15	16	2933875000/847288609443
176	92	16	16	12
176	93	15	15	1160/873
176	94	15	15	-362000/2286387
176	95	15	15	-510052000/5988047553
176	96	15	15	17312392000/15682696541307
176	97	15	15	332950682000000/41072982241683033
176	110	1	16	2
176	110	2	16	2
176	110	3	16	2
176	110	5	16	2
176	110	9	16	2
176	111	1	16	35/54
176	111	2	16	-65/324
176	111	3	16	-65/324
176	111	5	16	-65/324
176	111	9	16	-65/324
176	112	1	16	925/5832
176	112	2	16	-6575/209952
176	112	3	16	-6575/209952
176	112	5	16	-6575/209952
176	112	9	16	-6575/209952
176	113	1	16	11375/629856
176	113	2	16	1831375/136048896
176	113	3	16	1831375/136048896
176	113	5	16	1831375/136048896
176	113	9	16	1831375/136048896
176	114	1	16	-452375/68024448
176	114	2	16	70662625/88159684608
176	114	3	16	70662625/88159684608
176	114	5	16	70662625/88159684608
176	114	9	16	70662625/88159684608
176	115	1	16	-32003125/7346640384
176	115	2	16	-77643190625/57127475625984
176	115	3	16	-77643190625/57127475625984
176	115	5	16	-77643190625/57127475625984
176	115	9	16	-77643190625/57127475625984
177	74	2	2	12
177	75	2	2	520/243
177	76	2	2	41200/1240029
177	77	2	2	-106964000/903981141
177	78	2	2	-17145320000/659002251789
177	79	2	2	3679140400000/480412641554181
177	80	7	12	18
177	81	7	10	-5/7
177	82	7	10	-3775/7938
177	83	7	10	19625/333396
177	84	7	10	39450625/1134213192
177	85	7	10	-1075253125/142910862192
178	74	2	5	8/3
178	74	2	7	8/3
178	74	2	11	8/3
178	75	2	4	1160/2187
178	75	2	6	1160/2187
178	75	2	10	1160/2187
178	76	2	4	432200/11160261
178	76	2	6	432200/11160261
178	76	2	10	432200/11160261
178	77	2	4	-153439000/8135830269
178	77	2	6	-153439000/8135830269
178	77	2	10	-153439000/8135830269
178	78	2	4	-41485993000/5931020266101
178	78	2	6	-41485993000/5931020266101
178	78	2	10	-41485993000/5931020266101
178	79	2	4	1001557775000/4323713773987629
178	79	2	6	1001557775000/4323713773987629
178	79	2	10	1001557775000/4323713773987629
178	80	7	12	2
178	80	7	15	2
178	80	7	17	2
178	80	8	12	2
178	80	12	18	2
178	81	7	10	125/189
178	81	7	12	-85/378
178	81	7	14	-85/378
178	81	8	10	-85/378
178	81	10	15	-85/378
178	82	7	10	12175/71442
178	82	7	12	-6575/285768
178	82	7	14	-6575/285768
178	82	8	10	-6575/285768
178	82	10	15	-6575/285768
178	83	7	10	659375/27005076
178	83	7	12	2904875/216040608
178	83	7	14	2904875/216040608
178	83	8	10	2904875/216040608
178	83	10	15	2904875/216040608
178	84	7	10	-6567125/1458274104
178	84	7	12	-12797375/163326699648
178	84	7	14	-12797375/163326699648
178	84	8	10	-12797375/163326699648
178	84	10	15	-12797375/163326699648
178	85	7	10	-16035859375/3858593279184
178	85	7	12	-146311403125/123474984933888
178	85	7	14	-146311403125/123474984933888
178	85	8	10	-146311403125/123474984933888
178	85	10	15	-146311403125/123474984933888
178	86	7	11	8
178	87	7	10	-4/27
178	88	7	10	-1090/5103
178	89	7	10	1649/137781
178	90	7	10	592883/37200870
178	91	7	10	-603895/401769396
178	92	2	2	4
178	93	2	2	1640/2619
178	94	2	2	-647600/48014127
178	95	2	2	-4656124000/125748998613
178	96	2	2	-1742274824000/329336627367447
178	97	2	2	2511359207600000/862532627075343693
179	74	2	9	4/3
179	74	2	13	4/3
179	74	2	15	4/3
179	74	5	5	2/3
179	74	7	7	2/3
179	74	11	11	2/3
179	75	2	8	640/2187
179	75	2	12	640/2187
179	75	2	14	640/2187
179	75	4	4	95/2187
179	75	6	6	95/2187
179	75	10	10	95/2187
179	76	2	8	373900/11160261
179	76	2	12	373900/11160261
179	76	2	14	373900/11160261
179	76	4	4	-279725/22320522
179	76	6	6	-279725/22320522
179	76	10	10	-279725/22320522
179	77	2	8	-49904000/8135830269
179	77	2	12	-49904000/8135830269
179	77	2	14	-49904000/8135830269
179	77	4	4	-91724875/32543321076
179	77	6	6	-91724875/32543321076
179	77	10	10	-91724875/32543321076
179	78	2	8	-22561319000/5931020266101
179	78	2	12	-22561319000/5931020266101
179	78	2	14	-22561319000/5931020266101
179	78	4	4	29034283375/47448162128808
179	78	6	6	29034283375/47448162128808
179	78	10	10	29034283375/47448162128808
179	79	2	8	-1702738400000/4323713773987629
179	79	2	12	-1702738400000/4323713773987629
179	79	2	14	-1702738400000/4323713773987629
179	79	4	4	19454503690625/69179420383802064
179	79	6	6	19454503690625/69179420383802064
179	79	10	10	19454503690625/69179420383802064
179	80	7	15	1
179	80	7	17	1
179	80	7	19	1
179	80	8	12	1
179	80	12	18	1
179	80	12	19	1
179	81	7	12	65/252
179	81	7	14	65/252
179	81	7	16	-5/27
179	81	8	10	65/252
179	81	10	15	65/252
179	81	10	16	-5/27
179	82	7	12	25325/571536
179	82	7	14	25325/571536
179	82	7	16	575/47628
179	82	8	10	25325/571536
179	82	10	15	25325/571536
179	82	10	16	575/47628
179	83	7	12	-1625/48009024
179	83	7	14	-1625/48009024
179	83	7	16	23125/3857868
179	83	8	10	-1625/48009024
179	83	10	15	-1625/48009024
179	83	10	16	23125/3857868
179	84	7	12	-999992375/326653399296
179	84	7	14	-999992375/326653399296
179	84	7	16	-2936375/1458274104
179	84	8	10	-999992375/326653399296
179	84	10	15	-999992375/326653399296
179	84	10	16	-2936375/1458274104
179	85	7	12	-73138934375/82316656622592
179	85	7	14	-73138934375/82316656622592
179	85	7	16	-3415625/39373400808
179	85	8	10	-73138934375/82316656622592
179	85	10	15	-73138934375/82316656622592
179	85	10	16	-3415625/39373400808
179	86	7	16	4
179	86	11	17	4
179	87	7	14	-4/9
179	87	10	15	-4/9
179	88	7	14	-256/5103
179	88	10	15	-256/5103
179	89	7	14	424/15309
179	89	10	15	424/15309
179	90	7	14	3212/18600435
179	90	10	15	3212/18600435
179	91	7	14	-85580/33480783
179	91	10	15	-85580/33480783
179	92	2	10	4
179	92	7	10	4
179	93	2	10	2320/2619
179	93	7	10	80/2619
179	94	2	10	1497200/16004709
179	94	7	10	-1638800/16004709
179	95	2	10	-3110888000/125748998613
179	95	7	10	-295432000/125748998613
179	96	2	10	-4349124784000/329336627367447
179	96	7	10	2416302416000/329336627367447
179	97	2	10	-104997121600000/123218946725049099
179	97	7	10	34631185600000/123218946725049099
179	104	2	2	1
179	104	3	3	1
179	105	2	2	340/2511
179	105	3	3	340/2511
179	106	2	2	-371900/44135847
179	106	3	3	-371900/44135847
179	107	2	2	-929594000/110825111817
179	107	3	3	-929594000/110825111817
179	108	2	2	-167668556000/278281855772487
179	108	3	3	-167668556000/278281855772487
179	109	2	2	516183355600000/698765739844714857
179	109	3	3	516183355600000/698765739844714857
180	74	2	17	4
180	75	2	16	700/729
180	76	2	16	514600/3720087
180	77	2	16	-4280000/387420489
180	78	2	16	-24988896500/1977006755367
180	79	2	16	-499049562500/205891132094649
180	80	7	19	3
180	80	12	19	3
180	81	7	16	5/9
180	81	10	16	5/9
180	82	7	16	575/15876
180	82	10	16	575/15876
180	83	7	16	-23125/1285956
180	83	10	16	-23125/1285956
180	84	7	16	-2936375/486091368
180	84	10	16	-2936375/486091368
180	85	7	16	3415625/13124466936
180	85	10	16	3415625/13124466936
180	92	10	10	6
180	92	10	16	12
180	93	10	10	200/291
180	93	10	15	-1040/873
180	94	10	10	-1203800/16004709
180	94	10	15	-112400/592767
180	95	10	10	-204380000/4657370319
180	95	10	15	3351400000/41916332871
180	96	10	10	-2989912000/109778875789149
180	96	10	15	557442896000/109778875789149
180	97	10	10	56661292000000/13690994080561011
180	97	10	15	-331964900800000/41072982241683033
180	110	2	2	1/2
180	110	3	3	1/2
180	110	5	5	1/2
180	110	9	9	1/2
180	111	2	2	155/2592
180	111	3	3	155/2592
180	111	5	5	155/2592
180	111	9	9	155/2592
180	112	2	2	-136625/23514624
180	112	3	3	-136625/23514624
180	112	5	5	-136625/23514624
180	112	9	9	-136625/23514624
180	113	2	2	-115664875/30474952704
180	113	3	3	-115664875/30474952704
180	113	5	5	-115664875/30474952704
180	113	9	9	-115664875/30474952704
180	114	2	2	-2735299625/39495538704384
180	114	3	3	-2735299625/39495538704384
180	114	5	5	-2735299625/39495538704384
180	114	9	9	-2735299625/39495538704384
180	115	2	2	18075834078125/51186218160881664
180	115	3	3	18075834078125/51186218160881664
180	115	5	5	18075834078125/51186218160881664
180	115	9	9	18075834078125/51186218160881664
181	74	5	7	4/3
181	74	5	11	4/3
181	74	7	11	4/3
181	75	4	6	730/2187
181	75	4	10	730/2187
181	75	6	10	730/2187
181	76	4	6	88675/1594323
181	76	4	10	88675/1594323
181	76	6	10	88675/1594323
181	77	4	6	-155125/2324522934
181	77	4	10	-155125/2324522934
181	77	6	10	-155125/2324522934
181	78	4	6	-12304974875/3389154437772
181	78	4	10	-12304974875/3389154437772
181	78	6	10	-12304974875/3389154437772
181	79	4	6	-5043205684375/4941387170271576
181	79	4	10	-5043205684375/4941387170271576
181	79	6	10	-5043205684375/4941387170271576
181	80	8	15	1
181	80	8	17	1
181	80	15	18	1
181	80	17	18	1
181	81	8	12	-295/1512
181	81	8	14	-295/1512
181	81	12	15	-295/1512
181	81	14	15	-295/1512
181	82	8	12	40825/2286144
181	82	8	14	40825/2286144
181	82	12	15	40825/2286144
181	82	14	15	40825/2286144
181	83	8	12	15214625/3456649728
181	83	8	14	15214625/3456649728
181	83	12	15	15214625/3456649728
181	83	14	15	15214625/3456649728
181	84	8	12	-10573547375/5226454388736
181	84	8	14	-10573547375/5226454388736
181	84	12	15	-10573547375/5226454388736
181	84	14	15	-10573547375/5226454388736
181	85	8	12	811261615625/7902399035768832
181	85	8	14	811261615625/7902399035768832
181	85	12	15	811261615625/7902399035768832
181	85	14	15	811261615625/7902399035768832
181	86	7	11	4
181	86	7	14	4
181	86	8	11	4
181	87	7	10	38/27
181	87	7	12	-1/3
181	87	8	10	-1/3
181	88	7	10	295/729
181	88	7	12	-61/972
181	88	8	10	-61/972
181	89	7	10	3097/39366
181	89	7	12	79/3888
181	89	8	10	79/3888
181	90	7	10	-2191/10628820
181	90	7	12	40781/18895680
181	90	8	10	40781/18895680
181	91	7	10	-892145/114791256
181	91	7	12	-85385/45349632
181	91	8	10	-85385/45349632
181	92	2	4	4
181	92	2	6	4
181	93	2	4	580/873
181	93	2	6	580/873
181	94	2	4	38900/2286387
181	94	2	6	38900/2286387
181	95	2	4	-6249500/221779539
181	95	2	6	-6249500/221779539
181	96	2	4	-32969715500/5227565513769
181	96	2	6	-32969715500/5227565513769
181	97	2	4	5901533712500/4563664693520337
181	97	2	6	5901533712500/4563664693520337
181	98	6	12	1
181	98	7	11	1
181	99	6	11	-5/1539
181	99	7	10	-5/1539
181	100	6	11	-62675/2368521
181	100	7	10	-62675/2368521
181	101	6	11	940375/3645153819
181	101	7	10	940375/3645153819
181	102	6	11	10998207625/5609891727441
181	102	7	10	10998207625/5609891727441
181	103	6	11	-275111928125/8633623368531699
181	103	7	10	-275111928125/8633623368531699
182	74	5	9	2/3
182	74	5	13	2/3
182	74	7	9	2/3
182	74	7	15	2/3
182	74	11	13	2/3
182	74	11	15	2/3
182	75	4	8	170/2187
182	75	4	12	170/2187
182	75	6	8	170/2187
182	75	6	14	170/2187
182	75	10	12	170/2187
182	75	10	14	170/2187
182	76	4	8	-56800/11160261
182	76	4	12	-56800/11160261
182	76	6	8	-56800/11160261
182	76	6	14	-56800/11160261
182	76	10	12	-56800/11160261
182	76	10	14	-56800/11160261
182	77	4	8	-31679500/8135830269
182	77	4	12	-31679500/8135830269
182	77	6	8	-31679500/8135830269
182	77	6	14	-31679500/8135830269
182	77	10	12	-31679500/8135830269
182	77	10	14	-31679500/8135830269
182	78	4	8	-160954750/847288609443
182	78	4	12	-160954750/847288609443
182	78	6	8	-160954750/847288609443
182	78	6	14	-160954750/847288609443
182	78	10	12	-160954750/847288609443
182	78	10	14	-160954750/847288609443
182	79	4	8	1212705518750/4323713773987629
182	79	4	12	1212705518750/4323713773987629
182	79	6	8	1212705518750/4323713773987629
182	79	6	14	1212705518750/4323713773987629
182	79	10	12	1212705518750/4323713773987629
182	79	10	14	1212705518750/4323713773987629
182	80	8	15	1/2
182	80	8	17	1/2
182	80	15	18	1/2
182	80	17	18	1/2
182	81	8	12	265/3024
182	81	8	14	265/3024
182	81	12	15	265/3024
182	81	14	15	265/3024
182	82	8	12	23425/4572288
182	82	8	14	23425/4572288
182	82	12	15	23425/4572288
182	82	14	15	23425/4572288
182	83	8	12	-2656625/987614208
182	83	8	14	-2656625/987614208
182	83	12	15	-2656625/987614208
182	83	14	15	-2656625/987614208
182	84	8	12	-8654957375/10452908777472
182	84	8	14	-8654957375/10452908777472
182	84	12	15	-8654957375/10452908777472
182	84	14	15	-8654957375/10452908777472
182	85	8	12	103335259375/2257828295933952
182	85	8	14	103335259375/2257828295933952
182	85	12	15	103335259375/2257828295933952
182	85	14	15	103335259375/2257828295933952
182	86	7	16	2
182	86	7	18	2
182	86	11	17	2
182	86	11	18	2
182	86	16	17	2
182	87	7	14	14/27
182	87	7	16	-19/54
182	87	10	15	14/27
182	87	10	16	-19/54
182	87	14	15	-8/27
182	88	7	14	452/5103
182	88	7	16	655/40824
182	88	10	15	452/5103
182	88	10	16	655/40824
182	88	14	15	-10/5103
182	89	7	14	-16/19683
182	89	7	16	58691/4408992
182	89	10	15	-16/19683
182	89	10	16	58691/4408992
182	89	14	15	1912/137781
182	90	7	14	-121154/18600435
182	90	7	16	-8703757/2380855680
182	90	10	15	-121154/18600435
182	90	10	16	-8703757/2380855680
182	90	14	15	-39644/18600435
182	91	7	14	-26290/14348907
182	91	7	16	-22098805/51426482688
182	91	10	15	-26290/14348907
182	91	10	16	-22098805/51426482688
182	91	14	15	-83600/100442349
182	92	2	13	2
182	92	2	15	2
182	92	7	13	2
182	92	7	15	2
182	93	2	12	1210/2619
182	93	2	14	1210/2619
182	93	7	12	-460/2619
182	93	7	14	-460/2619
182	94	2	12	2854550/48014127
182	94	2	14	2854550/48014127
182	94	7	12	-1529200/48014127
182	94	7	14	-1529200/48014127
182	95	2	12	-1019455250/125748998613
182	95	2	14	-1019455250/125748998613
182	95	7	12	1395824000/125748998613
182	95	7	14	1395824000/125748998613
182	96	2	12	-2078782653250/329336627367447
182	96	2	14	-2078782653250/329336627367447
182	96	7	12	349141628000/329336627367447
182	96	7	14	349141628000/329336627367447
182	97	2	12	-774643936756250/862532627075343693
182	97	2	14	-774643936756250/862532627075343693
182	97	7	12	-917802483400000/862532627075343693
182	97	7	14	-917802483400000/862532627075343693
182	104	2	6	1
182	104	2	10	1
182	104	3	7	1
182	104	3	11	1
182	104	6	11	1
182	104	7	10	1
182	105	2	6	490/2511
182	105	2	10	490/2511
182	105	3	7	490/2511
182	105	3	11	490/2511
182	105	6	11	145/5022
182	105	7	10	145/5022
182	106	2	6	592600/44135847
182	106	2	10	592600/44135847
182	106	3	7	592600/44135847
182	106	3	11	592600/44135847
182	106	6	11	-4205225/176543388
182	106	7	10	-4205225/176543388
182	107	2	6	-110852000/15832158831
182	107	2	10	-110852000/15832158831
182	107	3	7	-110852000/15832158831
182	107	3	11	-110852000/15832158831
182	107	6	11	-1871953625/886600894536
182	107	7	10	-1871953625/886600894536
182	108	2	6	-690396146000/278281855772487
182	108	2	10	-690396146000/278281855772487
182	108	3	7	-690396146000/278281855772487
182	108	3	11	-690396146000/278281855772487
182	108	6	11	7031393398375/4452509692359792
182	108	7	10	7031393398375/4452509692359792
182	109	2	6	11125183300000/99823677120673551
182	109	2	10	11125183300000/99823677120673551
182	109	3	7	11125183300000/99823677120673551
182	109	3	11	11125183300000/99823677120673551
182	109	6	11	5361342197284375/22360503675030875424
182	109	7	10	5361342197284375/22360503675030875424
183	74	5	15	4/3
183	74	7	13	4/3
183	74	9	11	4/3
183	75	4	14	-200/2187
183	75	6	12	-200/2187
183	75	8	10	-200/2187
183	76	4	14	-250625/11160261
183	76	6	12	-250625/11160261
183	76	8	10	-250625/11160261
183	77	4	14	44593750/8135830269
183	77	6	12	44593750/8135830269
183	77	8	10	44593750/8135830269
183	78	4	14	1613046875/1694577218886
183	78	6	12	1613046875/1694577218886
183	78	8	10	1613046875/1694577218886
183	79	4	14	-2177978515625/4323713773987629
183	79	6	12	-2177978515625/4323713773987629
183	79	8	10	-2177978515625/4323713773987629
183	80	8	18	1
183	80	15	17	1
183	81	8	15	-25/168
183	81	12	14	-25/168
183	82	8	15	3125/2286144
183	82	12	14	3125/2286144
183	83	8	15	15625/2612736
183	83	12	14	15625/2612736
183	84	8	15	-5547734375/5226454388736
183	84	12	14	-5547734375/5226454388736
183	85	8	15	-36083984375/125434905329664
183	85	12	14	-36083984375/125434905329664
183	86	4	4	2
183	86	4	7	4
183	86	4	11	4
183	86	4	16	4
183	86	4	17	4
183	87	4	4	5/36
183	87	4	7	25/27
183	87	4	10	25/27
183	87	4	14	-10/27
183	87	4	15	-10/27
183	88	4	4	-6025/163296
183	88	4	7	275/2268
183	88	4	10	275/2268
183	88	4	14	-100/1701
183	88	4	15	-100/1701
183	89	4	4	-35375/3919104
183	89	4	7	-33125/2204496
183	89	4	10	-33125/2204496
183	89	4	14	3125/137781
183	89	4	15	3125/137781
183	90	4	4	13198375/7618738176
183	90	4	7	-2946625/238085568
183	90	4	10	-2946625/238085568
183	90	4	14	23375/14880348
183	90	4	15	23375/14880348
183	91	4	4	70553125/78364164096
183	91	4	7	-6859375/3673320192
183	91	4	10	-6859375/3673320192
183	91	4	14	-240625/114791256
183	91	4	15	-240625/114791256
183	92	2	7	4
183	93	2	7	1000/873
183	94	2	7	11142500/48014127
183	95	2	7	160625000/13972110957
183	96	2	7	-4568031875000/329336627367447
183	97	2	7	-1610821093750000/287510875691781231
183	104	2	3	2
183	105	2	3	1300/2511
183	106	2	3	3706250/44135847
183	107	2	3	-462312500/110825111817
183	108	2	3	-2124378437500/278281855772487
183	109	2	3	-1270298046875000/698765739844714857
184	74	5	15	2/3
184	74	7	13	2/3
184	74	9	11	2/3
184	75	4	14	440/2187
184	75	6	12	440/2187
184	75	8	10	440/2187
184	76	4	14	1080475/22320522
184	76	6	12	1080475/22320522
184	76	8	10	1080475/22320522
184	77	4	14	58412750/8135830269
184	77	6	12	58412750/8135830269
184	77	8	10	58412750/8135830269
184	78	4	14	-13282154875/23724081064404
184	78	6	12	-13282154875/23724081064404
184	78	8	10	-13282154875/23724081064404
184	79	4	14	-3260213790625/4323713773987629
184	79	6	12	-3260213790625/4323713773987629
184	79	8	10	-3260213790625/4323713773987629
184	80	8	19	1/2
184	80	15	19	1/2
184	80	17	19	1/2
184	80	18	19	1/2
184	81	8	16	-5/36
184	81	12	16	-5/36
184	81	14	16	-5/36
184	81	15	16	-5/36
184	82	8	16	33925/1143072
184	82	12	16	33925/1143072
184	82	14	16	33925/1143072
184	82	15	16	33925/1143072
184	83	8	16	-22625/6858432
184	83	12	16	-22625/6858432
184	83	14	16	-22625/6858432
184	83	15	16	-22625/6858432
184	84	8	16	-32686375/46664771328
184	84	12	16	-32686375/46664771328
184	84	14	16	-32686375/46664771328
184	84	15	16	-32686375/46664771328
184	85	8	16	390334375/839965883904
184	85	12	16	390334375/839965883904
184	85	14	16	390334375/839965883904
184	85	15	16	390334375/839965883904
184	86	7	14	2
184	86	8	11	2
184	86	8	16	2
184	86	14	17	2
184	87	7	12	31/54
184	87	8	10	31/54
184	87	8	14	-11/27
184	87	12	15	-11/27
184	88	7	12	5099/40824
184	88	8	10	5099/40824
184	88	8	14	220/5103
184	88	12	15	220/5103
184	89	7	12	57133/4408992
184	89	8	10	57133/4408992
184	89	8	14	2057/275562
184	89	12	15	2057/275562
184	90	7	12	-9311237/2380855680
184	90	8	10	-9311237/2380855680
184	90	8	14	-633677/148803480
184	90	12	15	-633677/148803480
184	91	7	12	-120269615/51426482688
184	91	8	10	-120269615/51426482688
184	91	8	14	645535/1607077584
184	91	12	15	645535/1607077584
184	92	2	8	2
184	92	4	4	1
184	92	4	10	2
184	92	6	6	1
184	92	6	10	2
184	92	7	10	2
184	92	8	10	2
184	93	2	8	920/2619
184	93	4	4	95/5238
184	93	4	10	1420/2619
184	93	6	6	95/5238
184	93	6	10	1420/2619
184	93	7	10	220/291
184	93	8	10	-260/2619
184	94	2	8	988450/48014127
184	94	4	4	-3884725/192056508
184	94	4	10	5083450/48014127
184	94	6	6	-3884725/192056508
184	94	6	10	5083450/48014127
184	94	7	10	11747450/48014127
184	94	8	10	-1737350/48014127
184	95	2	8	-1361347000/125748998613
184	95	4	4	-1119149875/1005991988904
184	95	4	10	806240500/125748998613
184	95	6	6	-1119149875/1005991988904
184	95	6	10	806240500/125748998613
184	95	7	10	285983500/4657370319
184	95	8	10	739082500/125748998613
184	96	2	8	-1099987359500/329336627367447
184	96	4	4	6021157133375/5269386037879152
184	96	4	10	-1633478109500/329336627367447
184	96	6	6	6021157133375/5269386037879152
184	96	6	10	-1633478109500/329336627367447
184	96	7	10	2619629490500/329336627367447
184	96	8	10	583135730500/329336627367447
184	97	2	8	159364351550000/862532627075343693
184	97	4	4	2927529594940625/27601044066410998176
184	97	4	10	-253223326475000/123218946725049099
184	97	6	6	2927529594940625/27601044066410998176
184	97	6	10	-253223326475000/123218946725049099
184	97	7	10	-31457818975000/13690994080561011
184	97	8	10	-66242049575000/123218946725049099
184	98	6	13	1/2
184	98	6	17	1/2
184	98	7	13	1/2
184	98	7	15	1/2
184	98	8	11	1/2
184	98	8	12	1/2
184	98	11	17	1/2
184	98	12	15	1/2
184	99	6	12	-65/1539
184	99	6	15	-65/1539
184	99	7	12	-65/1539
184	99	7	14	-65/1539
184	99	8	10	-65/1539
184	99	8	11	-65/1539
184	99	10	15	-65/1539
184	99	11	14	-65/1539
184	100	6	12	-44725/5526549
184	100	6	15	-44725/5526549
184	100	7	12	-44725/5526549
184	100	7	14	-44725/5526549
184	100	8	10	-44725/5526549
184	100	8	11	-44725/5526549
184	100	10	15	-44725/5526549
184	100	11	14	-44725/5526549
184	101	6	12	67707250/25516076733
184	101	6	15	67707250/25516076733
184	101	7	12	67707250/25516076733
184	101	7	14	67707250/25516076733
184	101	8	10	67707250/25516076733
184	101	8	11	67707250/25516076733
184	101	10	15	67707250/25516076733
184	101	11	14	67707250/25516076733
184	102	6	12	11296124500/39269242092087
184	102	6	15	11296124500/39269242092087
184	102	7	12	11296124500/39269242092087
184	102	7	14	11296124500/39269242092087
184	102	8	10	11296124500/39269242092087
184	102	8	11	11296124500/39269242092087
184	102	10	15	11296124500/39269242092087
184	102	11	14	11296124500/39269242092087
184	103	6	12	-15317371225000/60435363579721893
184	103	6	15	-15317371225000/60435363579721893
184	103	7	12	-15317371225000/60435363579721893
184	103	7	14	-15317371225000/60435363579721893
184	103	8	10	-15317371225000/60435363579721893
184	103	8	11	-15317371225000/60435363579721893
184	103	10	15	-15317371225000/60435363579721893
184	103	11	14	-15317371225000/60435363579721893
184	104	2	4	1
184	104	3	4	1
184	105	2	4	110/837
184	105	3	4	110/837
184	106	2	4	-61325/14711949
184	106	3	4	-61325/14711949
184	107	2	4	-25379750/4104633771
184	107	3	4	-25379750/4104633771
184	108	2	4	-2811223250/4417172313849
184	108	3	4	-2811223250/4417172313849
184	109	2	4	10308145787500/25880212586841291
184	109	3	4	10308145787500/25880212586841291
185	74	5	17	4/3
185	74	7	17	4/3
185	74	11	17	4/3
185	75	4	16	-590/2187
185	75	6	16	-590/2187
185	75	10	16	-590/2187
185	76	4	16	303400/11160261
185	76	6	16	303400/11160261
185	76	10	16	303400/11160261
185	77	4	16	45452125/8135830269
185	77	6	16	45452125/8135830269
185	77	10	16	45452125/8135830269
185	78	4	16	-9892517375/3389154437772
185	78	6	16	-9892517375/3389154437772
185	78	10	16	-9892517375/3389154437772
185	79	4	16	7696708746875/34589710191901032
185	79	6	16	7696708746875/34589710191901032
185	79	10	16	7696708746875/34589710191901032
185	80	8	18	1
185	80	15	17	1
185	81	8	15	335/1512
185	81	12	14	335/1512
185	82	8	15	66925/2286144
185	82	12	14	66925/2286144
185	83	8	15	-7931125/3456649728
185	83	12	14	-7931125/3456649728
185	84	8	15	-12162452375/5226454388736
185	84	12	14	-12162452375/5226454388736
185	85	8	15	-3187261815625/7902399035768832
185	85	12	14	-3187261815625/7902399035768832
185	86	7	8	4
185	86	11	14	4
185	87	7	8	5/9
185	87	10	12	5/9
185	88	7	8	-79/6804
185	88	10	12	-79/6804
185	89	7	8	-715/27216
185	89	10	12	-715/27216
185	90	7	8	-432493/132269760
185	90	10	12	-432493/132269760
185	91	7	8	1580035/952342272
185	91	10	12	1580035/952342272
185	92	2	16	4
185	92	4	16	4
185	92	6	16	4
185	93	2	15	3680/2619
185	93	4	15	-260/873
185	93	6	15	-260/873
185	94	2	15	19305100/48014127
185	94	4	15	-1109800/16004709
185	94	6	15	-1109800/16004709
185	95	2	15	9675548000/125748998613
185	95	4	15	9724000/517485591
185	95	6	15	9724000/517485591
185	96	2	15	-325183079000/329336627367447
185	96	4	15	15377504500/5227565513769
185	96	6	15	15377504500/5227565513769
185	97	2	15	-6880313945800000/862532627075343693
185	97	4	15	-57948844037500/31945652854642359
185	97	6	15	-57948844037500/31945652854642359
185	98	6	6	1/2
185	98	7	7	1/2
185	98	11	11	1/2
185	98	12	12	1/2
185	99	6	6	185/3078
185	99	7	7	185/3078
185	99	10	10	185/3078
185	99	11	11	185/3078
185	100	6	6	-190775/33159294
185	100	7	7	-190775/33159294
185	100	10	10	-190775/33159294
185	100	11	11	-190775/33159294
185	101	6	6	-194522875/51032153466
185	101	7	7	-194522875/51032153466
185	101	10	10	-194522875/51032153466
185	101	11	11	-194522875/51032153466
185	102	6	6	-6092469125/78538484184174
185	102	7	7	-6092469125/78538484184174
185	102	10	10	-6092469125/78538484184174
185	102	11	11	-6092469125/78538484184174
185	103	6	6	42793166196875/120870727159443786
185	103	7	7	42793166196875/120870727159443786
185	103	10	10	42793166196875/120870727159443786
185	103	11	11	42793166196875/120870727159443786
185	110	2	3	1/3
185	110	2	5	1/3
185	110	2	9	1/3
185	110	3	5	1/3
185	110	3	9	1/3
185	110	5	9	1/3
185	111	2	3	395/3888
185	111	2	5	395/3888
185	111	2	9	395/3888
185	111	3	5	395/3888
185	111	3	9	395/3888
185	111	5	9	395/3888
185	112	2	3	820375/35271936
185	112	2	5	820375/35271936
185	112	2	9	820375/35271936
185	112	3	5	820375/35271936
185	112	3	9	820375/35271936
185	112	5	9	820375/35271936
185	113	2	3	109326125/45712429056
185	113	2	5	109326125/45712429056
185	113	2	9	109326125/45712429056
185	113	3	5	109326125/45712429056
185	113	3	9	109326125/45712429056
185	113	5	9	109326125/45712429056
185	114	2	3	-54488869625/59243308056576
185	114	2	5	-54488869625/59243308056576
185	114	2	9	-54488869625/59243308056576
185	114	3	5	-54488869625/59243308056576
185	114	3	9	-54488869625/59243308056576
185	114	5	9	-54488869625/59243308056576
185	115	2	3	-41837951921875/76779327241322496
185	115	2	5	-41837951921875/76779327241322496
185	115	2	9	-41837951921875/76779327241322496
185	115	3	5	-41837951921875/76779327241322496
185	115	3	9	-41837951921875/76779327241322496
185	115	5	9	-41837951921875/76779327241322496
186	74	5	17	2/3
186	74	7	17	2/3
186	74	11	17	2/3
186	75	4	16	245/2187
186	75	6	16	245/2187
186	75	10	16	245/2187
186	76	4	16	53825/11160261
186	76	6	16	53825/11160261
186	76	10	16	53825/11160261
186	77	4	16	-4527250/1162261467
186	77	6	16	-4527250/1162261467
186	77	10	16	-4527250/1162261467
186	78	4	16	-48266124125/47448162128808
186	78	6	16	-48266124125/47448162128808
186	78	10	16	-48266124125/47448162128808
186	79	4	16	1154006853125/9882774340543152
186	79	6	16	1154006853125/9882774340543152
186	79	10	16	1154006853125/9882774340543152
186	80	8	19	1/2
186	80	15	19	1/2
186	80	17	19	1/2
186	80	18	19	1/2
186	81	8	16	5/108
186	81	12	16	5/108
186	81	14	16	5/108
186	81	15	16	5/108
186	82	8	16	-2225/381024
186	82	12	16	-2225/381024
186	82	14	16	-2225/381024
186	82	15	16	-2225/381024
186	83	8	16	-149125/61725888
186	83	12	16	-149125/61725888
186	83	14	16	-149125/61725888
186	83	15	16	-149125/61725888
186	84	8	16	4203625/46664771328
186	84	12	16	4203625/46664771328
186	84	14	16	4203625/46664771328
186	84	15	16	4203625/46664771328
186	85	8	16	475915625/2519897651712
186	85	12	16	475915625/2519897651712
186	85	14	16	475915625/2519897651712
186	85	15	16	475915625/2519897651712
186	86	7	18	2
186	86	11	18	2
186	87	7	16	7/18
186	87	10	16	7/18
186	88	7	16	1235/40824
186	88	10	16	1235/40824
186	89	7	16	-823/69984
186	89	10	16	-823/69984
186	90	7	16	-10835317/2380855680
186	90	10	16	-10835317/2380855680
186	91	7	16	53855/2448880128
186	91	10	16	53855/2448880128
186	92	2	17	2
186	92	10	13	2
186	92	10	15	2
186	92	10	16	2
186	92	10	17	2
186	92	13	16	2
186	92	15	16	2
186	93	2	16	140/291
186	93	10	12	860/2619
186	93	10	14	860/2619
186	93	10	15	1420/2619
186	93	10	16	-820/2619
186	93	12	15	-30/97
186	93	14	15	-30/97
186	94	2	16	3311050/48014127
186	94	10	12	114350/16004709
186	94	10	14	114350/16004709
186	94	10	15	534650/5334903
186	94	10	16	35950/16004709
186	94	12	15	50800/48014127
186	94	14	15	50800/48014127
186	95	2	16	-3933500/665338617
186	95	10	12	-1783661500/125748998613
186	95	10	14	-1783661500/125748998613
186	95	10	15	227732500/125748998613
186	95	10	16	1797132500/125748998613
186	95	12	15	7400500/517485591
186	95	14	15	7400500/517485591
186	96	2	16	-2133639269500/329336627367447
186	96	10	12	-1004082069500/329336627367447
186	96	10	14	-1004082069500/329336627367447
186	96	10	15	-2225756229500/329336627367447
186	96	10	16	-860756229500/329336627367447
186	96	12	15	-824800263250/329336627367447
186	96	14	15	-824800263250/329336627367447
186	97	2	16	-16646786075000/13690994080561011
186	97	10	12	84102163825000/123218946725049099
186	97	10	14	84102163825000/123218946725049099
186	97	10	15	-275854008475000/123218946725049099
186	97	10	16	-97423719275000/123218946725049099
186	97	12	15	-8679451118750/10648550951547453
186	97	14	15	-8679451118750/10648550951547453
186	104	6	6	1/2
186	104	6	16	1
186	104	7	7	1/2
186	104	7	14	1
186	104	10	10	1/2
186	104	10	16	1
186	104	11	11	1/2
186	104	11	14	1
186	105	6	6	455/10044
186	105	6	15	-190/2511
186	105	7	7	455/10044
186	105	7	14	-190/2511
186	105	10	10	455/10044
186	105	10	15	-190/2511
186	105	11	11	455/10044
186	105	11	14	-190/2511
186	106	6	6	-2856725/353086776
186	106	6	15	-823775/44135847
186	106	7	7	-2856725/353086776
186	106	7	14	-823775/44135847
186	106	10	10	-2856725/353086776
186	106	10	15	-823775/44135847
186	106	11	11	-2856725/353086776
186	106	11	14	-823775/44135847
186	107	6	6	-745454125/253314541296
186	107	6	15	565577750/110825111817
186	107	7	7	-745454125/253314541296
186	107	7	14	565577750/110825111817
186	107	10	10	-745454125/253314541296
186	107	10	15	565577750/110825111817
186	107	11	11	-745454125/253314541296
186	107	11	14	565577750/110825111817
186	108	6	6	2367751693375/8905019384719584
186	108	6	15	34211050750/39754550824641
186	108	7	7	2367751693375/8905019384719584
186	108	7	14	34211050750/39754550824641
186	108	10	10	2367751693375/8905019384719584
186	108	10	15	34211050750/39754550824641
186	108	11	11	2367751693375/8905019384719584
186	108	11	14	34211050750/39754550824641
186	109	6	6	1850372913959375/6388715335723107264
186	109	6	15	-368241250787500/698765739844714857
186	109	7	7	1850372913959375/6388715335723107264
186	109	7	14	-368241250787500/698765739844714857
186	109	10	10	1850372913959375/6388715335723107264
186	109	10	15	-368241250787500/698765739844714857
186	109	11	11	1850372913959375/6388715335723107264
186	109	11	14	-368241250787500/698765739844714857
186	110	2	4	1/6
186	110	2	6	1/6
186	110	2	10	1/6
186	110	3	4	1/6
186	110	3	7	1/6
186	110	3	11	1/6
186	110	5	6	1/6
186	110	5	7	1/6
186	110	5	13	1/6
186	110	9	10	1/6
186	110	9	11	1/6
186	110	9	13	1/6
186	111	2	4	55/1944
186	111	2	6	55/1944
186	111	2	10	55/1944
186	111	3	4	55/1944
186	111	3	7	55/1944
186	111	3	11	55/1944
186	111	5	6	55/1944
186	111	5	7	55/1944
186	111	5	13	55/1944
186	111	9	10	55/1944
186	111	9	11	55/1944
186	111	9	13	55/1944
186	112	2	4	7625/8817984
186	112	2	6	7625/8817984
186	112	2	10	7625/8817984
186	112	3	4	7625/8817984
186	112	3	7	7625/8817984
186	112	3	11	7625/8817984
186	112	5	6	7625/8817984
186	112	5	7	7625/8817984
186	112	5	13	7625/8817984
186	112	9	10	7625/8817984
186	112	9	11	7625/8817984
186	112	9	13	7625/8817984
186	113	2	4	-3400375/2857026816
186	113	2	6	-3400375/2857026816
186	113	2	10	-3400375/2857026816
186	113	3	4	-3400375/2857026816
186	113	3	7	-3400375/2857026816
186	113	3	11	-3400375/2857026816
186	113	5	6	-3400375/2857026816
186	113	5	7	-3400375/2857026816
186	113	5	13	-3400375/2857026816
186	113	9	10	-3400375/2857026816
186	113	9	11	-3400375/2857026816
186	113	9	13	-3400375/2857026816
186	114	2	4	-260984875/925676688384
186	114	2	6	-260984875/925676688384
186	114	2	10	-260984875/925676688384
186	114	3	4	-260984875/925676688384
186	114	3	7	-260984875/925676688384
186	114	3	11	-260984875/925676688384
186	114	5	6	-260984875/925676688384
186	114	5	7	-260984875/925676688384
186	114	5	13	-260984875/925676688384
186	114	9	10	-260984875/925676688384
186	114	9	11	-260984875/925676688384
186	114	9	13	-260984875/925676688384
186	115	2	4	15592671875/299919247036416
186	115	2	6	15592671875/299919247036416
186	115	2	10	15592671875/299919247036416
186	115	3	4	15592671875/299919247036416
186	115	3	7	15592671875/299919247036416
186	115	3	11	15592671875/299919247036416
186	115	5	6	15592671875/299919247036416
186	115	5	7	15592671875/299919247036416
186	115	5	13	15592671875/299919247036416
186	115	9	10	15592671875/299919247036416
186	115	9	11	15592671875/299919247036416
186	115	9	13	15592671875/299919247036416
187	74	9	9	4/3
187	74	13	13	4/3
187	74	15	15	4/3
187	75	8	8	40/2187
187	75	12	12	40/2187
187	75	14	14	40/2187
187	76	8	8	-42800/1594323
187	76	12	12	-42800/1594323
187	76	14	14	-42800/1594323
187	77	8	8	-1292000/1162261467
187	77	12	12	-1292000/1162261467
187	77	14	14	-1292000/1162261467
187	78	8	8	1280488000/847288609443
187	78	12	12	1280488000/847288609443
187	78	14	14	1280488000/847288609443
187	79	8	8	64886800000/617673396283947
187	79	12	12	64886800000/617673396283947
187	79	14	14	64886800000/617673396283947
187	86	16	17	8
187	87	14	15	16/9
187	88	14	15	160/729
187	89	14	15	-64/2187
187	90	14	15	-57728/2657205
187	91	14	15	-14080/4782969
187	92	7	17	8
187	93	7	16	-1280/873
187	94	7	16	601600/6859161
187	95	7	16	100352000/1996015851
187	96	7	16	-752164864000/47048089623921
187	97	7	16	-41884057600000/41072982241683033
187	104	2	14	4
187	104	3	16	4
187	105	2	14	2560/2511
187	105	3	15	2560/2511
187	106	2	14	1043200/6305121
187	106	3	15	1043200/6305121
187	107	2	14	-94208000/15832158831
187	107	3	15	-94208000/15832158831
187	108	2	14	-543690752000/39754550824641
187	108	3	15	-543690752000/39754550824641
187	109	2	14	-337235148800000/99823677120673551
187	109	3	15	-337235148800000/99823677120673551
187	110	4	13	2/3
187	110	6	11	2/3
187	110	7	10	2/3
187	111	4	13	10/243
187	111	6	11	10/243
187	111	7	10	10/243
187	112	4	13	-250/19683
187	112	6	11	-250/19683
187	112	7	10	-250/19683
187	113	4	13	-4250/1594323
187	113	6	11	-4250/1594323
187	113	7	10	-4250/1594323
187	114	4	13	82250/129140163
187	114	6	11	82250/129140163
187	114	7	10	82250/129140163
187	115	4	13	2781250/10460353203
187	115	6	11	2781250/10460353203
187	115	7	10	2781250/10460353203
188	74	9	13	2/3
188	74	9	15	2/3
188	74	13	15	2/3
188	75	8	12	-250/2187
188	75	8	14	-250/2187
188	75	12	14	-250/2187
188	76	8	12	150625/22320522
188	76	8	14	150625/22320522
188	76	12	14	150625/22320522
188	77	8	12	52890625/16271660538
188	77	8	14	52890625/16271660538
188	77	12	14	52890625/16271660538
188	78	8	12	-23657734375/23724081064404
188	78	8	14	-23657734375/23724081064404
188	78	12	14	-23657734375/23724081064404
188	79	8	12	-790087890625/17294855095950516
188	79	8	14	-790087890625/17294855095950516
188	79	12	14	-790087890625/17294855095950516
188	86	4	8	2
188	86	4	14	2
188	86	4	16	2
188	86	4	17	2
188	86	4	18	2
188	86	8	17	2
188	86	14	16	2
188	87	4	8	25/108
188	87	4	12	25/108
188	87	4	14	5/9
188	87	4	15	5/9
188	87	4	16	-5/12
188	87	8	15	-7/27
188	87	12	14	-7/27
188	88	4	8	-2425/163296
188	88	4	12	-2425/163296
188	88	4	14	575/5103
188	88	4	15	575/5103
188	88	4	16	7375/163296
188	88	8	15	-41/5103
188	88	12	14	-41/5103
188	89	4	8	-400625/35271936
188	89	4	12	-400625/35271936
188	89	4	14	125/15309
188	89	4	15	125/15309
188	89	4	16	10375/1306368
188	89	8	15	233/19683
188	89	12	14	233/19683
188	90	4	8	-4269625/7618738176
188	90	4	12	-4269625/7618738176
188	90	4	14	-147125/29760696
188	90	4	15	-147125/29760696
188	90	4	16	-35419625/7618738176
188	90	8	15	-35893/29760696
188	90	12	14	-35893/29760696
188	91	4	8	188265625/235092492288
188	91	4	12	188265625/235092492288
188	91	4	14	-171875/76527504
188	91	4	15	-171875/76527504
188	91	4	16	11796875/26121388032
188	91	8	15	-169807/229582512
188	91	12	14	-169807/229582512
188	92	4	7	2
188	92	4	15	2
188	92	6	7	2
188	92	6	13	2
188	93	4	7	1000/2619
188	93	4	14	-325/2619
188	93	6	7	1000/2619
188	93	6	12	-325/2619
188	94	4	7	1438750/48014127
188	94	4	14	-3383125/96028254
188	94	6	7	1438750/48014127
188	94	6	12	-3383125/96028254
188	95	4	7	-1341875000/125748998613
188	95	4	14	3779140625/502995994452
188	95	6	7	-1341875000/125748998613
188	95	6	12	3779140625/502995994452
188	96	4	7	-1367124687500/329336627367447
188	96	4	14	4263464609375/2634693018939576
188	96	6	7	-1367124687500/329336627367447
188	96	6	12	4263464609375/2634693018939576
188	97	4	7	-14686718750000/862532627075343693
188	97	4	14	-9656958466796875/13800522033205499088
188	97	6	7	-14686718750000/862532627075343693
188	97	6	12	-9656958466796875/13800522033205499088
188	98	6	7	1/2
188	98	6	11	1/2
188	98	7	12	1/2
188	98	11	12	1/2
188	99	6	7	125/1026
188	99	6	10	125/1026
188	99	7	11	125/1026
188	99	10	11	125/1026
188	100	6	7	580625/33159294
188	100	6	10	580625/33159294
188	100	7	11	580625/33159294
188	100	10	11	580625/33159294
188	101	6	7	-9453125/5670239274
188	101	6	10	-9453125/5670239274
188	101	7	11	-9453125/5670239274
188	101	10	11	-9453125/5670239274
188	102	6	7	-137030703125/78538484184174
188	102	6	10	-137030703125/78538484184174
188	102	7	11	-137030703125/78538484184174
188	102	10	11	-137030703125/78538484184174
188	103	6	7	-12914697265625/40290242386481262
188	103	6	10	-12914697265625/40290242386481262
188	103	7	11	-12914697265625/40290242386481262
188	103	10	11	-12914697265625/40290242386481262
188	104	2	7	1
188	104	2	11	1
188	104	3	6	1
188	104	3	10	1
188	105	2	7	800/2511
188	105	2	11	800/2511
188	105	3	6	800/2511
188	105	3	10	800/2511
188	106	2	7	3491875/44135847
188	106	2	11	3491875/44135847
188	106	3	6	3491875/44135847
188	106	3	10	3491875/44135847
188	107	2	7	1212500000/110825111817
188	107	2	11	1212500000/110825111817
188	107	3	6	1212500000/110825111817
188	107	3	10	1212500000/110825111817
188	108	2	7	-536643593750/278281855772487
188	108	2	11	-536643593750/278281855772487
188	108	3	6	-536643593750/278281855772487
188	108	3	10	-536643593750/278281855772487
188	109	2	7	-1203214375000000/698765739844714857
188	109	2	11	-1203214375000000/698765739844714857
188	109	3	6	-1203214375000000/698765739844714857
188	109	3	10	-1203214375000000/698765739844714857
189	74	9	13	2/3
189	74	9	15	2/3
189	74	13	15	2/3
189	75	8	12	290/2187
189	75	8	14	290/2187
189	75	12	14	290/2187
189	76	8	12	307225/22320522
189	76	8	14	307225/22320522
189	76	12	14	307225/22320522
189	77	8	12	-37080125/16271660538
189	77	8	14	-37080125/16271660538
189	77	12	14	-37080125/16271660538
189	78	8	12	-30415672375/23724081064404
189	78	8	14	-30415672375/23724081064404
189	78	12	14	-30415672375/23724081064404
189	79	8	12	-2084697896875/17294855095950516
189	79	8	14	-2084697896875/17294855095950516
189	79	12	14	-2084697896875/17294855095950516
189	86	8	16	2
189	86	14	17	2
189	86	16	18	2
189	86	17	18	2
189	87	8	14	1/3
189	87	12	15	1/3
189	87	14	16	-13/27
189	87	15	16	-13/27
189	88	8	14	25/1701
189	88	12	15	25/1701
189	88	14	16	383/5103
189	88	15	16	383/5103
189	89	8	14	-19/1701
189	89	12	15	-19/1701
189	89	14	16	221/137781
189	89	15	16	221/137781
189	90	8	14	-6919/2361960
189	90	12	15	-6919/2361960
189	90	14	16	-766777/148803480
189	90	15	16	-766777/148803480
189	91	8	14	6215/19840464
189	91	12	15	6215/19840464
189	91	14	16	2041325/1607077584
189	91	15	16	2041325/1607077584
189	92	4	13	2
189	92	6	15	2
189	92	7	13	2
189	92	7	15	2
189	93	4	12	215/873
189	93	6	14	215/873
189	93	7	12	1480/2619
189	93	7	14	1480/2619
189	94	4	12	-377575/32009418
189	94	6	14	-377575/32009418
189	94	7	12	5643950/48014127
189	94	7	14	5643950/48014127
189	95	4	12	-73438625/6209827092
189	95	6	14	-73438625/6209827092
189	95	7	12	1183297000/125748998613
189	95	7	14	1183297000/125748998613
189	96	4	12	-260072569625/292743668771064
189	96	6	14	-260072569625/292743668771064
189	96	7	12	-1628780279500/329336627367447
189	96	7	14	-1628780279500/329336627367447
189	97	4	12	408647499540625/511130445674277744
189	97	6	14	408647499540625/511130445674277744
189	97	7	12	-2062018552550000/862532627075343693
189	97	7	14	-2062018552550000/862532627075343693
189	98	6	18	1/2
189	98	7	18	1/2
189	98	11	18	1/2
189	98	12	18	1/2
189	99	6	16	-85/1026
189	99	7	16	-85/1026
189	99	10	16	-85/1026
189	99	11	16	-85/1026
189	100	6	16	19675/11053098
189	100	7	16	19675/11053098
189	100	10	16	19675/11053098
189	100	11	16	19675/11053098
189	101	6	16	6925375/1890079758
189	101	7	16	6925375/1890079758
189	101	10	16	6925375/1890079758
189	101	11	16	6925375/1890079758
189	102	6	16	-6909582125/8726498242686
189	102	7	16	-6909582125/8726498242686
189	102	10	16	-6909582125/8726498242686
189	102	11	16	-6909582125/8726498242686
189	103	6	16	-811002584375/4476693598497918
189	103	7	16	-811002584375/4476693598497918
189	103	10	16	-811002584375/4476693598497918
189	103	11	16	-811002584375/4476693598497918
189	104	2	8	1
189	104	2	12	1
189	104	3	8	1
189	104	3	12	1
189	104	6	10	1
189	104	6	12	1
189	104	7	11	1
189	104	7	12	1
189	104	8	10	1
189	104	8	11	1
189	105	2	8	160/837
189	105	2	12	160/837
189	105	3	8	160/837
189	105	3	12	160/837
189	105	6	10	1385/5022
189	105	6	12	-95/1674
189	105	7	11	1385/5022
189	105	7	12	-95/1674
189	105	8	10	-95/1674
189	105	8	11	-95/1674
189	106	2	8	23825/1634661
189	106	2	12	23825/1634661
189	106	3	8	23825/1634661
189	106	3	12	23825/1634661
189	106	6	10	9549475/176543388
189	106	6	12	-122575/6538644
189	106	7	11	9549475/176543388
189	106	7	12	-122575/6538644
189	106	8	10	-122575/6538644
189	106	8	11	-122575/6538644
189	107	2	8	-23036000/4104633771
189	107	2	12	-23036000/4104633771
189	107	3	8	-23036000/4104633771
189	107	3	12	-23036000/4104633771
189	107	6	10	2483685875/886600894536
189	107	6	12	116804875/32837070168
189	107	7	11	2483685875/886600894536
189	107	7	12	116804875/32837070168
189	107	8	10	116804875/32837070168
189	107	8	11	116804875/32837070168
189	108	2	8	-7317169750/3435578466327
189	108	2	12	-7317169750/3435578466327
189	108	3	8	-7317169750/3435578466327
189	108	3	12	-7317169750/3435578466327
189	108	6	10	-12861436336625/4452509692359792
189	108	6	12	51506843375/54969255461232
189	108	7	11	-12861436336625/4452509692359792
189	108	7	12	51506843375/54969255461232
189	108	8	10	51506843375/54969255461232
189	108	8	11	51506843375/54969255461232
189	109	2	8	35083400000/2875579176315699
189	109	2	12	35083400000/2875579176315699
189	109	3	8	35083400000/2875579176315699
189	109	3	12	35083400000/2875579176315699
189	109	6	10	-25697642414115625/22360503675030875424
189	109	6	12	-31637949690625/92018533642102368
189	109	7	11	-25697642414115625/22360503675030875424
189	109	7	12	-31637949690625/92018533642102368
189	109	8	10	-31637949690625/92018533642102368
189	109	8	11	-31637949690625/92018533642102368
190	74	9	17	2/3
190	74	13	17	2/3
190	74	15	17	2/3
190	75	8	16	-400/2187
190	75	12	16	-400/2187
190	75	14	16	-400/2187
190	76	8	16	853375/22320522
190	76	12	16	853375/22320522
190	76	14	16	853375/22320522
190	77	8	16	-32012500/8135830269
190	77	12	16	-32012500/8135830269
190	77	14	16	-32012500/8135830269
190	78	8	16	-24162221875/23724081064404
190	78	12	16	-24162221875/23724081064404
190	78	14	16	-24162221875/23724081064404
190	79	8	16	2630555468750/4323713773987629
190	79	12	16	2630555468750/4323713773987629
190	79	14	16	2630555468750/4323713773987629
190	86	8	8	1
190	86	8	17	2
190	86	14	14	1
190	86	14	16	2
190	87	8	8	-1/216
190	87	8	15	13/27
190	87	12	12	-1/216
190	87	12	14	13/27
190	88	8	8	-6313/326592
190	88	8	15	394/5103
190	88	12	12	-6313/326592
190	88	12	14	394/5103
190	89	8	8	18953/70543872
190	89	8	15	-13/275562
190	89	12	12	18953/70543872
190	89	12	14	-13/275562
190	90	8	8	15939047/15237476352
190	90	8	15	-138193/29760696
190	90	12	12	15939047/15237476352
190	90	12	14	-138193/29760696
190	91	8	8	-79821607/3291294892032
190	91	8	15	-2022449/1607077584
190	91	12	12	-79821607/3291294892032
190	91	12	14	-2022449/1607077584
190	92	4	16	2
190	92	4	17	2
190	92	6	16	2
190	92	6	17	2
190	92	7	8	2
190	92	8	16	2
190	93	4	15	1550/2619
190	93	4	16	-1100/2619
190	93	6	15	1550/2619
190	93	6	16	-1100/2619
190	93	7	8	500/2619
190	93	8	15	-680/2619
190	94	4	15	6493000/48014127
190	94	4	16	2319250/48014127
190	94	6	15	6493000/48014127
190	94	6	16	2319250/48014127
190	94	7	8	-1040750/48014127
190	94	8	15	-297350/48014127
190	95	4	15	2062662500/125748998613
190	95	4	16	831737500/125748998613
190	95	6	15	2062662500/125748998613
190	95	6	16	831737500/125748998613
190	95	7	8	-1218062500/125748998613
190	95	8	15	1403809000/125748998613
190	96	4	15	-1119358981250/329336627367447
190	96	4	16	-208854162500/47048089623921
190	96	6	15	-1119358981250/329336627367447
190	96	6	16	-208854162500/47048089623921
190	96	7	8	70300862500/329336627367447
190	96	8	15	-58236792500/47048089623921
190	97	4	15	-2159049177343750/862532627075343693
190	97	4	16	464177003125000/862532627075343693
190	97	6	15	-2159049177343750/862532627075343693
190	97	6	16	464177003125000/862532627075343693
190	97	7	8	631860453125000/862532627075343693
190	97	8	15	-558476554850000/862532627075343693
190	98	6	8	1/2
190	98	6	15	1/2
190	98	7	8	1/2
190	98	7	17	1/2
190	98	11	13	1/2
190	98	11	15	1/2
190	98	12	13	1/2
190	98	12	17	1/2
190	99	6	8	125/1539
190	99	6	14	125/1539
190	99	7	8	125/1539
190	99	7	15	125/1539
190	99	10	12	125/1539
190	99	10	14	125/1539
190	99	11	12	125/1539
190	99	11	15	125/1539
190	100	6	8	10375/5526549
190	100	6	14	10375/5526549
190	100	7	8	10375/5526549
190	100	7	15	10375/5526549
190	100	10	12	10375/5526549
190	100	10	14	10375/5526549
190	100	11	12	10375/5526549
190	100	11	15	10375/5526549
190	101	6	8	-86031250/25516076733
190	101	6	14	-86031250/25516076733
190	101	7	8	-86031250/25516076733
190	101	7	15	-86031250/25516076733
190	101	10	12	-86031250/25516076733
190	101	10	14	-86031250/25516076733
190	101	11	12	-86031250/25516076733
190	101	11	15	-86031250/25516076733
190	102	6	8	-28524987500/39269242092087
190	102	6	14	-28524987500/39269242092087
190	102	7	8	-28524987500/39269242092087
190	102	7	15	-28524987500/39269242092087
190	102	10	12	-28524987500/39269242092087
190	102	10	14	-28524987500/39269242092087
190	102	11	12	-28524987500/39269242092087
190	102	11	15	-28524987500/39269242092087
190	103	6	8	9304703125000/60435363579721893
190	103	6	14	9304703125000/60435363579721893
190	103	7	8	9304703125000/60435363579721893
190	103	7	15	9304703125000/60435363579721893
190	103	10	12	9304703125000/60435363579721893
190	103	10	14	9304703125000/60435363579721893
190	103	11	12	9304703125000/60435363579721893
190	103	11	15	9304703125000/60435363579721893
190	104	2	16	1
190	104	3	14	1
190	104	4	14	1
190	104	4	16	1
190	105	2	15	950/2511
190	105	3	14	950/2511
190	105	4	14	-10/279
190	105	4	15	-10/279
190	106	2	15	5399125/44135847
190	106	3	14	5399125/44135847
190	106	4	14	-287225/14711949
190	106	4	15	-287225/14711949
190	107	2	15	3384256250/110825111817
190	107	3	14	3384256250/110825111817
190	107	4	14	2998250/1368211257
190	107	4	15	2998250/1368211257
190	108	2	15	1065908181250/278281855772487
190	108	3	14	1065908181250/278281855772487
190	108	4	14	32576811250/30920206196943
190	108	4	15	32576811250/30920206196943
190	109	2	15	-854967076562500/698765739844714857
190	109	3	14	-854967076562500/698765739844714857
190	109	4	14	-1792106862500/8626737528947097
190	109	4	15	-1792106862500/8626737528947097
190	110	2	7	1/6
190	110	2	11	1/6
190	110	2	13	1/6
190	110	3	6	1/6
190	110	3	10	1/6
190	110	3	13	1/6
190	110	4	5	1/6
190	110	4	9	1/6
190	110	5	10	1/6
190	110	5	11	1/6
190	110	6	9	1/6
190	110	7	9	1/6
190	111	2	7	115/1944
190	111	2	11	115/1944
190	111	2	13	115/1944
190	111	3	6	115/1944
190	111	3	10	115/1944
190	111	3	13	115/1944
190	111	4	5	115/1944
190	111	4	9	115/1944
190	111	5	10	115/1944
190	111	5	11	115/1944
190	111	6	9	115/1944
190	111	7	9	115/1944
190	112	2	7	155525/8817984
190	112	2	11	155525/8817984
190	112	2	13	155525/8817984
190	112	3	6	155525/8817984
190	112	3	10	155525/8817984
190	112	3	13	155525/8817984
190	112	4	5	155525/8817984
190	112	4	9	155525/8817984
190	112	5	10	155525/8817984
190	112	5	11	155525/8817984
190	112	6	9	155525/8817984
190	112	7	9	155525/8817984
190	113	2	7	11071625/2857026816
190	113	2	11	11071625/2857026816
190	113	2	13	11071625/2857026816
190	113	3	6	11071625/2857026816
190	113	3	10	11071625/2857026816
190	113	3	13	11071625/2857026816
190	113	4	5	11071625/2857026816
190	113	4	9	11071625/2857026816
190	113	5	10	11071625/2857026816
190	113	5	11	11071625/2857026816
190	113	6	9	11071625/2857026816
190	113	7	9	11071625/2857026816
190	114	2	7	273393125/925676688384
190	114	2	11	273393125/925676688384
190	114	2	13	273393125/925676688384
190	114	3	6	273393125/925676688384
190	114	3	10	273393125/925676688384
190	114	3	13	273393125/925676688384
190	114	4	5	273393125/925676688384
190	114	4	9	273393125/925676688384
190	114	5	10	273393125/925676688384
190	114	5	11	273393125/925676688384
190	114	6	9	273393125/925676688384
190	114	7	9	273393125/925676688384
190	115	2	7	-68040540625/299919247036416
190	115	2	11	-68040540625/299919247036416
190	115	2	13	-68040540625/299919247036416
190	115	3	6	-68040540625/299919247036416
190	115	3	10	-68040540625/299919247036416
190	115	3	13	-68040540625/299919247036416
190	115	4	5	-68040540625/299919247036416
190	115	4	9	-68040540625/299919247036416
190	115	5	10	-68040540625/299919247036416
190	115	5	11	-68040540625/299919247036416
190	115	6	9	-68040540625/299919247036416
190	115	7	9	-68040540625/299919247036416
191	74	9	17	2/3
191	74	13	17	2/3
191	74	15	17	2/3
191	75	8	16	140/2187
191	75	12	16	140/2187
191	75	14	16	140/2187
191	76	8	16	-164525/22320522
191	76	12	16	-164525/22320522
191	76	14	16	-164525/22320522
191	77	8	16	-3839875/1162261467
191	77	12	16	-3839875/1162261467
191	77	14	16	-3839875/1162261467
191	78	8	16	1810725125/23724081064404
191	78	12	16	1810725125/23724081064404
191	78	14	16	1810725125/23724081064404
191	79	8	16	314067428125/1235346792567894
191	79	12	16	314067428125/1235346792567894
191	79	14	16	314067428125/1235346792567894
191	86	16	18	2
191	86	17	18	2
191	87	14	16	7/27
191	87	15	16	7/27
191	88	14	16	-52/5103
191	88	15	16	-52/5103
191	89	14	16	-499/39366
191	89	15	16	-499/39366
191	90	14	16	-173437/148803480
191	90	15	16	-173437/148803480
191	91	14	16	197395/229582512
191	91	15	16	197395/229582512
191	92	7	17	2
191	92	13	13	1
191	92	13	16	2
191	92	15	15	1
191	92	15	16	2
191	92	16	17	2
191	93	7	16	980/2619
191	93	12	12	295/5238
191	93	12	15	1130/2619
191	93	14	14	295/5238
191	93	14	15	1130/2619
191	93	15	16	-1100/2619
191	94	7	16	1193450/48014127
191	94	12	12	-3726725/192056508
191	94	12	15	2301200/48014127
191	94	14	14	-3726725/192056508
191	94	14	15	2301200/48014127
191	94	15	16	2067050/48014127
191	95	7	16	-219971500/17964142659
191	95	12	12	-3657564875/1005991988904
191	95	12	15	-1149605500/125748998613
191	95	14	14	-3657564875/1005991988904
191	95	14	15	-1149605500/125748998613
191	95	15	16	1247867500/125748998613
191	96	7	16	-1376075189500/329336627367447
191	96	12	12	5309034793375/5269386037879152
191	96	12	15	-255102454750/47048089623921
191	96	14	14	5309034793375/5269386037879152
191	96	14	15	-255102454750/47048089623921
191	96	15	16	-1713740309500/329336627367447
191	97	7	16	21128197475000/123218946725049099
191	97	12	12	9994527459315625/27601044066410998176
191	97	12	15	-448591228581250/862532627075343693
191	97	14	14	9994527459315625/27601044066410998176
191	97	14	15	-448591228581250/862532627075343693
191	97	15	16	317324726125000/862532627075343693
191	104	2	17	1
191	104	3	17	1
191	104	6	14	1
191	104	6	17	1
191	104	7	16	1
191	104	7	17	1
191	104	10	14	1
191	104	10	17	1
191	104	11	16	1
191	104	11	17	1
191	105	2	16	70/279
191	105	3	16	70/279
191	105	6	14	430/2511
191	105	6	16	-5/31
191	105	7	15	430/2511
191	105	7	16	-5/31
191	105	10	14	430/2511
191	105	10	16	-5/31
191	105	11	15	430/2511
191	105	11	16	-5/31
191	106	2	16	193225/4903983
191	106	3	16	193225/4903983
191	106	6	14	255025/44135847
191	106	6	16	12100/4903983
191	106	7	15	255025/44135847
191	106	7	16	12100/4903983
191	106	10	14	255025/44135847
191	106	10	16	12100/4903983
191	106	11	15	255025/44135847
191	106	11	16	12100/4903983
191	107	2	16	-125750/65152917
191	107	3	16	-125750/65152917
191	107	6	14	-784115750/110825111817
191	107	6	16	364750/50674491
191	107	7	15	-784115750/110825111817
191	107	7	16	364750/50674491
191	107	10	14	-784115750/110825111817
191	107	10	16	364750/50674491
191	107	11	15	-784115750/110825111817
191	107	11	16	364750/50674491
191	108	2	16	-11607224750/3435578466327
191	108	3	16	-11607224750/3435578466327
191	108	6	14	-481618604750/278281855772487
191	108	6	16	-4968346625/3435578466327
191	108	7	15	-481618604750/278281855772487
191	108	7	16	-4968346625/3435578466327
191	108	10	14	-481618604750/278281855772487
191	108	10	16	-4968346625/3435578466327
191	108	11	15	-481618604750/278281855772487
191	108	11	16	-4968346625/3435578466327
191	109	2	16	-106418537500/136932341729319
191	109	3	16	-106418537500/136932341729319
191	109	6	14	205489107887500/698765739844714857
191	109	6	16	-39743434375/106502932456137
191	109	7	15	205489107887500/698765739844714857
191	109	7	16	-39743434375/106502932456137
191	109	10	14	205489107887500/698765739844714857
191	109	10	16	-39743434375/106502932456137
191	109	11	15	205489107887500/698765739844714857
191	109	11	16	-39743434375/106502932456137
191	110	2	8	1/6
191	110	2	12	1/6
191	110	2	14	1/6
191	110	3	8	1/6
191	110	3	12	1/6
191	110	3	15	1/6
191	110	4	14	1/6
191	110	4	15	1/6
191	110	5	8	1/6
191	110	5	14	1/6
191	110	5	15	1/6
191	110	6	12	1/6
191	110	6	15	1/6
191	110	7	12	1/6
191	110	7	14	1/6
191	110	8	10	1/6
191	110	8	11	1/6
191	110	8	13	1/6
191	110	9	12	1/6
191	110	9	14	1/6
191	110	9	15	1/6
191	110	10	15	1/6
191	110	11	14	1/6
191	110	12	13	1/6
191	111	2	8	95/2592
191	111	2	12	95/2592
191	111	2	14	95/2592
191	111	3	8	95/2592
191	111	3	12	95/2592
191	111	3	15	95/2592
191	111	4	14	-5/648
191	111	4	15	-5/648
191	111	5	8	95/2592
191	111	5	14	95/2592
191	111	5	15	95/2592
191	111	6	12	-5/648
191	111	6	15	-5/648
191	111	7	12	-5/648
191	111	7	14	-5/648
191	111	8	10	-5/648
191	111	8	11	-5/648
191	111	8	13	-5/648
191	111	9	12	95/2592
191	111	9	14	95/2592
191	111	9	15	95/2592
191	111	10	15	-5/648
191	111	11	14	-5/648
191	111	12	13	-5/648
191	112	2	8	11125/2612736
191	112	2	12	11125/2612736
191	112	2	14	11125/2612736
191	112	3	8	11125/2612736
191	112	3	12	11125/2612736
191	112	3	15	11125/2612736
191	112	4	14	-125/36288
191	112	4	15	-125/36288
191	112	5	8	11125/2612736
191	112	5	14	11125/2612736
191	112	5	15	11125/2612736
191	112	6	12	-125/36288
191	112	6	15	-125/36288
191	112	7	12	-125/36288
191	112	7	14	-125/36288
191	112	8	10	-125/36288
191	112	8	11	-125/36288
191	112	8	13	-125/36288
191	112	9	12	11125/2612736
191	112	9	14	11125/2612736
191	112	9	15	11125/2612736
191	112	10	15	-125/36288
191	112	11	14	-125/36288
191	112	12	13	-125/36288
191	113	2	8	-2491375/3386105856
191	113	2	12	-2491375/3386105856
191	113	2	14	-2491375/3386105856
191	113	3	8	-2491375/3386105856
191	113	3	12	-2491375/3386105856
191	113	3	15	-2491375/3386105856
191	113	4	14	54125/105815808
191	113	4	15	54125/105815808
191	113	5	8	-2491375/3386105856
191	113	5	14	-2491375/3386105856
191	113	5	15	-2491375/3386105856
191	113	6	12	54125/105815808
191	113	6	15	54125/105815808
191	113	7	12	54125/105815808
191	113	7	14	54125/105815808
191	113	8	10	54125/105815808
191	113	8	11	54125/105815808
191	113	8	13	54125/105815808
191	113	9	12	-2491375/3386105856
191	113	9	14	-2491375/3386105856
191	113	9	15	-2491375/3386105856
191	113	10	15	54125/105815808
191	113	11	14	54125/105815808
191	113	12	13	54125/105815808
191	114	2	8	-688299625/1462797729792
191	114	2	12	-688299625/1462797729792
191	114	2	14	-688299625/1462797729792
191	114	3	8	-688299625/1462797729792
191	114	3	12	-688299625/1462797729792
191	114	3	15	-688299625/1462797729792
191	114	4	14	317875/1632586752
191	114	4	15	317875/1632586752
191	114	5	8	-688299625/1462797729792
191	114	5	14	-688299625/1462797729792
191	114	5	15	-688299625/1462797729792
191	114	6	12	317875/1632586752
191	114	6	15	317875/1632586752
191	114	7	12	317875/1632586752
191	114	7	14	317875/1632586752
191	114	8	10	317875/1632586752
191	114	8	11	317875/1632586752
191	114	8	13	317875/1632586752
191	114	9	12	-688299625/1462797729792
191	114	9	14	-688299625/1462797729792
191	114	9	15	-688299625/1462797729792
191	114	10	15	317875/1632586752
191	114	11	14	317875/1632586752
191	114	12	13	317875/1632586752
191	115	2	8	-32605484375/631928619270144
191	115	2	12	-32605484375/631928619270144
191	115	2	14	-32605484375/631928619270144
191	115	3	8	-32605484375/631928619270144
191	115	3	12	-32605484375/631928619270144
191	115	3	15	-32605484375/631928619270144
191	115	4	14	-64765625/1234235584512
191	115	4	15	-64765625/1234235584512
191	115	5	8	-32605484375/631928619270144
191	115	5	14	-32605484375/631928619270144
191	115	5	15	-32605484375/631928619270144
191	115	6	12	-64765625/1234235584512
191	115	6	15	-64765625/1234235584512
191	115	7	12	-64765625/1234235584512
191	115	7	14	-64765625/1234235584512
191	115	8	10	-64765625/1234235584512
191	115	8	11	-64765625/1234235584512
191	115	8	13	-64765625/1234235584512
191	115	9	12	-32605484375/631928619270144
191	115	9	14	-32605484375/631928619270144
191	115	9	15	-32605484375/631928619270144
191	115	10	15	-64765625/1234235584512
191	115	11	14	-64765625/1234235584512
191	115	12	13	-64765625/1234235584512
192	74	17	17	2
192	75	16	16	-505/729
192	76	16	16	1538125/7440174
192	77	16	16	-527232625/10847773692
192	78	16	16	101654177875/15816054042936
192	79	16	16	26617339578125/23059806794600688
192	92	8	16	12
192	93	8	15	280/97
192	94	8	15	2521000/5334903
192	95	8	15	514000/73926513
192	96	8	15	-309247244000/12197652865461
192	97	8	15	-3753283000000/507073854835593
192	98	8	8	3/2
192	98	13	13	3/2
192	98	15	15	3/2
192	98	17	17	3/2
192	99	8	8	20/513
192	99	12	12	20/513
192	99	14	14	20/513
192	99	15	15	20/513
192	100	8	8	-168250/5526549
192	100	12	12	-168250/5526549
192	100	14	14	-168250/5526549
192	100	15	15	-168250/5526549
192	101	8	8	-20638000/8505358911
192	101	12	12	-20638000/8505358911
192	101	14	14	-20638000/8505358911
192	101	15	15	-20638000/8505358911
192	102	8	8	22519058000/13089747364029
192	102	12	12	22519058000/13089747364029
192	102	14	14	22519058000/13089747364029
192	102	15	15	22519058000/13089747364029
192	103	8	8	4724906000000/20145121193240631
192	103	12	12	4724906000000/20145121193240631
192	103	14	14	4724906000000/20145121193240631
192	103	15	15	4724906000000/20145121193240631
192	104	4	17	6
192	105	4	16	-340/279
192	106	4	16	215500/1634661
192	107	4	16	27659000/1368211257
192	108	4	16	-13945238000/1145192822109
192	109	4	16	1223685500000/958526392105233
192	110	2	15	1
192	110	3	14	1
192	110	5	12	1
192	110	8	9	1
192	111	2	15	175/432
192	111	3	14	175/432
192	111	5	12	175/432
192	111	8	9	175/432
192	112	2	15	63325/435456
192	112	3	14	63325/435456
192	112	5	12	63325/435456
192	112	8	9	63325/435456
192	113	2	15	3529375/80621568
192	113	3	14	3529375/80621568
192	113	5	12	3529375/80621568
192	113	8	9	3529375/80621568
192	114	2	15	2319878375/243799621632
192	114	3	14	2319878375/243799621632
192	114	5	12	2319878375/243799621632
192	114	8	9	2319878375/243799621632
192	115	2	15	7086359375/15045919506432
192	115	3	14	7086359375/15045919506432
192	115	5	12	7086359375/15045919506432
192	115	8	9	7086359375/15045919506432
193	74	17	17	2
193	75	16	16	35/729
193	76	16	16	-301925/7440174
193	77	16	16	-4614625/1549681956
193	78	16	16	36292429375/15816054042936
193	79	16	16	945136896875/3294258113514384
193	92	16	17	12
193	93	15	16	560/291
193	94	15	16	477200/16004709
193	95	15	16	-56312000/665338617
193	96	15	16	-1860361520000/109778875789149
193	97	15	16	59100577600000/13690994080561011
193	104	14	14	3
193	104	16	16	3
193	105	14	14	220/837
193	105	15	15	220/837
193	106	14	14	-730700/14711949
193	106	15	15	-730700/14711949
193	107	14	14	-631334000/36941703939
193	107	15	15	-631334000/36941703939
193	108	14	14	163347220000/92760618590829
193	108	15	15	163347220000/92760618590829
193	109	14	14	393012492400000/232921913281571619
193	109	15	15	393012492400000/232921913281571619
193	110	2	16	1
193	110	3	16	1
193	110	4	16	1
193	110	5	16	1
193	110	6	16	1
193	110	7	16	1
193	110	9	16	1
193	110	10	16	1
193	110	11	16	1
193	110	13	16	1
193	111	2	16	175/648
193	111	3	16	175/648
193	111	4	16	-25/162
193	111	5	16	175/648
193	111	6	16	-25/162
193	111	7	16	-25/162
193	111	9	16	175/648
193	111	10	16	-25/162
193	111	11	16	-25/162
193	111	13	16	-25/162
193	112	2	16	145375/2939328
193	112	3	16	145375/2939328
193	112	4	16	125/367416
193	112	5	16	145375/2939328
193	112	6	16	125/367416
193	112	7	16	125/367416
193	112	9	16	145375/2939328
193	112	10	16	125/367416
193	112	11	16	125/367416
193	112	13	16	125/367416
193	113	2	16	184375/272097792
193	113	3	16	184375/272097792
193	113	4	16	428125/59521392
193	113	5	16	184375/272097792
193	113	6	16	428125/59521392
193	113	7	16	428125/59521392
193	113	9	16	184375/272097792
193	113	10	16	428125/59521392
193	113	11	16	428125/59521392
193	113	13	16	428125/59521392
193	114	2	16	-4209115625/1234235584512
193	114	3	16	-4209115625/1234235584512
193	114	4	16	-11996875/9642465504
193	114	5	16	-4209115625/1234235584512
193	114	6	16	-11996875/9642465504
193	114	7	16	-11996875/9642465504
193	114	9	16	-4209115625/1234235584512
193	114	10	16	-11996875/9642465504
193	114	11	16	-11996875/9642465504
193	114	13	16	-11996875/9642465504
193	115	2	16	-126100390625/114254951251968
193	115	3	16	-126100390625/114254951251968
193	115	4	16	-648828125/1562079411648
193	115	5	16	-126100390625/114254951251968
193	115	6	16	-648828125/1562079411648
193	115	7	16	-648828125/1562079411648
193	115	9	16	-126100390625/114254951251968
193	115	10	16	-648828125/1562079411648
193	115	11	16	-648828125/1562079411648
193	115	13	16	-648828125/1562079411648
194	80	19	19	2
194	81	16	16	-20/27
194	82	16	16	1250/5103
194	83	16	16	-9500/137781
194	84	16	16	54500/3720087
194	85	16	16	-125000/100442349
194	92	8	10	16
194	93	8	10	4480/873
194	94	8	10	3142400/2286387
194	95	8	10	19712000/73926513
194	96	8	10	76475392000/5227565513769
194	97	8	10	-66583552000000/4563664693520337
194	98	8	13	4
194	98	15	17	4
194	99	8	12	-1360/1539
194	99	14	15	-1360/1539
194	100	8	12	280000/2368521
194	100	14	15	280000/2368521
194	101	8	12	28832000/3645153819
194	101	14	15	28832000/3645153819
194	102	8	12	-49770368000/5609891727441
194	102	14	15	-49770368000/5609891727441
194	103	8	12	13925312000000/8633623368531699
194	103	14	15	13925312000000/8633623368531699
194	104	4	4	4
194	105	4	4	-40/279
194	106	4	4	-46000/700569
194	107	4	4	484000/65152917
194	108	4	4	1457512000/490796923761
194	109	4	4	-81674000000/136932341729319
195	80	19	19	2
195	82	16	16	-200/5103
195	84	16	16	8000/3720087
195	92	10	17	16
195	93	10	16	8960/2619
195	94	10	16	281600/762129
195	95	10	16	-1361920000/17964142659
195	96	10	16	-2019770368000/47048089623921
195	97	10	16	-458247372800000/123218946725049099
195	104	14	16	8
195	105	14	15	-3200/2511
195	106	14	15	89600/6305121
195	107	14	15	916480000/15832158831
195	108	14	15	-442015744000/39754550824641
195	109	14	15	-312000512000000/99823677120673551
195	110	4	4	2/3
195	110	6	6	2/3
195	110	7	7	2/3
195	110	10	10	2/3
195	110	11	11	2/3
195	110	13	13	2/3
195	111	4	4	10/243
195	111	6	6	10/243
195	111	7	7	10/243
195	111	10	10	10/243
195	111	11	11	10/243
195	111	13	13	10/243
195	112	4	4	-250/19683
195	112	6	6	-250/19683
195	112	7	7	-250/19683
195	112	10	10	-250/19683
195	112	11	11	-250/19683
195	112	13	13	-250/19683
195	113	4	4	-4250/1594323
195	113	6	6	-4250/1594323
195	113	7	7	-4250/1594323
195	113	10	10	-4250/1594323
195	113	11	11	-4250/1594323
195	113	13	13	-4250/1594323
195	114	4	4	82250/129140163
195	114	6	6	82250/129140163
195	114	7	7	82250/129140163
195	114	10	10	82250/129140163
195	114	11	11	82250/129140163
195	114	13	13	82250/129140163
195	115	4	4	2781250/10460353203
195	115	6	6	2781250/10460353203
195	115	7	7	2781250/10460353203
195	115	10	10	2781250/10460353203
195	115	11	11	2781250/10460353203
195	115	13	13	2781250/10460353203
196	86	4	18	10
196	87	4	16	175/108
196	88	4	16	125/2592
196	89	4	16	-310625/5038848
196	90	4	16	-15246875/1088391168
196	91	4	16	568859375/235092492288
196	92	13	15	10
196	93	12	14	-125/97
196	94	12	14	-753125/13718322
196	95	12	14	56796875/887118156
196	96	12	14	-2103162109375/376384716991368
196	97	12	14	-323864306640625/73018635096325392
196	104	6	7	5
196	104	10	11	5
196	105	6	7	5375/5022
196	105	10	11	5375/5022
196	106	6	7	2871875/25220484
196	106	10	11	2871875/25220484
196	107	6	7	-3161171875/126657270648
196	107	10	11	-3161171875/126657270648
196	108	6	7	-8743943359375/636072813194256
196	108	10	11	-8743943359375/636072813194256
196	109	6	7	-3502776220703125/3194357667861553632
196	109	10	11	-3502776220703125/3194357667861553632
197	86	8	14	12
197	87	8	12	-11/6
197	88	8	12	25/432
197	89	8	12	1837/31104
197	90	8	12	-146251/11197440
197	91	8	12	-302555/161243136
197	92	4	6	12
197	93	4	6	710/291
197	94	4	6	67825/254043
197	95	4	6	-17244125/443559078
197	96	4	6	-18641357375/774454150188
197	97	4	6	-3565225728125/1352196946228248
197	98	6	12	3
197	98	7	11	3
197	99	6	11	565/513
197	99	7	10	565/513
197	100	6	11	267925/789507
197	100	7	10	267925/789507
197	101	6	11	93408625/1215051273
197	101	7	10	93408625/1215051273
197	102	6	11	11015877625/1869963909147
197	102	7	10	11015877625/1869963909147
197	103	6	11	-14133002871875/2877874456177233
197	103	7	10	-14133002871875/2877874456177233
198	86	8	14	2
198	86	8	18	2
198	86	14	18	2
198	87	8	12	47/108
198	87	8	16	-59/108
198	87	12	16	-59/108
198	88	8	12	1385/23328
198	88	8	16	2657/23328
198	88	12	16	2657/23328
198	89	8	12	-12361/5038848
198	89	8	16	-59531/5038848
198	89	12	16	-59531/5038848
198	90	8	12	-20702411/5441955840
198	90	8	16	-15957851/5441955840
198	90	12	16	-15957851/5441955840
198	91	8	12	-179390305/235092492288
198	91	8	16	416564485/235092492288
198	91	12	16	416564485/235092492288
198	92	4	8	2
198	92	4	15	2
198	92	6	8	2
198	92	6	13	2
198	92	8	13	2
198	92	8	15	2
198	93	4	8	290/2619
198	93	4	14	1615/2619
198	93	6	8	290/2619
198	93	6	12	1615/2619
198	93	8	12	-890/2619
198	93	8	14	-890/2619
198	94	4	8	-207725/6859161
198	94	4	14	2108675/13718322
198	94	6	8	-207725/6859161
198	94	6	12	2108675/13718322
198	94	8	12	146275/6859161
198	94	8	14	146275/6859161
198	95	4	8	-102554875/17964142659
198	95	4	14	1791963625/71856570636
198	95	6	8	-102554875/17964142659
198	95	6	12	1791963625/71856570636
198	95	8	12	157207375/17964142659
198	95	8	14	157207375/17964142659
198	96	4	8	56717555875/47048089623921
198	96	4	14	-316054574875/376384716991368
198	96	6	8	56717555875/47048089623921
198	96	6	12	-316054574875/376384716991368
198	96	8	12	-130999794125/47048089623921
198	96	8	14	-130999794125/47048089623921
198	97	4	8	55836855471875/123218946725049099
198	97	4	14	-4413548715528125/1971503147600785584
198	97	6	8	55836855471875/123218946725049099
198	97	6	12	-4413548715528125/1971503147600785584
198	97	8	12	-9133051784375/123218946725049099
198	97	8	14	-9133051784375/123218946725049099
198	98	6	13	1/2
198	98	6	17	1/2
198	98	7	13	1/2
198	98	7	15	1/2
198	98	8	11	1/2
198	98	8	12	1/2
198	98	8	15	1/2
198	98	8	17	1/2
198	98	11	17	1/2
198	98	12	15	1/2
198	98	13	15	1/2
198	98	13	17	1/2
198	99	6	12	220/1539
198	99	6	15	220/1539
198	99	7	12	220/1539
198	99	7	14	220/1539
198	99	8	10	220/1539
198	99	8	11	220/1539
198	99	8	14	-25/513
198	99	8	15	-25/513
198	99	10	15	220/1539
198	99	11	14	220/1539
198	99	12	14	-25/513
198	99	12	15	-25/513
198	100	6	12	16075/526338
198	100	6	15	16075/526338
198	100	7	12	16075/526338
198	100	7	14	16075/526338
198	100	8	10	16075/526338
198	100	8	11	16075/526338
198	100	8	14	-26425/4737042
198	100	8	15	-26425/4737042
198	100	10	15	16075/526338
198	100	11	14	16075/526338
198	100	12	14	-26425/4737042
198	100	12	15	-26425/4737042
198	101	6	12	10301500/3645153819
198	101	6	15	10301500/3645153819
198	101	7	12	10301500/3645153819
198	101	7	14	10301500/3645153819
198	101	8	10	10301500/3645153819
198	101	8	11	10301500/3645153819
198	101	8	14	1035625/405017091
198	101	8	15	1035625/405017091
198	101	10	15	10301500/3645153819
198	101	11	14	10301500/3645153819
198	101	12	14	1035625/405017091
198	101	12	15	1035625/405017091
198	102	6	12	-6324042125/5609891727441
198	102	6	15	-6324042125/5609891727441
198	102	7	12	-6324042125/5609891727441
198	102	7	14	-6324042125/5609891727441
198	102	8	10	-6324042125/5609891727441
198	102	8	11	-6324042125/5609891727441
198	102	8	14	301805375/5609891727441
198	102	8	15	301805375/5609891727441
198	102	10	15	-6324042125/5609891727441
198	102	11	14	-6324042125/5609891727441
198	102	12	14	301805375/5609891727441
198	102	12	15	301805375/5609891727441
198	103	6	12	-5219865475000/8633623368531699
198	103	6	15	-5219865475000/8633623368531699
198	103	7	12	-5219865475000/8633623368531699
198	103	7	14	-5219865475000/8633623368531699
198	103	8	10	-5219865475000/8633623368531699
198	103	8	11	-5219865475000/8633623368531699
198	103	8	14	-575232593750/2877874456177233
198	103	8	15	-575232593750/2877874456177233
198	103	10	15	-5219865475000/8633623368531699
198	103	11	14	-5219865475000/8633623368531699
198	103	12	14	-575232593750/2877874456177233
198	103	12	15	-575232593750/2877874456177233
198	104	4	6	1
198	104	4	7	1
198	104	4	10	1
198	104	4	11	1
198	104	6	11	1
198	104	7	10	1
198	105	4	6	65/279
198	105	4	7	65/279
198	105	4	10	65/279
198	105	4	11	65/279
198	105	6	11	2005/5022
198	105	7	10	2005/5022
198	106	4	6	148325/4203414
198	106	4	7	148325/4203414
198	106	4	10	148325/4203414
198	106	4	11	148325/4203414
198	106	6	11	3541075/25220484
198	106	7	10	3541075/25220484
198	107	4	6	-245375/390917502
198	107	4	7	-245375/390917502
198	107	4	10	-245375/390917502
198	107	4	11	-245375/390917502
198	107	6	11	5179265875/126657270648
198	107	7	10	5179265875/126657270648
198	108	4	6	-19689167125/8834344627698
198	108	4	7	-19689167125/8834344627698
198	108	4	10	-19689167125/8834344627698
198	108	4	11	-19689167125/8834344627698
198	108	6	11	5250555845125/636072813194256
198	108	7	10	5250555845125/636072813194256
198	109	4	6	-1327946303125/2464782151127742
198	109	4	7	-1327946303125/2464782151127742
198	109	4	10	-1327946303125/2464782151127742
198	109	4	11	-1327946303125/2464782151127742
198	109	6	11	236980369740625/3194357667861553632
198	109	7	10	236980369740625/3194357667861553632
199	86	8	18	2
199	86	14	18	2
199	87	8	16	7/36
199	87	12	16	7/36
199	88	8	16	-1147/54432
199	88	12	16	-1147/54432
199	89	8	16	-611/62208
199	89	12	16	-611/62208
199	90	8	16	630107/4232632320
199	90	12	16	630107/4232632320
199	91	8	16	6422495/8707129344
199	91	12	16	6422495/8707129344
199	92	4	17	2
199	92	6	17	2
199	92	13	15	2
199	92	13	17	2
199	92	15	17	2
199	93	4	16	280/873
199	93	6	16	280/873
199	93	12	14	1265/2619
199	93	12	16	-1240/2619
199	93	14	16	-1240/2619
199	94	4	16	163600/16004709
199	94	6	16	163600/16004709
199	94	12	14	7243975/96028254
199	94	12	16	3402800/48014127
199	94	14	16	3402800/48014127
199	95	4	16	-856000/73926513
199	95	6	16	-856000/73926513
199	95	12	14	-849099625/502995994452
199	95	12	16	343976000/125748998613
199	95	14	16	343976000/125748998613
199	96	4	16	-97288288000/36592958596383
199	96	6	16	-97288288000/36592958596383
199	96	12	14	-13808223301625/2634693018939576
199	96	12	16	-1712087392000/329336627367447
199	96	14	16	-1712087392000/329336627367447
199	97	4	16	1912630400000/4563664693520337
199	97	6	16	1912630400000/4563664693520337
199	97	12	14	-17811539937915625/13800522033205499088
199	97	12	16	1005745846400000/862532627075343693
199	97	14	16	1005745846400000/862532627075343693
199	98	6	18	1/2
199	98	7	18	1/2
199	98	11	18	1/2
199	98	12	18	1/2
199	99	6	16	35/342
199	99	7	16	35/342
199	99	10	16	35/342
199	99	11	16	35/342
199	100	6	16	102325/11053098
199	100	7	16	102325/11053098
199	100	10	16	102325/11053098
199	100	11	16	102325/11053098
199	101	6	16	-260125/90003798
199	101	7	16	-260125/90003798
199	101	10	16	-260125/90003798
199	101	11	16	-260125/90003798
199	102	6	16	-11304994625/8726498242686
199	102	7	16	-11304994625/8726498242686
199	102	10	16	-11304994625/8726498242686
199	102	11	16	-11304994625/8726498242686
199	103	6	16	-8449653125/213175885642758
199	103	7	16	-8449653125/213175885642758
199	103	10	16	-8449653125/213175885642758
199	103	11	16	-8449653125/213175885642758
199	104	6	8	1
199	104	6	16	1
199	104	7	8	1
199	104	7	14	1
199	104	8	14	1
199	104	8	16	1
199	104	10	12	1
199	104	10	16	1
199	104	11	12	1
199	104	11	14	1
199	104	12	14	1
199	104	12	16	1
199	105	6	8	215/1674
199	105	6	15	740/2511
199	105	7	8	215/1674
199	105	7	14	740/2511
199	105	8	14	-100/837
199	105	8	15	-100/837
199	105	10	12	215/1674
199	105	10	15	740/2511
199	105	11	12	215/1674
199	105	11	14	740/2511
199	105	12	14	-100/837
199	105	12	15	-100/837
199	106	6	8	-32675/6538644
199	106	6	15	2884600/44135847
199	106	7	8	-32675/6538644
199	106	7	14	2884600/44135847
199	106	8	14	-11800/1634661
199	106	8	15	-11800/1634661
199	106	10	12	-32675/6538644
199	106	10	15	2884600/44135847
199	106	11	12	-32675/6538644
199	106	11	14	2884600/44135847
199	106	12	14	-11800/1634661
199	106	12	15	-11800/1634661
199	107	6	8	-202363375/32837070168
199	107	6	15	730676000/110825111817
199	107	7	8	-202363375/32837070168
199	107	7	14	730676000/110825111817
199	107	8	14	24620000/4104633771
199	107	8	15	24620000/4104633771
199	107	10	12	-202363375/32837070168
199	107	10	15	730676000/110825111817
199	107	11	12	-202363375/32837070168
199	107	11	14	730676000/110825111817
199	107	12	14	24620000/4104633771
199	107	12	15	24620000/4104633771
199	108	6	8	-4410697375/7852750780176
199	108	6	15	-657723056000/278281855772487
199	108	7	8	-4410697375/7852750780176
199	108	7	14	-657723056000/278281855772487
199	108	8	14	-1180336000/3435578466327
199	108	8	15	-1180336000/3435578466327
199	108	10	12	-4410697375/7852750780176
199	108	10	15	-657723056000/278281855772487
199	108	11	12	-4410697375/7852750780176
199	108	11	14	-657723056000/278281855772487
199	108	12	14	-1180336000/3435578466327
199	108	12	15	-1180336000/3435578466327
199	109	6	8	37746641490625/92018533642102368
199	109	6	15	-958884126400000/698765739844714857
199	109	7	8	37746641490625/92018533642102368
199	109	7	14	-958884126400000/698765739844714857
199	109	8	14	-1237832000000/2875579176315699
199	109	8	15	-1237832000000/2875579176315699
199	109	10	12	37746641490625/92018533642102368
199	109	10	15	-958884126400000/698765739844714857
199	109	11	12	37746641490625/92018533642102368
199	109	11	14	-958884126400000/698765739844714857
199	109	12	14	-1237832000000/2875579176315699
199	109	12	15	-1237832000000/2875579176315699
199	110	4	6	1/6
199	110	4	7	1/6
199	110	4	10	1/6
199	110	4	11	1/6
199	110	6	7	1/6
199	110	6	10	1/6
199	110	6	13	1/6
199	110	7	11	1/6
199	110	7	13	1/6
199	110	10	11	1/6
199	110	10	13	1/6
199	110	11	13	1/6
199	111	4	6	10/243
199	111	4	7	10/243
199	111	4	10	10/243
199	111	4	11	10/243
199	111	6	7	10/243
199	111	6	10	10/243
199	111	6	13	10/243
199	111	7	11	10/243
199	111	7	13	10/243
199	111	10	11	10/243
199	111	10	13	10/243
199	111	11	13	10/243
199	112	4	6	7375/1102248
199	112	4	7	7375/1102248
199	112	4	10	7375/1102248
199	112	4	11	7375/1102248
199	112	6	7	7375/1102248
199	112	6	10	7375/1102248
199	112	6	13	7375/1102248
199	112	7	11	7375/1102248
199	112	7	13	7375/1102248
199	112	10	11	7375/1102248
199	112	10	13	7375/1102248
199	112	11	13	7375/1102248
199	113	4	6	-1375/22320522
199	113	4	7	-1375/22320522
199	113	4	10	-1375/22320522
199	113	4	11	-1375/22320522
199	113	6	7	-1375/22320522
199	113	6	10	-1375/22320522
199	113	6	13	-1375/22320522
199	113	7	11	-1375/22320522
199	113	7	13	-1375/22320522
199	113	10	11	-1375/22320522
199	113	10	13	-1375/22320522
199	113	11	13	-1375/22320522
199	114	4	6	-6473875/14463698256
199	114	4	7	-6473875/14463698256
199	114	4	10	-6473875/14463698256
199	114	4	11	-6473875/14463698256
199	114	6	7	-6473875/14463698256
199	114	6	10	-6473875/14463698256
199	114	6	13	-6473875/14463698256
199	114	7	11	-6473875/14463698256
199	114	7	13	-6473875/14463698256
199	114	10	11	-6473875/14463698256
199	114	10	13	-6473875/14463698256
199	114	11	13	-6473875/14463698256
199	115	4	6	-35046875/292889889684
199	115	4	7	-35046875/292889889684
199	115	4	10	-35046875/292889889684
199	115	4	11	-35046875/292889889684
199	115	6	7	-35046875/292889889684
199	115	6	10	-35046875/292889889684
199	115	6	13	-35046875/292889889684
199	115	7	11	-35046875/292889889684
199	115	7	13	-35046875/292889889684
199	115	10	11	-35046875/292889889684
199	115	10	13	-35046875/292889889684
199	115	11	13	-35046875/292889889684
200	86	18	18	2
200	87	16	16	-73/108
200	88	16	16	31663/163296
200	89	16	16	-1487959/35271936
200	90	16	16	31178167/7618738176
200	91	16	16	2784856049/1645647446016
200	92	8	13	4
200	92	8	15	4
200	93	8	12	700/873
200	93	8	14	700/873
200	94	8	12	1432750/16004709
200	94	8	14	1432750/16004709
200	95	8	12	-7056250/665338617
200	95	8	14	-7056250/665338617
200	96	8	12	-262035743750/36592958596383
200	96	8	14	-262035743750/36592958596383
200	97	8	12	-4032046093750/4563664693520337
200	97	8	14	-4032046093750/4563664693520337
200	98	8	13	1
200	98	8	18	1
200	98	13	18	1
200	98	15	17	1
200	98	15	18	1
200	98	17	18	1
200	99	8	12	230/1539
200	99	8	16	-40/171
200	99	12	16	-40/171
200	99	14	15	230/1539
200	99	14	16	-40/171
200	99	15	16	-40/171
200	100	8	12	35425/16579647
200	100	8	16	190775/5526549
200	100	12	16	190775/5526549
200	100	14	15	35425/16579647
200	100	14	16	190775/5526549
200	100	15	16	190775/5526549
200	101	8	12	-145894750/25516076733
200	101	8	16	433000/315013293
200	101	12	16	433000/315013293
200	101	14	15	-145894750/25516076733
200	101	14	16	433000/315013293
200	101	15	16	433000/315013293
200	102	8	12	-41843948750/39269242092087
200	102	8	16	-1555066250/623321303049
200	102	12	16	-1555066250/623321303049
200	102	14	15	-41843948750/39269242092087
200	102	14	16	-1555066250/623321303049
200	102	15	16	-1555066250/623321303049
200	103	8	12	15346181037500/60435363579721893
200	103	8	16	409521550000/746115599749653
200	103	12	16	409521550000/746115599749653
200	103	14	15	15346181037500/60435363579721893
200	103	14	16	409521550000/746115599749653
200	103	15	16	409521550000/746115599749653
200	104	4	8	2
200	104	4	12	2
200	104	6	12	2
200	104	7	12	2
200	104	8	10	2
200	104	8	11	2
200	104	8	12	2
200	105	4	8	110/837
200	105	4	12	110/837
200	105	6	12	175/279
200	105	7	12	175/279
200	105	8	10	175/279
200	105	8	11	175/279
200	105	8	12	-305/837
200	106	4	8	-139775/4903983
200	106	4	12	-139775/4903983
200	106	6	12	1565125/9807966
200	106	7	12	1565125/9807966
200	106	8	10	1565125/9807966
200	106	8	11	1565125/9807966
200	106	8	12	286925/9807966
200	107	4	8	-27721375/4104633771
200	107	4	12	-27721375/4104633771
200	107	6	12	6971875/260611668
200	107	7	12	6971875/260611668
200	107	8	10	6971875/260611668
200	107	8	11	6971875/260611668
200	107	8	12	134680375/16418535084
200	108	4	8	3456443125/3435578466327
200	108	4	12	3456443125/3435578466327
200	108	6	12	-17523228125/27484627730616
200	108	7	12	-17523228125/27484627730616
200	108	8	10	-17523228125/27484627730616
200	108	8	11	-17523228125/27484627730616
200	108	8	12	-89659358125/27484627730616
200	109	4	8	1528358871875/2875579176315699
200	109	4	12	1528358871875/2875579176315699
200	109	6	12	-5170598828125/2190917467669104
200	109	7	12	-5170598828125/2190917467669104
200	109	8	10	-5170598828125/2190917467669104
200	109	8	11	-5170598828125/2190917467669104
200	109	8	12	3938124353125/46009266821051184
201	86	18	18	2
201	87	16	16	7/108
201	88	16	16	-6617/163296
201	89	16	16	-20537/5038848
201	90	16	16	17347207/7618738176
201	91	16	16	93489607/235092492288
201	92	13	17	4
201	92	15	17	4
201	93	12	16	1400/2619
201	93	14	16	1400/2619
201	94	12	16	-789500/48014127
201	94	14	16	-789500/48014127
201	95	12	16	-461425000/17964142659
201	95	14	16	-461425000/17964142659
201	96	12	16	-900739475000/329336627367447
201	96	14	16	-900739475000/329336627367447
201	97	12	16	207668881250000/123218946725049099
201	97	14	16	207668881250000/123218946725049099
201	104	6	17	2
201	104	7	17	2
201	104	10	17	2
201	104	11	17	2
201	104	14	16	2
201	104	14	17	2
201	104	16	17	2
201	105	6	16	350/837
201	105	7	16	350/837
201	105	10	16	350/837
201	105	11	16	350/837
201	105	14	15	1060/2511
201	105	14	16	-340/837
201	105	15	16	-340/837
201	106	6	16	68000/1634661
201	106	7	16	68000/1634661
201	106	10	16	68000/1634661
201	106	11	16	68000/1634661
201	106	14	15	1909850/44135847
201	106	14	16	59950/1634661
201	106	15	16	59950/1634661
201	107	6	16	-6137500/586376253
201	107	7	16	-6137500/586376253
201	107	10	16	-6137500/586376253
201	107	11	16	-6137500/586376253
201	107	14	15	-1131894500/110825111817
201	107	14	16	45840500/4104633771
201	107	15	16	45840500/4104633771
201	108	6	16	-18064831250/3435578466327
201	108	7	16	-18064831250/3435578466327
201	108	10	16	-18064831250/3435578466327
201	108	11	16	-18064831250/3435578466327
201	108	14	15	-1486171997500/278281855772487
201	108	14	16	-2453742500/490796923761
201	108	15	16	-2453742500/490796923761
201	109	6	16	-129666406250/410797025187957
201	109	7	16	-129666406250/410797025187957
201	109	10	16	-129666406250/410797025187957
201	109	11	16	-129666406250/410797025187957
201	109	14	15	-257431519175000/698765739844714857
201	109	14	16	467032075000/2875579176315699
201	109	15	16	467032075000/2875579176315699
201	110	4	8	1/3
201	110	4	12	1/3
201	110	6	8	1/3
201	110	6	14	1/3
201	110	7	8	1/3
201	110	7	15	1/3
201	110	8	12	1/3
201	110	8	14	1/3
201	110	8	15	1/3
201	110	10	12	1/3
201	110	10	14	1/3
201	110	11	12	1/3
201	110	11	15	1/3
201	110	12	14	1/3
201	110	12	15	1/3
201	110	13	14	1/3
201	110	13	15	1/3
201	110	14	15	1/3
201	111	4	8	5/108
201	111	4	12	5/108
201	111	6	8	5/108
201	111	6	14	5/108
201	111	7	8	5/108
201	111	7	15	5/108
201	111	8	12	-55/1296
201	111	8	14	-55/1296
201	111	8	15	-55/1296
201	111	10	12	5/108
201	111	10	14	5/108
201	111	11	12	5/108
201	111	11	15	5/108
201	111	12	14	-55/1296
201	111	12	15	-55/1296
201	111	13	14	5/108
201	111	13	15	5/108
201	111	14	15	-55/1296
201	112	4	8	-475/489888
201	112	4	12	-475/489888
201	112	6	8	-475/489888
201	112	6	14	-475/489888
201	112	7	8	-475/489888
201	112	7	15	-475/489888
201	112	8	12	-7825/3919104
201	112	8	14	-7825/3919104
201	112	8	15	-7825/3919104
201	112	10	12	-475/489888
201	112	10	14	-475/489888
201	112	11	12	-475/489888
201	112	11	15	-475/489888
201	112	12	14	-7825/3919104
201	112	12	15	-7825/3919104
201	112	13	14	-475/489888
201	112	13	15	-475/489888
201	112	14	15	-7825/3919104
201	113	4	8	-12875/5878656
201	113	4	12	-12875/5878656
201	113	6	8	-12875/5878656
201	113	6	14	-12875/5878656
201	113	7	8	-12875/5878656
201	113	7	15	-12875/5878656
201	113	8	12	3620375/1693052928
201	113	8	14	3620375/1693052928
201	113	8	15	3620375/1693052928
201	113	10	12	-12875/5878656
201	113	10	14	-12875/5878656
201	113	11	12	-12875/5878656
201	113	11	15	-12875/5878656
201	113	12	14	3620375/1693052928
201	113	12	15	3620375/1693052928
201	113	13	14	-12875/5878656
201	113	13	15	-12875/5878656
201	113	14	15	3620375/1693052928
201	114	4	8	-1556875/5714053632
201	114	4	12	-1556875/5714053632
201	114	6	8	-1556875/5714053632
201	114	6	14	-1556875/5714053632
201	114	7	8	-1556875/5714053632
201	114	7	15	-1556875/5714053632
201	114	8	12	-125895625/731398864896
201	114	8	14	-125895625/731398864896
201	114	8	15	-125895625/731398864896
201	114	10	12	-1556875/5714053632
201	114	10	14	-1556875/5714053632
201	114	11	12	-1556875/5714053632
201	114	11	15	-1556875/5714053632
201	114	12	14	-125895625/731398864896
201	114	12	15	-125895625/731398864896
201	114	13	14	-1556875/5714053632
201	114	13	15	-1556875/5714053632
201	114	14	15	-125895625/731398864896
201	115	4	8	28465625/205705930752
201	115	4	12	28465625/205705930752
201	115	6	8	28465625/205705930752
201	115	6	14	28465625/205705930752
201	115	7	8	28465625/205705930752
201	115	7	15	28465625/205705930752
201	115	8	12	-47784240625/315964309635072
201	115	8	14	-47784240625/315964309635072
201	115	8	15	-47784240625/315964309635072
201	115	10	12	28465625/205705930752
201	115	10	14	28465625/205705930752
201	115	11	12	28465625/205705930752
201	115	11	15	28465625/205705930752
201	115	12	14	-47784240625/315964309635072
201	115	12	15	-47784240625/315964309635072
201	115	13	14	28465625/205705930752
201	115	13	15	28465625/205705930752
201	115	14	15	-47784240625/315964309635072
202	92	8	8	4
202	92	8	17	8
202	93	8	8	-680/2619
202	93	8	16	-6080/2619
202	94	8	8	-2294800/48014127
202	94	8	16	26137600/48014127
202	95	8	8	1445476000/125748998613
202	95	8	16	-10428416000/125748998613
202	96	8	8	448633880000/329336627367447
202	96	8	16	-904663040000/329336627367447
202	97	8	8	-670435439600000/862532627075343693
202	97	8	16	5730227814400000/862532627075343693
202	98	8	15	2
202	98	8	17	2
202	98	13	15	2
202	98	13	17	2
202	99	8	14	280/513
202	99	8	15	280/513
202	99	12	14	280/513
202	99	12	15	280/513
202	100	8	14	1861600/16579647
202	100	8	15	1861600/16579647
202	100	12	14	1861600/16579647
202	100	12	15	1861600/16579647
202	101	8	14	4304000/405017091
202	101	8	15	4304000/405017091
202	101	12	14	4304000/405017091
202	101	12	15	4304000/405017091
202	102	8	14	-133936960000/39269242092087
202	102	8	15	-133936960000/39269242092087
202	102	12	14	-133936960000/39269242092087
202	102	12	15	-133936960000/39269242092087
202	103	8	14	-5344211200000/2877874456177233
202	103	8	15	-5344211200000/2877874456177233
202	103	12	14	-5344211200000/2877874456177233
202	103	12	15	-5344211200000/2877874456177233
202	104	4	14	4
202	104	4	16	4
202	105	4	14	1120/837
202	105	4	15	1120/837
202	106	4	14	5593600/14711949
202	106	4	15	5593600/14711949
202	107	4	14	48128000/586376253
202	107	4	15	48128000/586376253
202	108	4	14	247429120000/30920206196943
202	108	4	15	247429120000/30920206196943
202	109	4	14	-11688755200000/3697173226691613
202	109	4	15	-11688755200000/3697173226691613
202	110	4	13	2/3
202	110	6	11	2/3
202	110	7	10	2/3
202	111	4	13	70/243
202	111	6	11	70/243
202	111	7	10	70/243
202	112	4	13	15650/137781
202	112	6	11	15650/137781
202	112	7	10	15650/137781
202	113	4	13	63250/1594323
202	113	6	11	63250/1594323
202	113	7	10	63250/1594323
202	114	4	13	10433750/903981141
202	114	6	11	10433750/903981141
202	114	7	10	10433750/903981141
202	115	4	13	24418750/10460353203
202	115	6	11	24418750/10460353203
202	115	7	10	24418750/10460353203
203	92	8	17	4
203	92	17	17	2
203	93	8	16	280/873
203	93	16	16	-1660/2619
203	94	8	16	-800900/16004709
203	94	16	16	7825850/48014127
203	95	8	16	-10753000/665338617
203	95	16	16	-3476330500/125748998613
203	96	8	16	46123645000/36592958596383
203	96	16	16	-211885997500/329336627367447
203	97	8	16	5628911450000/4563664693520337
203	97	16	16	2139202365425000/862532627075343693
203	98	8	18	1
203	98	13	18	1
203	98	15	18	1
203	98	17	18	1
203	99	8	16	70/513
203	99	12	16	70/513
203	99	14	16	70/513
203	99	15	16	70/513
203	100	8	16	-15850/5526549
203	100	12	16	-15850/5526549
203	100	14	16	-15850/5526549
203	100	15	16	-15850/5526549
203	101	8	16	-281500/45001899
203	101	12	16	-281500/45001899
203	101	14	16	-281500/45001899
203	101	15	16	-281500/45001899
203	102	8	16	-3320495000/4363249121343
203	102	12	16	-3320495000/4363249121343
203	102	14	16	-3320495000/4363249121343
203	102	15	16	-3320495000/4363249121343
203	103	8	16	122595050000/319763828464137
203	103	12	16	122595050000/319763828464137
203	103	14	16	122595050000/319763828464137
203	103	15	16	122595050000/319763828464137
203	104	4	17	2
203	104	8	8	1
203	104	8	14	2
203	104	8	16	2
203	104	8	17	2
203	104	12	12	1
203	104	12	14	2
203	104	12	16	2
203	104	12	17	2
203	105	4	16	280/837
203	105	8	8	5/1674
203	105	8	14	140/279
203	105	8	15	140/279
203	105	8	16	-410/837
203	105	12	12	5/1674
203	105	12	14	140/279
203	105	12	15	140/279
203	105	12	16	-410/837
203	106	4	16	80650/4903983
203	106	8	8	-387325/19615932
203	106	8	14	423650/4903983
203	106	8	15	423650/4903983
203	106	8	16	394600/4903983
203	106	12	12	-387325/19615932
203	106	12	14	423650/4903983
203	106	12	15	423650/4903983
203	106	12	16	394600/4903983
203	107	4	16	-6137000/586376253
203	107	8	8	-5811625/32837070168
203	107	8	14	120500/65152917
203	107	8	15	120500/65152917
203	107	8	16	-1455500/4104633771
203	107	12	12	-5811625/32837070168
203	107	12	14	120500/65152917
203	107	12	15	120500/65152917
203	107	12	16	-1455500/4104633771
203	108	4	16	-9898947500/3435578466327
203	108	8	8	60004379375/54969255461232
203	108	8	14	-16531097500/3435578466327
203	108	8	15	-16531097500/3435578466327
203	108	8	16	-16620841250/3435578466327
203	108	12	12	60004379375/54969255461232
203	108	12	14	-16531097500/3435578466327
203	108	12	15	-16531097500/3435578466327
203	108	12	16	-16620841250/3435578466327
203	109	4	16	98846050000/410797025187957
203	109	8	8	1501078146875/92018533642102368
203	109	8	14	-206773475000/136932341729319
203	109	8	15	-206773475000/136932341729319
203	109	8	16	3927588081250/2875579176315699
203	109	12	12	1501078146875/92018533642102368
203	109	12	14	-206773475000/136932341729319
203	109	12	15	-206773475000/136932341729319
203	109	12	16	3927588081250/2875579176315699
203	110	4	14	1/3
203	110	4	15	1/3
203	110	6	12	1/3
203	110	6	15	1/3
203	110	7	12	1/3
203	110	7	14	1/3
203	110	8	10	1/3
203	110	8	11	1/3
203	110	8	13	1/3
203	110	10	15	1/3
203	110	11	14	1/3
203	110	12	13	1/3
203	111	4	14	35/324
203	111	4	15	35/324
203	111	6	12	35/324
203	111	6	15	35/324
203	111	7	12	35/324
203	111	7	14	35/324
203	111	8	10	35/324
203	111	8	11	35/324
203	111	8	13	35/324
203	111	10	15	35/324
203	111	11	14	35/324
203	111	12	13	35/324
203	112	4	14	4675/163296
203	112	4	15	4675/163296
203	112	6	12	4675/163296
203	112	6	15	4675/163296
203	112	7	12	4675/163296
203	112	7	14	4675/163296
203	112	8	10	4675/163296
203	112	8	11	4675/163296
203	112	8	13	4675/163296
203	112	10	15	4675/163296
203	112	11	14	4675/163296
203	112	12	13	4675/163296
203	113	4	14	38875/7558272
203	113	4	15	38875/7558272
203	113	6	12	38875/7558272
203	113	6	15	38875/7558272
203	113	7	12	38875/7558272
203	113	7	14	38875/7558272
203	113	8	10	38875/7558272
203	113	8	11	38875/7558272
203	113	8	13	38875/7558272
203	113	10	15	38875/7558272
203	113	11	14	38875/7558272
203	113	12	13	38875/7558272
203	114	4	14	-6875/5714053632
203	114	4	15	-6875/5714053632
203	114	6	12	-6875/5714053632
203	114	6	15	-6875/5714053632
203	114	7	12	-6875/5714053632
203	114	7	14	-6875/5714053632
203	114	8	10	-6875/5714053632
203	114	8	11	-6875/5714053632
203	114	8	13	-6875/5714053632
203	114	10	15	-6875/5714053632
203	114	11	14	-6875/5714053632
203	114	12	13	-6875/5714053632
203	115	4	14	-37534375/88159684608
203	115	4	15	-37534375/88159684608
203	115	6	12	-37534375/88159684608
203	115	6	15	-37534375/88159684608
203	115	7	12	-37534375/88159684608
203	115	7	14	-37534375/88159684608
203	115	8	10	-37534375/88159684608
203	115	8	11	-37534375/88159684608
203	115	8	13	-37534375/88159684608
203	115	10	15	-37534375/88159684608
203	115	11	14	-37534375/88159684608
203	115	12	13	-37534375/88159684608
204	92	17	17	6
204	93	16	16	280/873
204	94	16	16	-1879000/16004709
204	95	16	16	-123716000/5988047553
204	96	16	16	679564712000/109778875789149
204	97	16	16	84408868000000/41072982241683033
204	104	14	17	6
204	104	16	17	6
204	105	14	16	280/279
204	105	15	16	280/279
204	106	14	16	5000/181629
204	106	15	16	5000/181629
204	107	14	16	-8276000/195458751
204	107	15	16	-8276000/195458751
204	108	14	16	-11074328000/1145192822109
204	108	15	16	-11074328000/1145192822109
204	109	14	16	260804000000/136932341729319
204	109	15	16	260804000000/136932341729319
204	110	4	16	1
204	110	6	16	1
204	110	7	16	1
204	110	8	8	1/2
204	110	8	16	1
204	110	10	16	1
204	110	11	16	1
204	110	12	12	1/2
204	110	12	16	1
204	110	13	16	1
204	110	14	14	1/2
204	110	14	16	1
204	110	15	15	1/2
204	110	15	16	1
204	111	4	16	35/162
204	111	6	16	35/162
204	111	7	16	35/162
204	111	8	8	25/864
204	111	8	16	-5/24
204	111	10	16	35/162
204	111	11	16	35/162
204	111	12	12	25/864
204	111	12	16	-5/24
204	111	13	16	35/162
204	111	14	14	25/864
204	111	14	16	-5/24
204	111	15	15	25/864
204	111	15	16	-5/24
204	112	4	16	8825/367416
204	112	6	16	8825/367416
204	112	7	16	8825/367416
204	112	8	8	-25225/2612736
204	112	8	16	6775/326592
204	112	10	16	8825/367416
204	112	11	16	8825/367416
204	112	12	12	-25225/2612736
204	112	12	16	6775/326592
204	112	13	16	8825/367416
204	112	14	14	-25225/2612736
204	112	14	16	6775/326592
204	112	15	15	-25225/2612736
204	112	15	16	6775/326592
204	113	4	16	-39125/8503056
204	113	6	16	-39125/8503056
204	113	7	16	-39125/8503056
204	113	8	8	-2110625/1128701952
204	113	8	16	13375/2612736
204	113	10	16	-39125/8503056
204	113	11	16	-39125/8503056
204	113	12	12	-2110625/1128701952
204	113	12	16	13375/2612736
204	113	13	16	-39125/8503056
204	113	14	14	-2110625/1128701952
204	113	14	16	13375/2612736
204	113	15	15	-2110625/1128701952
204	113	15	16	13375/2612736
204	114	4	16	-26318875/9642465504
204	114	6	16	-26318875/9642465504
204	114	7	16	-26318875/9642465504
204	114	8	8	242198375/487599243264
204	114	8	16	-39301625/15237476352
204	114	10	16	-26318875/9642465504
204	114	11	16	-26318875/9642465504
204	114	12	12	242198375/487599243264
204	114	12	16	-39301625/15237476352
204	114	13	16	-26318875/9642465504
204	114	14	14	242198375/487599243264
204	114	14	16	-39301625/15237476352
204	114	15	15	242198375/487599243264
204	114	15	16	-39301625/15237476352
204	115	4	16	-58334375/223154201664
204	115	6	16	-58334375/223154201664
204	115	7	16	-58334375/223154201664
204	115	8	8	39251359375/210642873090048
204	115	8	16	58128125/365699432448
204	115	10	16	-58334375/223154201664
204	115	11	16	-58334375/223154201664
204	115	12	12	39251359375/210642873090048
204	115	12	16	58128125/365699432448
204	115	13	16	-58334375/223154201664
204	115	14	14	39251359375/210642873090048
204	115	14	16	58128125/365699432448
204	115	15	15	39251359375/210642873090048
204	115	15	16	58128125/365699432448
205	98	18	18	6
205	99	16	16	-310/171
205	100	16	16	262250/614061
205	101	16	16	-17677750/315013293
205	102	16	16	-1502544250/161601819309
205	103	16	16	655790468750/82901733305517
205	104	8	12	24
205	105	8	12	140/31
205	106	8	12	73750/181629
205	107	8	12	-72875/804357
205	108	8	12	-1165354625/28276365978
205	109	8	12	-1720203125/751343438844
206	98	18	18	2
206	99	16	16	70/513
206	100	16	16	-68350/1842183
206	101	16	16	-1196750/135005697
206	102	16	16	854633750/484805457927
206	103	16	16	31419418750/35529314273793
206	104	8	17	8
206	104	12	17	8
206	104	17	17	4
206	105	8	16	280/279
206	105	12	16	280/279
206	105	16	16	-320/279
206	106	8	16	-24400/544887
206	106	12	16	-24400/544887
206	106	16	16	132700/544887
206	107	8	16	-1052000/21717639
206	107	12	16	-1052000/21717639
206	107	16	16	-3176000/152023473
206	108	8	16	-167065000/42414548967
206	108	12	16	-167065000/42414548967
206	108	16	16	-422495000/42414548967
206	109	8	16	5535175000/1690522737399
206	109	12	16	5535175000/1690522737399
206	109	16	16	59839600000/11833659161793
206	110	8	12	4/3
206	110	8	14	4/3
206	110	8	15	4/3
206	110	12	14	4/3
206	110	12	15	4/3
206	110	14	15	4/3
206	111	8	12	35/108
206	111	8	14	35/108
206	111	8	15	35/108
206	111	12	14	35/108
206	111	12	15	35/108
206	111	14	15	35/108
206	112	8	12	5575/108864
206	112	8	14	5575/108864
206	112	8	15	5575/108864
206	112	12	14	5575/108864
206	112	12	15	5575/108864
206	112	14	15	5575/108864
206	113	8	12	-2125/2239488
206	113	8	14	-2125/2239488
206	113	8	15	-2125/2239488
206	113	12	14	-2125/2239488
206	113	12	15	-2125/2239488
206	113	14	15	-2125/2239488
206	114	8	12	-7945625/2257403904
206	114	8	14	-7945625/2257403904
206	114	8	15	-7945625/2257403904
206	114	12	14	-7945625/2257403904
206	114	12	15	-7945625/2257403904
206	114	14	15	-7945625/2257403904
206	115	8	12	-41228125/46438023168
206	115	8	14	-41228125/46438023168
206	115	8	15	-41228125/46438023168
206	115	12	14	-41228125/46438023168
206	115	12	15	-41228125/46438023168
206	115	14	15	-41228125/46438023168
207	104	17	17	12
207	105	16	16	280/279
207	106	16	16	-334000/1634661
207	107	16	16	-12764000/195458751
207	108	16	16	9021944000/1145192822109
207	109	16	16	885982000000/136932341729319
207	110	8	16	4
207	110	12	16	4
207	110	14	16	4
207	110	15	16	4
207	110	16	16	2
207	111	8	16	35/54
207	111	12	16	35/54
207	111	14	16	35/54
207	111	15	16	35/54
207	111	16	16	-85/162
207	112	8	16	325/27216
207	112	12	16	325/27216
207	112	14	16	325/27216
207	112	15	16	325/27216
207	112	16	16	33475/367416
207	113	8	16	-71125/2519424
207	113	12	16	-71125/2519424
207	113	14	16	-71125/2519424
207	113	15	16	-71125/2519424
207	113	16	16	61625/119042784
207	114	8	16	-22251625/3809369088
207	114	12	16	-22251625/3809369088
207	114	14	16	-22251625/3809369088
207	114	15	16	-22251625/3809369088
207	114	16	16	-258916625/38569862016
207	115	8	16	164621875/117546246144
207	115	12	16	164621875/117546246144
207	115	14	16	164621875/117546246144
207	115	15	16	164621875/117546246144
207	115	16	16	24246303125/12496635293184
208	110	16	16	30
208	111	16	16	175/54
208	112	16	16	-50125/122472
208	113	16	16	-1180625/5668704
208	114	16	16	60891875/12856620672
208	115	16	16	11864359375/595077871104
