# constraint	block	row	column	exact scalar coefficient
1	1	1	1	-1
1	2	1	1	1
1	3	1	1	1
1	4	1	1	1
1	5	1	1	1
1	6	1	1	1
1	7	1	1	1
1	8	1	1	1
2	2	1	1	2
2	3	1	1	-2/17
2	4	1	1	-466/15895
2	5	1	1	1618/270215
2	6	1	1	102314/87279445
2	7	1	1	-144418/296750113
2	8	1	2	4
2	8	2	2	2
2	9	1	1	576/289
2	10	1	1	165888/83521
2	11	1	1	47775744/24137569
2	12	1	1	13759414272/6975757441
2	13	1	1	3962711310336/2015993900449
2	14	1	1	1
3	2	1	1	2
3	3	1	1	10/17
3	4	1	1	202/1445
3	5	1	1	106/4913
3	6	1	1	-5378/7934495
3	7	1	1	-45890/26977283
3	8	1	3	4
3	8	3	3	2
3	9	2	2	528/289
3	10	2	2	139392/83521
3	11	2	2	36799488/24137569
3	12	2	2	9715064832/6975757441
3	13	2	2	2564777115648/2015993900449
3	20	1	1	1
4	8	2	2	6
4	9	1	1	-108/289
4	10	1	1	-7236/83521
4	11	1	1	460728/24137569
4	12	1	1	163906902/48830302087
4	13	1	1	-21929460156/14111957303143
4	14	1	2	6
4	14	2	2	3
4	15	1	1	405/136
4	16	1	1	54675/18496
4	17	1	1	7381125/2515456
4	18	1	1	996451875/342102016
4	19	1	1	134521003125/46525874176
4	26	1	1	1
5	8	2	2	2
5	8	2	3	4
5	9	1	1	168/289
5	9	1	2	-48/289
5	10	1	1	33904/250563
5	10	1	2	-15136/250563
5	11	1	1	477120/24137569
5	11	1	2	195456/24137569
5	12	1	1	-55940832/48830302087
5	12	1	2	126554688/48830302087
5	13	1	1	-3495537792/2015993900449
5	13	1	2	-8925325056/14111957303143
5	14	1	3	2
5	14	1	4	2
5	14	3	3	1
5	14	4	4	1
5	15	2	2	31/34
5	15	3	3	31/34
5	16	2	2	961/1156
5	16	3	3	961/1156
5	17	2	2	29791/39304
5	17	3	3	29791/39304
5	18	2	2	923521/1336336
5	18	3	3	923521/1336336
5	19	2	2	28629151/45435424
5	19	3	3	28629151/45435424
5	20	1	2	2
5	20	2	2	1
5	21	1	1	186/187
5	22	1	1	34596/34969
5	23	1	1	6434856/6539203
5	24	1	1	1196883216/1222830961
5	25	1	1	222620278176/228669389707
5	32	1	1	1
6	8	2	3	4
6	8	3	3	2
6	9	1	2	360/289
6	9	2	2	-84/289
6	10	1	2	27368/83521
6	10	2	2	1012/83521
6	11	1	2	1557360/24137569
6	11	2	2	168840/24137569
6	12	1	2	253381284/48830302087
6	12	2	2	-78747822/48830302087
6	13	1	2	-33761302200/14111957303143
6	13	2	2	-320143644/2015993900449
6	14	1	5	2
6	14	5	5	1
6	15	4	4	111/136
6	16	4	4	12321/18496
6	17	4	4	1367631/2515456
6	18	4	4	151807041/342102016
6	19	4	4	16850581551/46525874176
6	20	1	3	2
6	20	1	4	2
6	20	3	3	1
6	20	4	4	1
6	21	2	2	333/374
6	21	3	3	333/374
6	22	2	2	110889/139876
6	22	3	3	110889/139876
6	23	2	2	36926037/52313624
6	23	3	3	36926037/52313624
6	24	2	2	12296370321/19565295376
6	24	3	3	12296370321/19565295376
6	25	2	2	4094691316893/7317420470624
6	25	3	3	4094691316893/7317420470624
6	38	1	1	1
7	8	3	3	6
7	9	2	2	360/289
7	10	2	2	14256/83521
7	11	2	2	-25920/24137569
7	12	2	2	-384064416/48830302087
7	13	2	2	-23773564800/14111957303143
7	20	1	5	6
7	20	5	5	3
7	21	4	4	486/187
7	22	4	4	78732/34969
7	23	4	4	12754584/6539203
7	24	4	4	2066242608/1222830961
7	25	4	4	334731302496/228669389707
7	44	1	1	1
8	14	2	2	12
8	15	1	1	-27/34
8	16	1	1	-41553/245072
8	17	1	1	1353753/33329792
8	18	1	1	1565251209/249306844160
8	19	1	1	-22403958237/6781146161152
8	26	1	2	8
8	26	2	2	4
8	27	1	1	336/85
8	28	1	1	28224/7225
8	29	1	1	2370816/614125
8	30	1	1	199148544/52200625
8	31	1	1	16728477696/4437053125
8	50	1	1	1
9	14	2	2	2
9	14	2	3	4
9	14	2	4	4
9	15	1	1	39/68
9	15	1	2	-3/17
9	15	1	3	-3/17
9	16	1	1	63909/490144
9	16	1	2	-3699/61268
9	16	1	3	-3699/61268
9	17	1	1	1189539/66659584
9	17	1	2	36153/4166224
9	17	1	3	36153/4166224
9	18	1	1	-803487357/498613688320
9	18	1	2	40150323/15581677760
9	18	1	3	40150323/15581677760
9	19	1	1	-23748632271/13562292322304
9	19	1	2	-144689733/211910817536
9	19	1	3	-144689733/211910817536
9	20	2	2	2
9	21	1	1	-24/187
9	22	1	1	-53640/1853357
9	23	1	1	2297376/346577759
9	24	1	1	360746784/324050204665
9	25	1	1	-6604778880/12119477654471
9	26	1	3	4/3
9	26	1	4	4/3
9	26	1	6	4/3
9	26	3	3	2/3
9	26	4	4	2/3
9	26	6	6	2/3
9	27	2	2	464/765
9	27	3	3	464/765
9	27	5	5	464/765
9	28	2	2	107648/195075
9	28	3	3	107648/195075
9	28	5	5	107648/195075
9	29	2	2	24974336/49744125
9	29	3	3	24974336/49744125
9	29	5	5	24974336/49744125
9	30	2	2	5794045952/12684751875
9	30	3	3	5794045952/12684751875
9	30	5	5	5794045952/12684751875
9	31	2	2	1344218660864/3234611728125
9	31	3	3	1344218660864/3234611728125
9	31	5	5	1344218660864/3234611728125
9	32	1	2	4
9	32	2	2	2
9	33	1	1	1044/527
9	34	1	1	544968/277729
9	35	1	1	284473296/146363183
9	36	1	1	148495060512/77133397441
9	37	1	1	77514421587264/40649300451407
9	56	1	1	1
10	14	2	3	2
10	14	2	4	2
10	14	2	5	2
10	14	3	3	1
10	14	4	4	1
10	15	1	2	21/34
10	15	1	3	21/34
10	15	1	4	-3/68
10	15	2	2	-5/34
10	15	3	3	-5/34
10	16	1	2	19629/122536
10	16	1	3	19629/122536
10	16	1	4	-14499/490144
10	16	2	2	389/61268
10	16	3	3	389/61268
10	17	1	2	254961/8332448
10	17	1	3	254961/8332448
10	17	1	4	133353/66659584
10	17	2	2	7415/2083112
10	17	3	3	7415/2083112
10	18	1	2	64100403/31163355520
10	18	1	3	64100403/31163355520
10	18	1	4	36976419/29330216960
10	18	2	2	-192461/229142320
10	18	3	3	-192461/229142320
10	19	1	2	-32347917/24930684416
10	19	1	3	-32347917/24930684416
10	19	1	4	-1974188133/13562292322304
10	19	2	2	-2093315/26488852192
10	19	3	3	-2093315/26488852192
10	20	2	3	2
10	20	2	4	2
10	21	1	2	-18/187
10	21	1	3	-18/187
10	22	1	2	-53190/1853357
10	22	1	3	-53190/1853357
10	23	1	2	1590678/346577759
10	23	1	3	1590678/346577759
10	24	1	2	373762674/324050204665
10	24	1	3	373762674/324050204665
10	25	1	2	-249383610/712910450263
10	25	1	3	-249383610/712910450263
10	26	1	5	2/3
10	26	1	7	2/3
10	26	1	8	2/3
10	26	5	5	1/3
10	26	7	7	1/3
10	26	8	8	1/3
10	27	4	4	208/765
10	27	6	6	208/765
10	27	7	7	208/765
10	28	4	4	43264/195075
10	28	6	6	43264/195075
10	28	7	7	43264/195075
10	29	4	4	8998912/49744125
10	29	6	6	8998912/49744125
10	29	7	7	8998912/49744125
10	30	4	4	1871773696/12684751875
10	30	6	6	1871773696/12684751875
10	30	7	7	1871773696/12684751875
10	31	4	4	389328928768/3234611728125
10	31	6	6	389328928768/3234611728125
10	31	7	7	389328928768/3234611728125
10	32	1	4	2
10	32	1	6	2
10	32	4	4	1
10	32	6	6	1
10	33	3	3	468/527
10	33	5	5	468/527
10	34	3	3	219024/277729
10	34	5	5	219024/277729
10	35	3	3	102503232/146363183
10	35	5	5	102503232/146363183
10	36	3	3	47971512576/77133397441
10	36	5	5	47971512576/77133397441
10	37	3	3	22450667885568/40649300451407
10	37	5	5	22450667885568/40649300451407
10	38	1	2	2
10	38	2	2	1
10	39	1	1	624/629
10	40	1	1	389376/395641
10	41	1	1	242970624/248858189
10	42	1	1	151613669376/156531800881
10	43	1	1	94606929690624/98458502754149
10	62	1	1	1
11	14	2	5	6
11	15	1	4	135/68
11	16	1	4	283095/490144
11	17	1	4	9240075/66659584
11	18	1	4	2278012005/99722737664
11	19	1	4	1040738625/13562292322304
11	20	3	3	3
11	20	4	4	3
11	21	2	2	-189/374
11	21	3	3	-189/374
11	22	2	2	310311/7413428
11	22	3	3	310311/7413428
11	23	2	2	20866167/2772622072
11	23	3	3	20866167/2772622072
11	24	2	2	-3263185521/1036960654928
11	24	3	3	-3263185521/1036960654928
11	25	2	2	54991566063/387823284943072
11	25	3	3	54991566063/387823284943072
11	26	1	9	2
11	26	9	9	1
11	27	8	8	12/17
11	28	8	8	144/289
11	29	8	8	1728/4913
11	30	8	8	20736/83521
11	31	8	8	248832/1419857
11	38	1	6	6
11	38	6	6	3
11	39	5	5	1620/629
11	40	5	5	874800/395641
11	41	5	5	472392000/248858189
11	42	5	5	255091680000/156531800881
11	43	5	5	137749507200000/98458502754149
11	68	1	1	1
12	14	3	3	3
12	14	4	4	3
12	15	2	2	21/34
12	15	3	3	21/34
12	16	2	2	5055/61268
12	16	3	3	5055/61268
12	17	2	2	-2919/2083112
12	17	3	3	-2919/2083112
12	18	2	2	-15758679/3895419440
12	18	3	3	-15758679/3895419440
12	19	2	2	-21433965/26488852192
12	19	3	3	-21433965/26488852192
12	20	2	5	6
12	21	1	4	-36/187
12	22	1	4	-169128/1853357
12	23	1	4	3181680/346577759
12	24	1	4	1289206368/324050204665
12	25	1	4	-8505435456/12119477654471
12	32	1	8	6
12	32	8	8	3
12	33	7	7	1368/527
12	34	7	7	623808/277729
12	35	7	7	284456448/146363183
12	36	7	7	129712140288/77133397441
12	37	7	7	59148735971328/40649300451407
12	44	1	2	2
12	44	2	2	1
12	45	1	1	152/153
12	46	1	1	23104/23409
12	47	1	1	3511808/3581577
12	48	1	1	533794816/547981281
12	49	1	1	81136812032/83841135993
12	74	1	1	1
13	14	3	4	8
13	15	2	3	-4/17
13	16	2	3	-1814/15317
13	17	2	3	2827/260389
13	18	2	3	490183/97385486
13	19	2	3	-2659783/3311106524
13	20	2	2	4
13	21	1	1	216/187
13	22	1	1	491472/1853357
13	23	1	1	12853728/346577759
13	24	1	1	-195473088/64810040933
13	25	1	1	-2533700736/712910450263
13	32	1	3	8
13	32	3	3	4
13	33	2	2	1920/527
13	34	2	2	921600/277729
13	35	2	2	442368000/146363183
13	36	2	2	212336640000/77133397441
13	37	2	2	101921587200000/40649300451407
13	80	1	1	1
14	14	3	4	2
14	14	3	5	2
14	14	4	5	2
14	15	2	3	11/17
14	15	2	4	-9/34
14	15	3	4	-9/34
14	16	2	3	5573/30634
14	16	2	4	933/122536
14	16	3	4	933/122536
14	17	2	3	2519/61268
14	17	2	4	52083/8332448
14	17	3	4	52083/8332448
14	18	2	3	2250823/389541944
14	18	2	4	-433161/366627712
14	18	3	4	-433161/366627712
14	19	2	3	-527897/1204038736
14	19	2	4	-69806367/423821635072
14	19	3	4	-69806367/423821635072
14	20	2	3	2
14	20	2	4	2
14	20	3	4	2
14	21	1	2	114/187
14	21	1	3	114/187
14	21	2	3	3/187
14	22	1	2	288954/1853357
14	22	1	3	288954/1853357
14	22	2	3	-110403/3706714
14	23	1	2	10150218/346577759
14	23	1	3	10150218/346577759
14	23	2	3	-58617/81547708
14	24	1	2	122014026/64810040933
14	24	1	3	122014026/64810040933
14	24	2	3	664619013/518480327464
14	25	1	2	-15001436358/12119477654471
14	25	1	3	-15001436358/12119477654471
14	25	2	3	10029108879/193911642471536
14	32	1	5	2
14	32	1	7	2
14	32	5	5	1
14	32	7	7	1
14	33	4	4	420/527
14	33	6	6	420/527
14	34	4	4	176400/277729
14	34	6	6	176400/277729
14	35	4	4	74088000/146363183
14	35	6	6	74088000/146363183
14	36	4	4	31116960000/77133397441
14	36	6	6	31116960000/77133397441
14	37	4	4	13069123200000/40649300451407
14	37	6	6	13069123200000/40649300451407
14	38	1	3	2
14	38	1	4	2
14	38	3	3	1
14	38	4	4	1
14	39	2	2	560/629
14	39	3	3	560/629
14	40	2	2	313600/395641
14	40	3	3	313600/395641
14	41	2	2	175616000/248858189
14	41	3	3	175616000/248858189
14	42	2	2	98344960000/156531800881
14	42	3	3	98344960000/156531800881
14	43	2	2	55073177600000/98458502754149
14	43	3	3	55073177600000/98458502754149
14	86	1	1	1
15	14	3	5	2
15	14	4	5	2
15	15	2	4	15/34
15	15	3	4	15/34
15	16	2	4	8709/122536
15	16	3	4	8709/122536
15	17	2	4	34155/8332448
15	17	3	4	34155/8332448
15	18	2	4	-60188157/31163355520
15	18	3	4	-60188157/31163355520
15	19	2	4	-285804855/423821635072
15	19	3	4	-285804855/423821635072
15	20	2	5	2
15	20	3	3	1
15	20	3	5	2
15	20	4	4	1
15	20	4	5	2
15	21	1	4	120/187
15	21	2	2	69/374
15	21	2	4	-42/187
15	21	3	3	69/374
15	21	3	4	-42/187
15	22	1	4	328536/1853357
15	22	2	2	146205/7413428
15	22	2	4	-6318/1853357
15	22	3	3	146205/7413428
15	22	3	4	-6318/1853357
15	23	1	4	13344480/346577759
15	23	2	2	-4557519/2772622072
15	23	2	4	2361366/346577759
15	23	3	3	-4557519/2772622072
15	23	3	4	2361366/346577759
15	24	1	4	1521859104/324050204665
15	24	2	2	-6079706343/5184803274640
15	24	2	4	-214990686/324050204665
15	24	3	3	-6079706343/5184803274640
15	24	3	4	-214990686/324050204665
15	25	1	4	-9154373760/12119477654471
15	25	2	2	-53794320615/387823284943072
15	25	2	4	-3582050850/12119477654471
15	25	3	3	-53794320615/387823284943072
15	25	3	4	-3582050850/12119477654471
15	32	1	9	2
15	32	9	9	1
15	33	8	8	402/527
15	34	8	8	161604/277729
15	35	8	8	64964808/146363183
15	36	8	8	26115852816/77133397441
15	37	8	8	10498572832032/40649300451407
15	38	1	7	2
15	38	1	8	2
15	38	7	7	1
15	38	8	8	1
15	39	6	6	536/629
15	39	7	7	536/629
15	40	6	6	287296/395641
15	40	7	7	287296/395641
15	41	6	6	153990656/248858189
15	41	7	7	153990656/248858189
15	42	6	6	82538991616/156531800881
15	42	7	7	82538991616/156531800881
15	43	6	6	44240899506176/98458502754149
15	43	7	7	44240899506176/98458502754149
15	44	1	3	2/3
15	44	1	4	2/3
15	44	1	6	2/3
15	44	3	3	1/3
15	44	4	4	1/3
15	44	6	6	1/3
15	45	2	2	134/459
15	45	3	3	134/459
15	45	5	5	134/459
15	46	2	2	17956/70227
15	46	3	3	17956/70227
15	46	5	5	17956/70227
15	47	2	2	2406104/10744731
15	47	3	3	2406104/10744731
15	47	5	5	2406104/10744731
15	48	2	2	322417936/1643943843
15	48	3	3	322417936/1643943843
15	48	5	5	322417936/1643943843
15	49	2	2	43204003424/251523407979
15	49	3	3	43204003424/251523407979
15	49	5	5	43204003424/251523407979
15	92	1	1	1
16	14	5	5	4
16	15	4	4	-33/34
16	16	4	4	46485/245072
16	17	4	4	-46629/1960576
16	18	4	4	-201010653/249306844160
16	19	4	4	826847595/616467832832
16	20	3	4	8
16	21	2	3	540/187
16	22	2	3	1746522/1853357
16	23	2	3	92870955/346577759
16	24	2	3	39697678233/648100409330
16	25	2	3	412799453955/48477910617884
16	38	1	5	8
16	38	5	5	4
16	39	4	4	1872/629
16	40	4	4	876096/395641
16	41	4	4	410012928/248858189
16	42	4	4	191886050304/156531800881
16	43	4	4	89802671542272/98458502754149
16	98	1	1	1
17	14	5	5	2
17	15	4	4	15/68
17	16	4	4	-171/490144
17	17	4	4	-365445/66659584
17	18	4	4	-18330381/29330216960
17	19	4	4	2536170345/13562292322304
17	20	3	5	4
17	20	4	5	4
17	20	5	5	2
17	21	2	4	180/187
17	21	3	4	180/187
17	21	4	4	-72/187
17	22	2	4	329508/1853357
17	22	3	4	329508/1853357
17	22	4	4	87480/1853357
17	23	2	4	5846580/346577759
17	23	3	4	5846580/346577759
17	23	4	4	443232/346577759
17	24	2	4	-1036716732/324050204665
17	24	3	4	-1036716732/324050204665
17	24	4	4	-41780448/19061776745
17	25	2	4	-1250657820/712910450263
17	25	3	4	-1250657820/712910450263
17	25	4	4	4648337280/12119477654471
17	38	1	9	4
17	38	9	9	2
17	39	8	8	1008/629
17	40	8	8	508032/395641
17	41	8	8	256048128/248858189
17	42	8	8	129048256512/156531800881
17	43	8	8	65040321282048/98458502754149
17	44	1	5	4/3
17	44	1	7	4/3
17	44	1	8	4/3
17	44	5	5	2/3
17	44	7	7	2/3
17	44	8	8	2/3
17	45	4	4	28/51
17	45	6	6	28/51
17	45	7	7	28/51
17	46	4	4	392/867
17	46	6	6	392/867
17	46	7	7	392/867
17	47	4	4	5488/14739
17	47	6	6	5488/14739
17	47	7	7	5488/14739
17	48	4	4	76832/250563
17	48	6	6	76832/250563
17	48	7	7	76832/250563
17	49	4	4	1075648/4259571
17	49	6	6	1075648/4259571
17	49	7	7	1075648/4259571
17	104	1	1	1
18	20	5	5	12
18	21	4	4	360/187
18	22	4	4	268272/1853357
18	23	4	4	-10199520/346577759
18	24	4	4	-3533523264/324050204665
18	25	4	4	-3595777920/12119477654471
18	44	1	9	8
18	44	9	9	4
18	45	8	8	512/153
18	46	8	8	65536/23409
18	47	8	8	8388608/3581577
18	48	8	8	1073741824/547981281
18	49	8	8	137438953472/83841135993
18	110	1	1	1
19	26	2	2	20
19	27	1	1	-24/17
19	28	1	1	-396/1445
19	29	1	1	8856/122825
19	30	1	1	5832/614125
19	31	1	1	-5182704/887410625
19	50	1	2	10
19	50	2	2	5
19	51	1	1	585/119
19	52	1	1	68445/14161
19	53	1	1	8008065/1685159
19	54	1	1	936943605/200533921
19	55	1	1	109622401785/23863536599
20	26	2	2	2
20	26	2	3	4
20	26	2	4	4
20	26	2	6	4
20	27	1	1	48/85
20	27	1	2	-16/85
20	27	1	3	-16/85
20	27	1	5	-16/85
20	28	1	1	11736/93925
20	28	1	2	-5648/93925
20	28	1	3	-5648/93925
20	28	1	5	-5648/93925
20	29	1	1	126144/7983625
20	29	1	2	74432/7983625
20	29	1	3	74432/7983625
20	29	1	5	74432/7983625
20	30	1	1	-1404864/678608125
20	30	1	2	1724032/678608125
20	30	1	3	1724032/678608125
20	30	1	5	1724032/678608125
20	31	1	1	-100901376/57681690625
20	31	1	2	-42562048/57681690625
20	31	1	3	-42562048/57681690625
20	31	1	5	-42562048/57681690625
20	32	2	2	6
20	33	1	1	-216/527
20	34	1	1	-17982/212381
20	35	1	1	40293288/1902721379
20	36	1	1	3096450828/1002734166733
20	37	1	1	-918072121968/528440905868291
20	50	1	3	1
20	50	1	4	1
20	50	1	6	1
20	50	1	10	1
20	50	3	3	1/2
20	50	4	4	1/2
20	50	6	6	1/2
20	50	10	10	1/2
20	51	2	2	54/119
20	51	3	3	54/119
20	51	5	5	54/119
20	51	9	9	54/119
20	52	2	2	5832/14161
20	52	3	3	5832/14161
20	52	5	5	5832/14161
20	52	9	9	5832/14161
20	53	2	2	629856/1685159
20	53	3	3	629856/1685159
20	53	5	5	629856/1685159
20	53	9	9	629856/1685159
20	54	2	2	68024448/200533921
20	54	3	3	68024448/200533921
20	54	5	5	68024448/200533921
20	54	9	9	68024448/200533921
20	55	2	2	7346640384/23863536599
20	55	3	3	7346640384/23863536599
20	55	5	5	7346640384/23863536599
20	55	9	9	7346640384/23863536599
20	56	1	2	6
20	56	2	2	3
20	57	1	1	1458/493
20	58	1	1	708588/243049
20	59	1	1	344373768/119823157
20	60	1	1	167365651248/59072816401
20	61	1	1	81339706506528/29122898485693
21	26	2	3	4/3
21	26	2	4	4/3
21	26	2	5	4/3
21	26	2	6	4/3
21	26	2	7	4/3
21	26	2	8	4/3
21	26	3	3	2/3
21	26	4	4	2/3
21	26	6	6	2/3
21	27	1	2	104/255
21	27	1	3	104/255
21	27	1	4	-8/255
21	27	1	5	104/255
21	27	1	6	-8/255
21	27	1	7	-8/255
21	27	2	2	-76/765
21	27	3	3	-76/765
21	27	5	5	-76/765
21	28	1	2	29332/281775
21	28	1	3	29332/281775
21	28	1	4	-5612/281775
21	28	1	5	29332/281775
21	28	1	6	-5612/281775
21	28	1	7	-5612/281775
21	28	2	2	11354/2535975
21	28	3	3	11354/2535975
21	28	5	5	11354/2535975
21	29	1	2	35384/1842375
21	29	1	3	35384/1842375
21	29	1	4	34504/23950875
21	29	1	5	35384/1842375
21	29	1	6	34504/23950875
21	29	1	7	34504/23950875
21	29	2	2	1558988/646673625
21	29	3	3	1558988/646673625
21	29	5	5	1558988/646673625
21	30	1	2	679544/678608125
21	30	1	3	679544/678608125
21	30	1	4	580984/678608125
21	30	1	5	679544/678608125
21	30	1	6	580984/678608125
21	30	1	7	580984/678608125
21	30	2	2	-96483724/164901774375
21	30	3	3	-96483724/164901774375
21	30	5	5	-96483724/164901774375
21	31	1	2	-12342896/13311159375
21	31	1	3	-12342896/13311159375
21	31	1	4	-18354064/173045071875
21	31	1	5	-12342896/13311159375
21	31	1	6	-18354064/173045071875
21	31	1	7	-18354064/173045071875
21	31	2	2	-2169588568/42049952465625
21	31	3	3	-2169588568/42049952465625
21	31	5	5	-2169588568/42049952465625
21	32	2	4	4
21	32	2	6	4
21	33	1	3	-108/527
21	33	1	5	-108/527
21	34	1	3	-205659/3610477
21	34	1	5	-205659/3610477
21	35	1	3	18705411/1902721379
21	35	1	5	18705411/1902721379
21	36	1	3	4516199469/2005468333466
21	36	1	5	4516199469/2005468333466
21	37	1	3	-795482953443/1056881811736582
21	37	1	5	-795482953443/1056881811736582
21	38	2	2	2
21	39	1	1	-84/629
21	40	1	1	-147942/5143333
21	41	1	1	22493268/3235156457
21	42	1	1	2203079796/2034913411453
21	43	1	1	-736228847592/1279960535803937
21	50	1	5	1/3
21	50	1	7	1/3
21	50	1	8	1/3
21	50	1	11	1/3
21	50	1	12	1/3
21	50	1	14	1/3
21	50	5	5	1/6
21	50	7	7	1/6
21	50	8	8	1/6
21	50	11	11	1/6
21	50	12	12	1/6
21	50	14	14	1/6
21	51	4	4	97/714
21	51	6	6	97/714
21	51	7	7	97/714
21	51	10	10	97/714
21	51	11	11	97/714
21	51	13	13	97/714
21	52	4	4	9409/84966
21	52	6	6	9409/84966
21	52	7	7	9409/84966
21	52	10	10	9409/84966
21	52	11	11	9409/84966
21	52	13	13	9409/84966
21	53	4	4	912673/10110954
21	53	6	6	912673/10110954
21	53	7	7	912673/10110954
21	53	10	10	912673/10110954
21	53	11	11	912673/10110954
21	53	13	13	912673/10110954
21	54	4	4	88529281/1203203526
21	54	6	6	88529281/1203203526
21	54	7	7	88529281/1203203526
21	54	10	10	88529281/1203203526
21	54	11	11	88529281/1203203526
21	54	13	13	88529281/1203203526
21	55	4	4	8587340257/143181219594
21	55	6	6	8587340257/143181219594
21	55	7	7	8587340257/143181219594
21	55	10	10	8587340257/143181219594
21	55	11	11	8587340257/143181219594
21	55	13	13	8587340257/143181219594
21	56	1	6	2
21	56	1	10	2
21	56	6	6	1
21	56	10	10	1
21	57	5	5	873/986
21	57	9	9	873/986
21	58	5	5	762129/972196
21	58	9	9	762129/972196
21	59	5	5	665338617/958585256
21	59	9	9	665338617/958585256
21	60	5	5	580840612641/945165062416
21	60	9	9	580840612641/945165062416
21	61	5	5	507073854835593/931932751542176
21	61	9	9	507073854835593/931932751542176
21	62	1	2	4
21	62	2	2	2
21	63	1	1	873/442
21	64	1	1	762129/390728
21	65	1	1	665338617/345403552
21	66	1	1	580840612641/305336739968
21	67	1	1	507073854835593/269917678131712
22	26	2	5	2
22	26	2	7	2
22	26	2	8	2
22	26	2	9	2
22	27	1	4	56/85
22	27	1	6	56/85
22	27	1	7	56/85
22	28	1	4	17864/93925
22	28	1	6	17864/93925
22	28	1	7	17864/93925
22	28	1	8	-504/18785
22	29	1	4	359072/7983625
22	29	1	6	359072/7983625
22	29	1	7	359072/7983625
22	30	1	4	4832576/678608125
22	30	1	6	4832576/678608125
22	30	1	7	4832576/678608125
22	30	1	8	28224/27144325
22	31	1	4	-6936832/57681690625
22	31	1	6	-6936832/57681690625
22	31	1	7	-6936832/57681690625
22	32	4	4	3
22	32	6	6	3
22	33	3	3	-270/527
22	33	5	5	-270/527
22	34	3	3	157707/3610477
22	34	5	5	157707/3610477
22	35	3	3	14281110/1902721379
22	35	5	5	14281110/1902721379
22	36	3	3	-3275684226/1002734166733
22	36	5	5	-3275684226/1002734166733
22	37	3	3	88768361700/528440905868291
22	37	5	5	88768361700/528440905868291
22	38	2	6	6
22	39	1	5	-216/629
22	40	1	5	-402408/5143333
22	41	1	5	50738400/3235156457
22	42	1	5	5605018560/2034913411453
22	43	1	5	-1459860081408/1279960535803937
22	50	1	9	1/2
22	50	1	13	1/2
22	50	1	15	1/2
22	50	1	16	1/2
22	50	9	9	1/4
22	50	13	13	1/4
22	50	15	15	1/4
22	50	16	16	1/4
22	51	8	8	3/17
22	51	12	12	3/17
22	51	14	14	3/17
22	51	15	15	3/17
22	52	8	8	36/289
22	52	12	12	36/289
22	52	14	14	36/289
22	52	15	15	36/289
22	53	8	8	432/4913
22	53	12	12	432/4913
22	53	14	14	432/4913
22	53	15	15	432/4913
22	54	8	8	5184/83521
22	54	12	12	5184/83521
22	54	14	14	5184/83521
22	54	15	15	5184/83521
22	55	8	8	62208/1419857
22	55	12	12	62208/1419857
22	55	14	14	62208/1419857
22	55	15	15	62208/1419857
22	62	1	10	6
22	62	10	10	3
22	63	9	9	567/221
22	64	9	9	107163/48841
22	65	9	9	20253807/10793861
22	66	9	9	3827969523/2385443281
22	67	9	9	723486239847/527182965101
22	68	1	2	2
22	68	2	2	1
22	69	1	1	84/85
22	70	1	1	7056/7225
22	71	1	1	592704/614125
22	72	1	1	49787136/52200625
22	73	1	1	4182119424/4437053125
23	26	2	9	8
23	27	1	8	48/17
23	28	1	8	17064/18785
23	29	1	8	82512/319345
23	30	1	8	97488/1596725
23	31	1	8	923616/92290705
23	38	6	6	12
23	39	5	5	-1512/629
23	40	5	5	1649484/5143333
23	41	5	5	612360/3235156457
23	42	5	5	-1576652040/119700788909
23	43	5	5	3609815905584/1279960535803937
23	50	1	17	2
23	50	17	17	1
23	51	16	16	69/119
23	52	16	16	4761/14161
23	53	16	16	328509/1685159
23	54	16	16	22667121/200533921
23	55	16	16	1564031349/23863536599
23	68	1	10	8
23	68	10	10	4
23	69	9	9	276/85
23	70	9	9	19044/7225
23	71	9	9	1314036/614125
23	72	9	9	90668484/52200625
23	73	9	9	6256125396/4437053125
24	26	3	3	2
24	26	4	4	2
24	26	6	6	2
24	27	2	2	104/255
24	27	3	3	104/255
24	27	5	5	104/255
24	28	2	2	2632/49725
24	28	3	3	2632/49725
24	28	5	5	2632/49725
24	29	2	2	-25504/16581375
24	29	3	3	-25504/16581375
24	29	5	5	-25504/16581375
24	30	2	2	-151993024/54967258125
24	30	3	3	-151993024/54967258125
24	30	5	5	-151993024/54967258125
24	31	2	2	-552353536/1078203909375
24	31	3	3	-552353536/1078203909375
24	31	5	5	-552353536/1078203909375
24	32	2	8	12
24	33	1	7	-216/527
24	34	1	7	-662580/3610477
24	35	1	7	37598904/1902721379
24	36	1	7	8047578744/1002734166733
24	37	1	7	-62021675376/40649300451407
24	44	2	2	2
24	45	1	1	-20/153
24	46	1	1	-8902/304317
24	47	1	1	319060/46560501
24	48	1	1	8058356/7123756653
24	49	1	1	-622557800/1089934767909
24	56	1	14	6
24	56	14	14	3
24	57	13	13	1278/493
24	58	13	13	544428/243049
24	59	13	13	231926328/119823157
24	60	13	13	98800615728/59072816401
24	61	13	13	42089062300128/29122898485693
24	74	1	2	4
24	74	2	2	2
24	75	1	1	639/323
24	76	1	1	408321/208658
24	77	1	1	260917119/134793068
24	78	1	1	166726039041/87076321928
24	79	1	1	106537938947199/56251303965488
25	26	3	4	8/3
25	26	3	6	8/3
25	26	4	6	8/3
25	27	2	3	-64/765
25	27	2	5	-64/765
25	27	3	5	-64/765
25	28	2	3	-100864/2535975
25	28	2	5	-100864/2535975
25	28	3	5	-100864/2535975
25	29	2	3	2527232/646673625
25	29	2	5	2527232/646673625
25	29	3	5	2527232/646673625
25	30	2	3	93421568/54967258125
25	30	2	5	93421568/54967258125
25	30	3	5	93421568/54967258125
25	31	2	3	-12297961472/42049952465625
25	31	2	5	-12297961472/42049952465625
25	31	3	5	-12297961472/42049952465625
25	32	2	2	4
25	32	2	3	8
25	33	1	1	600/527
25	33	1	2	-192/527
25	34	1	1	920016/3610477
25	34	1	2	-440064/3610477
25	35	1	1	63007200/1902721379
25	35	1	2	34560000/1902721379
25	36	1	1	-232415424/58984362749
25	36	1	2	5250170880/1002734166733
25	37	1	1	-1884376656000/528440905868291
25	37	1	2	-764939206656/528440905868291
25	56	1	3	4
25	56	1	4	4
25	56	3	3	2
25	56	4	4	2
25	57	2	2	896/493
25	57	3	3	896/493
25	58	2	2	401408/243049
25	58	3	3	401408/243049
25	59	2	2	179830784/119823157
25	59	3	3	179830784/119823157
25	60	2	2	80564191232/59072816401
25	60	3	3	80564191232/59072816401
25	61	2	2	36092757671936/29122898485693
25	61	3	3	36092757671936/29122898485693
25	80	1	2	2
25	80	2	2	1
25	81	1	1	84/85
25	82	1	1	7056/7225
25	83	1	1	592704/614125
25	84	1	1	49787136/52200625
25	85	1	1	4182119424/4437053125
26	26	3	4	2/3
26	26	3	5	2/3
26	26	3	6	2/3
26	26	3	7	2/3
26	26	4	5	2/3
26	26	4	6	2/3
26	26	4	8	2/3
26	26	6	7	2/3
26	26	6	8	2/3
26	27	2	3	164/765
26	27	2	4	-4/45
26	27	2	5	164/765
26	27	2	6	-4/45
26	27	3	4	-4/45
26	27	3	5	164/765
26	27	3	7	-4/45
26	27	5	6	-4/45
26	27	5	7	-4/45
26	28	2	3	151274/2535975
26	28	2	4	6506/2535975
26	28	2	5	151274/2535975
26	28	2	6	6506/2535975
26	28	3	4	6506/2535975
26	28	3	5	151274/2535975
26	28	3	7	6506/2535975
26	28	5	6	6506/2535975
26	28	5	7	6506/2535975
26	29	2	3	8542268/646673625
26	29	2	4	81188/38039625
26	29	2	5	8542268/646673625
26	29	2	6	81188/38039625
26	29	3	4	81188/38039625
26	29	3	5	8542268/646673625
26	29	3	7	81188/38039625
26	29	5	6	81188/38039625
26	29	5	7	81188/38039625
26	30	2	3	95679292/54967258125
26	30	2	4	-22325188/54967258125
26	30	2	5	95679292/54967258125
26	30	2	6	-22325188/54967258125
26	30	3	4	-22325188/54967258125
26	30	3	5	95679292/54967258125
26	30	3	7	-22325188/54967258125
26	30	5	6	-22325188/54967258125
26	30	5	7	-22325188/54967258125
26	31	2	3	-8189579768/42049952465625
26	31	2	4	-141238472/2473526615625
26	31	2	5	-8189579768/42049952465625
26	31	2	6	-141238472/2473526615625
26	31	3	4	-141238472/2473526615625
26	31	3	5	-8189579768/42049952465625
26	31	3	7	-141238472/2473526615625
26	31	5	6	-141238472/2473526615625
26	31	5	7	-141238472/2473526615625
26	32	2	4	2
26	32	2	5	2
26	32	2	6	2
26	32	2	7	2
26	32	4	6	2
26	33	1	3	318/527
26	33	1	4	-30/527
26	33	1	5	318/527
26	33	1	6	-30/527
26	33	3	5	6/527
26	34	1	3	1095597/7220954
26	34	1	4	-12195/424762
26	34	1	5	1095597/7220954
26	34	1	6	-12195/424762
26	34	3	5	-218547/7220954
26	35	1	3	104553153/3805442758
26	35	1	4	9680175/3805442758
26	35	1	5	104553153/3805442758
26	35	1	6	9680175/3805442758
26	35	3	5	-1969731/3805442758
26	36	1	3	5356123389/4010936666932
26	36	1	4	4743654525/4010936666932
26	36	1	5	5356123389/4010936666932
26	36	1	6	4743654525/4010936666932
26	36	3	5	312122637/235937450996
26	37	1	3	-2801628054729/2113763623473164
26	37	1	4	-385025214375/2113763623473164
26	37	1	5	-2801628054729/2113763623473164
26	37	1	6	-385025214375/2113763623473164
26	37	3	5	79827707547/2113763623473164
26	38	2	3	2
26	38	2	4	2
26	39	1	2	-60/629
26	39	1	3	-60/629
26	40	1	2	-150870/5143333
26	40	1	3	-150870/5143333
26	41	1	2	14982300/3235156457
26	41	1	3	14982300/3235156457
26	42	1	2	2454450100/2034913411453
26	42	1	3	2454450100/2034913411453
26	43	1	2	-459746115000/1279960535803937
26	43	1	3	-459746115000/1279960535803937
26	56	1	7	1
26	56	1	8	1
26	56	1	11	1
26	56	1	12	1
26	56	7	7	1/2
26	56	8	8	1/2
26	56	11	11	1/2
26	56	12	12	1/2
26	57	6	6	785/1972
26	57	7	7	785/1972
26	57	10	10	785/1972
26	57	11	11	785/1972
26	58	6	6	616225/1944392
26	58	7	7	616225/1944392
26	58	10	10	616225/1944392
26	58	11	11	616225/1944392
26	59	6	6	483736625/1917170512
26	59	7	7	483736625/1917170512
26	59	10	10	483736625/1917170512
26	59	11	11	483736625/1917170512
26	60	6	6	379733250625/1890330124832
26	60	7	7	379733250625/1890330124832
26	60	10	10	379733250625/1890330124832
26	60	11	11	379733250625/1890330124832
26	61	6	6	298090601740625/1863865503084352
26	61	7	7	298090601740625/1863865503084352
26	61	10	10	298090601740625/1863865503084352
26	61	11	11	298090601740625/1863865503084352
26	62	1	4	2
26	62	1	6	2
26	62	4	4	1
26	62	6	6	1
26	63	3	3	785/884
26	63	5	5	785/884
26	64	3	3	616225/781456
26	64	5	5	616225/781456
26	65	3	3	483736625/690807104
26	65	5	5	483736625/690807104
26	66	3	3	379733250625/610673479936
26	66	5	5	379733250625/610673479936
26	67	3	3	298090601740625/539835356263424
26	67	5	5	298090601740625/539835356263424
26	86	1	2	2
26	86	2	2	1
26	87	1	1	471/476
26	88	1	1	221841/226576
26	89	1	1	104487111/107850176
26	90	1	1	49213429281/51336683776
26	91	1	1	23179525191351/24436261477376
27	26	3	5	2/3
27	26	3	7	2/3
27	26	4	5	2/3
27	26	4	8	2/3
27	26	6	7	2/3
27	26	6	8	2/3
27	27	2	4	112/765
27	27	2	6	112/765
27	27	3	4	112/765
27	27	3	7	112/765
27	27	5	6	112/765
27	27	5	7	112/765
27	28	2	4	58976/2535975
27	28	2	6	58976/2535975
27	28	3	4	58976/2535975
27	28	3	7	58976/2535975
27	28	5	6	58976/2535975
27	28	5	7	58976/2535975
27	29	2	4	775936/646673625
27	29	2	6	775936/646673625
27	29	3	4	775936/646673625
27	29	3	7	775936/646673625
27	29	5	6	775936/646673625
27	29	5	7	775936/646673625
27	30	2	4	-12471296/18322419375
27	30	2	6	-12471296/18322419375
27	30	3	4	-12471296/18322419375
27	30	3	7	-12471296/18322419375
27	30	5	6	-12471296/18322419375
27	30	5	7	-12471296/18322419375
27	31	2	4	-9465831424/42049952465625
27	31	2	6	-9465831424/42049952465625
27	31	3	4	-9465831424/42049952465625
27	31	3	7	-9465831424/42049952465625
27	31	5	6	-9465831424/42049952465625
27	31	5	7	-9465831424/42049952465625
27	32	2	8	2
27	32	2	9	2
27	32	4	4	1
27	32	4	8	2
27	32	6	6	1
27	32	6	8	2
27	33	1	7	336/527
27	33	1	8	-12/527
27	33	3	3	96/527
27	33	3	7	-120/527
27	33	5	5	96/527
27	33	5	7	-120/527
27	34	1	7	628920/3610477
27	34	1	8	-103968/3610477
27	34	3	3	67356/3610477
27	34	3	7	-11304/3610477
27	34	5	5	67356/3610477
27	34	5	7	-11304/3610477
27	35	1	7	70410816/1902721379
27	35	1	8	1882656/1902721379
27	35	3	3	-3604608/1902721379
27	35	3	7	13266720/1902721379
27	35	5	5	-3604608/1902721379
27	35	5	7	13266720/1902721379
27	36	1	7	4169346624/1002734166733
27	36	1	8	92318112/77133397441
27	36	3	3	-1184854752/1002734166733
27	36	3	7	-706205376/1002734166733
27	36	5	5	-1184854752/1002734166733
27	36	5	7	-706205376/1002734166733
27	37	1	7	-467519012352/528440905868291
27	37	1	8	-36456440256/528440905868291
27	37	3	3	-64600630272/528440905868291
27	37	3	7	-160453267200/528440905868291
27	37	5	5	-64600630272/528440905868291
27	37	5	7	-160453267200/528440905868291
27	38	2	7	2
27	38	2	8	2
27	39	1	6	-48/629
27	39	1	7	-48/629
27	40	1	6	-151968/5143333
27	40	1	7	-151968/5143333
27	41	1	6	11660544/3235156457
27	41	1	7	11660544/3235156457
27	42	1	6	2528367616/2034913411453
27	42	1	7	2528367616/2034913411453
27	43	1	6	-348732678144/1279960535803937
27	43	1	7	-348732678144/1279960535803937
27	44	2	3	2/3
27	44	2	4	2/3
27	44	2	6	2/3
27	45	1	2	-16/459
27	45	1	3	-16/459
27	45	1	5	-16/459
27	46	1	2	-8488/912951
27	46	1	3	-8488/912951
27	46	1	5	-8488/912951
27	47	1	2	230336/139681503
27	47	1	3	230336/139681503
27	47	1	5	230336/139681503
27	48	1	2	7659584/21371269959
27	48	1	3	7659584/21371269959
27	48	1	5	7659584/21371269959
27	49	1	2	-406931968/3269804303727
27	49	1	3	-406931968/3269804303727
27	49	1	5	-406931968/3269804303727
27	56	1	15	1
27	56	1	16	1
27	56	15	15	1/2
27	56	16	16	1/2
27	57	14	14	188/493
27	57	15	15	188/493
27	58	14	14	70688/243049
27	58	15	15	70688/243049
27	59	14	14	26578688/119823157
27	59	15	15	26578688/119823157
27	60	14	14	9993586688/59072816401
27	60	15	15	9993586688/59072816401
27	61	14	14	3757588594688/29122898485693
27	61	15	15	3757588594688/29122898485693
27	62	1	12	2
27	62	1	14	2
27	62	12	12	1
27	62	14	14	1
27	63	11	11	188/221
27	63	13	13	188/221
27	64	11	11	35344/48841
27	64	13	13	35344/48841
27	65	11	11	6644672/10793861
27	65	13	13	6644672/10793861
27	66	11	11	1249198336/2385443281
27	66	13	13	1249198336/2385443281
27	67	11	11	234849287168/527182965101
27	67	13	13	234849287168/527182965101
27	74	1	4	2/3
27	74	1	6	2/3
27	74	1	10	2/3
27	74	4	4	1/3
27	74	6	6	1/3
27	74	10	10	1/3
27	75	3	3	94/323
27	75	5	5	94/323
27	75	9	9	94/323
27	76	3	3	26508/104329
27	76	5	5	26508/104329
27	76	9	9	26508/104329
27	77	3	3	7475256/33698267
27	77	5	5	7475256/33698267
27	77	9	9	7475256/33698267
27	78	3	3	2108022192/10884540241
27	78	5	5	2108022192/10884540241
27	78	9	9	2108022192/10884540241
27	79	3	3	594462258144/3515706497843
27	79	5	5	594462258144/3515706497843
27	79	9	9	594462258144/3515706497843
27	92	1	2	2
27	92	2	2	1
27	93	1	1	1128/1139
27	94	1	1	1272384/1297321
27	95	1	1	1435249152/1477648619
27	96	1	1	1618961043456/1683041777041
27	97	1	1	1826188057018368/1916984584049699
28	26	3	8	4/3
28	26	4	7	4/3
28	26	5	6	4/3
28	27	2	7	-16/765
28	27	3	6	-16/765
28	27	4	5	-16/765
28	28	2	7	-47408/2535975
28	28	3	6	-47408/2535975
28	28	4	5	-47408/2535975
28	29	2	7	33856/38039625
28	29	3	6	33856/38039625
28	29	4	5	33856/38039625
28	30	2	7	124665472/164901774375
28	30	3	6	124665472/164901774375
28	30	4	5	124665472/164901774375
28	31	2	7	-2554843648/42049952465625
28	31	3	6	-2554843648/42049952465625
28	31	4	5	-2554843648/42049952465625
28	32	2	3	4
28	32	3	3	2
28	32	3	4	4
28	32	3	6	4
28	33	1	2	648/527
28	33	2	2	-156/527
28	33	2	3	-72/527
28	33	2	5	-72/527
28	34	1	2	1140372/3610477
28	34	2	2	46026/3610477
28	34	2	3	-12204/212381
28	34	2	5	-12204/212381
28	35	1	2	112061880/1902721379
28	35	2	2	1069740/146363183
28	35	2	3	11809800/1902721379
28	35	2	5	11809800/1902721379
28	36	1	2	252969480/77133397441
28	36	2	2	-102006540/58984362749
28	36	2	3	2364814440/1002734166733
28	36	2	5	2364814440/1002734166733
28	37	1	2	-1470553251696/528440905868291
28	37	2	2	-6763582296/40649300451407
28	37	2	3	-238604487696/528440905868291
28	37	2	5	-238604487696/528440905868291
28	38	2	2	2
28	39	1	1	360/629
28	40	1	1	663912/5143333
28	41	1	1	55248480/3235156457
28	42	1	1	-3864533184/2034913411453
28	43	1	1	-2310746745600/1279960535803937
28	56	1	5	2
28	56	5	5	1
28	57	4	4	402/493
28	58	4	4	161604/243049
28	59	4	4	64964808/119823157
28	60	4	4	26115852816/59072816401
28	61	4	4	10498572832032/29122898485693
28	62	1	3	4
28	62	3	3	2
28	63	2	2	402/221
28	64	2	2	80802/48841
28	65	2	2	16241202/10793861
28	66	2	2	3264481602/2385443281
28	67	2	2	656160802002/527182965101
28	80	1	3	1
28	80	1	4	1
28	80	1	6	1
28	80	1	10	1
28	80	3	3	1/2
28	80	4	4	1/2
28	80	6	6	1/2
28	80	10	10	1/2
28	81	2	2	603/1360
28	81	3	3	603/1360
28	81	5	5	603/1360
28	81	9	9	603/1360
28	82	2	2	363609/924800
28	82	3	3	363609/924800
28	82	5	5	363609/924800
28	82	9	9	363609/924800
28	83	2	2	219256227/628864000
28	83	3	3	219256227/628864000
28	83	5	5	219256227/628864000
28	83	9	9	219256227/628864000
28	84	2	2	132211504881/427627520000
28	84	3	3	132211504881/427627520000
28	84	5	5	132211504881/427627520000
28	84	9	9	132211504881/427627520000
28	85	2	2	79723537443243/290786713600000
28	85	3	3	79723537443243/290786713600000
28	85	5	5	79723537443243/290786713600000
28	85	9	9	79723537443243/290786713600000
29	26	3	8	2/3
29	26	3	9	2/3
29	26	4	7	2/3
29	26	4	9	2/3
29	26	5	6	2/3
29	26	6	9	2/3
29	27	2	7	172/765
29	27	2	8	-4/51
29	27	3	6	172/765
29	27	3	8	-4/51
29	27	4	5	172/765
29	27	5	8	-4/51
29	28	2	7	171866/2535975
29	28	2	8	22/18785
29	28	3	6	171866/2535975
29	28	3	8	22/18785
29	28	4	5	171866/2535975
29	28	5	8	22/18785
29	29	2	7	11266516/646673625
29	29	2	8	1684/958035
29	29	3	6	11266516/646673625
29	29	3	8	1684/958035
29	29	4	5	11266516/646673625
29	29	5	8	1684/958035
29	30	2	7	561995636/164901774375
29	30	2	8	-11212/43111575
29	30	3	6	561995636/164901774375
29	30	3	8	-11212/43111575
29	30	4	5	561995636/164901774375
29	30	5	8	-11212/43111575
29	31	2	7	12306506776/42049952465625
29	31	2	8	-122792/2491849035
29	31	3	6	12306506776/42049952465625
29	31	3	8	-122792/2491849035
29	31	4	5	12306506776/42049952465625
29	31	5	8	-122792/2491849035
29	32	2	5	2
29	32	2	7	2
29	32	4	5	2
29	32	6	7	2
29	33	1	4	342/527
29	33	1	6	342/527
29	33	3	4	-162/527
29	33	5	6	-162/527
29	34	1	4	1330533/7220954
29	34	1	6	1330533/7220954
29	34	3	4	151173/7220954
29	34	5	6	151173/7220954
29	35	1	4	162541485/3805442758
29	35	1	6	162541485/3805442758
29	35	3	4	18534825/3805442758
29	35	5	6	18534825/3805442758
29	36	1	4	26265692205/4010936666932
29	36	1	6	26265692205/4010936666932
29	36	3	4	-6471073395/4010936666932
29	36	5	6	-6471073395/4010936666932
29	37	1	4	-365276231181/2113763623473164
29	37	1	6	-365276231181/2113763623473164
29	37	3	4	32356693431/2113763623473164
29	37	5	6	32356693431/2113763623473164
29	38	2	6	2
29	38	3	3	1
29	38	3	6	2
29	38	4	4	1
29	38	4	6	2
29	39	1	5	372/629
29	39	2	2	-106/629
29	39	2	5	12/629
29	39	3	3	-106/629
29	39	3	5	12/629
29	40	1	5	748314/5143333
29	40	2	2	70477/5143333
29	40	2	5	-8838/302549
29	40	3	3	70477/5143333
29	40	3	5	-8838/302549
29	41	1	5	82946700/3235156457
29	41	2	2	8554730/3235156457
29	41	2	5	-2715660/3235156457
29	41	3	3	8554730/3235156457
29	41	3	5	-2715660/3235156457
29	42	1	5	2276764020/2034913411453
29	42	2	2	-7560710/7041222877
29	42	2	5	2506933620/2034913411453
29	42	3	3	-7560710/7041222877
29	42	3	5	2506933620/2034913411453
29	43	1	5	-1578430395864/1279960535803937
29	43	2	2	53349441932/1279960535803937
29	43	2	5	75860306136/1279960535803937
29	43	3	3	53349441932/1279960535803937
29	43	3	5	75860306136/1279960535803937
29	56	1	9	1
29	56	1	13	1
29	56	9	9	1/2
29	56	13	13	1/2
29	57	8	8	681/1972
29	57	12	12	681/1972
29	58	8	8	463761/1944392
29	58	12	12	463761/1944392
29	59	8	8	315821241/1917170512
29	59	12	12	315821241/1917170512
29	60	8	8	215074265121/1890330124832
29	60	12	12	215074265121/1890330124832
29	61	8	8	146465574547401/1863865503084352
29	61	12	12	146465574547401/1863865503084352
29	62	1	11	2
29	62	11	11	1
29	63	10	10	681/884
29	64	10	10	463761/781456
29	65	10	10	315821241/690807104
29	66	10	10	215074265121/610673479936
29	67	10	10	146465574547401/539835356263424
29	68	1	3	2/3
29	68	1	4	2/3
29	68	1	6	2/3
29	68	3	3	1/3
29	68	4	4	1/3
29	68	6	6	1/3
29	69	2	2	227/765
29	69	3	3	227/765
29	69	5	5	227/765
29	70	2	2	51529/195075
29	70	3	3	51529/195075
29	70	5	5	51529/195075
29	71	2	2	11697083/49744125
29	71	3	3	11697083/49744125
29	71	5	5	11697083/49744125
29	72	2	2	2655237841/12684751875
29	72	3	3	2655237841/12684751875
29	72	5	5	2655237841/12684751875
29	73	2	2	602738989907/3234611728125
29	73	3	3	602738989907/3234611728125
29	73	5	5	602738989907/3234611728125
29	86	1	6	2
29	86	1	10	2
29	86	6	6	1
29	86	10	10	1
29	87	5	5	2043/2380
29	87	9	9	2043/2380
29	88	5	5	4173849/5664400
29	88	9	9	4173849/5664400
29	89	5	5	8527173507/13481272000
29	89	9	9	8527173507/13481272000
29	90	5	5	17421015474801/32085427360000
29	90	9	9	17421015474801/32085427360000
29	91	5	5	35591134615018443/76363317116800000
29	91	9	9	35591134615018443/76363317116800000
30	26	3	9	4/3
30	26	4	9	4/3
30	26	6	9	4/3
30	27	2	8	16/51
30	27	3	8	16/51
30	27	5	8	16/51
30	28	2	8	1104/18785
30	28	3	8	1104/18785
30	28	5	8	1104/18785
30	29	2	8	6464/958035
30	29	3	8	6464/958035
30	29	5	8	6464/958035
30	30	2	8	-308608/732896775
30	30	3	8	-308608/732896775
30	30	5	8	-308608/732896775
30	31	2	8	-1050112/2491849035
30	31	3	8	-1050112/2491849035
30	31	5	8	-1050112/2491849035
30	32	2	9	4
30	33	1	8	720/527
30	34	1	8	88668/212381
30	35	1	8	207444240/1902721379
30	36	1	8	21841649352/1002734166733
30	37	1	8	1051538176800/528440905868291
30	38	6	6	2
30	38	6	7	4
30	38	6	8	4
30	39	5	5	192/629
30	39	5	6	-336/629
30	39	5	7	-336/629
30	40	5	5	98424/5143333
30	40	5	6	84528/5143333
30	40	5	7	84528/5143333
30	41	5	5	-17660160/3235156457
30	41	5	6	40340160/3235156457
30	41	5	7	40340160/3235156457
30	42	5	5	-3384031680/2034913411453
30	42	5	6	-4936037760/2034913411453
30	42	5	7	-4936037760/2034913411453
30	43	5	5	26030094336/1279960535803937
30	43	5	6	-404385827328/1279960535803937
30	43	5	7	-404385827328/1279960535803937
30	44	3	3	2/3
30	44	4	4	2/3
30	44	6	6	2/3
30	45	2	2	-56/459
30	45	3	3	-56/459
30	45	5	5	-56/459
30	46	2	2	694/53703
30	46	3	3	694/53703
30	46	5	5	694/53703
30	47	2	2	150472/139681503
30	47	3	3	150472/139681503
30	47	5	5	150472/139681503
30	48	2	2	-16216444/21371269959
30	48	3	3	-16216444/21371269959
30	48	5	5	-16216444/21371269959
30	49	2	2	290582992/3269804303727
30	49	3	3	290582992/3269804303727
30	49	5	5	290582992/3269804303727
30	56	1	17	2
30	56	17	17	1
30	57	16	16	318/493
30	58	16	16	101124/243049
30	59	16	16	32157432/119823157
30	60	16	16	10226063376/59072816401
30	61	16	16	3251888153568/29122898485693
30	68	1	11	4/3
30	68	1	12	4/3
30	68	1	14	4/3
30	68	11	11	2/3
30	68	12	12	2/3
30	68	14	14	2/3
30	69	10	10	424/765
30	69	11	11	424/765
30	69	13	13	424/765
30	70	10	10	89888/195075
30	70	11	11	89888/195075
30	70	13	13	89888/195075
30	71	10	10	19056256/49744125
30	71	11	11	19056256/49744125
30	71	13	13	19056256/49744125
30	72	10	10	4039926272/12684751875
30	72	11	11	4039926272/12684751875
30	72	13	13	4039926272/12684751875
30	73	10	10	856464369664/3234611728125
30	73	11	11	856464369664/3234611728125
30	73	13	13	856464369664/3234611728125
30	92	1	10	4
30	92	10	10	2
30	93	9	9	1908/1139
30	94	9	9	1820232/1297321
30	95	9	9	1736501328/1477648619
30	96	9	9	1656622266912/1683041777041
30	97	9	9	1580417642634048/1916984584049699
31	26	5	5	4/3
31	26	7	7	4/3
31	26	8	8	4/3
31	27	4	4	-248/765
31	27	6	6	-248/765
31	27	7	7	-248/765
31	28	4	4	160468/2535975
31	28	6	6	160468/2535975
31	28	7	7	160468/2535975
31	29	4	4	-5060936/646673625
31	29	6	6	-5060936/646673625
31	29	7	7	-5060936/646673625
31	30	4	4	-54483608/164901774375
31	30	6	6	-54483608/164901774375
31	30	7	7	-54483608/164901774375
31	31	4	4	19547752336/42049952465625
31	31	6	6	19547752336/42049952465625
31	31	7	7	19547752336/42049952465625
31	32	4	6	8
31	33	3	5	1512/527
31	34	3	5	3348378/3610477
31	35	3	5	494266374/1902721379
31	36	3	5	3403710477/58984362749
31	37	3	5	3858298014501/528440905868291
31	38	2	5	8
31	39	1	4	-144/629
31	40	1	4	-549720/5143333
31	41	1	4	30897936/3235156457
31	42	1	4	8331596496/2034913411453
31	43	1	4	-817107266592/1279960535803937
31	62	1	8	8
31	62	8	8	4
31	63	7	7	657/221
31	64	7	7	431649/195364
31	65	7	7	283593393/172701776
31	66	7	7	186320859201/152668369984
31	67	7	7	122412804495057/134958839065856
31	98	1	2	2
31	98	2	2	1
31	99	1	1	219/221
31	100	1	1	47961/48841
31	101	1	1	10503459/10793861
31	102	1	1	2300257521/2385443281
31	103	1	1	503756397099/527182965101
32	26	5	5	2/3
32	26	7	7	2/3
32	26	8	8	2/3
32	27	4	4	56/765
32	27	6	6	56/765
32	27	7	7	56/765
32	28	4	4	-856/2535975
32	28	6	6	-856/2535975
32	28	7	7	-856/2535975
32	29	4	4	-1213408/646673625
32	29	6	6	-1213408/646673625
32	29	7	7	-1213408/646673625
32	30	4	4	-33805504/164901774375
32	30	6	6	-33805504/164901774375
32	30	7	7	-33805504/164901774375
32	31	4	4	2802560768/42049952465625
32	31	6	6	2802560768/42049952465625
32	31	7	7	2802560768/42049952465625
32	32	4	8	4
32	32	6	8	4
32	32	8	8	2
32	33	3	7	504/527
32	33	5	7	504/527
32	33	7	7	-12/31
32	34	3	7	628020/3610477
32	34	5	7	628020/3610477
32	34	7	7	171738/3610477
32	35	3	7	29352456/1902721379
32	35	5	7	29352456/1902721379
32	35	7	7	154764/111924787
32	36	3	7	-3541928472/1002734166733
32	36	5	7	-3541928472/1002734166733
32	36	7	7	-2267187084/1002734166733
32	37	3	7	-934307126928/528440905868291
32	37	5	7	-934307126928/528440905868291
32	37	7	7	12252003624/31084759168723
32	38	2	9	4
32	39	1	8	-48/629
32	40	1	8	-306864/5143333
32	41	1	8	11226816/3235156457
32	42	1	8	5219321472/2034913411453
32	43	1	8	-323971536384/1279960535803937
32	44	2	5	4/3
32	44	2	7	4/3
32	44	2	8	4/3
32	45	1	4	-8/153
32	45	1	6	-8/153
32	45	1	7	-8/153
32	46	1	4	-1916/101439
32	46	1	6	-1916/101439
32	46	1	7	-1916/101439
32	47	1	4	12328/5173389
32	47	1	6	12328/5173389
32	47	1	7	12328/5173389
32	48	1	4	200488/263842839
32	48	1	6	200488/263842839
32	48	1	7	200488/263842839
32	49	1	4	-2338064/13455984789
32	49	1	6	-2338064/13455984789
32	49	1	7	-2338064/13455984789
32	62	1	16	4
32	62	16	16	2
32	63	15	15	354/221
32	64	15	15	62658/48841
32	65	15	15	11090466/10793861
32	66	15	15	1963012482/2385443281
32	67	15	15	347453209314/527182965101
32	74	1	8	4/3
32	74	1	12	4/3
32	74	1	14	4/3
32	74	8	8	2/3
32	74	12	12	2/3
32	74	14	14	2/3
32	75	7	7	177/323
32	75	11	11	177/323
32	75	13	13	177/323
32	76	7	7	93987/208658
32	76	11	11	93987/208658
32	76	13	13	93987/208658
32	77	7	7	49907097/134793068
32	77	11	11	49907097/134793068
32	77	13	13	49907097/134793068
32	78	7	7	26500668507/87076321928
32	78	11	11	26500668507/87076321928
32	78	13	13	26500668507/87076321928
32	79	7	7	14071854977217/56251303965488
32	79	11	11	14071854977217/56251303965488
32	79	13	13	14071854977217/56251303965488
32	104	1	2	2
32	104	2	2	1
32	105	1	1	118/119
32	106	1	1	13924/14161
32	107	1	1	1643032/1685159
32	108	1	1	193877776/200533921
32	109	1	1	22877577568/23863536599
33	26	5	7	2/3
33	26	5	8	2/3
33	26	7	8	2/3
33	27	4	6	-64/765
33	27	4	7	-64/765
33	27	6	7	-64/765
33	28	4	6	5504/2535975
33	28	4	7	5504/2535975
33	28	6	7	5504/2535975
33	29	4	6	1175552/646673625
33	29	4	7	1175552/646673625
33	29	6	7	1175552/646673625
33	30	4	6	-5881856/18322419375
33	30	4	7	-5881856/18322419375
33	30	6	7	-5881856/18322419375
33	31	4	6	-1881669632/42049952465625
33	31	4	7	-1881669632/42049952465625
33	31	6	7	-1881669632/42049952465625
33	32	3	4	2
33	32	3	5	2
33	32	3	6	2
33	32	3	7	2
33	32	4	7	2
33	32	5	6	2
33	33	2	3	336/527
33	33	2	4	-144/527
33	33	2	5	336/527
33	33	2	6	-144/527
33	33	3	6	24/527
33	33	4	5	24/527
33	34	2	3	635616/3610477
33	34	2	4	36576/3610477
33	34	2	5	635616/3610477
33	34	2	6	36576/3610477
33	34	3	6	-94464/3610477
33	34	4	5	-94464/3610477
33	35	2	3	73785600/1902721379
33	35	2	4	11508480/1902721379
33	35	2	5	73785600/1902721379
33	35	2	6	11508480/1902721379
33	35	3	6	-3490560/1902721379
33	35	4	5	-3490560/1902721379
33	36	2	3	303068160/58984362749
33	36	2	4	-1284295680/1002734166733
33	36	2	5	303068160/58984362749
33	36	2	6	-1284295680/1002734166733
33	36	3	6	987333120/1002734166733
33	36	4	5	987333120/1002734166733
33	37	2	3	-276956209152/528440905868291
33	37	2	4	-69540913152/528440905868291
33	37	2	5	-276956209152/528440905868291
33	37	2	6	-69540913152/528440905868291
33	37	3	6	62608177152/528440905868291
33	37	4	5	62608177152/528440905868291
33	38	2	3	2
33	38	2	4	2
33	38	3	4	2
33	39	1	2	384/629
33	39	1	3	384/629
33	39	2	3	-64/629
33	40	1	2	802176/5143333
33	40	1	3	802176/5143333
33	40	2	3	-129664/5143333
33	41	1	2	5529600/190303321
33	41	1	3	5529600/190303321
33	41	2	3	14151680/3235156457
33	42	1	2	3478405120/2034913411453
33	42	1	3	3478405120/2034913411453
33	42	2	3	1781022720/2034913411453
33	43	1	2	-1672555266048/1279960535803937
33	43	1	3	-1672555266048/1279960535803937
33	43	2	3	-383898877952/1279960535803937
33	62	1	5	2
33	62	1	7	2
33	62	5	5	1
33	62	7	7	1
33	63	4	4	176/221
33	63	6	6	176/221
33	64	4	4	30976/48841
33	64	6	6	30976/48841
33	65	4	4	5451776/10793861
33	65	6	6	5451776/10793861
33	66	4	4	959512576/2385443281
33	66	6	6	959512576/2385443281
33	67	4	4	168874213376/527182965101
33	67	6	6	168874213376/527182965101
33	80	1	5	1/2
33	80	1	7	1/2
33	80	1	12	1/2
33	80	1	14	1/2
33	80	5	5	1/4
33	80	7	7	1/4
33	80	12	12	1/4
33	80	14	14	1/4
33	81	4	4	33/170
33	81	6	6	33/170
33	81	11	11	33/170
33	81	13	13	33/170
33	82	4	4	1089/7225
33	82	6	6	1089/7225
33	82	11	11	1089/7225
33	82	13	13	1089/7225
33	83	4	4	71874/614125
33	83	6	6	71874/614125
33	83	11	11	71874/614125
33	83	13	13	71874/614125
33	84	4	4	4743684/52200625
33	84	6	6	4743684/52200625
33	84	11	11	4743684/52200625
33	84	13	13	4743684/52200625
33	85	4	4	313083144/4437053125
33	85	6	6	313083144/4437053125
33	85	11	11	313083144/4437053125
33	85	13	13	313083144/4437053125
33	86	1	3	2
33	86	1	4	2
33	86	3	3	1
33	86	4	4	1
33	87	2	2	528/595
33	87	3	3	528/595
33	88	2	2	278784/354025
33	88	3	3	278784/354025
33	89	2	2	147197952/210644875
33	89	3	3	147197952/210644875
33	90	2	2	77720518656/125333700625
33	90	3	3	77720518656/125333700625
33	91	2	2	41036433850368/74573551871875
33	91	3	3	41036433850368/74573551871875
34	26	5	7	2/3
34	26	5	8	2/3
34	26	7	8	2/3
34	27	4	6	116/765
34	27	4	7	116/765
34	27	6	7	116/765
34	28	4	6	67514/2535975
34	28	4	7	67514/2535975
34	28	6	7	67514/2535975
34	29	4	6	1601612/646673625
34	29	4	7	1601612/646673625
34	29	6	7	1601612/646673625
34	30	4	6	-1259204/3233368125
34	30	4	7	-1259204/3233368125
34	30	6	7	-1259204/3233368125
34	31	4	6	-9035043032/42049952465625
34	31	4	7	-9035043032/42049952465625
34	31	6	7	-9035043032/42049952465625
34	32	4	5	2
34	32	4	9	2
34	32	6	7	2
34	32	6	9	2
34	33	3	4	210/527
34	33	3	8	-6/31
34	33	5	6	210/527
34	33	5	8	-6/31
34	34	3	4	387765/7220954
34	34	3	8	-50283/7220954
34	34	5	6	387765/7220954
34	34	5	8	-50283/7220954
34	35	3	4	1752975/3805442758
34	35	3	8	1264059/223849574
34	35	5	6	1752975/3805442758
34	35	5	8	1264059/223849574
34	36	3	4	-8080211475/4010936666932
34	36	3	8	-1262533491/4010936666932
34	36	5	6	-8080211475/4010936666932
34	36	5	8	-1262533491/4010936666932
34	37	3	4	-960244149375/2113763623473164
34	37	3	8	-30528210987/124339036674892
34	37	5	6	-960244149375/2113763623473164
34	37	5	8	-30528210987/124339036674892
34	38	2	7	2
34	38	2	8	2
34	38	3	7	2
34	38	4	8	2
34	39	1	6	396/629
34	39	1	7	396/629
34	39	2	6	-140/629
34	39	3	7	-140/629
34	40	1	6	871674/5143333
34	40	1	7	871674/5143333
34	40	2	6	-70/17797
34	40	3	7	-70/17797
34	41	1	6	114129972/3235156457
34	41	1	7	114129972/3235156457
34	41	2	6	22084300/3235156457
34	41	3	7	22084300/3235156457
34	42	1	6	7656298996/2034913411453
34	42	1	7	7656298996/2034913411453
34	42	2	6	-1294437900/2034913411453
34	42	3	7	-1294437900/2034913411453
34	43	1	6	-1149974235432/1279960535803937
34	43	1	7	-1149974235432/1279960535803937
34	43	2	6	-384895735000/1279960535803937
34	43	3	7	-384895735000/1279960535803937
34	44	3	4	2/3
34	44	3	6	2/3
34	44	4	6	2/3
34	45	2	3	-2/459
34	45	2	5	-2/459
34	45	3	5	-2/459
34	46	2	3	-17903/1825902
34	46	2	5	-17903/1825902
34	46	3	5	-17903/1825902
34	47	2	3	53813/279363006
34	47	2	5	53813/279363006
34	47	3	5	53813/279363006
34	48	2	3	35604869/85485079836
34	48	2	5	35604869/85485079836
34	48	3	5	35604869/85485079836
34	49	2	3	-178742129/13079217214908
34	49	2	5	-178742129/13079217214908
34	49	3	5	-178742129/13079217214908
34	62	1	13	2
34	62	1	15	2
34	62	13	13	1
34	62	15	15	1
34	63	12	12	665/884
34	63	14	14	665/884
34	64	12	12	442225/781456
34	64	14	14	442225/781456
34	65	12	12	294079625/690807104
34	65	14	14	294079625/690807104
34	66	12	12	195562950625/610673479936
34	66	14	14	195562950625/610673479936
34	67	12	12	130049362165625/539835356263424
34	67	14	14	130049362165625/539835356263424
34	86	1	14	2
34	86	14	14	1
34	87	13	13	57/68
34	88	13	13	3249/4624
34	89	13	13	185193/314432
34	90	13	13	10556001/21381376
34	91	13	13	601692057/1453933568
34	92	1	4	2
34	92	1	6	2
34	92	4	4	1
34	92	6	6	1
34	93	3	3	1995/2278
34	93	5	5	1995/2278
34	94	3	3	3980025/5189284
34	94	5	5	3980025/5189284
34	95	3	3	7940149875/11821188952
34	95	5	5	7940149875/11821188952
34	96	3	3	15840599000625/26928668432656
34	96	5	5	15840599000625/26928668432656
34	97	3	3	31601995006246875/61343506689590368
34	97	5	5	31601995006246875/61343506689590368
35	26	5	9	2/3
35	26	7	9	2/3
35	26	8	9	2/3
35	27	4	8	-8/51
35	27	6	8	-8/51
35	27	7	8	-8/51
35	28	4	8	568/18785
35	28	6	8	568/18785
35	28	7	8	568/18785
35	29	4	8	-224/56355
35	29	6	8	-224/56355
35	29	7	8	-224/56355
35	30	4	8	14656/732896775
35	30	6	8	14656/732896775
35	30	7	8	14656/732896775
35	31	4	8	402176/2491849035
35	31	6	8	402176/2491849035
35	31	7	8	402176/2491849035
35	32	4	7	2
35	32	5	5	1
35	32	5	6	2
35	32	7	7	1
35	33	3	6	396/527
35	33	4	4	-138/527
35	33	4	5	396/527
35	33	6	6	-138/527
35	34	3	6	940626/3610477
35	34	4	4	12249/212381
35	34	4	5	940626/3610477
35	34	6	6	12249/212381
35	35	3	6	155087460/1902721379
35	35	4	4	-17878590/1902721379
35	35	4	5	155087460/1902721379
35	35	6	6	-17878590/1902721379
35	36	3	6	22141643220/1002734166733
35	36	4	4	563631210/1002734166733
35	36	4	5	22141643220/1002734166733
35	36	6	6	563631210/1002734166733
35	37	3	6	2485867482648/528440905868291
35	37	4	4	145928141676/528440905868291
35	37	4	5	2485867482648/528440905868291
35	37	6	6	145928141676/528440905868291
35	38	2	5	2
35	38	3	5	2
35	38	3	6	2
35	38	4	5	2
35	38	4	6	2
35	38	5	6	2
35	39	1	4	24/37
35	39	2	4	-216/629
35	39	2	5	456/629
35	39	3	4	-216/629
35	39	3	5	456/629
35	39	4	5	96/629
35	40	1	4	956808/5143333
35	40	2	4	178056/5143333
35	40	2	5	1226376/5143333
35	40	3	4	178056/5143333
35	40	3	5	1226376/5143333
35	40	4	5	-65304/5143333
35	41	1	4	8476704/190303321
35	41	2	4	7814880/3235156457
35	41	2	5	222518880/3235156457
35	41	3	4	7814880/3235156457
35	41	3	5	222518880/3235156457
35	41	4	5	-15154560/3235156457
35	42	1	4	15507134784/2034913411453
35	42	2	4	-3483391680/2034913411453
35	42	2	5	32949760320/2034913411453
35	42	3	4	-3483391680/2034913411453
35	42	3	5	32949760320/2034913411453
35	42	4	5	149037120/2034913411453
35	43	1	4	19585020672/75291796223761
35	43	2	4	254612305152/1279960535803937
35	43	2	5	3165115246848/1279960535803937
35	43	3	4	254612305152/1279960535803937
35	43	3	5	3165115246848/1279960535803937
35	43	4	5	286209358848/1279960535803937
35	62	1	9	2
35	62	9	9	1
35	63	8	8	141/221
35	64	8	8	19881/48841
35	65	8	8	2803221/10793861
35	66	8	8	395254161/2385443281
35	67	8	8	55730836701/527182965101
35	68	1	5	2/3
35	68	1	7	2/3
35	68	1	8	2/3
35	68	5	5	1/3
35	68	7	7	1/3
35	68	8	8	1/3
35	69	4	4	188/765
35	69	6	6	188/765
35	69	7	7	188/765
35	70	4	4	35344/195075
35	70	6	6	35344/195075
35	70	7	7	35344/195075
35	71	4	4	6644672/49744125
35	71	6	6	6644672/49744125
35	71	7	7	6644672/49744125
35	72	4	4	1249198336/12684751875
35	72	6	6	1249198336/12684751875
35	72	7	7	1249198336/12684751875
35	73	4	4	234849287168/3234611728125
35	73	6	6	234849287168/3234611728125
35	73	7	7	234849287168/3234611728125
35	86	1	7	2
35	86	1	12	2
35	86	7	7	1
35	86	12	12	1
35	87	6	6	423/595
35	87	11	11	423/595
35	88	6	6	178929/354025
35	88	11	11	178929/354025
35	89	6	6	75686967/210644875
35	89	11	11	75686967/210644875
35	90	6	6	32015587041/125333700625
35	90	11	11	32015587041/125333700625
35	91	6	6	13542593318343/74573551871875
35	91	11	11	13542593318343/74573551871875
35	98	1	3	1/2
35	98	1	4	1/2
35	98	1	6	1/2
35	98	1	10	1/2
35	98	3	3	1/4
35	98	4	4	1/4
35	98	6	6	1/4
35	98	10	10	1/4
35	99	2	2	47/221
35	99	3	3	47/221
35	99	5	5	47/221
35	99	9	9	47/221
35	100	2	2	8836/48841
35	100	3	3	8836/48841
35	100	5	5	8836/48841
35	100	9	9	8836/48841
35	101	2	2	1661168/10793861
35	101	3	3	1661168/10793861
35	101	5	5	1661168/10793861
35	101	9	9	1661168/10793861
35	102	2	2	312299584/2385443281
35	102	3	3	312299584/2385443281
35	102	5	5	312299584/2385443281
35	102	9	9	312299584/2385443281
35	103	2	2	58712321792/527182965101
35	103	3	3	58712321792/527182965101
35	103	5	5	58712321792/527182965101
35	103	9	9	58712321792/527182965101
36	26	5	9	2/3
36	26	7	9	2/3
36	26	8	9	2/3
36	27	4	8	4/51
36	27	6	8	4/51
36	27	7	8	4/51
36	28	4	8	38/18785
36	28	6	8	38/18785
36	28	7	8	38/18785
36	29	4	8	-1396/958035
36	29	6	8	-1396/958035
36	29	7	8	-1396/958035
36	30	4	8	-180044/732896775
36	30	6	8	-180044/732896775
36	30	7	8	-180044/732896775
36	31	4	8	74792/2491849035
36	31	6	8	74792/2491849035
36	31	7	8	74792/2491849035
36	32	4	9	2
36	32	6	9	2
36	33	3	8	270/527
36	33	5	8	270/527
36	34	3	8	777789/7220954
36	34	5	8	777789/7220954
36	35	3	8	59125545/3805442758
36	35	5	8	59125545/3805442758
36	36	3	8	591879069/4010936666932
36	36	5	8	591879069/4010936666932
36	37	3	8	-1532269663425/2113763623473164
36	37	5	8	-1532269663425/2113763623473164
36	38	2	9	2
36	38	6	7	2
36	38	6	8	2
36	38	6	9	2
36	38	7	7	1
36	38	8	8	1
36	39	1	8	420/629
36	39	5	6	276/629
36	39	5	7	276/629
36	39	5	8	-84/629
36	39	6	6	-130/629
36	39	7	7	-130/629
36	40	1	8	1011402/5143333
36	40	5	6	359946/5143333
36	40	5	7	359946/5143333
36	40	5	8	-89334/5143333
36	40	6	6	152101/5143333
36	40	7	7	152101/5143333
36	41	1	8	155611260/3235156457
36	41	5	6	12357900/3235156457
36	41	5	7	12357900/3235156457
36	41	5	8	15108660/3235156457
36	41	6	6	-169030/248858189
36	41	7	7	-169030/248858189
36	42	1	8	16822613556/2034913411453
36	42	5	6	-306753660/156531800881
36	42	5	7	-306753660/156531800881
36	42	5	8	680912820/2034913411453
36	42	6	6	-2126136422/2034913411453
36	42	7	7	-2126136422/2034913411453
36	43	1	8	230467393800/1279960535803937
36	43	5	6	-850475094552/1279960535803937
36	43	5	7	-850475094552/1279960535803937
36	43	5	8	-329730792552/1279960535803937
36	43	6	6	26339401100/98458502754149
36	43	7	7	26339401100/98458502754149
36	44	3	5	2/3
36	44	3	7	2/3
36	44	4	5	2/3
36	44	4	8	2/3
36	44	6	7	2/3
36	44	6	8	2/3
36	45	2	4	-14/153
36	45	2	6	-14/153
36	45	3	4	-14/153
36	45	3	7	-14/153
36	45	5	6	-14/153
36	45	5	7	-14/153
36	46	2	4	721/202878
36	46	2	6	721/202878
36	46	3	4	721/202878
36	46	3	7	721/202878
36	46	5	6	721/202878
36	46	5	7	721/202878
36	47	2	4	20531/10346778
36	47	2	6	20531/10346778
36	47	3	4	20531/10346778
36	47	3	7	20531/10346778
36	47	5	6	20531/10346778
36	47	5	7	20531/10346778
36	48	2	4	-453691/1055371356
36	48	2	6	-453691/1055371356
36	48	3	4	-453691/1055371356
36	48	3	7	-453691/1055371356
36	48	5	6	-453691/1055371356
36	48	5	7	-453691/1055371356
36	49	2	4	-2195543/53823939156
36	49	2	6	-2195543/53823939156
36	49	3	4	-2195543/53823939156
36	49	3	7	-2195543/53823939156
36	49	5	6	-2195543/53823939156
36	49	5	7	-2195543/53823939156
36	62	1	17	2
36	62	17	17	1
36	63	16	16	609/884
36	64	16	16	370881/781456
36	65	16	16	225866529/690807104
36	66	16	16	137552716161/610673479936
36	67	16	16	83769604142049/539835356263424
36	68	1	13	2/3
36	68	1	15	2/3
36	68	1	16	2/3
36	68	13	13	1/3
36	68	15	15	1/3
36	68	16	16	1/3
36	69	12	12	203/765
36	69	14	14	203/765
36	69	15	15	203/765
36	70	12	12	41209/195075
36	70	14	14	41209/195075
36	70	15	15	41209/195075
36	71	12	12	8365427/49744125
36	71	14	14	8365427/49744125
36	71	15	15	8365427/49744125
36	72	12	12	1698181681/12684751875
36	72	14	14	1698181681/12684751875
36	72	15	15	1698181681/12684751875
36	73	12	12	344730881243/3234611728125
36	73	14	14	344730881243/3234611728125
36	73	15	15	344730881243/3234611728125
36	92	1	12	2
36	92	1	14	2
36	92	12	12	1
36	92	14	14	1
36	93	11	11	1827/2278
36	93	13	13	1827/2278
36	94	11	11	3337929/5189284
36	94	13	13	3337929/5189284
36	95	11	11	6098396283/11821188952
36	95	13	13	6098396283/11821188952
36	96	11	11	11141770009041/26928668432656
36	96	13	13	11141770009041/26928668432656
36	97	11	11	20356013806517907/61343506689590368
36	97	13	13	20356013806517907/61343506689590368
36	104	1	6	1
36	104	1	10	1
36	104	6	6	1/2
36	104	10	10	1/2
36	105	5	5	29/68
36	105	9	9	29/68
36	106	5	5	841/2312
36	106	9	9	841/2312
36	107	5	5	24389/78608
36	107	9	9	24389/78608
36	108	5	5	707281/2672672
36	108	9	9	707281/2672672
36	109	5	5	20511149/90870848
36	109	9	9	20511149/90870848
37	26	9	9	2
37	27	8	8	-12/17
37	28	8	8	882/3757
37	29	8	8	-4644/63869
37	30	8	8	22356/1085773
37	31	8	8	-95256/18458141
37	38	5	5	6
37	38	5	6	12
37	39	4	4	-1188/629
37	39	4	5	3240/629
37	40	4	4	2788182/5143333
37	40	4	5	10832940/5143333
37	41	4	4	-445246956/3235156457
37	41	4	5	2633585400/3235156457
37	42	4	4	59130015228/2034913411453
37	42	4	5	598477361400/2034913411453
37	43	4	4	-5466868376904/1279960535803937
37	43	4	5	124936464690000/1279960535803937
37	68	1	9	4
37	68	9	9	2
37	69	8	8	18/17
37	70	8	8	162/289
37	71	8	8	1458/4913
37	72	8	8	13122/83521
37	73	8	8	118098/1419857
37	98	1	5	3
37	98	1	14	3
37	98	5	5	3/2
37	98	14	14	3/2
37	99	4	4	405/442
37	99	13	13	405/442
37	100	4	4	54675/97682
37	100	13	13	54675/97682
37	101	4	4	7381125/21587722
37	101	13	13	7381125/21587722
37	102	4	4	996451875/4770886562
37	102	13	13	996451875/4770886562
37	103	4	4	134521003125/1054365930202
37	103	13	13	134521003125/1054365930202
38	26	9	9	2
38	28	8	8	-72/3757
38	30	8	8	576/1085773
38	38	6	9	12
38	39	5	8	2160/629
38	40	5	8	4335120/5143333
38	41	5	8	521380800/3235156457
38	42	5	8	33515337600/2034913411453
38	43	5	8	-296032320000/98458502754149
38	44	5	5	2
38	44	7	7	2
38	44	8	8	2
38	45	4	4	-8/17
38	45	6	6	-8/17
38	45	7	7	-8/17
38	46	4	4	326/3757
38	46	6	6	326/3757
38	46	7	7	326/3757
38	47	4	4	-584/63869
38	47	6	6	-584/63869
38	47	7	7	-584/63869
38	48	4	4	-1084/1085773
38	48	6	6	-1084/1085773
38	48	7	7	-1084/1085773
38	49	4	4	12976/18458141
38	49	6	6	12976/18458141
38	49	7	7	12976/18458141
38	68	1	17	4
38	68	17	17	2
38	69	16	16	24/17
38	70	16	16	288/289
38	71	16	16	3456/4913
38	72	16	16	41472/83521
38	73	16	16	497664/1419857
38	104	1	14	6
38	104	14	14	3
38	105	13	13	270/119
38	106	13	13	24300/14161
38	107	13	13	2187000/1685159
38	108	13	13	196830000/200533921
38	109	13	13	17714700000/23863536599
39	32	8	8	12
39	33	7	7	1008/527
39	34	7	7	498096/3610477
39	35	7	7	-59403456/1902721379
39	36	7	7	-648300672/58984362749
39	37	7	7	-94766547456/528440905868291
39	44	2	9	8
39	45	1	8	-32/153
39	46	1	8	-37216/304317
39	47	1	8	459904/46560501
39	48	1	8	2252032/419044509
39	49	1	8	-815031296/1089934767909
39	74	1	16	8
39	74	16	16	4
39	75	15	15	1080/323
39	76	15	15	291600/104329
39	77	15	15	78732000/33698267
39	78	15	15	21257640000/10884540241
39	79	15	15	5739562800000/3515706497843
39	110	1	2	2
39	110	2	2	1
39	111	1	1	135/136
39	112	1	1	18225/18496
39	113	1	1	2460375/2515456
39	114	1	1	332150625/342102016
39	115	1	1	44840334375/46525874176
40	32	3	3	6
40	32	3	8	12
40	33	2	2	648/527
40	33	2	7	-144/527
40	34	2	2	581688/3610477
40	34	2	7	-633744/3610477
40	35	2	2	-8048160/1902721379
40	35	2	7	1373760/111924787
40	36	2	2	-8363096640/1002734166733
40	36	2	7	7410510720/1002734166733
40	37	2	2	-834044864256/528440905868291
40	37	2	7	-467153920512/528440905868291
40	44	2	2	2
40	45	1	1	88/153
40	46	1	1	39752/304317
40	47	1	1	817696/46560501
40	48	1	1	-13046464/7123756653
40	49	1	1	-1989760256/1089934767909
40	74	1	3	4
40	74	3	3	2
40	75	2	2	588/323
40	76	2	2	172872/104329
40	77	2	2	50824368/33698267
40	78	2	2	14942364192/10884540241
40	79	2	2	4393055072448/3515706497843
40	80	1	8	3
40	80	1	11	3
40	80	8	8	3/2
40	80	11	11	3/2
40	81	7	7	441/340
40	81	10	10	441/340
40	82	7	7	64827/57800
40	82	10	10	64827/57800
40	83	7	7	9529569/9826000
40	83	10	10	9529569/9826000
40	84	7	7	1400846643/1670420000
40	84	10	10	1400846643/1670420000
40	85	7	7	205924456521/283971400000
40	85	10	10	205924456521/283971400000
41	32	3	5	2
41	32	3	7	2
41	32	3	8	2
41	32	3	9	2
41	32	5	8	2
41	32	7	8	2
41	33	2	4	228/527
41	33	2	6	228/527
41	33	2	7	348/527
41	33	2	8	-132/527
41	33	4	7	-108/527
41	33	6	7	-108/527
41	34	2	4	18738/277729
41	34	2	6	18738/277729
41	34	2	7	53298/277729
41	34	2	8	1458/277729
41	34	4	7	-1422/277729
41	34	6	7	-1422/277729
41	35	2	4	482220/146363183
41	35	2	6	482220/146363183
41	35	2	7	6749460/146363183
41	35	2	8	861300/146363183
41	35	4	7	860220/146363183
41	35	6	7	860220/146363183
41	36	2	4	-151838460/77133397441
41	36	2	6	-151838460/77133397441
41	36	2	7	591547140/77133397441
41	36	2	8	-75633660/77133397441
41	36	4	7	-33902460/77133397441
41	36	6	7	-33902460/77133397441
41	37	2	4	-25638685272/40649300451407
41	37	2	6	-25638685272/40649300451407
41	37	2	7	2973376728/40649300451407
41	37	2	8	-6732151272/40649300451407
41	37	4	7	-10017892728/40649300451407
41	37	6	7	-10017892728/40649300451407
41	38	3	3	1
41	38	3	8	2
41	38	4	4	1
41	38	4	7	2
41	39	2	2	116/629
41	39	2	7	8/629
41	39	3	3	116/629
41	39	3	6	8/629
41	40	2	2	452/23273
41	40	2	7	-11512/395641
41	40	3	3	452/23273
41	40	3	6	-11512/395641
41	41	2	2	-447760/248858189
41	41	2	7	-138400/248858189
41	41	3	3	-447760/248858189
41	41	3	6	-138400/248858189
41	42	2	2	-188698080/156531800881
41	42	2	7	11257920/9207752993
41	42	3	3	-188698080/156531800881
41	42	3	6	11257920/9207752993
41	43	2	2	-13268718464/98458502754149
41	43	2	7	3842460928/98458502754149
41	43	3	3	-13268718464/98458502754149
41	43	3	6	3842460928/98458502754149
41	44	2	3	2/3
41	44	2	4	2/3
41	44	2	6	2/3
41	45	1	2	92/459
41	45	1	3	92/459
41	45	1	5	92/459
41	46	1	2	3530/70227
41	46	1	3	3530/70227
41	46	1	5	3530/70227
41	47	1	2	97796/10744731
41	47	1	3	97796/10744731
41	47	1	5	97796/10744731
41	48	1	2	754148/1643943843
41	48	1	3	754148/1643943843
41	48	1	5	754148/1643943843
41	49	1	2	-107652328/251523407979
41	49	1	3	-107652328/251523407979
41	49	1	5	-107652328/251523407979
41	74	1	5	2/3
41	74	1	7	2/3
41	74	1	11	2/3
41	74	5	5	1/3
41	74	7	7	1/3
41	74	11	11	1/3
41	75	4	4	169/646
41	75	6	6	169/646
41	75	10	10	169/646
41	76	4	4	85683/417316
41	76	6	6	85683/417316
41	76	10	10	85683/417316
41	77	4	4	43441281/269586136
41	77	6	6	43441281/269586136
41	77	10	10	43441281/269586136
41	78	4	4	22024729467/174152643856
41	78	6	6	22024729467/174152643856
41	78	10	10	22024729467/174152643856
41	79	4	4	11166537839769/112502607930976
41	79	6	6	11166537839769/112502607930976
41	79	10	10	11166537839769/112502607930976
41	80	1	9	1/2
41	80	1	13	1/2
41	80	1	15	1/2
41	80	1	16	1/2
41	80	9	9	1/4
41	80	13	13	1/4
41	80	15	15	1/4
41	80	16	16	1/4
41	81	8	8	507/2720
41	81	12	12	507/2720
41	81	14	14	507/2720
41	81	15	15	507/2720
41	82	8	8	257049/1849600
41	82	12	12	257049/1849600
41	82	14	14	257049/1849600
41	82	15	15	257049/1849600
41	83	8	8	130323843/1257728000
41	83	12	12	130323843/1257728000
41	83	14	14	130323843/1257728000
41	83	15	15	130323843/1257728000
41	84	8	8	66074188401/855255040000
41	84	12	12	66074188401/855255040000
41	84	14	14	66074188401/855255040000
41	84	15	15	66074188401/855255040000
41	85	8	8	33499613519307/581573427200000
41	85	12	12	33499613519307/581573427200000
41	85	14	14	33499613519307/581573427200000
41	85	15	15	33499613519307/581573427200000
41	86	1	8	2
41	86	1	11	2
41	86	8	8	1
41	86	11	11	1
41	87	7	7	507/595
41	87	10	10	507/595
41	88	7	7	257049/354025
41	88	10	10	257049/354025
41	89	7	7	130323843/210644875
41	89	10	10	130323843/210644875
41	90	7	7	66074188401/125333700625
41	90	10	10	66074188401/125333700625
41	91	7	7	33499613519307/74573551871875
41	91	10	10	33499613519307/74573551871875
41	92	1	3	2
41	92	3	3	1
41	93	2	2	1014/1139
41	94	2	2	1028196/1297321
41	95	2	2	1042590744/1477648619
41	96	2	2	1057187014416/1683041777041
41	97	2	2	1071987632617824/1916984584049699
42	32	5	5	1
42	32	5	8	2
42	32	7	7	1
42	32	7	8	2
42	32	8	9	2
42	33	4	4	48/527
42	33	4	7	264/527
42	33	6	6	48/527
42	33	6	7	264/527
42	33	7	8	-192/527
42	34	4	4	-1044/277729
42	34	4	7	1656/16337
42	34	6	6	-1044/277729
42	34	6	7	1656/16337
42	34	7	8	11736/277729
42	35	4	4	-371520/146363183
42	35	4	7	1948320/146363183
42	35	6	6	-371520/146363183
42	35	6	7	1948320/146363183
42	35	7	8	158976/146363183
42	36	4	4	-505440/4537258673
42	36	4	7	-28071360/77133397441
42	36	6	6	-505440/4537258673
42	36	6	7	-28071360/77133397441
42	36	7	8	-7978176/4537258673
42	37	4	4	4323829248/40649300451407
42	37	4	7	-31112522496/40649300451407
42	37	6	6	4323829248/40649300451407
42	37	6	7	-31112522496/40649300451407
42	37	7	8	11847886848/40649300451407
42	38	3	7	2
42	38	3	9	2
42	38	4	8	2
42	38	4	9	2
42	39	2	6	304/629
42	39	2	8	-144/629
42	39	3	7	304/629
42	39	3	8	-144/629
42	40	2	6	35552/395641
42	40	2	8	-288/395641
42	40	3	7	35552/395641
42	40	3	8	-288/395641
42	41	2	6	2164480/248858189
42	41	2	8	1555200/248858189
42	41	3	7	2164480/248858189
42	41	3	8	1555200/248858189
42	42	2	6	-245570560/156531800881
42	42	2	8	-113679360/156531800881
42	42	3	7	-245570560/156531800881
42	42	3	8	-113679360/156531800881
42	43	2	6	-87291600896/98458502754149
42	43	2	8	-23142703104/98458502754149
42	43	3	7	-87291600896/98458502754149
42	43	3	8	-23142703104/98458502754149
42	44	2	5	2/3
42	44	2	7	2/3
42	44	2	8	2/3
42	44	3	8	2/3
42	44	4	7	2/3
42	44	5	6	2/3
42	45	1	4	32/153
42	45	1	6	32/153
42	45	1	7	32/153
42	45	2	7	4/153
42	45	3	6	4/153
42	45	4	5	4/153
42	46	1	4	440/7803
42	46	1	6	440/7803
42	46	1	7	440/7803
42	46	2	7	-64/7803
42	46	3	6	-64/7803
42	46	4	5	-64/7803
42	47	1	4	4736/397953
42	47	1	6	4736/397953
42	47	1	7	4736/397953
42	47	2	7	-416/397953
42	47	3	6	-416/397953
42	47	4	5	-416/397953
42	48	1	4	27968/20295603
42	48	1	6	27968/20295603
42	48	1	7	27968/20295603
42	48	2	7	5792/20295603
42	48	3	6	5792/20295603
42	48	4	5	5792/20295603
42	49	1	4	-252928/1035075753
42	49	1	6	-252928/1035075753
42	49	1	7	-252928/1035075753
42	49	2	7	69184/1035075753
42	49	3	6	69184/1035075753
42	49	4	5	69184/1035075753
42	74	1	9	2/3
42	74	1	13	2/3
42	74	1	15	2/3
42	74	9	9	1/3
42	74	13	13	1/3
42	74	15	15	1/3
42	75	8	8	78/323
42	75	12	12	78/323
42	75	14	14	78/323
42	76	8	8	18252/104329
42	76	12	12	18252/104329
42	76	14	14	18252/104329
42	77	8	8	4270968/33698267
42	77	12	12	4270968/33698267
42	77	14	14	4270968/33698267
42	78	8	8	999406512/10884540241
42	78	12	12	999406512/10884540241
42	78	14	14	999406512/10884540241
42	79	8	8	233861123808/3515706497843
42	79	12	12	233861123808/3515706497843
42	79	14	14	233861123808/3515706497843
42	86	1	15	2
42	86	1	16	2
42	86	15	15	1
42	86	16	16	1
42	87	14	14	468/595
42	87	15	15	468/595
42	88	14	14	219024/354025
42	88	15	15	219024/354025
42	89	14	14	102503232/210644875
42	89	15	15	102503232/210644875
42	90	14	14	47971512576/125333700625
42	90	15	15	47971512576/125333700625
42	91	14	14	22450667885568/74573551871875
42	91	15	15	22450667885568/74573551871875
42	92	1	8	2
42	92	8	8	1
42	93	7	7	936/1139
42	94	7	7	876096/1297321
42	95	7	7	820025856/1477648619
42	96	7	7	767544201216/1683041777041
42	97	7	7	718421372338176/1916984584049699
42	104	1	3	1
42	104	1	4	1
42	104	3	3	1/2
42	104	4	4	1/2
42	105	2	2	52/119
42	105	3	3	52/119
42	106	2	2	5408/14161
42	106	3	3	5408/14161
42	107	2	2	562432/1685159
42	107	3	3	562432/1685159
42	108	2	2	58492928/200533921
42	108	3	3	58492928/200533921
42	109	2	2	6083264512/23863536599
42	109	3	3	6083264512/23863536599
43	32	8	9	6
43	33	7	8	540/527
43	34	7	8	368982/3610477
43	35	7	8	-14098860/1902721379
43	36	7	8	-5097104388/1002734166733
43	37	7	8	-304139334600/528440905868291
43	38	7	7	3
43	38	8	8	3
43	39	6	6	276/629
43	39	7	7	276/629
43	40	6	6	7116/302549
43	40	7	7	7116/302549
43	41	6	6	-27349392/3235156457
43	41	7	7	-27349392/3235156457
43	42	6	6	-4586750496/2034913411453
43	42	7	7	-4586750496/2034913411453
43	43	6	6	118774581888/1279960535803937
43	43	7	7	118774581888/1279960535803937
43	44	2	9	2
43	44	3	9	2
43	44	4	9	2
43	44	6	9	2
43	45	1	8	100/153
43	45	2	8	-28/153
43	45	3	8	-28/153
43	45	5	8	-28/153
43	46	1	8	56522/304317
43	46	2	8	-3382/304317
43	46	3	8	-3382/304317
43	46	5	8	-3382/304317
43	47	1	8	1978300/46560501
43	47	2	8	284732/46560501
43	47	3	8	284732/46560501
43	47	5	8	284732/46560501
43	48	1	8	43316276/7123756653
43	48	2	8	-75772/547981281
43	48	3	8	-75772/547981281
43	48	5	8	-75772/547981281
43	49	1	8	-475931000/1089934767909
43	49	2	8	-340386424/1089934767909
43	49	3	8	-340386424/1089934767909
43	49	5	8	-340386424/1089934767909
43	74	1	17	2
43	74	17	17	1
43	75	16	16	471/646
43	76	16	16	221841/417316
43	77	16	16	104487111/269586136
43	78	16	16	49213429281/174152643856
43	79	16	16	23179525191351/112502607930976
43	92	1	16	6
43	92	16	16	3
43	93	15	15	2826/1139
43	94	15	15	2662092/1297321
43	95	15	15	2507690664/1477648619
43	96	15	15	2362244605488/1683041777041
43	97	15	15	2225234418369696/1916984584049699
43	110	1	3	1/2
43	110	1	4	1/2
43	110	1	6	1/2
43	110	1	10	1/2
43	110	3	3	1/4
43	110	4	4	1/4
43	110	6	6	1/4
43	110	10	10	1/4
43	111	2	2	471/2176
43	111	3	3	471/2176
43	111	5	5	471/2176
43	111	9	9	471/2176
43	112	2	2	221841/1183744
43	112	3	3	221841/1183744
43	112	5	5	221841/1183744
43	112	9	9	221841/1183744
43	113	2	2	104487111/643956736
43	113	3	3	104487111/643956736
43	113	5	5	104487111/643956736
43	113	9	9	104487111/643956736
43	114	2	2	49213429281/350312464384
43	114	3	3	49213429281/350312464384
43	114	5	5	49213429281/350312464384
43	114	9	9	49213429281/350312464384
43	115	2	2	23179525191351/190569980624896
43	115	3	3	23179525191351/190569980624896
43	115	5	5	23179525191351/190569980624896
43	115	9	9	23179525191351/190569980624896
44	32	3	9	8
44	33	2	8	960/527
44	34	2	8	1140480/3610477
44	35	2	8	51148800/1902721379
44	36	2	8	-5747097600/1002734166733
44	37	2	8	-1457602560000/528440905868291
44	38	7	8	8
44	39	6	7	-448/629
44	40	6	7	-242176/5143333
44	41	6	7	77213696/3235156457
44	42	6	7	-698843136/2034913411453
44	43	6	7	-1571341205504/1279960535803937
44	44	3	3	4/3
44	44	4	4	4/3
44	44	6	6	4/3
44	45	2	2	104/459
44	45	3	3	104/459
44	45	5	5	104/459
44	46	2	2	17872/912951
44	46	3	3	17872/912951
44	46	5	5	17872/912951
44	47	2	2	-33376/10744731
44	47	3	3	-33376/10744731
44	47	5	5	-33376/10744731
44	48	2	2	-1749184/1257133527
44	48	3	3	-1749184/1257133527
44	48	5	5	-1749184/1257133527
44	49	2	2	-20212096/251523407979
44	49	3	3	-20212096/251523407979
44	49	5	5	-20212096/251523407979
44	80	1	17	2
44	80	17	17	1
44	81	16	16	12/17
44	82	16	16	144/289
44	83	16	16	1728/4913
44	84	16	16	20736/83521
44	85	16	16	248832/1419857
44	92	1	11	8
44	92	11	11	4
44	93	10	10	3840/1139
44	94	10	10	3686400/1297321
44	95	10	10	3538944000/1477648619
44	96	10	10	3397386240000/1683041777041
44	97	10	10	3261490790400000/1916984584049699
45	32	5	7	10
45	33	4	6	-450/527
45	34	4	6	-345375/7220954
45	35	4	6	94010625/3805442758
45	36	4	6	-2161659375/4010936666932
45	37	4	6	-2307792515625/2113763623473164
45	38	3	4	10
45	39	2	3	1900/629
45	40	2	3	235250/302549
45	41	2	3	496232500/3235156457
45	42	2	3	29846362500/2034913411453
45	43	2	3	-5234478625000/1279960535803937
45	86	1	5	10
45	86	5	5	5
45	87	4	4	1875/476
45	88	4	4	703125/226576
45	89	4	4	263671875/107850176
45	90	4	4	98876953125/51336683776
45	91	4	4	37078857421875/24436261477376
46	32	5	7	2
46	32	5	9	2
46	32	7	9	2
46	33	4	6	282/527
46	33	4	8	-222/527
46	33	6	8	-222/527
46	34	4	6	877293/7220954
46	34	4	8	484173/7220954
46	34	6	8	484173/7220954
46	35	4	6	79559955/3805442758
46	35	4	8	-18995985/3805442758
46	35	6	8	-18995985/3805442758
46	36	4	6	6487403805/4010936666932
46	36	4	8	-4631692995/4010936666932
46	36	6	8	-4631692995/4010936666932
46	37	4	6	-1060114477131/2113763623473164
46	37	4	8	1018022077881/2113763623473164
46	37	6	8	1018022077881/2113763623473164
46	38	3	5	2
46	38	3	8	2
46	38	4	5	2
46	38	4	7	2
46	38	5	7	2
46	38	5	8	2
46	39	2	4	228/629
46	39	2	7	452/629
46	39	3	4	228/629
46	39	3	6	452/629
46	39	4	6	-84/629
46	39	4	7	-84/629
46	40	2	4	213354/5143333
46	40	2	7	1203434/5143333
46	40	3	4	213354/5143333
46	40	3	6	1203434/5143333
46	40	4	6	-78678/5143333
46	40	4	7	-78678/5143333
46	41	2	4	-4073220/3235156457
46	41	2	7	215683100/3235156457
46	41	3	4	-4073220/3235156457
46	41	3	6	215683100/3235156457
46	41	4	6	13766004/3235156457
46	41	4	7	13766004/3235156457
46	42	2	4	-3596578380/2034913411453
46	42	2	7	31384471220/2034913411453
46	42	3	4	-3596578380/2034913411453
46	42	3	6	31384471220/2034913411453
46	42	4	6	486163764/2034913411453
46	42	4	7	486163764/2034913411453
46	43	2	4	-362191785336/1279960535803937
46	43	2	7	2900414219336/1279960535803937
46	43	3	4	-362191785336/1279960535803937
46	43	3	6	2900414219336/1279960535803937
46	43	4	6	-273043856232/1279960535803937
46	43	4	7	-273043856232/1279960535803937
46	44	3	4	2/3
46	44	3	6	2/3
46	44	4	6	2/3
46	45	2	3	106/459
46	45	2	5	106/459
46	45	3	5	106/459
46	46	2	3	130921/1825902
46	46	2	5	130921/1825902
46	46	3	5	130921/1825902
46	47	2	3	5333231/279363006
46	47	2	5	5333231/279363006
46	47	3	5	5333231/279363006
46	48	2	3	335527349/85485079836
46	48	2	5	335527349/85485079836
46	48	3	5	335527349/85485079836
46	49	2	3	5147019157/13079217214908
46	49	2	5	5147019157/13079217214908
46	49	3	5	5147019157/13079217214908
46	86	1	9	2
46	86	1	13	2
46	86	9	9	1
46	86	13	13	1
46	87	8	8	99/140
46	87	12	12	99/140
46	88	8	8	9801/19600
46	88	12	12	9801/19600
46	89	8	8	970299/2744000
46	89	12	12	970299/2744000
46	90	8	8	96059601/384160000
46	90	12	12	96059601/384160000
46	91	8	8	9509900499/53782400000
46	91	12	12	9509900499/53782400000
46	92	1	5	2
46	92	1	7	2
46	92	5	5	1
46	92	7	7	1
46	93	4	4	99/134
46	93	6	6	99/134
46	94	4	4	9801/17956
46	94	6	6	9801/17956
46	95	4	4	970299/2406104
46	95	6	6	970299/2406104
46	96	4	4	96059601/322417936
46	96	6	6	96059601/322417936
46	97	4	4	9509900499/43204003424
46	97	6	6	9509900499/43204003424
46	98	1	7	1/2
46	98	1	8	1/2
46	98	1	11	1/2
46	98	1	12	1/2
46	98	7	7	1/4
46	98	8	8	1/4
46	98	11	11	1/4
46	98	12	12	1/4
46	99	6	6	11/52
46	99	7	7	11/52
46	99	10	10	11/52
46	99	11	11	11/52
46	100	6	6	121/676
46	100	7	7	121/676
46	100	10	10	121/676
46	100	11	11	121/676
46	101	6	6	1331/8788
46	101	7	7	1331/8788
46	101	10	10	1331/8788
46	101	11	11	1331/8788
46	102	6	6	14641/114244
46	102	7	7	14641/114244
46	102	10	10	14641/114244
46	102	11	11	14641/114244
46	103	6	6	161051/1485172
46	103	7	7	161051/1485172
46	103	10	10	161051/1485172
46	103	11	11	161051/1485172
47	32	5	9	2
47	32	7	9	2
47	33	4	8	150/527
47	33	6	8	150/527
47	34	4	8	585/32674
47	34	6	8	585/32674
47	35	4	8	-1137375/292726366
47	35	6	8	-1137375/292726366
47	36	4	8	-366652575/308533589764
47	36	6	8	-366652575/308533589764
47	37	4	8	-1566590625/162597201805628
47	37	6	8	-1566590625/162597201805628
47	38	3	9	2
47	38	4	9	2
47	38	7	8	2
47	38	7	9	2
47	38	8	9	2
47	39	2	8	300/629
47	39	3	8	300/629
47	39	6	7	332/629
47	39	6	8	-12/37
47	39	7	8	-12/37
47	40	2	8	35010/395641
47	40	3	8	35010/395641
47	40	6	7	45122/395641
47	40	6	8	10818/395641
47	40	7	8	10818/395641
47	41	2	8	2254500/248858189
47	41	3	8	2254500/248858189
47	41	6	7	4173572/248858189
47	41	6	8	54972/14638717
47	41	7	8	54972/14638717
47	42	2	8	-191994300/156531800881
47	42	3	8	-191994300/156531800881
47	42	6	7	11115332/156531800881
47	42	6	8	-262973628/156531800881
47	42	7	8	-262973628/156531800881
47	43	2	8	-77170725000/98458502754149
47	43	3	8	-77170725000/98458502754149
47	43	6	7	-85224338248/98458502754149
47	43	6	8	612568008/5791676632597
47	43	7	8	612568008/5791676632597
47	44	3	5	2/3
47	44	3	7	2/3
47	44	4	5	2/3
47	44	4	8	2/3
47	44	5	7	2/3
47	44	5	8	2/3
47	44	6	7	2/3
47	44	6	8	2/3
47	44	7	8	2/3
47	45	2	4	22/153
47	45	2	6	22/153
47	45	3	4	22/153
47	45	3	7	22/153
47	45	4	6	-2/51
47	45	4	7	-2/51
47	45	5	6	22/153
47	45	5	7	22/153
47	45	6	7	-2/51
47	46	2	4	349/15606
47	46	2	6	349/15606
47	46	3	4	349/15606
47	46	3	7	349/15606
47	46	4	6	-11/1734
47	46	4	7	-11/1734
47	46	5	6	349/15606
47	46	5	7	349/15606
47	46	6	7	-11/1734
47	47	2	4	869/795906
47	47	2	6	869/795906
47	47	3	4	869/795906
47	47	3	7	869/795906
47	47	4	6	41/29478
47	47	4	7	41/29478
47	47	5	6	869/795906
47	47	5	7	869/795906
47	47	6	7	41/29478
47	48	2	4	-52567/81182412
47	48	2	6	-52567/81182412
47	48	3	4	-52567/81182412
47	48	3	7	-52567/81182412
47	48	4	6	3/19652
47	48	4	7	3/19652
47	48	5	6	-52567/81182412
47	48	5	7	-52567/81182412
47	48	6	7	3/19652
47	49	2	4	-857417/4140303012
47	49	2	6	-857417/4140303012
47	49	3	4	-857417/4140303012
47	49	3	7	-857417/4140303012
47	49	4	6	-1333/17038284
47	49	4	7	-1333/17038284
47	49	5	6	-857417/4140303012
47	49	5	7	-857417/4140303012
47	49	6	7	-1333/17038284
47	86	1	17	2
47	86	17	17	1
47	87	16	16	351/476
47	88	16	16	123201/226576
47	89	16	16	43243551/107850176
47	90	16	16	15178486401/51336683776
47	91	16	16	5327648726751/24436261477376
47	92	1	13	2
47	92	1	15	2
47	92	13	13	1
47	92	15	15	1
47	93	12	12	1755/2278
47	93	14	14	1755/2278
47	94	12	12	3080025/5189284
47	94	14	14	3080025/5189284
47	95	12	12	5405443875/11821188952
47	95	14	14	5405443875/11821188952
47	96	12	12	9486554000625/26928668432656
47	96	14	14	9486554000625/26928668432656
47	97	12	12	16648902271096875/61343506689590368
47	97	14	14	16648902271096875/61343506689590368
47	104	1	7	1
47	104	1	8	1
47	104	1	11	1
47	104	1	12	1
47	104	7	7	1/2
47	104	8	8	1/2
47	104	11	11	1/2
47	104	12	12	1/2
47	105	6	6	195/476
47	105	7	7	195/476
47	105	10	10	195/476
47	105	11	11	195/476
47	106	6	6	38025/113288
47	106	7	7	38025/113288
47	106	10	10	38025/113288
47	106	11	11	38025/113288
47	107	6	6	7414875/26962544
47	107	7	7	7414875/26962544
47	107	10	10	7414875/26962544
47	107	11	11	7414875/26962544
47	108	6	6	1445900625/6417085472
47	108	7	7	1445900625/6417085472
47	108	10	10	1445900625/6417085472
47	108	11	11	1445900625/6417085472
47	109	6	6	281950621875/1527266342336
47	109	7	7	281950621875/1527266342336
47	109	10	10	281950621875/1527266342336
47	109	11	11	281950621875/1527266342336
48	32	9	9	2
48	33	8	8	-312/527
48	34	8	8	564102/3610477
48	35	8	8	-5122008/146363183
48	36	8	8	5900004036/1002734166733
48	37	8	8	-15750089712/40649300451407
48	38	5	5	2
48	38	5	7	4
48	38	5	8	4
48	38	5	9	4
48	39	4	4	48/629
48	39	4	6	720/629
48	39	4	7	720/629
48	39	4	8	-528/629
48	40	4	4	-5544/302549
48	40	4	6	86256/302549
48	40	4	7	86256/302549
48	40	4	8	687600/5143333
48	41	4	4	-7504704/3235156457
48	41	4	6	185302080/3235156457
48	41	4	7	185302080/3235156457
48	41	4	8	-33092928/3235156457
48	42	4	4	956690496/2034913411453
48	42	4	6	14772313728/2034913411453
48	42	4	7	14772313728/2034913411453
48	42	4	8	-4399362432/2034913411453
48	43	4	4	144172998144/1279960535803937
48	43	4	6	-528157324800/1279960535803937
48	43	4	7	-528157324800/1279960535803937
48	43	4	8	1190636637696/1279960535803937
48	44	3	8	4/3
48	44	4	7	4/3
48	44	5	6	4/3
48	45	2	7	80/153
48	45	3	6	80/153
48	45	4	5	80/153
48	46	2	7	19324/101439
48	46	3	6	19324/101439
48	46	4	5	19324/101439
48	47	2	7	327440/5173389
48	47	3	6	327440/5173389
48	47	4	5	327440/5173389
48	48	2	7	4898632/263842839
48	48	3	6	4898632/263842839
48	48	4	5	4898632/263842839
48	49	2	7	60423200/13455984789
48	49	3	6	60423200/13455984789
48	49	4	5	60423200/13455984789
48	92	1	9	4
48	92	9	9	2
48	93	8	8	1476/1139
48	94	8	8	1089288/1297321
48	95	8	8	803894544/1477648619
48	96	8	8	593274173472/1683041777041
48	97	8	8	437836340022336/1916984584049699
48	98	1	9	1
48	98	1	13	1
48	98	1	15	1
48	98	1	16	1
48	98	9	9	1/2
48	98	13	13	1/2
48	98	15	15	1/2
48	98	16	16	1/2
48	99	8	8	82/221
48	99	12	12	82/221
48	99	14	14	82/221
48	99	15	15	82/221
48	100	8	8	13448/48841
48	100	12	12	13448/48841
48	100	14	14	13448/48841
48	100	15	15	13448/48841
48	101	8	8	2205472/10793861
48	101	12	12	2205472/10793861
48	101	14	14	2205472/10793861
48	101	15	15	2205472/10793861
48	102	8	8	361697408/2385443281
48	102	12	12	361697408/2385443281
48	102	14	14	361697408/2385443281
48	102	15	15	361697408/2385443281
48	103	8	8	59318374912/527182965101
48	103	12	12	59318374912/527182965101
48	103	14	14	59318374912/527182965101
48	103	15	15	59318374912/527182965101
48	104	1	5	2
48	104	5	5	1
48	105	4	4	82/119
48	106	4	4	6724/14161
48	107	4	4	551368/1685159
48	108	4	4	45212176/200533921
48	109	4	4	3707398432/23863536599
49	32	9	9	2
49	33	8	8	60/527
49	34	8	8	-56952/3610477
49	35	8	8	-6529680/1902721379
49	36	8	8	304541856/1002734166733
49	37	8	8	86544158400/528440905868291
49	38	7	9	4
49	38	8	9	4
49	39	6	8	480/629
49	39	7	8	480/629
49	40	6	8	493056/5143333
49	40	7	8	493056/5143333
49	41	6	8	-2211840/3235156457
49	41	7	8	-2211840/3235156457
49	42	6	8	-7679950848/2034913411453
49	42	7	8	-7679950848/2034913411453
49	43	6	8	-945163468800/1279960535803937
49	43	7	8	-945163468800/1279960535803937
49	44	3	9	4/3
49	44	4	9	4/3
49	44	5	5	2/3
49	44	5	9	4/3
49	44	6	9	4/3
49	44	7	7	2/3
49	44	7	9	4/3
49	44	8	8	2/3
49	44	8	9	4/3
49	45	2	8	160/459
49	45	3	8	160/459
49	45	4	4	4/51
49	45	4	8	-32/153
49	45	5	8	160/459
49	45	6	6	4/51
49	45	6	8	-32/153
49	45	7	7	4/51
49	45	7	8	-32/153
49	46	2	8	67648/912951
49	46	3	8	67648/912951
49	46	4	4	8/11271
49	46	4	8	1600/101439
49	46	5	8	67648/912951
49	46	6	6	8/11271
49	46	6	8	1600/101439
49	46	7	7	8/11271
49	46	7	8	1600/101439
49	47	2	8	1461760/139681503
49	47	3	8	1461760/139681503
49	47	4	4	-368/191607
49	47	4	8	14848/5173389
49	47	5	8	1461760/139681503
49	47	6	6	-368/191607
49	47	6	8	14848/5173389
49	47	7	7	-368/191607
49	47	7	8	14848/5173389
49	48	2	8	-210944/1643943843
49	48	3	8	-210944/1643943843
49	48	4	4	-288/1085773
49	48	4	8	-284672/263842839
49	48	5	8	-210944/1643943843
49	48	6	6	-288/1085773
49	48	6	8	-284672/263842839
49	48	7	7	-288/1085773
49	48	7	8	-284672/263842839
49	49	2	8	-1941094400/3269804303727
49	49	3	8	-1941094400/3269804303727
49	49	4	4	3392/55374423
49	49	4	8	507904/13455984789
49	49	5	8	-1941094400/3269804303727
49	49	6	6	3392/55374423
49	49	6	8	507904/13455984789
49	49	7	7	3392/55374423
49	49	7	8	507904/13455984789
49	92	1	17	4
49	92	17	17	2
49	93	16	16	1728/1139
49	94	16	16	1492992/1297321
49	95	16	16	1289945088/1477648619
49	96	16	16	1114512556032/1683041777041
49	97	16	16	962938848411648/1916984584049699
49	104	1	15	2
49	104	1	16	2
49	104	15	15	1
49	104	16	16	1
49	105	14	14	96/119
49	105	15	15	96/119
49	106	14	14	9216/14161
49	106	15	15	9216/14161
49	107	14	14	884736/1685159
49	107	15	15	884736/1685159
49	108	14	14	84934656/200533921
49	108	15	15	84934656/200533921
49	109	14	14	8153726976/23863536599
49	109	15	15	8153726976/23863536599
49	110	1	5	1/3
49	110	1	7	1/3
49	110	1	8	1/3
49	110	1	11	1/3
49	110	1	12	1/3
49	110	1	14	1/3
49	110	5	5	1/6
49	110	7	7	1/6
49	110	8	8	1/6
49	110	11	11	1/6
49	110	12	12	1/6
49	110	14	14	1/6
49	111	4	4	9/68
49	111	6	6	9/68
49	111	7	7	9/68
49	111	10	10	9/68
49	111	11	11	9/68
49	111	13	13	9/68
49	112	4	4	243/2312
49	112	6	6	243/2312
49	112	7	7	243/2312
49	112	10	10	243/2312
49	112	11	11	243/2312
49	112	13	13	243/2312
49	113	4	4	6561/78608
49	113	6	6	6561/78608
49	113	7	7	6561/78608
49	113	10	10	6561/78608
49	113	11	11	6561/78608
49	113	13	13	6561/78608
49	114	4	4	177147/2672672
49	114	6	6	177147/2672672
49	114	7	7	177147/2672672
49	114	10	10	177147/2672672
49	114	11	11	177147/2672672
49	114	13	13	177147/2672672
49	115	4	4	4782969/90870848
49	115	6	6	4782969/90870848
49	115	7	7	4782969/90870848
49	115	10	10	4782969/90870848
49	115	11	11	4782969/90870848
49	115	13	13	4782969/90870848
50	38	5	9	8
50	38	9	9	4
50	39	4	8	720/629
50	39	8	8	-648/629
50	40	4	8	386856/5143333
50	40	8	8	1136916/5143333
50	41	4	8	-47180880/3235156457
50	41	8	8	-110382264/3235156457
50	42	4	8	-9551544624/2034913411453
50	42	8	8	2831208552/2034913411453
50	43	4	8	-112801960800/1279960535803937
50	43	8	8	1547177333616/1279960535803937
50	44	5	7	8/3
50	44	5	8	8/3
50	44	7	8	8/3
50	45	4	6	40/51
50	45	4	7	40/51
50	45	6	7	40/51
50	46	4	6	2258/11271
50	46	4	7	2258/11271
50	46	6	7	2258/11271
50	47	4	6	7870/191607
50	47	4	7	7870/191607
50	47	6	7	7870/191607
50	48	4	6	997/191607
50	48	4	7	997/191607
50	48	6	7	997/191607
50	49	4	6	-21275/55374423
50	49	4	7	-21275/55374423
50	49	6	7	-21275/55374423
50	98	1	17	2
50	98	17	17	1
50	99	16	16	171/221
50	100	16	16	29241/48841
50	101	16	16	5000211/10793861
50	102	16	16	855036081/2385443281
50	103	16	16	146211169851/527182965101
50	104	1	9	4
50	104	1	13	4
50	104	9	9	2
50	104	13	13	2
50	105	8	8	171/119
50	105	12	12	171/119
50	106	8	8	29241/28322
50	106	12	12	29241/28322
50	107	8	8	5000211/6740636
50	107	12	12	5000211/6740636
50	108	8	8	855036081/1604271368
50	108	12	12	855036081/1604271368
50	109	8	8	146211169851/381816585584
50	109	12	12	146211169851/381816585584
51	38	9	9	6
51	39	8	8	360/629
51	40	8	8	-94824/5143333
51	41	8	8	-50764320/3235156457
51	42	8	8	-1876917312/2034913411453
51	43	8	8	817009286400/1279960535803937
51	44	5	9	4
51	44	7	9	4
51	44	8	9	4
51	44	9	9	2
51	45	4	8	40/51
51	45	6	8	40/51
51	45	7	8	40/51
51	45	8	8	-4/9
51	46	4	8	3508/33813
51	46	6	8	3508/33813
51	46	7	8	3508/33813
51	46	8	8	22442/304317
51	47	4	8	1240/1724463
51	47	6	8	1240/1724463
51	47	7	8	1240/1724463
51	47	8	8	-14428/2738853
51	48	4	8	-336152/87947613
51	48	6	8	-336152/87947613
51	48	7	8	-336152/87947613
51	48	8	8	-11624524/7123756653
51	49	4	8	-3767600/4485328263
51	49	6	8	-3767600/4485328263
51	49	7	8	-3767600/4485328263
51	49	8	8	42131768/64113809877
51	104	1	17	6
51	104	17	17	3
51	105	16	16	282/119
51	106	16	16	26508/14161
51	107	16	16	2491752/1685159
51	108	16	16	234224688/200533921
51	109	16	16	22017120672/23863536599
51	110	1	9	1
51	110	1	13	1
51	110	1	15	1
51	110	1	16	1
51	110	9	9	1/2
51	110	13	13	1/2
51	110	15	15	1/2
51	110	16	16	1/2
51	111	8	8	423/1088
51	111	12	12	423/1088
51	111	14	14	423/1088
51	111	15	15	423/1088
51	112	8	8	178929/591872
51	112	12	12	178929/591872
51	112	14	14	178929/591872
51	112	15	15	178929/591872
51	113	8	8	75686967/321978368
51	113	12	12	75686967/321978368
51	113	14	14	75686967/321978368
51	113	15	15	75686967/321978368
51	114	8	8	32015587041/175156232192
51	114	12	12	32015587041/175156232192
51	114	14	14	32015587041/175156232192
51	114	15	15	32015587041/175156232192
51	115	8	8	13542593318343/95284990312448
51	115	12	12	13542593318343/95284990312448
51	115	14	14	13542593318343/95284990312448
51	115	15	15	13542593318343/95284990312448
52	44	9	9	20
52	45	8	8	400/153
52	46	8	8	24080/304317
52	47	8	8	-2715200/46560501
52	48	8	8	-4661120/419044509
52	49	8	8	1535296000/1089934767909
52	110	1	17	10
52	110	17	17	5
52	111	16	16	555/136
52	112	16	16	61605/18496
52	113	16	16	6838155/2515456
52	114	16	16	759035205/342102016
52	115	16	16	84252907755/46525874176
53	50	2	2	30
53	51	1	1	-270/119
53	52	1	1	-94770/240737
53	53	1	1	3302370/28647703
53	54	1	1	2227525110/180681062821
53	55	1	1	-199008711270/21501046475699
54	50	2	2	2
54	50	2	3	4
54	50	2	4	4
54	50	2	6	4
54	50	2	10	4
54	51	1	1	66/119
54	51	1	2	-24/119
54	51	1	3	-24/119
54	51	1	5	-24/119
54	51	1	9	-24/119
54	52	1	1	28626/240737
54	52	1	2	-14352/240737
54	52	1	3	-14352/240737
54	52	1	5	-14352/240737
54	52	1	9	-14352/240737
54	53	1	1	390258/28647703
54	53	1	2	287712/28647703
54	53	1	3	287712/28647703
54	53	1	5	287712/28647703
54	53	1	9	287712/28647703
54	54	1	1	-454387158/180681062821
54	54	1	2	447384384/180681062821
54	54	1	3	447384384/180681062821
54	54	1	5	447384384/180681062821
54	54	1	9	447384384/180681062821
54	55	1	1	-37078745814/21501046475699
54	55	1	2	-17155960704/21501046475699
54	55	1	3	-17155960704/21501046475699
54	55	1	5	-17155960704/21501046475699
54	55	1	9	-17155960704/21501046475699
54	56	2	2	12
54	57	1	1	-432/493
54	58	1	1	-675216/4131833
54	59	1	1	91958976/2036993669
54	60	1	1	293060659392/53224607577301
54	61	1	1	-5682596103936/1543513619741729
55	50	2	3	1
55	50	2	4	1
55	50	2	5	1
55	50	2	6	1
55	50	2	7	1
55	50	2	8	1
55	50	2	10	1
55	50	2	11	1
55	50	2	12	1
55	50	2	14	1
55	50	3	3	1/2
55	50	4	4	1/2
55	50	6	6	1/2
55	50	10	10	1/2
55	51	1	2	36/119
55	51	1	3	36/119
55	51	1	4	-3/119
55	51	1	5	36/119
55	51	1	6	-3/119
55	51	1	7	-3/119
55	51	1	9	36/119
55	51	1	10	-3/119
55	51	1	11	-3/119
55	51	1	13	-3/119
55	51	2	2	-9/119
55	51	3	3	-9/119
55	51	5	5	-9/119
55	51	9	9	-9/119
55	52	1	2	18252/240737
55	52	1	3	18252/240737
55	52	1	4	-3627/240737
55	52	1	5	18252/240737
55	52	1	6	-3627/240737
55	52	1	7	-3627/240737
55	52	1	9	18252/240737
55	52	1	10	-3627/240737
55	52	1	11	-3627/240737
55	52	1	13	-3627/240737
55	52	2	2	864/240737
55	52	3	3	864/240737
55	52	5	5	864/240737
55	52	9	9	864/240737
55	53	1	2	384912/28647703
55	53	1	3	384912/28647703
55	53	1	4	33561/28647703
55	53	1	5	384912/28647703
55	53	1	6	33561/28647703
55	53	1	7	33561/28647703
55	53	1	9	384912/28647703
55	53	1	10	33561/28647703
55	53	1	11	33561/28647703
55	53	1	13	33561/28647703
55	53	2	2	52488/28647703
55	53	3	3	52488/28647703
55	53	5	5	52488/28647703
55	53	9	9	52488/28647703
55	54	1	2	84085776/180681062821
55	54	1	3	84085776/180681062821
55	54	1	4	117850221/180681062821
55	54	1	5	84085776/180681062821
55	54	1	6	117850221/180681062821
55	54	1	7	117850221/180681062821
55	54	1	9	84085776/180681062821
55	54	1	10	117850221/180681062821
55	54	1	11	117850221/180681062821
55	54	1	13	117850221/180681062821
55	54	2	2	-83140992/180681062821
55	54	3	3	-83140992/180681062821
55	54	5	5	-83140992/180681062821
55	54	9	9	-83140992/180681062821
55	55	1	2	-15843397824/21501046475699
55	55	1	3	-15843397824/21501046475699
55	55	1	4	-1875061143/21501046475699
55	55	1	5	-15843397824/21501046475699
55	55	1	6	-1875061143/21501046475699
55	55	1	7	-1875061143/21501046475699
55	55	1	9	-15843397824/21501046475699
55	55	1	10	-1875061143/21501046475699
55	55	1	11	-1875061143/21501046475699
55	55	1	13	-1875061143/21501046475699
55	55	2	2	-796137984/21501046475699
55	55	3	3	-796137984/21501046475699
55	55	5	5	-796137984/21501046475699
55	55	9	9	-796137984/21501046475699
55	56	2	6	6
55	56	2	10	6
55	57	1	5	-162/493
55	57	1	9	-162/493
55	58	1	5	-348462/4131833
55	58	1	9	-348462/4131833
55	59	1	5	32240754/2036993669
55	59	1	9	32240754/2036993669
55	60	1	5	173019120606/53224607577301
55	60	1	9	173019120606/53224607577301
55	61	1	5	-31869008540442/26239731535609393
55	61	1	9	-31869008540442/26239731535609393
55	62	2	2	6
55	63	1	1	-189/442
55	64	1	1	-555741/6642376
55	65	1	1	130539843/5871860384
55	66	1	1	810094431663/275108402711168
55	67	1	1	-445399693602129/243195827996672512
56	50	2	5	1
56	50	2	7	1
56	50	2	8	1
56	50	2	9	1
56	50	2	11	1
56	50	2	12	1
56	50	2	13	1
56	50	2	14	1
56	50	2	15	1
56	50	2	16	1
56	51	1	4	39/119
56	51	1	6	39/119
56	51	1	7	39/119
56	51	1	10	39/119
56	51	1	11	39/119
56	51	1	13	39/119
56	52	1	4	22581/240737
56	52	1	6	22581/240737
56	52	1	7	22581/240737
56	52	1	8	-468/34391
56	52	1	10	22581/240737
56	52	1	11	22581/240737
56	52	1	12	-468/34391
56	52	1	13	22581/240737
56	52	1	14	-468/34391
56	52	1	15	-468/34391
56	53	1	4	625131/28647703
56	53	1	6	625131/28647703
56	53	1	7	625131/28647703
56	53	1	10	625131/28647703
56	53	1	11	625131/28647703
56	53	1	13	625131/28647703
56	54	1	4	596470797/180681062821
56	54	1	6	596470797/180681062821
56	54	1	7	596470797/180681062821
56	54	1	8	1971216/3687368629
56	54	1	10	596470797/180681062821
56	54	1	11	596470797/180681062821
56	54	1	12	1971216/3687368629
56	54	1	13	596470797/180681062821
56	54	1	14	1971216/3687368629
56	54	1	15	1971216/3687368629
56	55	1	4	-2867421141/21501046475699
56	55	1	6	-2867421141/21501046475699
56	55	1	7	-2867421141/21501046475699
56	55	1	10	-2867421141/21501046475699
56	55	1	11	-2867421141/21501046475699
56	55	1	13	-2867421141/21501046475699
56	56	6	6	3
56	56	10	10	3
56	57	5	5	-513/986
56	57	9	9	-513/986
56	58	5	5	758403/16527332
56	58	9	9	758403/16527332
56	59	5	5	120960783/16295949352
56	59	9	9	120960783/16295949352
56	60	5	5	-2892323217969/851593721236816
56	60	9	9	-2892323217969/851593721236816
56	61	5	5	169301202062427/839671409139500576
56	61	9	9	169301202062427/839671409139500576
56	62	2	10	12
56	63	1	9	-162/221
56	64	1	9	-127089/830297
56	65	1	9	12301875/366991274
56	66	1	9	44307476199/8597137584724
56	67	1	9	-9253653171021/3799934812448008
56	68	2	2	2
56	69	1	1	-12/85
56	70	1	1	-3456/122825
56	71	1	1	76896/10440125
56	72	1	1	47319552/47032763125
56	73	1	1	-2435069952/3997784865625
57	50	2	9	2
57	50	2	13	2
57	50	2	15	2
57	50	2	16	2
57	50	2	17	2
57	51	1	8	12/17
57	51	1	12	12/17
57	51	1	14	12/17
57	51	1	15	12/17
57	51	1	16	6/119
57	52	1	8	7800/34391
57	52	1	12	7800/34391
57	52	1	14	7800/34391
57	52	1	15	7800/34391
57	52	1	16	-5070/240737
57	53	1	8	37584/584647
57	53	1	12	37584/584647
57	53	1	14	37584/584647
57	53	1	15	37584/584647
57	53	1	16	-47466/28647703
57	54	1	8	55543968/3687368629
57	54	1	12	55543968/3687368629
57	54	1	14	55543968/3687368629
57	54	1	15	55543968/3687368629
57	54	1	16	114816042/180681062821
57	55	1	8	8869824/3687368629
57	55	1	12	8869824/3687368629
57	55	1	14	8869824/3687368629
57	55	1	15	8869824/3687368629
57	55	1	16	1874350206/21501046475699
57	62	10	10	12
57	63	9	9	-540/221
57	64	9	9	278316/830297
57	65	9	9	-393660/183495637
57	66	9	9	-28833154308/2149284396181
57	67	9	9	1448808549300/474991851556001
57	68	2	10	8
57	69	1	9	-48/85
57	70	1	9	-10464/122825
57	71	1	9	247104/10440125
57	72	1	9	98921088/47032763125
57	73	1	9	-368250624/235163815625
58	50	2	17	10
58	51	1	16	450/119
58	52	1	16	324090/240737
58	53	1	16	12769650/28647703
58	54	1	16	24330382290/180681062821
58	55	1	16	771247190250/21501046475699
58	68	10	10	20
58	69	9	9	-84/17
58	70	9	9	24228/24565
58	71	9	9	-266868/2088025
58	72	9	9	-32211756/9406552625
58	73	9	9	5714672796/799556973125
59	50	3	3	3/2
59	50	4	4	3/2
59	50	6	6	3/2
59	50	10	10	3/2
59	51	2	2	36/119
59	51	3	3	36/119
59	51	5	5	36/119
59	51	9	9	36/119
59	52	2	2	9144/240737
59	52	3	3	9144/240737
59	52	5	5	9144/240737
59	52	9	9	9144/240737
59	53	2	2	-46656/28647703
59	53	3	3	-46656/28647703
59	53	5	5	-46656/28647703
59	53	9	9	-46656/28647703
59	54	2	2	-382672512/180681062821
59	54	3	3	-382672512/180681062821
59	54	5	5	-382672512/180681062821
59	54	9	9	-382672512/180681062821
59	55	2	2	-7727975424/21501046475699
59	55	3	3	-7727975424/21501046475699
59	55	5	5	-7727975424/21501046475699
59	55	9	9	-7727975424/21501046475699
59	56	2	14	18
59	57	1	13	-324/493
59	58	1	13	-1141128/4131833
59	59	1	13	65190096/2036993669
59	60	1	13	643052113056/53224607577301
59	61	1	13	-65419372401984/26239731535609393
59	74	2	2	6
59	75	1	1	-135/323
59	76	1	1	-303021/3547186
59	77	1	1	50202585/2291482156
59	78	1	1	244678999023/78455766057128
59	79	1	1	-92302803072675/50682424872904688
60	50	3	4	4/3
60	50	3	6	4/3
60	50	3	10	4/3
60	50	4	6	4/3
60	50	4	10	4/3
60	50	6	10	4/3
60	51	2	3	-16/357
60	51	2	5	-16/357
60	51	2	9	-16/357
60	51	3	5	-16/357
60	51	3	9	-16/357
60	51	5	9	-16/357
60	52	2	3	-43328/2166633
60	52	2	5	-43328/2166633
60	52	2	9	-43328/2166633
60	52	3	5	-43328/2166633
60	52	3	9	-43328/2166633
60	52	5	9	-43328/2166633
60	53	2	3	60672/28647703
60	53	2	5	60672/28647703
60	53	2	9	60672/28647703
60	53	3	5	60672/28647703
60	53	3	9	60672/28647703
60	53	5	9	60672/28647703
60	54	2	3	154868736/180681062821
60	54	2	5	154868736/180681062821
60	54	2	9	154868736/180681062821
60	54	3	5	154868736/180681062821
60	54	3	9	154868736/180681062821
60	54	5	9	154868736/180681062821
60	55	2	3	-30992887808/193509418281291
60	55	2	5	-30992887808/193509418281291
60	55	2	9	-30992887808/193509418281291
60	55	3	5	-30992887808/193509418281291
60	55	3	9	-30992887808/193509418281291
60	55	5	9	-30992887808/193509418281291
60	56	2	2	4
60	56	2	3	8
60	56	2	4	8
60	57	1	1	552/493
60	57	1	2	-192/493
60	57	1	3	-192/493
60	58	1	1	1005456/4131833
60	58	1	2	-500736/4131833
60	58	1	3	-500736/4131833
60	59	1	1	58840992/2036993669
60	59	1	2	39813120/2036993669
60	59	1	3	39813120/2036993669
60	60	1	1	-257730869952/53224607577301
60	60	1	2	273563910144/53224607577301
60	60	1	3	273563910144/53224607577301
60	61	1	1	-5456705180544/1543513619741729
60	61	1	2	-41083487649792/26239731535609393
60	61	1	3	-41083487649792/26239731535609393
60	80	2	2	2
60	81	1	1	-12/85
60	82	1	1	-3456/122825
60	83	1	1	76896/10440125
60	84	1	1	47319552/47032763125
60	85	1	1	-2435069952/3997784865625
61	50	3	4	1/3
61	50	3	5	1/3
61	50	3	6	1/3
61	50	3	7	1/3
61	50	3	10	1/3
61	50	3	11	1/3
61	50	4	5	1/3
61	50	4	6	1/3
61	50	4	8	1/3
61	50	4	10	1/3
61	50	4	12	1/3
61	50	6	7	1/3
61	50	6	8	1/3
61	50	6	10	1/3
61	50	6	14	1/3
61	50	10	11	1/3
61	50	10	12	1/3
61	50	10	14	1/3
61	51	2	3	38/357
61	51	2	4	-16/357
61	51	2	5	38/357
61	51	2	6	-16/357
61	51	2	9	38/357
61	51	2	10	-16/357
61	51	3	4	-16/357
61	51	3	5	38/357
61	51	3	7	-16/357
61	51	3	9	38/357
61	51	3	11	-16/357
61	51	5	6	-16/357
61	51	5	7	-16/357
61	51	5	9	38/357
61	51	5	13	-16/357
61	51	9	10	-16/357
61	51	9	11	-16/357
61	51	9	13	-16/357
61	52	2	3	63424/2166633
61	52	2	4	2836/2166633
61	52	2	5	63424/2166633
61	52	2	6	2836/2166633
61	52	2	9	63424/2166633
61	52	2	10	2836/2166633
61	52	3	4	2836/2166633
61	52	3	5	63424/2166633
61	52	3	7	2836/2166633
61	52	3	9	63424/2166633
61	52	3	11	2836/2166633
61	52	5	6	2836/2166633
61	52	5	7	2836/2166633
61	52	5	9	63424/2166633
61	52	5	13	2836/2166633
61	52	9	10	2836/2166633
61	52	9	11	2836/2166633
61	52	9	13	2836/2166633
61	53	2	3	181488/28647703
61	53	2	4	31296/28647703
61	53	2	5	181488/28647703
61	53	2	6	31296/28647703
61	53	2	9	181488/28647703
61	53	2	10	31296/28647703
61	53	3	4	31296/28647703
61	53	3	5	181488/28647703
61	53	3	7	31296/28647703
61	53	3	9	181488/28647703
61	53	3	11	31296/28647703
61	53	5	6	31296/28647703
61	53	5	7	31296/28647703
61	53	5	9	181488/28647703
61	53	5	13	31296/28647703
61	53	9	10	31296/28647703
61	53	9	11	31296/28647703
61	53	9	13	31296/28647703
61	54	2	3	139613952/180681062821
61	54	2	4	-37944528/180681062821
61	54	2	5	139613952/180681062821
61	54	2	6	-37944528/180681062821
61	54	2	9	139613952/180681062821
61	54	2	10	-37944528/180681062821
61	54	3	4	-37944528/180681062821
61	54	3	5	139613952/180681062821
61	54	3	7	-37944528/180681062821
61	54	3	9	139613952/180681062821
61	54	3	11	-37944528/180681062821
61	54	5	6	-37944528/180681062821
61	54	5	7	-37944528/180681062821
61	54	5	9	139613952/180681062821
61	54	5	13	-37944528/180681062821
61	54	9	10	-37944528/180681062821
61	54	9	11	-37944528/180681062821
61	54	9	13	-37944528/180681062821
61	55	2	3	-23511428096/193509418281291
61	55	2	4	-5715523328/193509418281291
61	55	2	5	-23511428096/193509418281291
61	55	2	6	-5715523328/193509418281291
61	55	2	9	-23511428096/193509418281291
61	55	2	10	-5715523328/193509418281291
61	55	3	4	-5715523328/193509418281291
61	55	3	5	-23511428096/193509418281291
61	55	3	7	-5715523328/193509418281291
61	55	3	9	-23511428096/193509418281291
61	55	3	11	-5715523328/193509418281291
61	55	5	6	-5715523328/193509418281291
61	55	5	7	-5715523328/193509418281291
61	55	5	9	-23511428096/193509418281291
61	55	5	13	-5715523328/193509418281291
61	55	9	10	-5715523328/193509418281291
61	55	9	11	-5715523328/193509418281291
61	55	9	13	-5715523328/193509418281291
61	56	2	6	2
61	56	2	7	2
61	56	2	8	2
61	56	2	10	2
61	56	2	11	2
61	56	2	12	2
61	56	6	10	2
61	57	1	5	294/493
61	57	1	6	-30/493
61	57	1	7	-30/493
61	57	1	9	294/493
61	57	1	10	-30/493
61	57	1	11	-30/493
61	57	5	9	3/493
61	58	1	5	607686/4131833
61	58	1	6	-119370/4131833
61	58	1	7	-119370/4131833
61	58	1	9	607686/4131833
61	58	1	10	-119370/4131833
61	58	1	11	-119370/4131833
61	58	5	9	-253887/8263666
61	59	1	5	51985962/2036993669
61	59	1	6	5601150/2036993669
61	59	1	7	5601150/2036993669
61	59	1	9	51985962/2036993669
61	59	1	10	5601150/2036993669
61	59	1	11	5601150/2036993669
61	59	5	9	-2285901/8147974676
61	60	1	5	41206738122/53224607577301
61	60	1	6	63606307050/53224607577301
61	60	1	7	63606307050/53224607577301
61	60	1	9	41206738122/53224607577301
61	60	1	10	63606307050/53224607577301
61	60	1	11	63606307050/53224607577301
61	60	5	9	580099904901/425796860618408
61	61	1	5	-36790006467186/26239731535609393
61	61	1	6	-307024323750/1543513619741729
61	61	1	7	-307024323750/1543513619741729
61	61	1	9	-36790006467186/26239731535609393
61	61	1	10	-307024323750/1543513619741729
61	61	1	11	-307024323750/1543513619741729
61	61	5	9	8708768322543/419835704569750288
61	62	2	4	4
61	62	2	6	4
61	63	1	3	-45/221
61	63	1	5	-45/221
61	64	1	3	-193335/3321188
61	64	1	5	-193335/3321188
61	65	1	3	29198475/2935930192
61	65	1	5	29198475/2935930192
61	66	1	3	323900169525/137554201355584
61	66	1	5	323900169525/137554201355584
61	67	1	3	-94212406580625/121597913998336256
61	67	1	5	-94212406580625/121597913998336256
61	86	2	2	2
61	87	1	1	-33/238
61	88	1	1	-55071/1925896
61	89	1	1	6673887/916726496
61	90	1	1	24317673957/23127176041088
61	91	1	1	-392613161589/647560929150464
62	50	3	5	1/3
62	50	3	7	1/3
62	50	3	11	1/3
62	50	4	5	1/3
62	50	4	8	1/3
62	50	4	12	1/3
62	50	6	7	1/3
62	50	6	8	1/3
62	50	6	14	1/3
62	50	10	11	1/3
62	50	10	12	1/3
62	50	10	14	1/3
62	51	2	4	26/357
62	51	2	6	26/357
62	51	2	10	26/357
62	51	3	4	26/357
62	51	3	7	26/357
62	51	3	11	26/357
62	51	5	6	26/357
62	51	5	7	26/357
62	51	5	13	26/357
62	51	9	10	26/357
62	51	9	11	26/357
62	51	9	13	26/357
62	52	2	4	24676/2166633
62	52	2	6	24676/2166633
62	52	2	10	24676/2166633
62	52	3	4	24676/2166633
62	52	3	7	24676/2166633
62	52	3	11	24676/2166633
62	52	5	6	24676/2166633
62	52	5	7	24676/2166633
62	52	5	13	24676/2166633
62	52	9	10	24676/2166633
62	52	9	11	24676/2166633
62	52	9	13	24676/2166633
62	53	2	4	14664/28647703
62	53	2	6	14664/28647703
62	53	2	10	14664/28647703
62	53	3	4	14664/28647703
62	53	3	7	14664/28647703
62	53	3	11	14664/28647703
62	53	5	6	14664/28647703
62	53	5	7	14664/28647703
62	53	5	13	14664/28647703
62	53	9	10	14664/28647703
62	53	9	11	14664/28647703
62	53	9	13	14664/28647703
62	54	2	4	-64817808/180681062821
62	54	2	6	-64817808/180681062821
62	54	2	10	-64817808/180681062821
62	54	3	4	-64817808/180681062821
62	54	3	7	-64817808/180681062821
62	54	3	11	-64817808/180681062821
62	54	5	6	-64817808/180681062821
62	54	5	7	-64817808/180681062821
62	54	5	13	-64817808/180681062821
62	54	9	10	-64817808/180681062821
62	54	9	11	-64817808/180681062821
62	54	9	13	-64817808/180681062821
62	55	2	4	-21718784672/193509418281291
62	55	2	6	-21718784672/193509418281291
62	55	2	10	-21718784672/193509418281291
62	55	3	4	-21718784672/193509418281291
62	55	3	7	-21718784672/193509418281291
62	55	3	11	-21718784672/193509418281291
62	55	5	6	-21718784672/193509418281291
62	55	5	7	-21718784672/193509418281291
62	55	5	13	-21718784672/193509418281291
62	55	9	10	-21718784672/193509418281291
62	55	9	11	-21718784672/193509418281291
62	55	9	13	-21718784672/193509418281291
62	56	2	14	2
62	56	2	15	2
62	56	2	16	2
62	56	6	6	1
62	56	6	14	2
62	56	10	10	1
62	56	10	14	2
62	57	1	13	312/493
62	57	1	14	-12/493
62	57	1	15	-12/493
62	57	5	5	177/986
62	57	5	13	-114/493
62	57	9	9	177/986
62	57	9	13	-114/493
62	58	1	13	705624/4131833
62	58	1	14	-120576/4131833
62	58	1	15	-120576/4131833
62	58	5	5	288993/16527332
62	58	5	13	-11334/4131833
62	58	9	9	288993/16527332
62	58	9	13	-11334/4131833
62	59	1	13	72075744/2036993669
62	59	1	14	2185056/2036993669
62	59	1	15	2185056/2036993669
62	59	5	5	-35082639/16295949352
62	59	5	13	14531238/2036993669
62	59	9	9	-35082639/16295949352
62	59	9	13	14531238/2036993669
62	60	1	13	191384988192/53224607577301
62	60	1	14	65366548992/53224607577301
62	60	1	15	65366548992/53224607577301
62	60	5	5	-1008488956059/851593721236816
62	60	5	13	-40061073798/53224607577301
62	60	9	9	-1008488956059/851593721236816
62	60	9	13	-40061073798/53224607577301
62	61	1	13	-26516123307648/26239731535609393
62	61	1	14	-1988827748352/26239731535609393
62	61	1	15	-1988827748352/26239731535609393
62	61	5	5	-86755524968043/839671409139500576
62	61	5	13	-8155495464714/26239731535609393
62	61	9	9	-86755524968043/839671409139500576
62	61	9	13	-8155495464714/26239731535609393
62	62	2	12	4
62	62	2	14	4
62	63	1	11	-36/221
62	63	1	13	-36/221
62	64	1	11	-49092/830297
62	64	1	13	-49092/830297
62	65	1	11	1424628/183495637
62	65	1	13	1424628/183495637
62	66	1	11	5324869044/2149284396181
62	66	1	13	5324869044/2149284396181
62	67	1	11	-280959460596/474991851556001
62	67	1	13	-280959460596/474991851556001
62	74	2	4	4/3
62	74	2	6	4/3
62	74	2	10	4/3
62	75	1	3	-24/323
62	75	1	5	-24/323
62	75	1	9	-24/323
62	76	1	3	-32556/1773593
62	76	1	5	-32556/1773593
62	76	1	9	-32556/1773593
62	77	1	3	2022408/572870539
62	77	1	5	2022408/572870539
62	77	1	9	2022408/572870539
62	78	1	3	6761201868/9806970757141
62	78	1	5	6761201868/9806970757141
62	78	1	9	6761201868/9806970757141
62	79	1	3	-846086772024/3167651554556543
62	79	1	5	-846086772024/3167651554556543
62	79	1	9	-846086772024/3167651554556543
62	92	2	2	2
62	93	1	1	-156/1139
62	94	1	1	-637344/22054457
62	95	1	1	181408032/25120026523
62	96	1	1	1640448640512/1516420641113941
62	97	1	1	-1043618023259136/1727203110228778799
63	50	3	8	1/3
63	50	3	12	1/3
63	50	3	14	1/3
63	50	4	7	1/3
63	50	4	11	1/3
63	50	4	14	1/3
63	50	5	6	1/3
63	50	5	10	1/3
63	50	6	11	1/3
63	50	6	12	1/3
63	50	7	10	1/3
63	50	8	10	1/3
63	51	2	7	-2/357
63	51	2	11	-2/357
63	51	2	13	-2/357
63	51	3	6	-2/357
63	51	3	10	-2/357
63	51	3	13	-2/357
63	51	4	5	-2/357
63	51	4	9	-2/357
63	51	5	10	-2/357
63	51	5	11	-2/357
63	51	6	9	-2/357
63	51	7	9	-2/357
63	52	2	7	-604/127449
63	52	2	11	-604/127449
63	52	2	13	-604/127449
63	52	3	6	-604/127449
63	52	3	10	-604/127449
63	52	3	13	-604/127449
63	52	4	5	-604/127449
63	52	4	9	-604/127449
63	52	5	10	-604/127449
63	52	5	11	-604/127449
63	52	6	9	-604/127449
63	52	7	9	-604/127449
63	53	2	7	24/99127
63	53	2	11	24/99127
63	53	2	13	24/99127
63	53	3	6	24/99127
63	53	3	10	24/99127
63	53	3	13	24/99127
63	53	4	5	24/99127
63	53	4	9	24/99127
63	53	5	10	24/99127
63	53	5	11	24/99127
63	53	6	9	24/99127
63	53	7	9	24/99127
63	54	2	7	2063472/10628297813
63	54	2	11	2063472/10628297813
63	54	2	13	2063472/10628297813
63	54	3	6	2063472/10628297813
63	54	3	10	2063472/10628297813
63	54	3	13	2063472/10628297813
63	54	4	5	2063472/10628297813
63	54	4	9	2063472/10628297813
63	54	5	10	2063472/10628297813
63	54	5	11	2063472/10628297813
63	54	6	9	2063472/10628297813
63	54	7	9	2063472/10628297813
63	55	2	7	-190915808/11382906957723
63	55	2	11	-190915808/11382906957723
63	55	2	13	-190915808/11382906957723
63	55	3	6	-190915808/11382906957723
63	55	3	10	-190915808/11382906957723
63	55	3	13	-190915808/11382906957723
63	55	4	5	-190915808/11382906957723
63	55	4	9	-190915808/11382906957723
63	55	5	10	-190915808/11382906957723
63	55	5	11	-190915808/11382906957723
63	55	6	9	-190915808/11382906957723
63	55	7	9	-190915808/11382906957723
63	56	2	3	2
63	56	2	4	2
63	56	2	5	2
63	56	3	3	1
63	56	3	6	2
63	56	3	10	2
63	56	4	4	1
63	56	4	6	2
63	56	4	10	2
63	57	1	2	300/493
63	57	1	3	300/493
63	57	1	4	-24/493
63	57	2	2	-74/493
63	57	2	5	-36/493
63	57	2	9	-36/493
63	57	3	3	-74/493
63	57	3	5	-36/493
63	57	3	9	-36/493
63	58	1	2	37344/243049
63	58	1	3	37344/243049
63	58	1	4	-7368/243049
63	58	2	2	1648/243049
63	58	2	5	-7008/243049
63	58	2	9	-7008/243049
63	58	3	3	1648/243049
63	58	3	5	-7008/243049
63	58	3	9	-7008/243049
63	59	1	2	194400/7048421
63	59	1	3	194400/7048421
63	59	1	4	272160/119823157
63	59	2	2	444592/119823157
63	59	2	5	401760/119823157
63	59	2	9	401760/119823157
63	59	3	3	444592/119823157
63	59	3	5	401760/119823157
63	59	3	9	401760/119823157
63	60	1	2	3367816704/3130859269253
63	60	1	3	3367816704/3130859269253
63	60	1	4	4135611168/3130859269253
63	60	2	2	-2834669824/3130859269253
63	60	2	5	218018304/184168192309
63	60	2	9	218018304/184168192309
63	60	3	3	-2834669824/3130859269253
63	60	3	5	218018304/184168192309
63	60	3	9	218018304/184168192309
63	61	1	2	-2282297472000/1543513619741729
63	61	1	3	-2282297472000/1543513619741729
63	61	1	4	-262054507392/1543513619741729
63	61	2	2	-125012081152/1543513619741729
63	61	2	5	-380095607808/1543513619741729
63	61	2	9	-380095607808/1543513619741729
63	61	3	3	-125012081152/1543513619741729
63	61	3	5	-380095607808/1543513619741729
63	61	3	9	-380095607808/1543513619741729
63	62	2	2	2
63	62	2	3	4
63	63	1	1	249/442
63	63	1	2	-42/221
63	64	1	1	48273/390728
63	64	1	2	-2991/48841
63	65	1	1	5183433/345403552
63	65	1	2	206955/21587722
63	66	1	1	-38092969899/16182847218304
63	66	1	2	1331140149/505713975572
63	67	1	1	-25696906080723/14305636940980736
63	67	1	2	-172594663353/223525577202824
63	80	2	3	1
63	80	2	4	1
63	80	2	6	1
63	80	2	10	1
63	81	1	2	-9/170
63	81	1	3	-9/170
63	81	1	5	-9/170
63	81	1	9	-9/170
63	82	1	2	-207/14450
63	82	1	3	-207/14450
63	82	1	5	-207/14450
63	82	1	9	-207/14450
63	83	1	2	3159/1228250
63	83	1	3	3159/1228250
63	83	1	5	3159/1228250
63	83	1	9	3159/1228250
63	84	1	2	6271587/11066532500
63	84	1	3	6271587/11066532500
63	84	1	5	6271587/11066532500
63	84	1	9	6271587/11066532500
63	85	1	2	-374718393/1881310525000
63	85	1	3	-374718393/1881310525000
63	85	1	5	-374718393/1881310525000
63	85	1	9	-374718393/1881310525000
64	50	3	8	1/6
64	50	3	9	1/6
64	50	3	12	1/6
64	50	3	13	1/6
64	50	3	14	1/6
64	50	3	15	1/6
64	50	4	7	1/6
64	50	4	9	1/6
64	50	4	11	1/6
64	50	4	13	1/6
64	50	4	14	1/6
64	50	4	16	1/6
64	50	5	6	1/6
64	50	5	10	1/6
64	50	6	9	1/6
64	50	6	11	1/6
64	50	6	12	1/6
64	50	6	15	1/6
64	50	6	16	1/6
64	50	7	10	1/6
64	50	8	10	1/6
64	50	10	13	1/6
64	50	10	15	1/6
64	50	10	16	1/6
64	51	2	7	20/357
64	51	2	8	-1/51
64	51	2	11	20/357
64	51	2	12	-1/51
64	51	2	13	20/357
64	51	2	14	-1/51
64	51	3	6	20/357
64	51	3	8	-1/51
64	51	3	10	20/357
64	51	3	12	-1/51
64	51	3	13	20/357
64	51	3	15	-1/51
64	51	4	5	20/357
64	51	4	9	20/357
64	51	5	8	-1/51
64	51	5	10	20/357
64	51	5	11	20/357
64	51	5	14	-1/51
64	51	5	15	-1/51
64	51	6	9	20/357
64	51	7	9	20/357
64	51	9	12	-1/51
64	51	9	14	-1/51
64	51	9	15	-1/51
64	52	2	7	36362/2166633
64	52	2	8	80/309519
64	52	2	11	36362/2166633
64	52	2	12	80/309519
64	52	2	13	36362/2166633
64	52	2	14	80/309519
64	52	3	6	36362/2166633
64	52	3	8	80/309519
64	52	3	10	36362/2166633
64	52	3	12	80/309519
64	52	3	13	36362/2166633
64	52	3	15	80/309519
64	52	4	5	36362/2166633
64	52	4	9	36362/2166633
64	52	5	8	80/309519
64	52	5	10	36362/2166633
64	52	5	11	36362/2166633
64	52	5	14	80/309519
64	52	5	15	80/309519
64	52	6	9	36362/2166633
64	52	7	9	36362/2166633
64	52	9	12	80/309519
64	52	9	14	80/309519
64	52	9	15	80/309519
64	53	2	7	122160/28647703
64	53	2	8	264/584647
64	53	2	11	122160/28647703
64	53	2	12	264/584647
64	53	2	13	122160/28647703
64	53	2	14	264/584647
64	53	3	6	122160/28647703
64	53	3	8	264/584647
64	53	3	10	122160/28647703
64	53	3	12	264/584647
64	53	3	13	122160/28647703
64	53	3	15	264/584647
64	53	4	5	122160/28647703
64	53	4	9	122160/28647703
64	53	5	8	264/584647
64	53	5	10	122160/28647703
64	53	5	11	122160/28647703
64	53	5	14	264/584647
64	53	5	15	264/584647
64	53	6	9	122160/28647703
64	53	7	9	122160/28647703
64	53	9	12	264/584647
64	53	9	14	264/584647
64	53	9	15	264/584647
64	54	2	7	146662296/180681062821
64	54	2	8	-14208/216904037
64	54	2	11	146662296/180681062821
64	54	2	12	-14208/216904037
64	54	2	13	146662296/180681062821
64	54	2	14	-14208/216904037
64	54	3	6	146662296/180681062821
64	54	3	8	-14208/216904037
64	54	3	10	146662296/180681062821
64	54	3	12	-14208/216904037
64	54	3	13	146662296/180681062821
64	54	3	15	-14208/216904037
64	54	4	5	146662296/180681062821
64	54	4	9	146662296/180681062821
64	54	5	8	-14208/216904037
64	54	5	10	146662296/180681062821
64	54	5	11	146662296/180681062821
64	54	5	14	-14208/216904037
64	54	5	15	-14208/216904037
64	54	6	9	146662296/180681062821
64	54	7	9	146662296/180681062821
64	54	9	12	-14208/216904037
64	54	9	14	-14208/216904037
64	54	9	15	-14208/216904037
64	55	2	7	11491652800/193509418281291
64	55	2	8	-7419392/564167400237
64	55	2	11	11491652800/193509418281291
64	55	2	12	-7419392/564167400237
64	55	2	13	11491652800/193509418281291
64	55	2	14	-7419392/564167400237
64	55	3	6	11491652800/193509418281291
64	55	3	8	-7419392/564167400237
64	55	3	10	11491652800/193509418281291
64	55	3	12	-7419392/564167400237
64	55	3	13	11491652800/193509418281291
64	55	3	15	-7419392/564167400237
64	55	4	5	11491652800/193509418281291
64	55	4	9	11491652800/193509418281291
64	55	5	8	-7419392/564167400237
64	55	5	10	11491652800/193509418281291
64	55	5	11	11491652800/193509418281291
64	55	5	14	-7419392/564167400237
64	55	5	15	-7419392/564167400237
64	55	6	9	11491652800/193509418281291
64	55	7	9	11491652800/193509418281291
64	55	9	12	-7419392/564167400237
64	55	9	14	-7419392/564167400237
64	55	9	15	-7419392/564167400237
64	56	2	7	1
64	56	2	8	1
64	56	2	9	1
64	56	2	11	1
64	56	2	12	1
64	56	2	13	1
64	56	6	7	1
64	56	6	8	1
64	56	10	11	1
64	56	10	12	1
64	57	1	6	159/493
64	57	1	7	159/493
64	57	1	8	-3/493
64	57	1	10	159/493
64	57	1	11	159/493
64	57	1	12	-3/493
64	57	5	6	-9/58
64	57	5	7	-9/58
64	57	9	10	-9/58
64	57	9	11	-9/58
64	58	1	6	374619/4131833
64	58	1	7	374619/4131833
64	58	1	8	-55005/4131833
64	58	1	10	374619/4131833
64	58	1	11	374619/4131833
64	58	1	12	-55005/4131833
64	58	5	6	177321/16527332
64	58	5	7	177321/16527332
64	58	9	10	177321/16527332
64	58	9	11	177321/16527332
64	59	1	6	42024177/2036993669
64	59	1	7	42024177/2036993669
64	59	1	8	495963/2036993669
64	59	1	10	42024177/2036993669
64	59	1	11	42024177/2036993669
64	59	1	12	495963/2036993669
64	59	5	6	2375487/958585256
64	59	5	7	2375487/958585256
64	59	9	10	2375487/958585256
64	59	9	11	2375487/958585256
64	60	1	6	159801929973/53224607577301
64	60	1	7	159801929973/53224607577301
64	60	1	8	27223855461/53224607577301
64	60	1	10	159801929973/53224607577301
64	60	1	11	159801929973/53224607577301
64	60	1	12	27223855461/53224607577301
64	60	5	6	-710560838187/851593721236816
64	60	5	7	-710560838187/851593721236816
64	60	9	10	-710560838187/851593721236816
64	60	9	11	-710560838187/851593721236816
64	61	1	6	-78884291097/495089274256781
64	61	1	7	-78884291097/495089274256781
64	61	1	8	-409935578103/26239731535609393
64	61	1	10	-78884291097/495089274256781
64	61	1	11	-78884291097/495089274256781
64	61	1	12	-409935578103/26239731535609393
64	61	5	6	477609933411/49392435831735328
64	61	5	7	477609933411/49392435831735328
64	61	9	10	477609933411/49392435831735328
64	61	9	11	477609933411/49392435831735328
64	62	2	10	2
64	62	2	11	2
64	62	4	4	1
64	62	4	10	2
64	62	6	6	1
64	62	6	10	2
64	63	1	9	129/221
64	63	1	10	-33/442
64	63	3	3	-151/884
64	63	3	9	3/221
64	63	5	5	-151/884
64	63	5	9	3/221
64	64	1	9	233445/1660594
64	64	1	10	-179295/6642376
64	64	3	3	189809/13284752
64	64	3	9	-49299/1660594
64	64	5	5	189809/13284752
64	64	5	9	-49299/1660594
64	65	1	9	17355789/733982548
64	65	1	10	18972063/5871860384
64	65	3	3	31076857/11743720768
64	65	3	9	-444609/733982548
64	65	5	5	31076857/11743720768
64	65	5	9	-444609/733982548
64	66	1	9	9825045741/17194275169448
64	66	1	10	284719252581/275108402711168
64	66	3	3	-613681055867/550216805422336
64	66	3	9	21868044093/17194275169448
64	66	5	5	-613681055867/550216805422336
64	66	5	9	21868044093/17194275169448
64	67	1	9	-9881175346371/7599869624896016
64	67	1	10	-54372776381253/243195827996672512
64	67	3	3	24347174293709/486391655993345024
64	67	3	9	329435101863/7599869624896016
64	67	5	5	24347174293709/486391655993345024
64	67	5	9	329435101863/7599869624896016
64	68	2	3	2/3
64	68	2	4	2/3
64	68	2	6	2/3
64	69	1	2	-8/255
64	69	1	3	-8/255
64	69	1	5	-8/255
64	70	1	2	-11048/1105425
64	70	1	3	-11048/1105425
64	70	1	5	-11048/1105425
64	71	1	2	48544/31320375
64	71	1	3	48544/31320375
64	71	1	5	48544/31320375
64	72	1	2	59347232/141098289375
64	72	1	3	59347232/141098289375
64	72	1	5	59347232/141098289375
64	73	1	2	-4398902144/35980063790625
64	73	1	3	-4398902144/35980063790625
64	73	1	5	-4398902144/35980063790625
64	86	2	6	2
64	86	2	10	2
64	87	1	5	-27/238
64	87	1	9	-27/238
64	88	1	5	-257571/9629480
64	88	1	9	-257571/9629480
64	89	1	5	24209361/4583632480
64	89	1	9	24209361/4583632480
64	90	1	5	560522633229/578179401027200
64	90	1	9	560522633229/578179401027200
64	91	1	5	-21542336506323/55042678977789440
64	91	1	9	-21542336506323/55042678977789440
65	50	3	9	1/3
65	50	3	13	1/3
65	50	3	15	1/3
65	50	4	9	1/3
65	50	4	13	1/3
65	50	4	16	1/3
65	50	6	9	1/3
65	50	6	15	1/3
65	50	6	16	1/3
65	50	10	13	1/3
65	50	10	15	1/3
65	50	10	16	1/3
65	51	2	8	4/51
65	51	2	12	4/51
65	51	2	14	4/51
65	51	3	8	4/51
65	51	3	12	4/51
65	51	3	15	4/51
65	51	5	8	4/51
65	51	5	14	4/51
65	51	5	15	4/51
65	51	9	12	4/51
65	51	9	14	4/51
65	51	9	15	4/51
65	52	2	8	4528/309519
65	52	2	12	4528/309519
65	52	2	14	4528/309519
65	52	3	8	4528/309519
65	52	3	12	4528/309519
65	52	3	15	4528/309519
65	52	5	8	4528/309519
65	52	5	14	4528/309519
65	52	5	15	4528/309519
65	52	9	12	4528/309519
65	52	9	14	4528/309519
65	52	9	15	4528/309519
65	53	2	8	960/584647
65	53	2	12	960/584647
65	53	2	14	960/584647
65	53	3	8	960/584647
65	53	3	12	960/584647
65	53	3	15	960/584647
65	53	5	8	960/584647
65	53	5	14	960/584647
65	53	5	15	960/584647
65	53	9	12	960/584647
65	53	9	14	960/584647
65	53	9	15	960/584647
65	54	2	8	-450816/3687368629
65	54	2	12	-450816/3687368629
65	54	2	14	-450816/3687368629
65	54	3	8	-450816/3687368629
65	54	3	12	-450816/3687368629
65	54	3	15	-450816/3687368629
65	54	5	8	-450816/3687368629
65	54	5	14	-450816/3687368629
65	54	5	15	-450816/3687368629
65	54	9	12	-450816/3687368629
65	54	9	14	-450816/3687368629
65	54	9	15	-450816/3687368629
65	55	2	8	-61391872/564167400237
65	55	2	12	-61391872/564167400237
65	55	2	14	-61391872/564167400237
65	55	3	8	-61391872/564167400237
65	55	3	12	-61391872/564167400237
65	55	3	15	-61391872/564167400237
65	55	5	8	-61391872/564167400237
65	55	5	14	-61391872/564167400237
65	55	5	15	-61391872/564167400237
65	55	9	12	-61391872/564167400237
65	55	9	14	-61391872/564167400237
65	55	9	15	-61391872/564167400237
65	56	2	15	2
65	56	2	16	2
65	56	2	17	2
65	57	1	14	336/493
65	57	1	15	336/493
65	57	1	16	12/493
65	58	1	14	856608/4131833
65	58	1	15	856608/4131833
65	58	1	16	-101784/4131833
65	59	1	14	109299456/2036993669
65	59	1	15	109299456/2036993669
65	59	1	16	-1846800/2036993669
65	60	1	14	32864113152/3130859269253
65	60	1	15	32864113152/3130859269253
65	60	1	16	46571016096/53224607577301
65	61	1	14	22400188747776/26239731535609393
65	61	1	15	22400188747776/26239731535609393
65	61	1	16	1420659145152/26239731535609393
65	62	10	10	2
65	62	10	12	4
65	62	10	14	4
65	63	9	9	66/221
65	63	9	11	-120/221
65	63	9	13	-120/221
65	64	9	9	13938/830297
65	64	9	11	15024/830297
65	64	9	13	15024/830297
65	65	9	9	-1063854/183495637
65	65	9	11	2319840/183495637
65	65	9	13	2319840/183495637
65	66	9	9	-3459640086/2149284396181
65	66	9	11	-5498829504/2149284396181
65	66	9	13	-5498829504/2149284396181
65	67	9	9	26567736426/474991851556001
65	67	9	11	-146423894400/474991851556001
65	67	9	13	-146423894400/474991851556001
65	68	2	11	4/3
65	68	2	12	4/3
65	68	2	14	4/3
65	69	1	10	-16/255
65	69	1	11	-16/255
65	69	1	13	-16/255
65	70	1	10	-20416/1105425
65	70	1	11	-20416/1105425
65	70	1	13	-20416/1105425
65	71	1	10	90368/31320375
65	71	1	11	90368/31320375
65	71	1	13	90368/31320375
65	72	1	10	100946944/141098289375
65	72	1	11	100946944/141098289375
65	72	1	13	100946944/141098289375
65	73	1	10	-7618981888/35980063790625
65	73	1	11	-7618981888/35980063790625
65	73	1	13	-7618981888/35980063790625
65	74	4	4	2/3
65	74	6	6	2/3
65	74	10	10	2/3
65	75	3	3	-40/323
65	75	5	5	-40/323
65	75	9	9	-40/323
65	76	3	3	23928/1773593
65	76	5	5	23928/1773593
65	76	9	9	23928/1773593
65	77	3	3	588960/572870539
65	77	5	5	588960/572870539
65	77	9	9	588960/572870539
65	78	3	3	-7687456416/9806970757141
65	78	5	5	-7687456416/9806970757141
65	78	9	9	-7687456416/9806970757141
65	79	3	3	311537404800/3167651554556543
65	79	5	5	311537404800/3167651554556543
65	79	9	9	311537404800/3167651554556543
65	92	2	10	4
65	93	1	9	-288/1139
65	94	1	9	-1075392/22054457
65	95	1	9	283046400/25120026523
65	96	1	9	137087271936/89201214183173
65	97	1	9	-1376020382588928/1727203110228778799
66	50	3	16	1
66	50	4	15	1
66	50	6	13	1
66	50	9	10	1
66	52	2	15	-432/34391
66	52	3	14	-432/34391
66	52	5	12	-432/34391
66	52	8	9	-432/34391
66	54	2	15	1679616/3687368629
66	54	3	14	1679616/3687368629
66	54	5	12	1679616/3687368629
66	54	8	9	1679616/3687368629
66	56	2	5	6
66	57	1	4	972/493
66	58	1	4	2338632/4131833
66	59	1	4	269263440/2036993669
66	60	1	4	1072048294368/53224607577301
66	61	1	4	-19992963475008/26239731535609393
66	62	3	10	12
66	63	2	9	-108/221
66	64	2	9	-135108/830297
66	65	2	9	3945348/183495637
66	66	2	9	13409398044/2149284396181
66	67	2	9	-718041272508/474991851556001
66	68	2	2	2
66	69	1	1	48/85
66	70	1	1	15264/122825
66	71	1	1	158976/10440125
66	72	1	1	-109444608/47032763125
66	73	1	1	-425005056/235163815625
66	80	3	3	3/2
66	80	4	4	3/2
66	80	6	6	3/2
66	80	10	10	3/2
66	81	2	2	-351/1360
66	81	3	3	-351/1360
66	81	5	5	-351/1360
66	81	9	9	-351/1360
66	82	2	2	348219/15721600
66	82	3	3	348219/15721600
66	82	5	5	348219/15721600
66	82	9	9	348219/15721600
66	83	2	2	41139657/10690688000
66	83	3	3	41139657/10690688000
66	83	5	5	41139657/10690688000
66	83	9	9	41139657/10690688000
66	84	2	2	-649393719777/385292395520000
66	84	3	3	-649393719777/385292395520000
66	84	5	5	-649393719777/385292395520000
66	84	9	9	-649393719777/385292395520000
66	85	2	2	22880201471829/261998828953600000
66	85	3	3	22880201471829/261998828953600000
66	85	5	5	22880201471829/261998828953600000
66	85	9	9	22880201471829/261998828953600000
67	50	3	16	1/2
67	50	3	17	1/2
67	50	4	15	1/2
67	50	4	17	1/2
67	50	6	13	1/2
67	50	6	17	1/2
67	50	9	10	1/2
67	50	10	17	1/2
67	51	2	15	3/17
67	51	2	16	-6/119
67	51	3	14	3/17
67	51	3	16	-6/119
67	51	5	12	3/17
67	51	5	16	-6/119
67	51	8	9	3/17
67	51	9	16	-6/119
67	52	2	15	1968/34391
67	52	2	16	6/240737
67	52	3	14	1968/34391
67	52	3	16	6/240737
67	52	5	12	1968/34391
67	52	5	16	6/240737
67	52	8	9	1968/34391
67	52	9	16	6/240737
67	53	2	15	9720/584647
67	53	2	16	29160/28647703
67	53	3	14	9720/584647
67	53	3	16	29160/28647703
67	53	5	12	9720/584647
67	53	5	16	29160/28647703
67	53	8	9	9720/584647
67	53	9	16	29160/28647703
67	54	2	15	15209856/3687368629
67	54	2	16	-1160568/10628297813
67	54	3	14	15209856/3687368629
67	54	3	16	-1160568/10628297813
67	54	5	12	15209856/3687368629
67	54	5	16	-1160568/10628297813
67	54	8	9	15209856/3687368629
67	54	9	16	-1160568/10628297813
67	55	2	15	48563712/62685266693
67	55	2	16	-598811616/21501046475699
67	55	3	14	48563712/62685266693
67	55	3	16	-598811616/21501046475699
67	55	5	12	48563712/62685266693
67	55	5	16	-598811616/21501046475699
67	55	8	9	48563712/62685266693
67	55	9	16	-598811616/21501046475699
67	56	2	9	3
67	56	2	13	3
67	57	1	8	513/493
67	57	1	12	513/493
67	58	1	8	1355049/4131833
67	58	1	12	1355049/4131833
67	59	1	8	185118615/2036993669
67	59	1	12	185118615/2036993669
67	60	1	8	64704890367/3130859269253
67	60	1	12	64704890367/3130859269253
67	61	1	8	81763484941053/26239731535609393
67	61	1	12	81763484941053/26239731535609393
67	62	10	11	6
67	63	9	10	-243/221
67	64	9	10	212463/1660594
67	65	9	10	2578473/733982548
67	66	9	10	-93733654329/17194275169448
67	67	9	10	6851920362777/7599869624896016
67	68	2	10	2
67	68	3	10	2
67	68	4	10	2
67	68	6	10	2
67	69	1	9	48/85
67	69	2	9	2/85
67	69	3	9	2/85
67	69	5	9	2/85
67	70	1	9	16104/122825
67	70	2	9	-3446/122825
67	70	3	9	-3446/122825
67	70	5	9	-3446/122825
67	71	1	9	219456/10440125
67	71	2	9	-10406/10440125
67	71	3	9	-10406/10440125
67	71	5	9	-10406/10440125
67	72	1	9	14932512/47032763125
67	72	2	9	53391962/47032763125
67	72	3	9	53391962/47032763125
67	72	5	9	53391962/47032763125
67	73	1	9	-4608721152/3997784865625
67	73	2	9	270641402/3997784865625
67	73	3	9	270641402/3997784865625
67	73	5	9	270641402/3997784865625
67	86	6	6	3
67	86	10	10	3
67	87	5	5	-1431/2380
67	87	9	9	-1431/2380
67	88	5	5	7657659/96294800
67	88	9	9	7657659/96294800
67	89	5	5	112085937/229181624000
67	89	9	9	112085937/229181624000
67	90	5	5	-98879776627617/28908970051360000
67	90	9	9	-98879776627617/28908970051360000
67	91	5	5	921183783247593/1298176390985600000
67	91	9	9	921183783247593/1298176390985600000
68	50	3	17	1
68	50	4	17	1
68	50	6	17	1
68	50	10	17	1
68	51	2	16	30/119
68	51	3	16	30/119
68	51	5	16	30/119
68	51	9	16	30/119
68	52	2	16	13116/240737
68	52	3	16	13116/240737
68	52	5	16	13116/240737
68	52	9	16	13116/240737
68	53	2	16	262440/28647703
68	53	3	16	262440/28647703
68	53	5	16	262440/28647703
68	53	9	16	262440/28647703
68	54	2	16	147677904/180681062821
68	54	3	16	147677904/180681062821
68	54	5	16	147677904/180681062821
68	54	9	16	147677904/180681062821
68	55	2	16	-2919434400/21501046475699
68	55	3	16	-2919434400/21501046475699
68	55	5	16	-2919434400/21501046475699
68	55	9	16	-2919434400/21501046475699
68	56	2	17	6
68	57	1	16	1080/493
68	58	1	16	3060504/4131833
68	59	1	16	462944160/2036993669
68	60	1	16	3247492816224/53224607577301
68	61	1	16	20409412924800/1543513619741729
68	68	10	10	2
68	68	10	11	4
68	68	10	12	4
68	68	10	14	4
68	69	9	9	18/85
68	69	9	10	-56/85
68	69	9	11	-56/85
68	69	9	13	-56/85
68	70	9	9	-366/122825
68	70	9	10	7088/122825
68	70	9	11	7088/122825
68	70	9	13	7088/122825
68	71	9	9	-59454/10440125
68	71	9	10	75488/10440125
68	71	9	11	75488/10440125
68	71	9	13	75488/10440125
68	72	9	9	-24737238/47032763125
68	72	9	10	-162865856/47032763125
68	72	9	11	-162865856/47032763125
68	72	9	13	-162865856/47032763125
68	73	9	9	872147898/3997784865625
68	73	9	10	1003967104/3997784865625
68	73	9	11	1003967104/3997784865625
68	73	9	13	1003967104/3997784865625
68	92	10	10	6
68	93	9	9	-1512/1139
68	94	9	9	4784184/22054457
68	95	9	9	-352229472/25120026523
68	96	9	9	-8091824907168/1516420641113941
68	97	9	9	202865887373184/101600182954634047
69	50	5	5	2/3
69	50	7	7	2/3
69	50	8	8	2/3
69	50	11	11	2/3
69	50	12	12	2/3
69	50	14	14	2/3
69	51	4	4	-58/357
69	51	6	6	-58/357
69	51	7	7	-58/357
69	51	10	10	-58/357
69	51	11	11	-58/357
69	51	13	13	-58/357
69	52	4	4	1346/42483
69	52	6	6	1346/42483
69	52	7	7	1346/42483
69	52	10	10	1346/42483
69	52	11	11	1346/42483
69	52	13	13	1346/42483
69	53	4	4	-19546/5055477
69	53	6	6	-19546/5055477
69	53	7	7	-19546/5055477
69	53	10	10	-19546/5055477
69	53	11	11	-19546/5055477
69	53	13	13	-19546/5055477
69	54	4	4	-6250838/31884893439
69	54	6	6	-6250838/31884893439
69	54	7	7	-6250838/31884893439
69	54	10	10	-6250838/31884893439
69	54	11	11	-6250838/31884893439
69	54	13	13	-6250838/31884893439
69	55	4	4	916712446/3794302319241
69	55	6	6	916712446/3794302319241
69	55	7	7	916712446/3794302319241
69	55	10	10	916712446/3794302319241
69	55	11	11	916712446/3794302319241
69	55	13	13	916712446/3794302319241
69	56	6	10	8
69	57	5	9	1404/493
69	58	5	9	221346/243049
69	59	5	9	30051567/119823157
69	60	5	9	337652292501/6261718538506
69	61	5	9	37378762611723/6174054478966916
69	62	2	8	16
69	63	1	7	-108/221
69	64	1	7	-10503/48841
69	65	1	7	890109/43175444
69	66	1	7	16726488741/2022855902288
69	67	1	7	-2489378235111/1788204617622592
69	98	2	2	2
69	99	1	1	-30/221
69	100	1	1	-1422/48841
69	101	1	1	77490/10793861
69	102	1	1	139510026/126428493893
69	103	1	1	-16838356950/27940697150353
70	50	5	5	1/3
70	50	7	7	1/3
70	50	8	8	1/3
70	50	11	11	1/3
70	50	12	12	1/3
70	50	14	14	1/3
70	51	4	4	13/357
70	51	6	6	13/357
70	51	7	7	13/357
70	51	10	10	13/357
70	51	11	11	13/357
70	51	13	13	13/357
70	52	4	4	-69/240737
70	52	6	6	-69/240737
70	52	7	7	-69/240737
70	52	10	10	-69/240737
70	52	11	11	-69/240737
70	52	13	13	-69/240737
70	53	4	4	-82771/85943109
70	53	6	6	-82771/85943109
70	53	7	7	-82771/85943109
70	53	10	10	-82771/85943109
70	53	11	11	-82771/85943109
70	53	13	13	-82771/85943109
70	54	4	4	-54414299/542043188463
70	54	6	6	-54414299/542043188463
70	54	7	7	-54414299/542043188463
70	54	10	10	-54414299/542043188463
70	54	11	11	-54414299/542043188463
70	54	13	13	-54414299/542043188463
70	55	4	4	765898731/21501046475699
70	55	6	6	765898731/21501046475699
70	55	7	7	765898731/21501046475699
70	55	10	10	765898731/21501046475699
70	55	11	11	765898731/21501046475699
70	55	13	13	765898731/21501046475699
70	56	6	14	4
70	56	10	14	4
70	56	14	14	2
70	57	5	13	468/493
70	57	9	13	468/493
70	57	13	13	-192/493
70	58	5	13	701172/4131833
70	58	9	13	701172/4131833
70	58	13	13	198504/4131833
70	59	5	13	28292004/2036993669
70	59	9	13	28292004/2036993669
70	59	13	13	2992896/2036993669
70	60	5	13	-12104558028/3130859269253
70	60	9	13	-12104558028/3130859269253
70	60	13	13	-124160944608/53224607577301
70	61	5	13	-46513156144572/26239731535609393
70	61	9	13	-46513156144572/26239731535609393
70	61	13	13	10670050280448/26239731535609393
70	62	2	16	8
70	63	1	15	-36/221
70	64	1	15	-100206/830297
70	65	1	15	1377567/183495637
70	66	1	15	22531603221/4298568792362
70	67	1	15	-1053489987549/1899967406224004
70	74	2	8	8/3
70	74	2	12	8/3
70	74	2	14	8/3
70	75	1	7	-36/323
70	75	1	11	-36/323
70	75	1	13	-36/323
70	76	1	7	-66978/1773593
70	76	1	11	-66978/1773593
70	76	1	13	-66978/1773593
70	77	1	7	2935683/572870539
70	77	1	11	2935683/572870539
70	77	1	13	2935683/572870539
70	78	1	7	29650604607/19613941514282
70	78	1	11	29650604607/19613941514282
70	78	1	13	29650604607/19613941514282
70	79	1	7	-4770496729269/12670606218226172
70	79	1	11	-4770496729269/12670606218226172
70	79	1	13	-4770496729269/12670606218226172
70	104	2	2	2
70	105	1	1	-16/119
70	106	1	1	-7064/240737
70	107	1	1	204352/28647703
70	108	1	1	203527712/180681062821
70	109	1	1	-12919649536/21501046475699
71	50	5	7	1/6
71	50	5	8	1/6
71	50	5	11	1/6
71	50	5	12	1/6
71	50	7	8	1/6
71	50	7	11	1/6
71	50	7	14	1/6
71	50	8	12	1/6
71	50	8	14	1/6
71	50	11	12	1/6
71	50	11	14	1/6
71	50	12	14	1/6
71	51	4	6	-5/238
71	51	4	7	-5/238
71	51	4	10	-5/238
71	51	4	11	-5/238
71	51	6	7	-5/238
71	51	6	10	-5/238
71	51	6	13	-5/238
71	51	7	11	-5/238
71	51	7	13	-5/238
71	51	10	11	-5/238
71	51	10	13	-5/238
71	51	11	13	-5/238
71	52	4	6	2291/4333266
71	52	4	7	2291/4333266
71	52	4	10	2291/4333266
71	52	4	11	2291/4333266
71	52	6	7	2291/4333266
71	52	6	10	2291/4333266
71	52	6	13	2291/4333266
71	52	7	11	2291/4333266
71	52	7	13	2291/4333266
71	52	10	11	2291/4333266
71	52	10	13	2291/4333266
71	52	11	13	2291/4333266
71	53	4	6	26795/57295406
71	53	4	7	26795/57295406
71	53	4	10	26795/57295406
71	53	4	11	26795/57295406
71	53	6	7	26795/57295406
71	53	6	10	26795/57295406
71	53	6	13	26795/57295406
71	53	7	11	26795/57295406
71	53	7	13	26795/57295406
71	53	10	11	26795/57295406
71	53	10	13	26795/57295406
71	53	11	13	26795/57295406
71	54	4	6	-89079419/1084086376926
71	54	4	7	-89079419/1084086376926
71	54	4	10	-89079419/1084086376926
71	54	4	11	-89079419/1084086376926
71	54	6	7	-89079419/1084086376926
71	54	6	10	-89079419/1084086376926
71	54	6	13	-89079419/1084086376926
71	54	7	11	-89079419/1084086376926
71	54	7	13	-89079419/1084086376926
71	54	10	11	-89079419/1084086376926
71	54	10	13	-89079419/1084086376926
71	54	11	13	-89079419/1084086376926
71	55	4	6	-511392025/43002092951398
71	55	4	7	-511392025/43002092951398
71	55	4	10	-511392025/43002092951398
71	55	4	11	-511392025/43002092951398
71	55	6	7	-511392025/43002092951398
71	55	6	10	-511392025/43002092951398
71	55	6	13	-511392025/43002092951398
71	55	7	11	-511392025/43002092951398
71	55	7	13	-511392025/43002092951398
71	55	10	11	-511392025/43002092951398
71	55	10	13	-511392025/43002092951398
71	55	11	13	-511392025/43002092951398
71	56	3	6	1
71	56	3	7	1
71	56	3	10	1
71	56	3	11	1
71	56	4	6	1
71	56	4	8	1
71	56	4	10	1
71	56	4	12	1
71	56	6	11	1
71	56	6	12	1
71	56	7	10	1
71	56	8	10	1
71	57	2	5	156/493
71	57	2	6	-4/29
71	57	2	9	156/493
71	57	2	10	-4/29
71	57	3	5	156/493
71	57	3	7	-4/29
71	57	3	9	156/493
71	57	3	11	-4/29
71	57	5	10	21/986
71	57	5	11	21/986
71	57	6	9	21/986
71	57	7	9	21/986
71	58	2	5	356640/4131833
71	58	2	6	21536/4131833
71	58	2	9	356640/4131833
71	58	2	10	21536/4131833
71	58	3	5	356640/4131833
71	58	3	7	21536/4131833
71	58	3	9	356640/4131833
71	58	3	11	21536/4131833
71	58	5	10	-220791/16527332
71	58	5	11	-220791/16527332
71	58	6	9	-220791/16527332
71	58	7	9	-220791/16527332
71	59	2	5	37829376/2036993669
71	59	2	6	370432/119823157
71	59	2	9	37829376/2036993669
71	59	2	10	370432/119823157
71	59	3	5	37829376/2036993669
71	59	3	7	370432/119823157
71	59	3	9	37829376/2036993669
71	59	3	11	370432/119823157
71	59	5	10	-14224707/16295949352
71	59	5	11	-14224707/16295949352
71	59	6	9	-14224707/16295949352
71	59	7	9	-14224707/16295949352
71	60	2	5	121252432896/53224607577301
71	60	2	6	-35340956672/53224607577301
71	60	2	9	121252432896/53224607577301
71	60	2	10	-35340956672/53224607577301
71	60	3	5	121252432896/53224607577301
71	60	3	7	-35340956672/53224607577301
71	60	3	9	121252432896/53224607577301
71	60	3	11	-35340956672/53224607577301
71	60	5	10	437199273333/851593721236816
71	60	5	11	437199273333/851593721236816
71	60	6	9	437199273333/851593721236816
71	60	7	9	437199273333/851593721236816
71	61	2	5	-8725950664704/26239731535609393
71	61	2	6	-103886884864/1543513619741729
71	61	2	9	-8725950664704/26239731535609393
71	61	2	10	-103886884864/1543513619741729
71	61	3	5	-8725950664704/26239731535609393
71	61	3	7	-103886884864/1543513619741729
71	61	3	9	-8725950664704/26239731535609393
71	61	3	11	-103886884864/1543513619741729
71	61	5	10	48132230278041/839671409139500576
71	61	5	11	48132230278041/839671409139500576
71	61	6	9	48132230278041/839671409139500576
71	61	7	9	48132230278041/839671409139500576
71	62	2	4	2
71	62	2	5	2
71	62	2	6	2
71	62	2	7	2
71	62	4	6	2
71	63	1	3	267/442
71	63	1	4	-12/221
71	63	1	5	267/442
71	63	1	6	-12/221
71	63	3	5	-47/442
71	64	1	3	1007241/6642376
71	64	1	4	-24360/830297
71	64	1	5	1007241/6642376
71	64	1	6	-24360/830297
71	64	3	5	-167119/6642376
71	65	1	3	159638499/5871860384
71	65	1	4	453168/183495637
71	65	1	5	159638499/5871860384
71	65	1	6	453168/183495637
71	65	3	5	27093761/5871860384
71	66	1	3	316112956533/275108402711168
71	66	1	4	2654884512/2149284396181
71	66	1	5	316112956533/275108402711168
71	66	1	6	2654884512/2149284396181
71	66	3	5	237637938373/275108402711168
71	67	1	3	-338846292689913/243195827996672512
71	67	1	4	-85448198592/474991851556001
71	67	1	5	-338846292689913/243195827996672512
71	67	1	6	-85448198592/474991851556001
71	67	3	5	-4561352754811/14305636940980736
71	80	2	5	1/2
71	80	2	7	1/2
71	80	2	12	1/2
71	80	2	14	1/2
71	81	1	4	-3/170
71	81	1	6	-3/170
71	81	1	11	-3/170
71	81	1	13	-3/170
71	82	1	4	-846/122825
71	82	1	6	-846/122825
71	82	1	11	-846/122825
71	82	1	13	-846/122825
71	83	1	4	8073/10440125
71	83	1	6	8073/10440125
71	83	1	11	8073/10440125
71	83	1	13	8073/10440125
71	84	1	4	12714408/47032763125
71	84	1	6	12714408/47032763125
71	84	1	11	12714408/47032763125
71	84	1	13	12714408/47032763125
71	85	1	4	-216680184/3997784865625
71	85	1	6	-216680184/3997784865625
71	85	1	11	-216680184/3997784865625
71	85	1	13	-216680184/3997784865625
71	86	2	3	2
71	86	2	4	2
71	87	1	2	-12/119
71	87	1	3	-12/119
71	88	1	2	-35208/1203685
71	88	1	3	-35208/1203685
71	89	1	2	707184/143238515
71	89	1	3	707184/143238515
71	90	1	2	5378786208/4517026570525
71	90	1	3	5378786208/4517026570525
71	91	1	2	-41454929088/107505232378495
71	91	1	3	-41454929088/107505232378495
72	50	5	7	1/6
72	50	5	8	1/6
72	50	5	11	1/6
72	50	5	12	1/6
72	50	7	8	1/6
72	50	7	11	1/6
72	50	7	14	1/6
72	50	8	12	1/6
72	50	8	14	1/6
72	50	11	12	1/6
72	50	11	14	1/6
72	50	12	14	1/6
72	51	4	6	9/238
72	51	4	7	9/238
72	51	4	10	9/238
72	51	4	11	9/238
72	51	6	7	9/238
72	51	6	10	9/238
72	51	6	13	9/238
72	51	7	11	9/238
72	51	7	13	9/238
72	51	10	11	9/238
72	51	10	13	9/238
72	51	11	13	9/238
72	52	4	6	28499/4333266
72	52	4	7	28499/4333266
72	52	4	10	28499/4333266
72	52	4	11	28499/4333266
72	52	6	7	28499/4333266
72	52	6	10	28499/4333266
72	52	6	13	28499/4333266
72	52	7	11	28499/4333266
72	52	7	13	28499/4333266
72	52	10	11	28499/4333266
72	52	10	13	28499/4333266
72	52	11	13	28499/4333266
72	53	4	6	33417/57295406
72	53	4	7	33417/57295406
72	53	4	10	33417/57295406
72	53	4	11	33417/57295406
72	53	6	7	33417/57295406
72	53	6	10	33417/57295406
72	53	6	13	33417/57295406
72	53	7	11	33417/57295406
72	53	7	13	33417/57295406
72	53	10	11	33417/57295406
72	53	10	13	33417/57295406
72	53	11	13	33417/57295406
72	54	4	6	-116567579/1084086376926
72	54	4	7	-116567579/1084086376926
72	54	4	10	-116567579/1084086376926
72	54	4	11	-116567579/1084086376926
72	54	6	7	-116567579/1084086376926
72	54	6	10	-116567579/1084086376926
72	54	6	13	-116567579/1084086376926
72	54	7	11	-116567579/1084086376926
72	54	7	13	-116567579/1084086376926
72	54	10	11	-116567579/1084086376926
72	54	10	13	-116567579/1084086376926
72	54	11	13	-116567579/1084086376926
72	55	4	6	-2361211731/43002092951398
72	55	4	7	-2361211731/43002092951398
72	55	4	10	-2361211731/43002092951398
72	55	4	11	-2361211731/43002092951398
72	55	6	7	-2361211731/43002092951398
72	55	6	10	-2361211731/43002092951398
72	55	6	13	-2361211731/43002092951398
72	55	7	11	-2361211731/43002092951398
72	55	7	13	-2361211731/43002092951398
72	55	10	11	-2361211731/43002092951398
72	55	10	13	-2361211731/43002092951398
72	55	11	13	-2361211731/43002092951398
72	56	6	7	1
72	56	6	8	1
72	56	6	15	1
72	56	6	16	1
72	56	10	11	1
72	56	10	12	1
72	56	10	15	1
72	56	10	16	1
72	57	5	6	195/986
72	57	5	7	195/986
72	57	5	14	-48/493
72	57	5	15	-48/493
72	57	9	10	195/986
72	57	9	11	195/986
72	57	9	14	-48/493
72	57	9	15	-48/493
72	58	5	6	430665/16527332
72	58	5	7	430665/16527332
72	58	5	14	-14772/4131833
72	58	5	15	-14772/4131833
72	58	9	10	430665/16527332
72	58	9	11	430665/16527332
72	58	9	14	-14772/4131833
72	58	9	15	-14772/4131833
72	59	5	6	-166725/16295949352
72	59	5	7	-166725/16295949352
72	59	5	14	5887296/2036993669
72	59	5	15	5887296/2036993669
72	59	9	10	-166725/16295949352
72	59	9	11	-166725/16295949352
72	59	9	14	5887296/2036993669
72	59	9	15	5887296/2036993669
72	60	5	6	-887231270475/851593721236816
72	60	5	7	-887231270475/851593721236816
72	60	5	14	-8551732464/53224607577301
72	60	5	15	-8551732464/53224607577301
72	60	9	10	-887231270475/851593721236816
72	60	9	11	-887231270475/851593721236816
72	60	9	14	-8551732464/53224607577301
72	60	9	15	-8551732464/53224607577301
72	61	5	6	-185377094150625/839671409139500576
72	61	5	7	-185377094150625/839671409139500576
72	61	5	14	-3352523136768/26239731535609393
72	61	5	15	-3352523136768/26239731535609393
72	61	9	10	-185377094150625/839671409139500576
72	61	9	11	-185377094150625/839671409139500576
72	61	9	14	-3352523136768/26239731535609393
72	61	9	15	-3352523136768/26239731535609393
72	62	2	12	2
72	62	2	13	2
72	62	2	14	2
72	62	2	15	2
72	62	4	12	2
72	62	6	14	2
72	63	1	11	138/221
72	63	1	12	-15/442
72	63	1	13	138/221
72	63	1	14	-15/442
72	63	3	11	-50/221
72	63	5	13	-50/221
72	64	1	11	137694/830297
72	64	1	12	-189615/6642376
72	64	1	13	137694/830297
72	64	1	14	-189615/6642376
72	64	3	11	-2930/830297
72	64	5	13	-2930/830297
72	65	1	11	6164046/183495637
72	65	1	12	8647425/5871860384
72	65	1	13	6164046/183495637
72	65	1	14	8647425/5871860384
72	65	3	11	1282250/183495637
72	65	5	13	1282250/183495637
72	66	1	11	6868706202/2149284396181
72	66	1	12	322976283525/275108402711168
72	66	1	13	6868706202/2149284396181
72	66	1	14	322976283525/275108402711168
72	66	3	11	-1470842950/2149284396181
72	66	5	13	-1470842950/2149284396181
72	67	1	11	-483885846702/474991851556001
72	67	1	12	-24912516076875/243195827996672512
72	67	1	13	-483885846702/474991851556001
72	67	1	14	-24912516076875/243195827996672512
72	67	3	11	-146235256250/474991851556001
72	67	5	13	-146235256250/474991851556001
72	74	4	6	2/3
72	74	4	10	2/3
72	74	6	10	2/3
72	75	3	5	-2/323
72	75	3	9	-2/323
72	75	5	9	-2/323
72	76	3	5	-17568/1773593
72	76	3	9	-17568/1773593
72	76	5	9	-17568/1773593
72	77	3	5	158724/572870539
72	77	3	9	158724/572870539
72	77	5	9	158724/572870539
72	78	3	5	4164567264/9806970757141
72	78	3	9	4164567264/9806970757141
72	78	5	9	4164567264/9806970757141
72	79	3	5	-62973640512/3167651554556543
72	79	3	9	-62973640512/3167651554556543
72	79	5	9	-62973640512/3167651554556543
72	86	2	14	2
72	87	1	13	-3/34
72	88	1	13	-7857/275128
72	89	1	13	77139/18708704
72	90	1	13	542095173/471983184512
72	91	1	13	-9877150287/32094856546816
72	92	2	4	2
72	92	2	6	2
72	93	1	3	-120/1139
72	93	1	5	-120/1139
72	94	1	3	-625320/22054457
72	94	1	5	-625320/22054457
72	95	1	3	127245600/25120026523
72	95	1	5	127245600/25120026523
72	96	1	3	1683247456800/1516420641113941
72	96	1	5	1683247456800/1516420641113941
72	97	1	3	-670567267440000/1727203110228778799
72	97	1	5	-670567267440000/1727203110228778799
73	50	5	9	1/6
73	50	5	13	1/6
73	50	7	9	1/6
73	50	7	15	1/6
73	50	8	9	1/6
73	50	8	16	1/6
73	50	11	13	1/6
73	50	11	15	1/6
73	50	12	13	1/6
73	50	12	16	1/6
73	50	14	15	1/6
73	50	14	16	1/6
73	51	4	8	-2/51
73	51	4	12	-2/51
73	51	6	8	-2/51
73	51	6	14	-2/51
73	51	7	8	-2/51
73	51	7	15	-2/51
73	51	10	12	-2/51
73	51	10	14	-2/51
73	51	11	12	-2/51
73	51	11	15	-2/51
73	51	13	14	-2/51
73	51	13	15	-2/51
73	52	4	8	2330/309519
73	52	4	12	2330/309519
73	52	6	8	2330/309519
73	52	6	14	2330/309519
73	52	7	8	2330/309519
73	52	7	15	2330/309519
73	52	10	12	2330/309519
73	52	10	14	2330/309519
73	52	11	12	2330/309519
73	52	11	15	2330/309519
73	52	13	14	2330/309519
73	52	13	15	2330/309519
73	53	4	8	-568/584647
73	53	4	12	-568/584647
73	53	6	8	-568/584647
73	53	6	14	-568/584647
73	53	7	8	-568/584647
73	53	7	15	-568/584647
73	53	10	12	-568/584647
73	53	10	14	-568/584647
73	53	11	12	-568/584647
73	53	11	15	-568/584647
73	53	13	14	-568/584647
73	53	13	15	-568/584647
73	54	4	8	-13416/3687368629
73	54	4	12	-13416/3687368629
73	54	6	8	-13416/3687368629
73	54	6	14	-13416/3687368629
73	54	7	8	-13416/3687368629
73	54	7	15	-13416/3687368629
73	54	10	12	-13416/3687368629
73	54	10	14	-13416/3687368629
73	54	11	12	-13416/3687368629
73	54	11	15	-13416/3687368629
73	54	13	14	-13416/3687368629
73	54	13	15	-13416/3687368629
73	55	4	8	23879456/564167400237
73	55	4	12	23879456/564167400237
73	55	6	8	23879456/564167400237
73	55	6	14	23879456/564167400237
73	55	7	8	23879456/564167400237
73	55	7	15	23879456/564167400237
73	55	10	12	23879456/564167400237
73	55	10	14	23879456/564167400237
73	55	11	12	23879456/564167400237
73	55	11	15	23879456/564167400237
73	55	13	14	23879456/564167400237
73	55	13	15	23879456/564167400237
73	56	6	11	1
73	56	6	12	1
73	56	7	7	1/2
73	56	7	10	1
73	56	8	8	1/2
73	56	8	10	1
73	56	11	11	1/2
73	56	12	12	1/2
73	57	5	10	369/986
73	57	5	11	369/986
73	57	6	6	-259/1972
73	57	6	9	369/986
73	57	7	7	-259/1972
73	57	7	9	369/986
73	57	10	10	-259/1972
73	57	11	11	-259/1972
73	58	5	10	2131689/16527332
73	58	5	11	2131689/16527332
73	58	6	6	957329/33054664
73	58	6	9	2131689/16527332
73	58	7	7	957329/33054664
73	58	7	9	2131689/16527332
73	58	10	10	957329/33054664
73	58	11	11	957329/33054664
73	59	5	10	651503817/16295949352
73	59	5	11	651503817/16295949352
73	59	6	6	-153129347/32591898704
73	59	6	9	651503817/16295949352
73	59	7	7	-153129347/32591898704
73	59	7	9	651503817/16295949352
73	59	10	10	-153129347/32591898704
73	59	11	11	-153129347/32591898704
73	60	5	10	9080103484053/851593721236816
73	60	5	11	9080103484053/851593721236816
73	60	6	6	451197859813/1703187442473632
73	60	6	9	9080103484053/851593721236816
73	60	7	7	451197859813/1703187442473632
73	60	7	9	9080103484053/851593721236816
73	60	10	10	451197859813/1703187442473632
73	60	11	11	451197859813/1703187442473632
73	61	5	10	1845904893039909/839671409139500576
73	61	5	11	1845904893039909/839671409139500576
73	61	6	6	847550794769/5810874803733568
73	61	6	9	1845904893039909/839671409139500576
73	61	7	7	847550794769/5810874803733568
73	61	7	9	1845904893039909/839671409139500576
73	61	10	10	847550794769/5810874803733568
73	61	11	11	847550794769/5810874803733568
73	62	2	8	2
73	62	2	9	2
73	62	4	8	2
73	62	4	10	2
73	62	6	8	2
73	62	6	10	2
73	62	8	10	2
73	63	1	7	285/442
73	63	1	8	-3/221
73	63	3	7	-9/26
73	63	3	9	159/221
73	63	5	7	-9/26
73	63	5	9	159/221
73	63	7	9	33/221
73	64	1	7	1216713/6642376
73	64	1	8	-40875/1660594
73	64	3	7	233841/6642376
73	64	3	9	388749/1660594
73	64	5	7	233841/6642376
73	64	5	9	388749/1660594
73	64	7	9	-22515/1660594
73	65	1	7	253219365/5871860384
73	65	1	8	368793/733982548
73	65	3	7	849447/345403552
73	65	3	9	48764187/733982548
73	65	5	7	849447/345403552
73	65	5	9	48764187/733982548
73	65	7	9	-3450843/733982548
73	66	1	7	1947803690421/275108402711168
73	66	1	8	15032321901/17194275169448
73	66	3	7	-485534031867/275108402711168
73	66	3	9	261166084893/17194275169448
73	66	5	7	-485534031867/275108402711168
73	66	5	9	261166084893/17194275169448
73	66	7	9	6955389/59495761832
73	67	1	7	26055621007425/243195827996672512
73	67	1	8	-226658174103/7599869624896016
73	67	3	7	2973555176211/14305636940980736
73	67	3	9	305616747303/143393766507472
73	67	5	7	2973555176211/14305636940980736
73	67	5	9	305616747303/143393766507472
73	67	7	9	1753512398253/7599869624896016
73	68	2	5	2/3
73	68	2	7	2/3
73	68	2	8	2/3
73	69	1	4	-4/255
73	69	1	6	-4/255
73	69	1	7	-4/255
73	70	1	4	-10112/1105425
73	70	1	6	-10112/1105425
73	70	1	7	-10112/1105425
73	71	1	4	20768/31320375
73	71	1	6	20768/31320375
73	71	1	7	20768/31320375
73	72	1	4	50903552/141098289375
73	72	1	6	50903552/141098289375
73	72	1	7	50903552/141098289375
73	73	1	4	-1615624192/35980063790625
73	73	1	6	-1615624192/35980063790625
73	73	1	7	-1615624192/35980063790625
73	86	2	7	2
73	86	2	12	2
73	87	1	6	-9/119
73	87	1	11	-9/119
73	88	1	6	-59391/2407370
73	88	1	11	-59391/2407370
73	89	1	6	1727487/572954060
73	89	1	11	1727487/572954060
73	90	1	6	31144674069/36136212564200
73	90	1	11	31144674069/36136212564200
73	91	1	6	-19438359993/101181395179760
73	91	1	11	-19438359993/101181395179760
73	98	2	3	1/2
73	98	2	4	1/2
73	98	2	6	1/2
73	98	2	10	1/2
73	99	1	2	-6/221
73	99	1	3	-6/221
73	99	1	5	-6/221
73	99	1	9	-6/221
73	100	1	2	-5614/830297
73	100	1	3	-5614/830297
73	100	1	5	-5614/830297
73	100	1	9	-5614/830297
73	101	1	2	231480/183495637
73	101	1	3	231480/183495637
73	101	1	5	231480/183495637
73	101	1	9	231480/183495637
73	102	1	2	537864264/2149284396181
73	102	1	3	537864264/2149284396181
73	102	1	5	537864264/2149284396181
73	102	1	9	537864264/2149284396181
73	103	1	2	-44348488416/474991851556001
73	103	1	3	-44348488416/474991851556001
73	103	1	5	-44348488416/474991851556001
73	103	1	9	-44348488416/474991851556001
74	50	5	9	1/6
74	50	5	13	1/6
74	50	7	9	1/6
74	50	7	15	1/6
74	50	8	9	1/6
74	50	8	16	1/6
74	50	11	13	1/6
74	50	11	15	1/6
74	50	12	13	1/6
74	50	12	16	1/6
74	50	14	15	1/6
74	50	14	16	1/6
74	51	4	8	1/51
74	51	4	12	1/51
74	51	6	8	1/51
74	51	6	14	1/51
74	51	7	8	1/51
74	51	7	15	1/51
74	51	10	12	1/51
74	51	10	14	1/51
74	51	11	12	1/51
74	51	11	15	1/51
74	51	13	14	1/51
74	51	13	15	1/51
74	52	4	8	146/309519
74	52	4	12	146/309519
74	52	6	8	146/309519
74	52	6	14	146/309519
74	52	7	8	146/309519
74	52	7	15	146/309519
74	52	10	12	146/309519
74	52	10	14	146/309519
74	52	11	12	146/309519
74	52	11	15	146/309519
74	52	13	14	146/309519
74	52	13	15	146/309519
74	53	4	8	-220/584647
74	53	4	12	-220/584647
74	53	6	8	-220/584647
74	53	6	14	-220/584647
74	53	7	8	-220/584647
74	53	7	15	-220/584647
74	53	10	12	-220/584647
74	53	10	14	-220/584647
74	53	11	12	-220/584647
74	53	11	15	-220/584647
74	53	13	14	-220/584647
74	53	13	15	-220/584647
74	54	4	8	-229128/3687368629
74	54	4	12	-229128/3687368629
74	54	6	8	-229128/3687368629
74	54	6	14	-229128/3687368629
74	54	7	8	-229128/3687368629
74	54	7	15	-229128/3687368629
74	54	10	12	-229128/3687368629
74	54	10	14	-229128/3687368629
74	54	11	12	-229128/3687368629
74	54	11	15	-229128/3687368629
74	54	13	14	-229128/3687368629
74	54	13	15	-229128/3687368629
74	55	4	8	4618352/564167400237
74	55	4	12	4618352/564167400237
74	55	6	8	4618352/564167400237
74	55	6	14	4618352/564167400237
74	55	7	8	4618352/564167400237
74	55	7	15	4618352/564167400237
74	55	10	12	4618352/564167400237
74	55	10	14	4618352/564167400237
74	55	11	12	4618352/564167400237
74	55	11	15	4618352/564167400237
74	55	13	14	4618352/564167400237
74	55	13	15	4618352/564167400237
74	56	6	15	1
74	56	6	16	1
74	56	10	15	1
74	56	10	16	1
74	57	5	14	126/493
74	57	5	15	126/493
74	57	9	14	126/493
74	57	9	15	126/493
74	58	5	14	220476/4131833
74	58	5	15	220476/4131833
74	58	9	14	220476/4131833
74	58	9	15	220476/4131833
74	59	5	14	15327144/2036993669
74	59	5	15	15327144/2036993669
74	59	9	14	15327144/2036993669
74	59	9	15	15327144/2036993669
74	60	5	14	-407881008/53224607577301
74	60	5	15	-407881008/53224607577301
74	60	9	14	-407881008/53224607577301
74	60	9	15	-407881008/53224607577301
74	61	5	14	-9931071425184/26239731535609393
74	61	5	15	-9931071425184/26239731535609393
74	61	9	14	-9931071425184/26239731535609393
74	61	9	15	-9931071425184/26239731535609393
74	62	2	16	2
74	62	2	17	2
74	62	10	12	2
74	62	10	14	2
74	62	10	16	2
74	62	12	12	1
74	62	14	14	1
74	63	1	15	147/221
74	63	1	16	3/442
74	63	9	11	96/221
74	63	9	13	96/221
74	63	9	15	-30/221
74	63	11	11	-46/221
74	63	13	13	-46/221
74	64	1	15	323049/1660594
74	64	1	16	-177063/6642376
74	64	9	11	56184/830297
74	64	9	13	56184/830297
74	64	9	15	-14502/830297
74	64	11	11	24896/830297
74	64	13	13	24896/830297
74	65	1	15	34462827/733982548
74	65	1	16	-1594485/5871860384
74	65	9	11	570240/183495637
74	65	9	13	570240/183495637
74	65	9	15	882090/183495637
74	65	11	11	-126224/183495637
74	65	13	13	-126224/183495637
74	66	1	15	133944428277/17194275169448
74	66	1	16	282142476693/275108402711168
74	66	9	11	-4456184544/2149284396181
74	66	9	13	-4456184544/2149284396181
74	66	9	15	714450618/2149284396181
74	66	11	11	-2314619648/2149284396181
74	66	13	13	-2314619648/2149284396181
74	67	1	15	241876507887/7599869624896016
74	67	1	16	4237208196543/243195827996672512
74	67	9	11	-309287268864/474991851556001
74	67	9	13	-309287268864/474991851556001
74	67	9	15	-127359001350/474991851556001
74	67	11	11	131873936384/474991851556001
74	67	13	13	131873936384/474991851556001
74	68	2	13	2/3
74	68	2	15	2/3
74	68	2	16	2/3
74	69	1	12	-4/255
74	69	1	14	-4/255
74	69	1	15	-4/255
74	70	1	12	-10952/1105425
74	70	1	14	-10952/1105425
74	70	1	15	-10952/1105425
74	71	1	12	22448/31320375
74	71	1	14	22448/31320375
74	71	1	15	22448/31320375
74	72	1	12	59736992/141098289375
74	72	1	14	59736992/141098289375
74	72	1	15	59736992/141098289375
74	73	1	12	-1887750592/35980063790625
74	73	1	14	-1887750592/35980063790625
74	73	1	15	-1887750592/35980063790625
74	74	4	8	2/3
74	74	4	12	2/3
74	74	6	8	2/3
74	74	6	14	2/3
74	74	10	12	2/3
74	74	10	14	2/3
74	75	3	7	-30/323
74	75	3	11	-30/323
74	75	5	7	-30/323
74	75	5	13	-30/323
74	75	9	11	-30/323
74	75	9	13	-30/323
74	76	3	7	6762/1773593
74	76	3	11	6762/1773593
74	76	5	7	6762/1773593
74	76	5	13	6762/1773593
74	76	9	11	6762/1773593
74	76	9	13	6762/1773593
74	77	3	7	1152630/572870539
74	77	3	11	1152630/572870539
74	77	5	7	1152630/572870539
74	77	5	13	1152630/572870539
74	77	9	11	1152630/572870539
74	77	9	13	1152630/572870539
74	78	3	7	-4423460706/9806970757141
74	78	3	11	-4423460706/9806970757141
74	78	5	7	-4423460706/9806970757141
74	78	5	13	-4423460706/9806970757141
74	78	9	11	-4423460706/9806970757141
74	78	9	13	-4423460706/9806970757141
74	79	3	7	-125001156150/3167651554556543
74	79	3	11	-125001156150/3167651554556543
74	79	5	7	-125001156150/3167651554556543
74	79	5	13	-125001156150/3167651554556543
74	79	9	11	-125001156150/3167651554556543
74	79	9	13	-125001156150/3167651554556543
74	92	2	12	2
74	92	2	14	2
74	93	1	11	-108/1139
74	93	1	13	-108/1139
74	94	1	11	-585864/22054457
74	94	1	13	-585864/22054457
74	95	1	11	105617520/25120026523
74	95	1	13	105617520/25120026523
74	96	1	11	1491684628896/1516420641113941
74	96	1	13	1491684628896/1516420641113941
74	97	1	11	-513781134003648/1727203110228778799
74	97	1	13	-513781134003648/1727203110228778799
74	104	2	6	1
74	104	2	10	1
74	105	1	5	-1/17
74	105	1	9	-1/17
74	106	1	5	-449/34391
74	106	1	9	-449/34391
74	107	1	5	1585/584647
74	107	1	9	1585/584647
74	108	1	5	1683397/3687368629
74	108	1	9	1683397/3687368629
74	109	1	5	-12454949/62685266693
74	109	1	9	-12454949/62685266693
75	50	5	14	2/3
75	50	7	12	2/3
75	50	8	11	2/3
75	51	4	13	-2/357
75	51	6	11	-2/357
75	51	7	10	-2/357
75	52	4	13	-6238/722211
75	52	6	11	-6238/722211
75	52	7	10	-6238/722211
75	53	4	13	18782/85943109
75	53	6	11	18782/85943109
75	53	7	10	18782/85943109
75	54	4	13	175028234/542043188463
75	54	6	11	175028234/542043188463
75	54	7	10	175028234/542043188463
75	55	4	13	-51869546/3794302319241
75	55	6	11	-51869546/3794302319241
75	55	7	10	-51869546/3794302319241
75	56	5	6	4
75	56	5	10	4
75	57	4	5	-36/493
75	57	4	9	-36/493
75	58	4	5	-228348/4131833
75	58	4	9	-228348/4131833
75	59	4	5	6264540/2036993669
75	59	4	9	6264540/2036993669
75	60	4	5	117049397652/53224607577301
75	60	4	9	117049397652/53224607577301
75	61	4	5	-5447081529396/26239731535609393
75	61	4	9	-5447081529396/26239731535609393
75	62	2	3	8
75	62	3	3	4
75	63	1	2	540/221
75	63	2	2	-132/221
75	64	1	2	514818/830297
75	64	2	2	21636/830297
75	65	1	2	20597895/183495637
75	65	2	2	2745468/183495637
75	66	1	2	20215097829/4298568792362
75	66	2	2	-7695972972/2149284396181
75	67	1	2	-11258577092925/1899967406224004
75	67	2	2	-162682853652/474991851556001
75	80	3	4	2
75	80	3	6	2
75	80	4	10	2
75	80	6	10	2
75	81	2	3	-27/340
75	81	2	5	-27/340
75	81	3	9	-27/340
75	81	5	9	-27/340
75	82	2	3	-108567/3930400
75	82	2	5	-108567/3930400
75	82	3	9	-108567/3930400
75	82	5	9	-108567/3930400
75	83	2	3	9463149/2672672000
75	83	2	5	9463149/2672672000
75	83	3	9	9463149/2672672000
75	83	5	9	9463149/2672672000
75	84	2	3	104119533621/96323098880000
75	84	2	5	104119533621/96323098880000
75	84	3	9	104119533621/96323098880000
75	84	5	9	104119533621/96323098880000
75	85	2	3	-16528130598807/65499707238400000
75	85	2	5	-16528130598807/65499707238400000
75	85	3	9	-16528130598807/65499707238400000
75	85	5	9	-16528130598807/65499707238400000
76	50	5	14	2/3
76	50	7	12	2/3
76	50	8	11	2/3
76	51	4	13	82/357
76	51	6	11	82/357
76	51	7	10	82/357
76	52	4	13	17334/240737
76	52	6	11	17334/240737
76	52	7	10	17334/240737
76	53	4	13	1709618/85943109
76	53	6	11	1709618/85943109
76	53	7	10	1709618/85943109
76	54	4	13	2457422474/542043188463
76	54	6	11	2457422474/542043188463
76	54	7	10	2457422474/542043188463
76	55	4	13	15021987294/21501046475699
76	55	6	11	15021987294/21501046475699
76	55	7	10	15021987294/21501046475699
76	56	6	9	4
76	56	10	13	4
76	57	5	8	-270/493
76	57	9	12	-270/493
76	58	5	8	117729/4131833
76	58	9	12	117729/4131833
76	59	5	8	35972505/4073987338
76	59	9	12	35972505/4073987338
76	60	5	8	-481926400731/212898430309204
76	60	9	12	-481926400731/212898430309204
76	61	5	8	-14081002179075/209917852284875144
76	61	9	12	-14081002179075/209917852284875144
76	62	2	11	8
76	63	1	10	558/221
76	64	1	10	1151073/1660594
76	65	1	10	225048375/1467965096
76	66	1	10	1463172223653/68777100677792
76	67	1	10	-86802114905901/60798956999168128
76	68	3	3	4/3
76	68	4	4	4/3
76	68	6	6	4/3
76	69	2	2	-172/765
76	69	3	3	-172/765
76	69	5	5	-172/765
76	70	2	2	59492/3316275
76	70	3	3	59492/3316275
76	70	5	5	59492/3316275
76	71	2	2	3138484/845650125
76	71	3	3	3138484/845650125
76	71	5	5	3138484/845650125
76	72	2	2	-16754159276/11428961439375
76	72	3	3	-16754159276/11428961439375
76	72	5	5	-16754159276/11428961439375
76	73	2	2	8169509284/171434421590625
76	73	3	3	8169509284/171434421590625
76	73	5	5	8169509284/171434421590625
76	86	6	10	8
76	87	5	9	54/595
76	88	5	9	-1378647/12036850
76	89	5	9	-112339629/28647703000
76	90	5	9	17092935687861/3613621256420000
76	91	5	9	2336517235139607/8600418590279600000
77	50	5	15	1/6
77	50	5	16	1/6
77	50	7	13	1/6
77	50	7	16	1/6
77	50	8	13	1/6
77	50	8	15	1/6
77	50	9	11	1/6
77	50	9	12	1/6
77	50	9	14	1/6
77	50	11	16	1/6
77	50	12	15	1/6
77	50	13	14	1/6
77	51	4	14	-1/51
77	51	4	15	-1/51
77	51	6	12	-1/51
77	51	6	15	-1/51
77	51	7	12	-1/51
77	51	7	14	-1/51
77	51	8	10	-1/51
77	51	8	11	-1/51
77	51	8	13	-1/51
77	51	10	15	-1/51
77	51	11	14	-1/51
77	51	12	13	-1/51
77	52	4	14	146/309519
77	52	4	15	146/309519
77	52	6	12	146/309519
77	52	6	15	146/309519
77	52	7	12	146/309519
77	52	7	14	146/309519
77	52	8	10	146/309519
77	52	8	11	146/309519
77	52	8	13	146/309519
77	52	10	15	146/309519
77	52	11	14	146/309519
77	52	12	13	146/309519
77	53	4	14	220/584647
77	53	4	15	220/584647
77	53	6	12	220/584647
77	53	6	15	220/584647
77	53	7	12	220/584647
77	53	7	14	220/584647
77	53	8	10	220/584647
77	53	8	11	220/584647
77	53	8	13	220/584647
77	53	10	15	220/584647
77	53	11	14	220/584647
77	53	12	13	220/584647
77	54	4	14	-229128/3687368629
77	54	4	15	-229128/3687368629
77	54	6	12	-229128/3687368629
77	54	6	15	-229128/3687368629
77	54	7	12	-229128/3687368629
77	54	7	14	-229128/3687368629
77	54	8	10	-229128/3687368629
77	54	8	11	-229128/3687368629
77	54	8	13	-229128/3687368629
77	54	10	15	-229128/3687368629
77	54	11	14	-229128/3687368629
77	54	12	13	-229128/3687368629
77	55	4	14	-4618352/564167400237
77	55	4	15	-4618352/564167400237
77	55	6	12	-4618352/564167400237
77	55	6	15	-4618352/564167400237
77	55	7	12	-4618352/564167400237
77	55	7	14	-4618352/564167400237
77	55	8	10	-4618352/564167400237
77	55	8	11	-4618352/564167400237
77	55	8	13	-4618352/564167400237
77	55	10	15	-4618352/564167400237
77	55	11	14	-4618352/564167400237
77	55	12	13	-4618352/564167400237
77	56	5	6	1
77	56	5	10	1
77	56	6	13	1
77	56	9	10	1
77	57	4	5	165/493
77	57	4	9	165/493
77	57	5	12	39/986
77	57	8	9	39/986
77	58	4	5	413409/4131833
77	58	4	9	413409/4131833
77	58	5	12	-171807/16527332
77	58	8	9	-171807/16527332
77	59	4	5	51905205/2036993669
77	59	4	9	51905205/2036993669
77	59	5	12	-22118265/16295949352
77	59	8	9	-22118265/16295949352
77	60	4	5	261977741829/53224607577301
77	60	4	9	261977741829/53224607577301
77	60	5	12	15183423189/50093748308048
77	60	8	9	15183423189/50093748308048
77	61	4	5	10671093286425/26239731535609393
77	61	4	9	10671093286425/26239731535609393
77	61	5	12	62436624523299/839671409139500576
77	61	8	9	62436624523299/839671409139500576
77	62	2	5	2
77	62	2	7	2
77	62	3	10	2
77	62	3	11	2
77	62	5	10	2
77	62	7	10	2
77	63	1	4	144/221
77	63	1	6	144/221
77	63	2	9	138/221
77	63	2	10	-63/221
77	63	4	9	12/221
77	63	6	9	12/221
77	64	1	4	154104/830297
77	64	1	6	154104/830297
77	64	2	9	139722/830297
77	64	2	10	23169/1660594
77	64	4	9	-20928/830297
77	64	6	9	-20928/830297
77	65	1	4	7905600/183495637
77	65	1	6	7905600/183495637
77	65	2	9	6583842/183495637
77	65	2	10	4122657/733982548
77	65	4	9	-391392/183495637
77	65	6	9	-391392/183495637
77	66	1	4	14117050656/2149284396181
77	66	1	6	14117050656/2149284396181
77	66	2	9	9516268314/2149284396181
77	66	2	10	-24058921563/17194275169448
77	66	4	9	1956939264/2149284396181
77	66	6	9	1956939264/2149284396181
77	67	1	4	-5909822208/27940697150353
77	67	1	6	-5909822208/27940697150353
77	67	2	9	-276666145182/474991851556001
77	67	2	10	-587465631963/7599869624896016
77	67	4	9	63724050432/474991851556001
77	67	6	9	63724050432/474991851556001
77	68	2	3	2/3
77	68	2	4	2/3
77	68	2	6	2/3
77	69	1	2	52/255
77	69	1	3	52/255
77	69	1	5	52/255
77	70	1	2	57592/1105425
77	70	1	3	57592/1105425
77	70	1	5	57592/1105425
77	71	1	2	302224/31320375
77	71	1	3	302224/31320375
77	71	1	5	302224/31320375
77	72	1	2	73983392/141098289375
77	72	1	3	73983392/141098289375
77	72	1	5	73983392/141098289375
77	73	1	2	-16426190144/35980063790625
77	73	1	3	-16426190144/35980063790625
77	73	1	5	-16426190144/35980063790625
77	80	3	5	1/2
77	80	3	7	1/2
77	80	4	5	1/2
77	80	4	12	1/2
77	80	6	7	1/2
77	80	6	14	1/2
77	80	10	12	1/2
77	80	10	14	1/2
77	81	2	4	-27/340
77	81	2	6	-27/340
77	81	3	4	-27/340
77	81	3	11	-27/340
77	81	5	6	-27/340
77	81	5	13	-27/340
77	81	9	11	-27/340
77	81	9	13	-27/340
77	82	2	4	6003/982600
77	82	2	6	6003/982600
77	82	3	4	6003/982600
77	82	3	11	6003/982600
77	82	5	6	6003/982600
77	82	5	13	6003/982600
77	82	9	11	6003/982600
77	82	9	13	6003/982600
77	83	2	4	182979/167042000
77	83	2	6	182979/167042000
77	83	3	4	182979/167042000
77	83	3	11	182979/167042000
77	83	5	6	182979/167042000
77	83	5	13	182979/167042000
77	83	9	11	182979/167042000
77	83	9	13	182979/167042000
77	84	2	4	-635025339/1505048420000
77	84	2	6	-635025339/1505048420000
77	84	3	4	-635025339/1505048420000
77	84	3	11	-635025339/1505048420000
77	84	5	6	-635025339/1505048420000
77	84	5	13	-635025339/1505048420000
77	84	9	11	-635025339/1505048420000
77	84	9	13	-635025339/1505048420000
77	85	2	4	4121049393/255858231400000
77	85	2	6	4121049393/255858231400000
77	85	3	4	4121049393/255858231400000
77	85	3	11	4121049393/255858231400000
77	85	5	6	4121049393/255858231400000
77	85	5	13	4121049393/255858231400000
77	85	9	11	4121049393/255858231400000
77	85	9	13	4121049393/255858231400000
77	86	3	3	1
77	86	3	6	2
77	86	4	4	1
77	86	4	10	2
77	87	2	2	-6/35
77	87	2	5	-72/595
77	87	3	3	-6/35
77	87	3	9	-72/595
77	88	2	2	87408/6018425
77	88	2	5	-134856/6018425
77	88	3	3	87408/6018425
77	88	3	9	-134856/6018425
77	89	2	2	549072/210644875
77	89	2	5	17737056/3580962875
77	89	3	3	549072/210644875
77	89	3	9	17737056/3580962875
77	90	2	2	-126420943104/112925664263125
77	90	2	5	73344375072/112925664263125
77	90	3	3	-126420943104/112925664263125
77	90	3	9	73344375072/112925664263125
77	91	2	2	213761493504/3952398249209375
77	91	2	5	-21614700327552/67190770236559375
77	91	3	3	213761493504/3952398249209375
77	91	3	9	-21614700327552/67190770236559375
78	50	5	15	1/6
78	50	5	16	1/6
78	50	7	13	1/6
78	50	7	16	1/6
78	50	8	13	1/6
78	50	8	15	1/6
78	50	9	11	1/6
78	50	9	12	1/6
78	50	9	14	1/6
78	50	11	16	1/6
78	50	12	15	1/6
78	50	13	14	1/6
78	51	4	14	2/51
78	51	4	15	2/51
78	51	6	12	2/51
78	51	6	15	2/51
78	51	7	12	2/51
78	51	7	14	2/51
78	51	8	10	2/51
78	51	8	11	2/51
78	51	8	13	2/51
78	51	10	15	2/51
78	51	11	14	2/51
78	51	12	13	2/51
78	52	4	14	2330/309519
78	52	4	15	2330/309519
78	52	6	12	2330/309519
78	52	6	15	2330/309519
78	52	7	12	2330/309519
78	52	7	14	2330/309519
78	52	8	10	2330/309519
78	52	8	11	2330/309519
78	52	8	13	2330/309519
78	52	10	15	2330/309519
78	52	11	14	2330/309519
78	52	12	13	2330/309519
78	53	4	14	568/584647
78	53	4	15	568/584647
78	53	6	12	568/584647
78	53	6	15	568/584647
78	53	7	12	568/584647
78	53	7	14	568/584647
78	53	8	10	568/584647
78	53	8	11	568/584647
78	53	8	13	568/584647
78	53	10	15	568/584647
78	53	11	14	568/584647
78	53	12	13	568/584647
78	54	4	14	-13416/3687368629
78	54	4	15	-13416/3687368629
78	54	6	12	-13416/3687368629
78	54	6	15	-13416/3687368629
78	54	7	12	-13416/3687368629
78	54	7	14	-13416/3687368629
78	54	8	10	-13416/3687368629
78	54	8	11	-13416/3687368629
78	54	8	13	-13416/3687368629
78	54	10	15	-13416/3687368629
78	54	11	14	-13416/3687368629
78	54	12	13	-13416/3687368629
78	55	4	14	-23879456/564167400237
78	55	4	15	-23879456/564167400237
78	55	6	12	-23879456/564167400237
78	55	6	15	-23879456/564167400237
78	55	7	12	-23879456/564167400237
78	55	7	14	-23879456/564167400237
78	55	8	10	-23879456/564167400237
78	55	8	11	-23879456/564167400237
78	55	8	13	-23879456/564167400237
78	55	10	15	-23879456/564167400237
78	55	11	14	-23879456/564167400237
78	55	12	13	-23879456/564167400237
78	56	6	9	1
78	56	6	17	1
78	56	10	13	1
78	56	10	17	1
78	57	5	8	213/986
78	57	5	16	-39/493
78	57	9	12	213/986
78	57	9	16	-39/493
78	58	5	8	588225/16527332
78	58	5	16	-19905/4131833
78	58	9	12	588225/16527332
78	58	9	16	-19905/4131833
78	59	5	8	47313477/16295949352
78	59	5	16	4345731/2036993669
78	59	9	12	47313477/16295949352
78	59	9	16	4345731/2036993669
78	60	5	8	-484767074619/851593721236816
78	60	5	16	-1202216499/53224607577301
78	60	9	12	-484767074619/851593721236816
78	60	9	16	-1202216499/53224607577301
78	61	5	8	-221334251777847/839671409139500576
78	61	5	16	-2317829212179/26239731535609393
78	61	9	12	-221334251777847/839671409139500576
78	61	9	16	-2317829212179/26239731535609393
78	62	2	13	2
78	62	2	15	2
78	62	10	11	2
78	62	10	13	2
78	62	10	15	2
78	63	1	12	297/442
78	63	1	14	297/442
78	63	9	10	75/221
78	63	9	12	-3/13
78	63	9	14	-3/13
78	64	1	12	1335441/6642376
78	64	1	14	1335441/6642376
78	64	9	10	54597/1660594
78	64	9	12	3189/1660594
78	64	9	14	3189/1660594
78	65	1	12	299143449/5871860384
78	65	1	14	299143449/5871860384
78	65	9	10	-2059425/733982548
78	65	9	12	236601/43175444
78	65	9	14	236601/43175444
78	66	1	12	2649503057733/275108402711168
78	66	1	14	2649503057733/275108402711168
78	66	9	10	-29730960819/17194275169448
78	66	9	12	-12689880147/17194275169448
78	66	9	14	-12689880147/17194275169448
78	67	1	12	163390706469837/243195827996672512
78	67	1	14	163390706469837/243195827996672512
78	67	9	10	-1354362494625/7599869624896016
78	67	9	12	-75856417623/447051154405648
78	67	9	14	-75856417623/447051154405648
78	68	2	11	2/3
78	68	2	12	2/3
78	68	2	14	2/3
78	68	3	11	2/3
78	68	4	12	2/3
78	68	6	14	2/3
78	69	1	10	52/255
78	69	1	11	52/255
78	69	1	13	52/255
78	69	2	10	-56/765
78	69	3	11	-56/765
78	69	5	13	-56/765
78	70	1	10	58432/1105425
78	70	1	11	58432/1105425
78	70	1	13	58432/1105425
78	70	2	10	-4904/3316275
78	70	3	11	-4904/3316275
78	70	5	13	-4904/3316275
78	71	1	10	324064/31320375
78	71	1	11	324064/31320375
78	71	1	13	324064/31320375
78	71	2	10	1904672/845650125
78	71	3	11	1904672/845650125
78	71	5	13	1904672/845650125
78	72	1	10	124984832/141098289375
78	72	1	11	124984832/141098289375
78	72	1	13	124984832/141098289375
78	72	2	10	-2278525408/11428961439375
78	72	3	11	-2278525408/11428961439375
78	72	5	13	-2278525408/11428961439375
78	73	1	10	-12185298944/35980063790625
78	73	1	11	-12185298944/35980063790625
78	73	1	13	-12185298944/35980063790625
78	73	2	10	-291327537536/2914385167040625
78	73	3	11	-291327537536/2914385167040625
78	73	5	13	-291327537536/2914385167040625
78	86	6	14	2
78	86	10	14	2
78	87	5	13	-9/34
78	87	9	13	-9/34
78	88	5	13	10323/1375640
78	88	9	13	10323/1375640
78	89	5	13	588789/93543520
78	89	9	13	588789/93543520
78	90	5	13	-13992608979/11799579612800
78	90	9	13	-13992608979/11799579612800
78	91	5	13	-26783898129/160474282734080
78	91	9	13	-26783898129/160474282734080
78	92	4	4	1
78	92	4	10	2
78	92	6	6	1
78	92	6	10	2
78	93	3	3	-417/2278
78	93	3	9	-18/1139
78	93	5	5	-417/2278
78	93	5	9	-18/1139
78	94	3	3	1687401/88217828
78	94	3	9	-631602/22054457
78	94	5	5	1687401/88217828
78	94	5	9	-631602/22054457
78	95	3	3	354459591/200960212184
78	95	3	9	17102826/25120026523
78	95	5	5	354459591/200960212184
78	95	5	9	17102826/25120026523
78	96	3	3	-28425034864107/24262730257823056
78	96	3	9	1794505987386/1516420641113941
78	96	5	5	-28425034864107/24262730257823056
78	96	5	9	1794505987386/1516420641113941
78	97	3	3	423101514254139/3251205854548289504
78	97	3	9	-81242536062618/1727203110228778799
78	97	5	5	423101514254139/3251205854548289504
78	97	5	9	-81242536062618/1727203110228778799
79	50	5	17	1/3
79	50	7	17	1/3
79	50	8	17	1/3
79	50	11	17	1/3
79	50	12	17	1/3
79	50	14	17	1/3
79	51	4	16	-9/119
79	51	6	16	-9/119
79	51	7	16	-9/119
79	51	10	16	-9/119
79	51	11	16	-9/119
79	51	13	16	-9/119
79	52	4	16	10405/722211
79	52	6	16	10405/722211
79	52	7	16	10405/722211
79	52	10	16	10405/722211
79	52	11	16	10405/722211
79	52	13	16	10405/722211
79	53	4	16	-57861/28647703
79	53	6	16	-57861/28647703
79	53	7	16	-57861/28647703
79	53	10	16	-57861/28647703
79	53	11	16	-57861/28647703
79	53	13	16	-57861/28647703
79	54	4	16	17845167/180681062821
79	54	6	16	17845167/180681062821
79	54	7	16	17845167/180681062821
79	54	10	16	17845167/180681062821
79	54	11	16	17845167/180681062821
79	54	13	16	17845167/180681062821
79	55	4	16	1002858651/21501046475699
79	55	6	16	1002858651/21501046475699
79	55	7	16	1002858651/21501046475699
79	55	10	16	1002858651/21501046475699
79	55	11	16	1002858651/21501046475699
79	55	13	16	1002858651/21501046475699
79	56	6	13	2
79	56	9	10	2
79	57	5	12	387/493
79	57	8	9	387/493
79	58	5	12	2397825/8263666
79	58	8	9	2397825/8263666
79	59	5	12	813214323/8147974676
79	59	8	9	813214323/8147974676
79	60	5	12	13347366405381/425796860618408
79	60	8	9	13347366405381/425796860618408
79	61	5	12	3650001687620847/419835704569750288
79	61	8	9	3650001687620847/419835704569750288
79	62	2	9	4
79	62	11	11	2
79	63	1	8	18/13
79	63	10	10	-15/26
79	64	1	8	364725/830297
79	64	10	10	972513/6642376
79	65	1	8	2684421/21587722
79	65	10	10	-10600335/345403552
79	66	1	8	256316741901/8597137584724
79	66	10	10	1220296520421/275108402711168
79	67	1	8	1180471319109/223525577202824
79	67	10	10	-360394764075/14305636940980736
79	68	3	10	4/3
79	68	4	10	4/3
79	68	5	10	4/3
79	68	6	10	4/3
79	68	7	10	4/3
79	68	8	10	4/3
79	69	2	9	124/255
79	69	3	9	124/255
79	69	4	9	32/255
79	69	5	9	124/255
79	69	6	9	32/255
79	69	7	9	32/255
79	70	2	9	59668/368475
79	70	3	9	59668/368475
79	70	4	9	-1328/368475
79	70	5	9	59668/368475
79	70	6	9	-1328/368475
79	70	7	9	-1328/368475
79	71	2	9	1497548/31320375
79	71	3	9	1497548/31320375
79	71	4	9	-101504/31320375
79	71	5	9	1497548/31320375
79	71	6	9	-101504/31320375
79	71	7	9	-101504/31320375
79	72	2	9	1665163444/141098289375
79	72	3	9	1665163444/141098289375
79	72	4	9	-28246976/141098289375
79	72	5	9	1665163444/141098289375
79	72	6	9	-28246976/141098289375
79	72	7	9	-28246976/141098289375
79	73	2	9	24748145804/11993354596875
79	73	3	9	24748145804/11993354596875
79	73	4	9	1480387072/11993354596875
79	73	5	9	24748145804/11993354596875
79	73	6	9	1480387072/11993354596875
79	73	7	9	1480387072/11993354596875
79	86	6	7	4
79	86	10	12	4
79	87	5	6	-486/595
79	87	9	11	-486/595
79	88	5	6	735453/6018425
79	88	9	11	735453/6018425
79	89	5	6	-48282399/7161925750
79	89	9	11	-48282399/7161925750
79	90	5	6	-1249684292259/451702657052500
79	90	9	11	-1249684292259/451702657052500
79	91	5	6	489977323227657/537526161892475000
79	91	9	11	489977323227657/537526161892475000
79	98	3	3	1/2
79	98	4	4	1/2
79	98	6	6	1/2
79	98	10	10	1/2
79	99	2	2	-23/221
79	99	3	3	-23/221
79	99	5	5	-23/221
79	99	9	9	-23/221
79	100	2	2	12448/830297
79	100	3	3	12448/830297
79	100	5	5	12448/830297
79	100	9	9	12448/830297
79	101	2	2	-63112/183495637
79	101	3	3	-63112/183495637
79	101	5	5	-63112/183495637
79	101	9	9	-63112/183495637
79	102	2	2	-1157309824/2149284396181
79	102	3	3	-1157309824/2149284396181
79	102	5	5	-1157309824/2149284396181
79	102	9	9	-1157309824/2149284396181
79	103	2	2	65936968192/474991851556001
79	103	3	3	65936968192/474991851556001
79	103	5	5	65936968192/474991851556001
79	103	9	9	65936968192/474991851556001
80	50	5	17	1/3
80	50	7	17	1/3
80	50	8	17	1/3
80	50	11	17	1/3
80	50	12	17	1/3
80	50	14	17	1/3
80	51	4	16	5/119
80	51	6	16	5/119
80	51	7	16	5/119
80	51	10	16	5/119
80	51	11	16	5/119
80	51	13	16	5/119
80	52	4	16	1669/722211
80	52	6	16	1669/722211
80	52	7	16	1669/722211
80	52	10	16	1669/722211
80	52	11	16	1669/722211
80	52	13	16	1669/722211
80	53	4	16	-13215/28647703
80	53	6	16	-13215/28647703
80	53	7	16	-13215/28647703
80	53	10	16	-13215/28647703
80	53	11	16	-13215/28647703
80	53	13	16	-13215/28647703
80	54	4	16	-22271217/180681062821
80	54	6	16	-22271217/180681062821
80	54	7	16	-22271217/180681062821
80	54	10	16	-22271217/180681062821
80	54	11	16	-22271217/180681062821
80	54	13	16	-22271217/180681062821
80	55	4	16	-11573775/21501046475699
80	55	6	16	-11573775/21501046475699
80	55	7	16	-11573775/21501046475699
80	55	10	16	-11573775/21501046475699
80	55	11	16	-11573775/21501046475699
80	55	13	16	-11573775/21501046475699
80	56	6	17	2
80	56	10	17	2
80	57	5	16	270/493
80	57	9	16	270/493
80	58	5	16	539262/4131833
80	58	9	16	539262/4131833
80	59	5	16	51095610/2036993669
80	59	9	16	51095610/2036993669
80	60	5	16	161722790298/53224607577301
80	60	9	16	161722790298/53224607577301
80	61	5	16	-4394543693850/26239731535609393
80	61	9	16	-4394543693850/26239731535609393
80	62	2	17	4
80	63	1	16	315/221
80	64	1	16	1542681/3321188
80	65	1	16	395133795/2935930192
80	66	1	16	4509628686549/137554201355584
80	67	1	16	701016272537175/121597913998336256
80	68	10	11	4/3
80	68	10	12	4/3
80	68	10	13	4/3
80	68	10	14	4/3
80	68	10	15	4/3
80	68	10	16	4/3
80	68	11	11	2/3
80	68	12	12	2/3
80	68	14	14	2/3
80	69	9	10	64/255
80	69	9	11	64/255
80	69	9	12	-28/255
80	69	9	13	64/255
80	69	9	14	-28/255
80	69	9	15	-28/255
80	69	10	10	-116/765
80	69	11	11	-116/765
80	69	13	13	-116/765
80	70	9	10	11248/368475
80	70	9	11	11248/368475
80	70	9	12	-2828/368475
80	70	9	13	11248/368475
80	70	9	14	-2828/368475
80	70	9	15	-2828/368475
80	70	10	10	86656/3316275
80	70	11	11	86656/3316275
80	70	13	13	86656/3316275
80	71	9	10	-17152/31320375
80	71	9	11	-17152/31320375
80	71	9	12	106036/31320375
80	71	9	13	-17152/31320375
80	71	9	14	106036/31320375
80	71	9	15	106036/31320375
80	71	10	10	-1810528/845650125
80	71	11	11	-1810528/845650125
80	71	13	13	-1810528/845650125
80	72	9	10	-179903936/141098289375
80	72	9	11	-179903936/141098289375
80	72	9	12	-1954316/141098289375
80	72	9	13	-179903936/141098289375
80	72	9	14	-1954316/141098289375
80	72	9	15	-1954316/141098289375
80	72	10	10	-5803406848/11428961439375
80	72	11	11	-5803406848/11428961439375
80	72	13	13	-5803406848/11428961439375
80	73	9	10	-2763344896/11993354596875
80	73	9	11	-2763344896/11993354596875
80	73	9	12	-1928962028/11993354596875
80	73	9	13	-2763344896/11993354596875
80	73	9	14	-1928962028/11993354596875
80	73	9	15	-1928962028/11993354596875
80	73	10	10	680992651264/2914385167040625
80	73	11	11	680992651264/2914385167040625
80	73	13	13	680992651264/2914385167040625
80	92	10	12	4
80	92	10	14	4
80	93	9	11	-756/1139
80	93	9	13	-756/1139
80	94	9	11	1314684/22054457
80	94	9	13	1314684/22054457
80	95	9	11	172746756/25120026523
80	95	9	13	172746756/25120026523
80	96	9	11	-5265510158412/1516420641113941
80	96	9	13	-5265510158412/1516420641113941
80	97	9	11	477869375555964/1727203110228778799
80	97	9	13	477869375555964/1727203110228778799
80	104	6	6	1
80	104	10	10	1
80	105	5	5	-7/34
80	105	9	9	-7/34
80	106	5	5	569/19652
80	106	9	9	569/19652
80	107	5	5	-287/668168
80	107	9	9	-287/668168
80	108	5	5	-1323083/1204038736
80	108	9	9	-1323083/1204038736
80	109	5	5	10895213/40937317024
80	109	9	9	10895213/40937317024
81	50	9	9	1/2
81	50	13	13	1/2
81	50	15	15	1/2
81	50	16	16	1/2
81	51	8	8	-3/17
81	51	12	12	-3/17
81	51	14	14	-3/17
81	51	15	15	-3/17
81	52	8	8	288/4913
81	52	12	12	288/4913
81	52	14	14	288/4913
81	52	15	15	288/4913
81	53	8	8	-1512/83521
81	53	12	12	-1512/83521
81	53	14	14	-1512/83521
81	53	15	15	-1512/83521
81	54	8	8	383616/75252421
81	54	12	12	383616/75252421
81	54	14	14	383616/75252421
81	54	15	15	383616/75252421
81	55	8	8	-1617408/1279291157
81	55	12	12	-1617408/1279291157
81	55	14	14	-1617408/1279291157
81	55	15	15	-1617408/1279291157
81	62	8	8	6
81	62	8	10	12
81	63	7	7	-837/442
81	63	7	9	1134/221
81	64	7	7	3616083/6642376
81	64	7	9	1733319/830297
81	65	7	7	-811462293/5871860384
81	65	7	9	294162435/366991274
81	66	7	7	7995651033231/275108402711168
81	66	7	9	2467720951479/8597137584724
81	67	7	7	-1020908239069977/243195827996672512
81	67	7	9	357544931062347/3799934812448008
81	68	2	9	4
81	70	1	8	-1008/24565
81	72	1	8	2286144/1881310525
81	98	2	5	3
81	98	2	14	3
81	99	1	4	-27/221
81	99	1	13	-27/221
81	100	1	4	-25353/830297
81	100	1	13	-25353/830297
81	101	1	4	758889/183495637
81	101	1	13	758889/183495637
81	102	1	4	1866204279/2149284396181
81	102	1	13	1866204279/2149284396181
81	103	1	4	-6242601231/27940697150353
81	103	1	13	-6242601231/27940697150353
82	50	9	9	1/2
82	50	13	13	1/2
82	50	15	15	1/2
82	50	16	16	1/2
82	52	8	8	-24/4913
82	52	12	12	-24/4913
82	52	14	14	-24/4913
82	52	15	15	-24/4913
82	54	8	8	10368/75252421
82	54	12	12	10368/75252421
82	54	14	14	10368/75252421
82	54	15	15	10368/75252421
82	62	10	16	12
82	63	9	15	756/221
82	64	9	15	691740/830297
82	65	9	15	28719684/183495637
82	66	9	15	31900710492/2149284396181
82	67	9	15	-1613256235164/474991851556001
82	68	2	17	4
82	70	1	16	-1344/24565
82	72	1	16	4064256/1881310525
82	74	8	8	2
82	74	12	12	2
82	74	14	14	2
82	75	7	7	-9/19
82	75	11	11	-9/19
82	75	13	13	-9/19
82	76	7	7	311769/3547186
82	76	11	11	311769/3547186
82	76	13	13	311769/3547186
82	77	7	7	-1254609/134793068
82	77	11	11	-1254609/134793068
82	77	13	13	-1254609/134793068
82	78	7	7	-80978768523/78455766057128
82	78	11	11	-80978768523/78455766057128
82	78	13	13	-80978768523/78455766057128
82	79	7	7	2171594231811/2981319110170864
82	79	11	11	2171594231811/2981319110170864
82	79	13	13	2171594231811/2981319110170864
82	104	2	14	6
82	105	1	13	-36/119
82	106	1	13	-17496/240737
82	107	1	13	358992/28647703
82	108	1	13	436801248/180681062821
82	109	1	13	-17782514496/21501046475699
83	50	9	13	1/3
83	50	9	15	1/3
83	50	9	16	1/3
83	50	13	15	1/3
83	50	13	16	1/3
83	50	15	16	1/3
83	51	8	12	-4/51
83	51	8	14	-4/51
83	51	8	15	-4/51
83	51	12	14	-4/51
83	51	12	15	-4/51
83	51	14	15	-4/51
83	52	8	12	688/44217
83	52	8	14	688/44217
83	52	8	15	688/44217
83	52	12	14	688/44217
83	52	12	15	688/44217
83	52	14	15	688/44217
83	53	8	12	-192/83521
83	53	8	14	-192/83521
83	53	8	15	-192/83521
83	53	12	14	-192/83521
83	53	12	15	-192/83521
83	53	14	15	-192/83521
83	54	8	12	9984/75252421
83	54	8	14	9984/75252421
83	54	8	15	9984/75252421
83	54	12	14	9984/75252421
83	54	12	15	9984/75252421
83	54	14	15	9984/75252421
83	55	8	12	590848/11513620413
83	55	8	14	590848/11513620413
83	55	8	15	590848/11513620413
83	55	12	14	590848/11513620413
83	55	12	15	590848/11513620413
83	55	14	15	590848/11513620413
83	62	5	10	4
83	62	7	10	4
83	62	9	10	4
83	63	4	9	336/221
83	63	6	9	336/221
83	63	8	9	84/221
83	64	4	9	444864/830297
83	64	6	9	444864/830297
83	64	8	9	-4956/830297
83	65	4	9	31497984/183495637
83	65	6	9	31497984/183495637
83	65	8	9	-1571724/183495637
83	66	4	9	103772648448/2149284396181
83	66	6	9	103772648448/2149284396181
83	66	8	9	-1452130092/2149284396181
83	67	4	9	5249214222336/474991851556001
83	67	6	9	5249214222336/474991851556001
83	67	8	9	131683307364/474991851556001
83	68	2	5	4/3
83	68	2	7	4/3
83	68	2	8	4/3
83	69	1	4	112/255
83	69	1	6	112/255
83	69	1	7	112/255
83	70	1	4	142016/1105425
83	70	1	6	142016/1105425
83	70	1	7	142016/1105425
83	71	1	4	990976/31320375
83	71	1	6	990976/31320375
83	71	1	7	990976/31320375
83	72	1	4	806278144/141098289375
83	72	1	6	806278144/141098289375
83	72	1	7	806278144/141098289375
83	73	1	4	11305455616/35980063790625
83	73	1	6	11305455616/35980063790625
83	73	1	7	11305455616/35980063790625
83	80	5	5	1/2
83	80	7	7	1/2
83	80	12	12	1/2
83	80	14	14	1/2
83	81	4	4	-12/85
83	81	6	6	-12/85
83	81	11	11	-12/85
83	81	13	13	-12/85
83	82	4	4	4266/122825
83	82	6	6	4266/122825
83	82	11	11	4266/122825
83	82	13	13	4266/122825
83	83	4	4	-72144/10440125
83	83	6	6	-72144/10440125
83	83	11	11	-72144/10440125
83	83	13	13	-72144/10440125
83	84	4	4	41213448/47032763125
83	84	6	6	41213448/47032763125
83	84	11	11	41213448/47032763125
83	84	13	13	41213448/47032763125
83	85	4	4	171367488/3997784865625
83	85	6	6	171367488/3997784865625
83	85	11	11	171367488/3997784865625
83	85	13	13	171367488/3997784865625
83	86	3	7	4
83	86	4	12	4
83	87	2	6	-432/595
83	87	3	11	-432/595
83	88	2	6	510912/6018425
83	88	3	11	510912/6018425
83	89	2	6	5785344/3580962875
83	89	3	11	5785344/3580962875
83	90	2	6	-377317149696/112925664263125
83	90	3	11	-377317149696/112925664263125
83	91	2	6	38696014614528/67190770236559375
83	91	3	11	38696014614528/67190770236559375
83	98	3	4	1
83	98	6	10	1
83	99	2	3	-20/221
83	99	5	9	-20/221
83	100	2	3	-4848/830297
83	100	5	9	-4848/830297
83	101	2	3	562880/183495637
83	101	5	9	562880/183495637
83	102	2	3	-116382464/2149284396181
83	102	5	9	-116382464/2149284396181
83	103	2	3	-75603993600/474991851556001
83	103	5	9	-75603993600/474991851556001
84	50	9	13	1/3
84	50	9	15	1/3
84	50	9	16	1/3
84	50	13	15	1/3
84	50	13	16	1/3
84	50	15	16	1/3
84	51	8	12	2/51
84	51	8	14	2/51
84	51	8	15	2/51
84	51	12	14	2/51
84	51	12	15	2/51
84	51	14	15	2/51
84	52	8	12	64/44217
84	52	8	14	64/44217
84	52	8	15	64/44217
84	52	12	14	64/44217
84	52	12	15	64/44217
84	52	14	15	64/44217
84	53	8	12	-48/83521
84	53	8	14	-48/83521
84	53	8	15	-48/83521
84	53	12	14	-48/83521
84	53	12	15	-48/83521
84	53	14	15	-48/83521
84	54	8	12	-8448/75252421
84	54	8	14	-8448/75252421
84	54	8	15	-8448/75252421
84	54	12	14	-8448/75252421
84	54	12	15	-8448/75252421
84	54	14	15	-8448/75252421
84	55	8	12	80896/11513620413
84	55	8	14	80896/11513620413
84	55	8	15	80896/11513620413
84	55	12	14	80896/11513620413
84	55	12	15	80896/11513620413
84	55	14	15	80896/11513620413
84	62	10	13	4
84	62	10	15	4
84	62	10	17	4
84	63	9	12	210/221
84	63	9	14	210/221
84	63	9	16	-42/221
84	64	9	12	149205/830297
84	64	9	14	149205/830297
84	64	9	16	-30723/830297
84	65	9	12	7640325/366991274
84	65	9	14	7640325/366991274
84	65	9	16	2250423/366991274
84	66	9	12	-11333380275/8597137584724
84	66	9	14	-11333380275/8597137584724
84	66	9	16	7962246621/8597137584724
84	67	9	12	-296948176875/223525577202824
84	67	9	14	-296948176875/223525577202824
84	67	9	16	-1196509540401/3799934812448008
84	68	2	13	4/3
84	68	2	15	4/3
84	68	2	16	4/3
84	69	1	12	112/255
84	69	1	14	112/255
84	69	1	15	112/255
84	70	1	12	140336/1105425
84	70	1	14	140336/1105425
84	70	1	15	140336/1105425
84	71	1	12	943936/31320375
84	71	1	14	943936/31320375
84	71	1	15	943936/31320375
84	72	1	12	682421824/141098289375
84	72	1	14	682421824/141098289375
84	72	1	15	682421824/141098289375
84	73	1	12	-1622077184/35980063790625
84	73	1	14	-1622077184/35980063790625
84	73	1	15	-1622077184/35980063790625
84	86	14	14	2
84	87	13	13	-15/34
84	88	13	13	2817/39304
84	89	13	13	-12015/2672672
84	90	13	13	-17364699/9632309888
84	91	13	13	433019925/654997072384
84	92	4	12	4
84	92	6	14	4
84	93	3	11	-630/1139
84	93	5	13	-630/1139
84	94	3	11	504945/22054457
84	94	5	13	504945/22054457
84	95	3	11	585526725/50240053046
84	95	5	13	585526725/50240053046
84	96	3	11	-932356500075/356804856732692
84	96	5	13	-932356500075/356804856732692
84	97	3	11	-3015973302654375/13817624881830230392
84	97	5	13	-3015973302654375/13817624881830230392
84	104	6	10	2
84	105	5	9	-1/17
84	106	5	9	-263/9826
84	107	5	9	823/334084
84	108	5	9	617461/602019368
84	109	5	9	-198853/1204038736
85	50	9	17	1/2
85	50	13	17	1/2
85	50	15	17	1/2
85	50	16	17	1/2
85	51	8	16	-3/17
85	51	12	16	-3/17
85	51	14	16	-3/17
85	51	15	16	-3/17
85	52	8	16	2046/34391
85	52	12	16	2046/34391
85	52	14	16	2046/34391
85	52	15	16	2046/34391
85	53	8	16	-11124/584647
85	53	12	16	-11124/584647
85	53	14	16	-11124/584647
85	53	15	16	-11124/584647
85	54	8	16	21081384/3687368629
85	54	12	16	21081384/3687368629
85	54	14	16	21081384/3687368629
85	54	15	16	21081384/3687368629
85	55	8	16	-99697392/62685266693
85	55	12	16	-99697392/62685266693
85	55	14	16	-99697392/62685266693
85	55	15	16	-99697392/62685266693
85	62	9	10	6
85	63	8	9	594/221
85	64	8	9	966006/830297
85	65	8	9	88962786/183495637
85	66	8	9	415980403902/2149284396181
85	67	8	9	34925118351354/474991851556001
85	68	2	9	2
85	68	5	10	2
85	68	7	10	2
85	68	8	10	2
85	68	9	10	2
85	69	1	8	12/17
85	69	4	9	76/85
85	69	6	9	76/85
85	69	7	9	76/85
85	69	8	9	6/17
85	70	1	8	5736/24565
85	70	4	9	47176/122825
85	70	6	9	47176/122825
85	70	7	9	47176/122825
85	70	8	9	1146/24565
85	71	1	8	29808/417605
85	71	4	9	1646768/10440125
85	71	6	9	1646768/10440125
85	71	7	9	1646768/10440125
85	71	8	9	1134/417605
85	72	1	8	37068192/1881310525
85	72	4	9	2892355232/47032763125
85	72	6	9	2892355232/47032763125
85	72	7	9	2892355232/47032763125
85	72	8	9	-1182438/1881310525
85	73	1	8	30082752/6396455785
85	73	4	9	90095897536/3997784865625
85	73	6	9	90095897536/3997784865625
85	73	7	9	90095897536/3997784865625
85	73	8	9	-1314954/6396455785
85	86	7	7	3
85	86	12	12	3
85	87	6	6	-621/595
85	87	11	11	-621/595
85	88	6	6	2049219/6018425
85	88	11	11	2049219/6018425
85	89	6	6	-367851213/3580962875
85	89	11	11	-367851213/3580962875
85	90	6	6	3164137141743/112925664263125
85	90	11	11	3164137141743/112925664263125
85	91	6	6	-26181862297713/3952398249209375
85	91	11	11	-26181862297713/3952398249209375
85	98	3	5	3/2
85	98	4	5	3/2
85	98	6	14	3/2
85	98	10	14	3/2
85	99	2	4	-81/221
85	99	3	4	-81/221
85	99	5	13	-81/221
85	99	9	13	-81/221
85	100	2	4	63126/830297
85	100	3	4	63126/830297
85	100	5	13	63126/830297
85	100	9	13	63126/830297
85	101	2	4	-2195748/183495637
85	101	3	4	-2195748/183495637
85	101	5	13	-2195748/183495637
85	101	9	13	-2195748/183495637
85	102	2	4	1833528312/2149284396181
85	102	3	4	1833528312/2149284396181
85	102	5	13	1833528312/2149284396181
85	102	9	13	1833528312/2149284396181
85	103	2	4	112439688624/474991851556001
85	103	3	4	112439688624/474991851556001
85	103	5	13	112439688624/474991851556001
85	103	9	13	112439688624/474991851556001
86	50	9	17	1/2
86	50	13	17	1/2
86	50	15	17	1/2
86	50	16	17	1/2
86	52	8	16	-138/34391
86	52	12	16	-138/34391
86	52	14	16	-138/34391
86	52	15	16	-138/34391
86	54	8	16	342792/3687368629
86	54	12	16	342792/3687368629
86	54	14	16	342792/3687368629
86	54	15	16	342792/3687368629
86	62	10	17	6
86	63	9	16	405/221
86	64	9	16	832599/1660594
86	65	9	16	86244345/733982548
86	66	9	16	364508315703/17194275169448
86	67	9	16	13881783647025/7599869624896016
86	68	2	17	2
86	68	10	13	2
86	68	10	15	2
86	68	10	16	2
86	68	10	17	2
86	69	1	16	12/17
86	69	9	12	46/85
86	69	9	14	46/85
86	69	9	15	46/85
86	70	1	16	5568/24565
86	70	9	12	15226/122825
86	70	9	14	15226/122825
86	70	9	15	15226/122825
86	70	9	16	-552/24565
86	71	1	16	26784/417605
86	71	9	12	223238/10440125
86	71	9	14	223238/10440125
86	71	9	15	223238/10440125
86	72	1	16	28159488/1881310525
86	72	9	12	74259962/47032763125
86	72	9	14	74259962/47032763125
86	72	9	15	74259962/47032763125
86	72	9	16	1371168/1881310525
86	73	1	16	15095808/6396455785
86	73	9	12	-2257489514/3997784865625
86	73	9	14	-2257489514/3997784865625
86	73	9	15	-2257489514/3997784865625
86	92	12	12	3
86	92	14	14	3
86	93	11	11	-1755/2278
86	93	13	13	-1755/2278
86	94	11	11	14457771/88217828
86	94	13	13	14457771/88217828
86	95	11	11	-4952822355/200960212184
86	95	13	13	-4952822355/200960212184
86	96	11	11	17477421061023/24262730257823056
86	96	13	13	17477421061023/24262730257823056
86	97	11	11	53922426110505225/55270499527320921568
86	97	13	13	53922426110505225/55270499527320921568
86	104	6	14	3
86	104	10	14	3
86	105	5	13	-9/17
86	105	9	13	-9/17
86	106	5	13	1971/34391
86	106	9	13	1971/34391
86	107	5	13	1539/584647
86	107	9	13	1539/584647
86	108	5	13	-9526329/3687368629
86	108	9	13	-9526329/3687368629
86	109	5	13	22811139/62685266693
86	109	9	13	22811139/62685266693
87	50	17	17	2
87	51	16	16	-114/119
87	52	16	16	109458/240737
87	53	16	16	-6124194/28647703
87	54	16	16	17985038634/180681062821
87	55	16	16	-986614680474/21501046475699
87	68	9	10	16
87	69	8	9	144/17
87	70	8	9	109008/24565
87	71	8	9	960336/417605
87	72	8	9	2216964816/1881310525
87	73	8	9	3817872144/6396455785
87	98	5	5	6
87	98	14	14	6
87	99	4	4	-594/221
87	99	13	13	-594/221
87	100	4	4	982854/830297
87	100	13	13	982854/830297
87	101	4	4	-93966642/183495637
87	101	13	13	-93966642/183495637
87	102	4	4	467213520798/2149284396181
87	102	13	13	467213520798/2149284396181
87	103	4	4	-42957057809754/474991851556001
87	103	13	13	-42957057809754/474991851556001
88	50	17	17	2
88	51	16	16	-30/119
88	52	16	16	4626/240737
88	53	16	16	21330/28647703
88	54	16	16	-83990358/180681062821
88	55	16	16	954491850/21501046475699
88	68	10	17	16
88	69	9	16	96/17
88	70	9	16	45504/24565
88	71	9	16	231552/417605
88	72	9	16	275975424/1881310525
88	73	9	16	12068352/376262105
88	104	14	14	12
88	105	13	13	-432/119
88	106	13	13	237168/240737
88	107	13	13	-6578496/28647703
88	108	13	13	7499065536/180681062821
88	109	13	13	-80767694592/21501046475699
89	56	14	14	12
89	57	13	13	936/493
89	58	13	13	539568/4131833
89	59	13	13	-67358304/2036993669
89	60	13	13	-587976998976/53224607577301
89	61	13	13	-74659957632/1543513619741729
89	74	2	16	16
89	75	1	15	-144/323
89	76	1	15	-437616/1773593
89	77	1	15	12212208/572870539
89	78	1	15	107097879888/9806970757141
89	79	1	15	-5171187988944/3167651554556543
89	110	2	2	2
89	111	1	1	-9/68
89	112	1	1	-4671/157216
89	113	1	1	150903/21381376
89	114	1	1	179331813/154116958208
89	115	1	1	-12530650509/20959906316288
90	56	3	3	3
90	56	3	14	6
90	56	4	4	3
90	56	4	14	6
90	57	2	2	300/493
90	57	2	13	-72/493
90	57	3	3	300/493
90	57	3	13	-72/493
90	58	2	2	319296/4131833
90	58	2	13	-366720/4131833
90	58	3	3	319296/4131833
90	58	3	13	-366720/4131833
90	59	2	2	-6211200/2036993669
90	59	2	13	13554432/2036993669
90	59	3	3	-6211200/2036993669
90	59	3	13	13554432/2036993669
90	60	2	2	-227034673152/53224607577301
90	60	2	13	11814985728/3130859269253
90	60	3	3	-227034673152/53224607577301
90	60	3	13	11814985728/3130859269253
90	61	2	2	-19491096576000/26239731535609393
90	61	2	13	-12744522104832/26239731535609393
90	61	3	3	-19491096576000/26239731535609393
90	61	3	13	-12744522104832/26239731535609393
90	74	2	2	2
90	74	2	3	4
90	75	1	1	183/323
90	75	1	2	-60/323
90	76	1	1	444369/3547186
90	76	1	2	-109644/1773593
90	77	1	1	35590023/2291482156
90	77	1	2	5392980/572870539
90	78	1	1	-179609027643/78455766057128
90	78	1	2	26367466356/9806970757141
90	79	1	1	-92355311501037/50682424872904688
90	79	1	2	-2413599986700/3167651554556543
90	80	2	8	3
90	80	2	11	3
90	81	1	7	-9/85
90	81	1	10	-9/85
90	82	1	7	-5706/122825
90	82	1	10	-5706/122825
90	83	1	7	54108/10440125
90	83	1	10	54108/10440125
90	84	1	7	96596388/47032763125
90	84	1	10	96596388/47032763125
90	85	1	7	-1622760804/3997784865625
90	85	1	10	-1622760804/3997784865625
91	56	3	7	1
91	56	3	11	1
91	56	3	14	1
91	56	3	15	1
91	56	4	8	1
91	56	4	12	1
91	56	4	14	1
91	56	4	16	1
91	56	7	14	1
91	56	8	14	1
91	56	11	14	1
91	56	12	14	1
91	57	2	6	106/493
91	57	2	10	106/493
91	57	2	13	162/493
91	57	2	14	-62/493
91	57	3	7	106/493
91	57	3	11	106/493
91	57	3	13	162/493
91	57	3	15	-62/493
91	57	6	13	-3/29
91	57	7	13	-3/29
91	57	10	13	-3/29
91	57	11	13	-3/29
91	58	2	6	136144/4131833
91	58	2	10	136144/4131833
91	58	2	13	391280/4131833
91	58	2	14	10480/4131833
91	58	3	7	136144/4131833
91	58	3	11	136144/4131833
91	58	3	13	391280/4131833
91	58	3	15	10480/4131833
91	58	6	13	-10651/4131833
91	58	7	13	-10651/4131833
91	58	10	13	-10651/4131833
91	58	11	13	-10651/4131833
91	59	2	6	2799248/2036993669
91	59	2	10	2799248/2036993669
91	59	2	13	45610128/2036993669
91	59	2	14	6153872/2036993669
91	59	3	7	2799248/2036993669
91	59	3	11	2799248/2036993669
91	59	3	13	45610128/2036993669
91	59	3	15	6153872/2036993669
91	59	6	13	361161/119823157
91	59	7	13	361161/119823157
91	59	10	13	361161/119823157
91	59	11	13	361161/119823157
91	60	2	6	-55202346752/53224607577301
91	60	2	10	-55202346752/53224607577301
91	60	2	13	189750064896/53224607577301
91	60	2	14	-26662248704/53224607577301
91	60	3	7	-55202346752/53224607577301
91	60	3	11	-55202346752/53224607577301
91	60	3	13	189750064896/53224607577301
91	60	3	15	-26662248704/53224607577301
91	60	6	13	-12192387507/53224607577301
91	60	7	13	-12192387507/53224607577301
91	60	10	13	-12192387507/53224607577301
91	60	11	13	-12192387507/53224607577301
91	61	2	6	-9120208384/29122898485693
91	61	2	10	-9120208384/29122898485693
91	61	2	13	-1157110230528/26239731535609393
91	61	2	14	-2294135721472/26239731535609393
91	61	3	7	-9120208384/29122898485693
91	61	3	11	-9120208384/29122898485693
91	61	3	13	-1157110230528/26239731535609393
91	61	3	15	-2294135721472/26239731535609393
91	61	6	13	-197791938423/1543513619741729
91	61	7	13	-197791938423/1543513619741729
91	61	10	13	-197791938423/1543513619741729
91	61	11	13	-197791938423/1543513619741729
91	62	4	4	1
91	62	4	14	2
91	62	6	6	1
91	62	6	12	2
91	63	3	3	161/884
91	63	3	13	2/221
91	63	5	5	161/884
91	63	5	11	2/221
91	64	3	3	243889/13284752
91	64	3	13	-24562/830297
91	64	5	5	243889/13284752
91	64	5	11	-24562/830297
91	65	3	3	-24093167/11743720768
91	65	3	13	-73754/183495637
91	65	5	5	-24093167/11743720768
91	65	5	11	-73754/183495637
91	66	3	3	-668095490747/550216805422336
91	66	3	13	159677338/126428493893
91	66	5	5	-668095490747/550216805422336
91	66	5	11	159677338/126428493893
91	67	3	3	-57243547845659/486391655993345024
91	67	3	13	13598638282/474991851556001
91	67	5	5	-57243547845659/486391655993345024
91	67	5	11	13598638282/474991851556001
91	74	2	4	2/3
91	74	2	5	2/3
91	74	2	6	2/3
91	74	2	7	2/3
91	74	2	10	2/3
91	74	2	11	2/3
91	75	1	3	64/323
91	75	1	4	-7/323
91	75	1	5	64/323
91	75	1	6	-7/323
91	75	1	9	64/323
91	75	1	10	-7/323
91	76	1	3	86474/1773593
91	76	1	4	-33449/3547186
91	76	1	5	86474/1773593
91	76	1	6	-33449/3547186
91	76	1	9	86474/1773593
91	76	1	10	-33449/3547186
91	77	1	3	4850496/572870539
91	77	1	4	2212245/2291482156
91	77	1	5	4850496/572870539
91	77	1	6	2212245/2291482156
91	77	1	9	4850496/572870539
91	77	1	10	2212245/2291482156
91	78	1	3	2702603718/9806970757141
91	78	1	4	29908118511/78455766057128
91	78	1	5	2702603718/9806970757141
91	78	1	6	29908118511/78455766057128
91	78	1	9	2702603718/9806970757141
91	78	1	10	29908118511/78455766057128
91	79	1	3	-84532863168/186332444385679
91	79	1	4	-3488335370667/50682424872904688
91	79	1	5	-84532863168/186332444385679
91	79	1	6	-3488335370667/50682424872904688
91	79	1	9	-84532863168/186332444385679
91	79	1	10	-3488335370667/50682424872904688
91	80	2	9	1/2
91	80	2	13	1/2
91	80	2	15	1/2
91	80	2	16	1/2
91	81	1	8	-3/340
91	81	1	12	-3/340
91	81	1	14	-3/340
91	81	1	15	-3/340
91	82	1	8	-3471/491300
91	82	1	12	-3471/491300
91	82	1	14	-3471/491300
91	82	1	15	-3471/491300
91	83	1	8	15849/41760500
91	83	1	12	15849/41760500
91	83	1	14	15849/41760500
91	83	1	15	15849/41760500
91	84	1	8	108204579/376262105000
91	84	1	12	108204579/376262105000
91	84	1	14	108204579/376262105000
91	84	1	15	108204579/376262105000
91	85	1	8	-1673614467/63964557850000
91	85	1	12	-1673614467/63964557850000
91	85	1	14	-1673614467/63964557850000
91	85	1	15	-1673614467/63964557850000
91	86	2	8	2
91	86	2	11	2
91	87	1	7	-9/119
91	87	1	10	-9/119
91	88	1	7	-72579/2407370
91	88	1	10	-72579/2407370
91	89	1	7	2083563/572954060
91	89	1	10	2083563/572954060
91	90	1	7	46744363629/36136212564200
91	90	1	10	46744363629/36136212564200
91	91	1	7	-481040221041/1720083718055920
91	91	1	10	-481040221041/1720083718055920
91	92	2	3	2
91	93	1	2	-108/1139
91	94	1	2	-661440/22054457
91	95	1	2	117860832/25120026523
91	96	1	2	1913238185472/1516420641113941
91	97	1	2	-640215123499008/1727203110228778799
92	56	7	7	1/2
92	56	7	14	1
92	56	8	8	1/2
92	56	8	14	1
92	56	11	11	1/2
92	56	11	14	1
92	56	12	12	1/2
92	56	12	14	1
92	56	14	15	1
92	56	14	16	1
92	57	6	6	89/1972
92	57	6	13	123/493
92	57	7	7	89/1972
92	57	7	13	123/493
92	57	10	10	89/1972
92	57	10	13	123/493
92	57	11	11	89/1972
92	57	11	13	123/493
92	57	13	14	-90/493
92	57	13	15	-90/493
92	58	6	6	-68111/33054664
92	58	6	13	206501/4131833
92	58	7	7	-68111/33054664
92	58	7	13	206501/4131833
92	58	10	10	-68111/33054664
92	58	10	13	206501/4131833
92	58	11	11	-68111/33054664
92	58	11	13	206501/4131833
92	58	13	14	87008/4131833
92	58	13	15	87008/4131833
92	59	6	6	-42154583/32591898704
92	59	6	13	12929391/2036993669
92	59	7	7	-42154583/32591898704
92	59	7	13	12929391/2036993669
92	59	10	10	-42154583/32591898704
92	59	10	13	12929391/2036993669
92	59	11	11	-42154583/32591898704
92	59	11	13	12929391/2036993669
92	59	13	14	1293840/2036993669
92	59	13	15	1293840/2036993669
92	60	6	6	-84183338747/1703187442473632
92	60	6	13	-14526353907/53224607577301
92	60	7	7	-84183338747/1703187442473632
92	60	7	13	-14526353907/53224607577301
92	60	10	10	-84183338747/1703187442473632
92	60	10	13	-14526353907/53224607577301
92	60	11	11	-84183338747/1703187442473632
92	60	11	13	-14526353907/53224607577301
92	60	13	14	-48330733824/53224607577301
92	60	13	15	-48330733824/53224607577301
92	61	6	6	5525607496877/98784871663470656
92	61	6	13	-10406390353137/26239731535609393
92	61	7	7	5525607496877/98784871663470656
92	61	7	13	-10406390353137/26239731535609393
92	61	10	10	5525607496877/98784871663470656
92	61	10	13	-10406390353137/26239731535609393
92	61	11	11	5525607496877/98784871663470656
92	61	11	13	-10406390353137/26239731535609393
92	61	13	14	3858353740800/26239731535609393
92	61	13	15	3858353740800/26239731535609393
92	62	4	12	2
92	62	4	16	2
92	62	6	14	2
92	62	6	16	2
92	63	3	11	106/221
92	63	3	15	-3/13
92	63	5	13	106/221
92	63	5	15	-3/13
92	64	3	11	72782/830297
92	64	3	15	-1231/1660594
92	64	5	13	72782/830297
92	64	5	15	-1231/1660594
92	65	3	11	1448702/183495637
92	65	3	15	276381/43175444
92	65	5	13	1448702/183495637
92	65	5	15	276381/43175444
92	66	3	11	-3756128134/2149284396181
92	66	3	15	-12905726427/17194275169448
92	66	5	13	-3756128134/2149284396181
92	66	5	15	-12905726427/17194275169448
92	67	3	11	-7993608758/8962110406717
92	67	3	15	-109177339023/447051154405648
92	67	5	13	-7993608758/8962110406717
92	67	5	15	-109177339023/447051154405648
92	74	2	8	2/3
92	74	2	9	2/3
92	74	2	12	2/3
92	74	2	13	2/3
92	74	2	14	2/3
92	74	2	15	2/3
92	74	4	14	2/3
92	74	6	12	2/3
92	74	8	10	2/3
92	75	1	7	67/323
92	75	1	8	-4/323
92	75	1	11	67/323
92	75	1	12	-4/323
92	75	1	13	67/323
92	75	1	14	-4/323
92	75	3	13	8/323
92	75	5	11	8/323
92	75	7	9	8/323
92	76	1	7	195727/3547186
92	76	1	8	-16198/1773593
92	76	1	11	195727/3547186
92	76	1	12	-16198/1773593
92	76	1	13	195727/3547186
92	76	1	14	-16198/1773593
92	76	3	13	-14974/1773593
92	76	5	11	-14974/1773593
92	76	7	9	-14974/1773593
92	77	1	7	25989903/2291482156
92	77	1	8	296460/572870539
92	77	1	11	25989903/2291482156
92	77	1	12	296460/572870539
92	77	1	13	25989903/2291482156
92	77	1	14	296460/572870539
92	77	3	13	-578232/572870539
92	77	5	11	-578232/572870539
92	77	7	9	-578232/572870539
92	78	1	7	93306550239/78455766057128
92	78	1	8	3533422662/9806970757141
92	78	1	11	93306550239/78455766057128
92	78	1	12	3533422662/9806970757141
92	78	1	13	93306550239/78455766057128
92	78	1	14	3533422662/9806970757141
92	78	3	13	2974783158/9806970757141
92	78	5	11	2974783158/9806970757141
92	78	7	9	2974783158/9806970757141
92	79	1	7	-14477354308953/50682424872904688
92	79	1	8	-109786106484/3167651554556543
92	79	1	11	-14477354308953/50682424872904688
92	79	1	12	-109786106484/3167651554556543
92	79	1	13	-14477354308953/50682424872904688
92	79	1	14	-109786106484/3167651554556543
92	79	3	13	208306007208/3167651554556543
92	79	5	11	208306007208/3167651554556543
92	79	7	9	208306007208/3167651554556543
92	86	2	15	2
92	86	2	16	2
92	87	1	14	-6/119
92	87	1	15	-6/119
92	88	1	14	-35178/1203685
92	88	1	15	-35178/1203685
92	89	1	14	325782/143238515
92	89	1	15	325782/143238515
92	90	1	14	5542005258/4517026570525
92	90	1	15	5542005258/4517026570525
92	91	1	14	-17667841014/107505232378495
92	91	1	15	-17667841014/107505232378495
92	92	2	8	2
92	93	1	7	-84/1139
92	94	1	7	-642720/22054457
92	95	1	7	86020704/25120026523
92	96	1	7	1833446057472/1516420641113941
92	97	1	7	-439266671391744/1727203110228778799
92	104	2	3	1
92	104	2	4	1
92	105	1	2	-6/119
92	105	1	3	-6/119
92	106	1	2	-10400/722211
92	106	1	3	-10400/722211
92	107	1	2	69744/28647703
92	107	1	3	69744/28647703
92	108	1	2	104194816/180681062821
92	108	1	3	104194816/180681062821
92	109	1	2	-4031671296/21501046475699
92	109	1	3	-4031671296/21501046475699
93	56	14	15	3
93	56	14	16	3
93	57	13	14	252/493
93	57	13	15	252/493
93	58	13	14	206736/4131833
93	58	13	15	206736/4131833
93	59	13	14	-8358336/2036993669
93	59	13	15	-8358336/2036993669
93	60	13	14	-138660049152/53224607577301
93	60	13	15	-138660049152/53224607577301
93	61	13	14	-7254169187328/26239731535609393
93	61	13	15	-7254169187328/26239731535609393
93	62	12	12	3
93	62	14	14	3
93	63	11	11	96/221
93	63	13	13	96/221
93	64	11	11	17904/830297
93	64	13	13	17904/830297
93	65	11	11	-1623552/183495637
93	65	13	13	-1623552/183495637
93	66	11	11	-4807802112/2149284396181
93	66	13	13	-4807802112/2149284396181
93	67	11	11	60034768896/474991851556001
93	67	13	13	60034768896/474991851556001
93	74	2	16	2
93	74	2	17	2
93	74	4	16	2
93	74	6	16	2
93	74	10	16	2
93	75	1	15	210/323
93	75	1	16	-3/323
93	75	3	15	-60/323
93	75	5	15	-60/323
93	75	9	15	-60/323
93	76	1	15	324690/1773593
93	76	1	16	-100167/3547186
93	76	3	15	-19560/1773593
93	76	5	15	-19560/1773593
93	76	9	15	-19560/1773593
93	77	1	15	23558850/572870539
93	77	1	16	902421/2291482156
93	77	3	15	3596400/572870539
93	77	5	15	3596400/572870539
93	77	9	15	3596400/572870539
93	78	1	15	54497889450/9806970757141
93	78	1	16	90289878741/78455766057128
93	78	3	15	-1574056800/9806970757141
93	78	5	15	-1574056800/9806970757141
93	78	9	15	-1574056800/9806970757141
93	79	1	15	-1832524863750/3167651554556543
93	79	1	16	-1357218463743/50682424872904688
93	79	3	15	-1024316280000/3167651554556543
93	79	5	15	-1024316280000/3167651554556543
93	79	9	15	-1024316280000/3167651554556543
93	92	2	16	6
93	93	1	15	-216/1139
93	94	1	15	-1990368/22054457
93	95	1	15	224477568/25120026523
93	96	1	15	5892205026816/1516420641113941
93	97	1	15	-1164261353158656/1727203110228778799
93	110	2	3	1/2
93	110	2	4	1/2
93	110	2	6	1/2
93	110	2	10	1/2
93	111	1	2	-15/544
93	111	1	3	-15/544
93	111	1	5	-15/544
93	111	1	9	-15/544
93	112	1	2	-17295/2515456
93	112	1	3	-17295/2515456
93	112	1	5	-17295/2515456
93	112	1	9	-17295/2515456
93	113	1	2	893025/684204032
93	113	1	3	893025/684204032
93	113	1	5	893025/684204032
93	113	1	9	893025/684204032
93	114	1	2	2548966725/9863485325312
93	114	1	3	2548966725/9863485325312
93	114	1	5	2548966725/9863485325312
93	114	1	9	2548966725/9863485325312
93	115	1	2	-263992516875/2682868008484864
93	115	1	3	-263992516875/2682868008484864
93	115	1	5	-263992516875/2682868008484864
93	115	1	9	-263992516875/2682868008484864
94	56	5	14	6
94	57	4	13	-36/493
94	58	4	13	-338760/4131833
94	59	4	13	6141744/2036993669
94	60	4	13	171976356576/53224607577301
94	61	4	13	-5237525779776/26239731535609393
94	62	3	3	6
94	63	2	2	270/221
94	64	2	2	129798/830297
94	65	2	2	-1066770/183495637
94	66	2	2	-18420167394/2149284396181
94	67	2	2	-721106278650/474991851556001
94	74	2	3	4
94	74	3	3	2
94	75	1	2	396/323
94	75	2	2	-96/323
94	76	1	2	554292/1773593
94	76	2	2	22248/1773593
94	77	1	2	32664060/572870539
94	77	2	2	4316544/572870539
94	78	1	2	24890617332/9806970757141
94	78	2	2	-17371954656/9806970757141
94	79	1	2	-9398953752804/3167651554556543
94	79	2	2	-569161022976/3167651554556543
94	80	3	8	3
94	80	4	11	3
94	80	6	11	3
94	80	8	10	3
94	81	2	7	-27/340
94	81	3	10	-27/340
94	81	5	10	-27/340
94	81	7	9	-27/340
94	82	2	7	-84429/1965200
94	82	3	10	-84429/1965200
94	82	5	10	-84429/1965200
94	82	7	9	-84429/1965200
94	83	2	7	2353941/668168000
94	83	3	10	2353941/668168000
94	83	5	10	2353941/668168000
94	83	7	9	2353941/668168000
94	84	2	7	21265226703/12040387360000
94	84	3	10	21265226703/12040387360000
94	84	5	10	21265226703/12040387360000
94	84	7	9	21265226703/12040387360000
94	85	2	7	-1024730618247/4093731702400000
94	85	3	10	-1024730618247/4093731702400000
94	85	5	10	-1024730618247/4093731702400000
94	85	7	9	-1024730618247/4093731702400000
95	56	5	14	2
95	56	9	14	2
95	56	13	14	2
95	57	4	13	336/493
95	57	8	13	-90/493
95	57	12	13	-90/493
95	58	4	13	864264/4131833
95	58	8	13	-26502/4131833
95	58	12	13	-26502/4131833
95	59	4	13	113158080/2036993669
95	59	8	13	9774270/2036993669
95	59	12	13	9774270/2036993669
95	60	4	13	620570401056/53224607577301
95	60	8	13	-13098576582/53224607577301
95	60	12	13	-13098576582/53224607577301
95	61	4	13	35899739156736/26239731535609393
95	61	8	13	-4933029604050/26239731535609393
95	61	12	13	-4933029604050/26239731535609393
95	62	3	11	4
95	63	2	10	186/221
95	64	2	10	104289/830297
95	65	2	10	1748493/366991274
95	66	2	10	-1983493899/505713975572
95	67	2	10	-4307806356687/3799934812448008
95	68	3	3	2/3
95	68	4	4	2/3
95	68	6	6	2/3
95	69	2	2	94/765
95	69	3	3	94/765
95	69	5	5	94/765
95	70	2	2	42226/3316275
95	70	3	3	42226/3316275
95	70	5	5	42226/3316275
95	71	2	2	-1106098/845650125
95	71	3	3	-1106098/845650125
95	71	5	5	-1106098/845650125
95	72	2	2	-9438840598/11428961439375
95	72	3	3	-9438840598/11428961439375
95	72	5	5	-9438840598/11428961439375
95	73	2	2	-252724096586/2914385167040625
95	73	3	3	-252724096586/2914385167040625
95	73	5	5	-252724096586/2914385167040625
95	74	2	5	4/3
95	74	2	7	4/3
95	74	2	11	4/3
95	75	1	4	138/323
95	75	1	6	138/323
95	75	1	10	138/323
95	76	1	4	211575/1773593
95	76	1	6	211575/1773593
95	76	1	10	211575/1773593
95	77	1	4	30864321/1145741078
95	77	1	6	30864321/1145741078
95	77	1	10	30864321/1145741078
95	78	1	4	152145446607/39227883028564
95	78	1	6	152145446607/39227883028564
95	78	1	10	152145446607/39227883028564
95	79	1	4	-319361199903/1490659555085432
95	79	1	6	-319361199903/1490659555085432
95	79	1	10	-319361199903/1490659555085432
95	80	3	9	1
95	80	4	13	1
95	80	6	15	1
95	80	10	16	1
95	81	2	8	-99/680
95	81	3	12	-99/680
95	81	5	14	-99/680
95	81	9	15	-99/680
95	82	2	8	67977/7860800
95	82	3	12	67977/7860800
95	82	5	14	67977/7860800
95	82	9	15	67977/7860800
95	83	2	8	12800997/5345344000
95	83	3	12	12800997/5345344000
95	83	5	14	12800997/5345344000
95	83	9	15	12800997/5345344000
95	84	2	8	-133314716619/192646197760000
95	84	3	12	-133314716619/192646197760000
95	84	5	14	-133314716619/192646197760000
95	84	9	15	-133314716619/192646197760000
95	85	2	8	-1188444836799/130999414476800000
95	85	3	12	-1188444836799/130999414476800000
95	85	5	14	-1188444836799/130999414476800000
95	85	9	15	-1188444836799/130999414476800000
95	86	6	11	4
95	86	8	10	4
95	87	5	10	18/595
95	87	7	9	18/595
95	88	5	10	-343863/6018425
95	88	7	9	-343863/6018425
95	89	5	10	-9309087/7161925750
95	89	7	9	-9309087/7161925750
95	90	5	10	1063829137941/451702657052500
95	90	7	9	1063829137941/451702657052500
95	91	5	10	48138879152349/537526161892475000
95	91	7	9	48138879152349/537526161892475000
95	92	3	3	2
95	93	2	2	-384/1139
95	94	2	2	592488/22054457
95	95	2	2	140023296/25120026523
95	96	2	2	-3333111853536/1516420641113941
95	97	2	2	122140709554176/1727203110228778799
96	56	9	14	2
96	56	13	14	2
96	56	14	17	2
96	57	8	13	258/493
96	57	12	13	258/493
96	57	13	16	-168/493
96	58	8	13	480186/4131833
96	58	12	13	480186/4131833
96	58	13	16	154296/4131833
96	59	8	13	39857130/2036993669
96	59	12	13	39857130/2036993669
96	59	13	16	1421280/2036993669
96	60	8	13	78970647546/53224607577301
96	60	12	13	78970647546/53224607577301
96	60	13	16	-69392212704/53224607577301
96	61	8	13	-11755511592102/26239731535609393
96	61	12	13	-11755511592102/26239731535609393
96	61	13	16	5504829869952/26239731535609393
96	62	11	11	2
96	63	10	10	57/442
96	64	10	10	-98271/6642376
96	65	10	10	-23100903/5871860384
96	66	10	10	62984689317/275108402711168
96	67	10	10	45915676530237/243195827996672512
96	68	3	11	4/3
96	68	4	12	4/3
96	68	6	14	4/3
96	69	2	10	248/765
96	69	3	11	248/765
96	69	5	13	248/765
96	70	2	10	202352/3316275
96	70	3	11	202352/3316275
96	70	5	13	202352/3316275
96	71	2	10	5224864/845650125
96	71	3	11	5224864/845650125
96	71	5	13	5224864/845650125
96	72	2	10	-11073235136/11428961439375
96	72	3	11	-11073235136/11428961439375
96	72	5	13	-11073235136/11428961439375
96	73	2	10	-1724535571072/2914385167040625
96	73	3	11	-1724535571072/2914385167040625
96	73	5	13	-1724535571072/2914385167040625
96	74	2	9	4/3
96	74	2	13	4/3
96	74	2	15	4/3
96	75	1	8	144/323
96	75	1	12	144/323
96	75	1	14	144/323
96	76	1	8	236340/1773593
96	76	1	12	236340/1773593
96	76	1	14	236340/1773593
96	77	1	8	19467216/572870539
96	77	1	12	19467216/572870539
96	77	1	14	19467216/572870539
96	78	1	8	64729260108/9806970757141
96	78	1	12	64729260108/9806970757141
96	78	1	14	64729260108/9806970757141
96	79	1	8	1794693735504/3167651554556543
96	79	1	12	1794693735504/3167651554556543
96	79	1	14	1794693735504/3167651554556543
96	86	6	15	4
96	86	10	16	4
96	87	5	14	-324/595
96	87	9	15	-324/595
96	88	5	14	136188/6018425
96	88	9	15	136188/6018425
96	89	5	14	39182292/3580962875
96	89	9	15	39182292/3580962875
96	90	5	14	-275390337996/112925664263125
96	90	9	15	-275390337996/112925664263125
96	91	5	14	-12810408688404/67190770236559375
96	91	9	15	-12810408688404/67190770236559375
96	92	8	10	4
96	93	7	9	216/1139
96	94	7	9	-988416/22054457
96	95	7	9	-181538496/25120026523
96	96	7	9	2098827998208/1516420641113941
96	97	7	9	758139184705536/1727203110228778799
96	104	3	3	1
96	104	4	4	1
96	105	2	2	-22/119
96	105	3	3	-22/119
96	106	2	2	4784/240737
96	106	3	3	4784/240737
96	107	2	2	46288/28647703
96	107	3	3	46288/28647703
96	108	2	2	-212258048/180681062821
96	108	3	3	-212258048/180681062821
96	109	2	2	3050060288/21501046475699
96	109	3	3	3050060288/21501046475699
97	56	14	17	6
97	57	13	16	540/493
97	58	13	16	571464/4131833
97	59	13	16	5579280/2036993669
97	60	13	16	-204125684256/53224607577301
97	61	13	16	-22699418875200/26239731535609393
97	68	11	11	2
97	68	12	12	2
97	68	14	14	2
97	69	10	10	64/255
97	69	11	11	64/255
97	69	13	13	64/255
97	70	10	10	5536/1105425
97	70	11	11	5536/1105425
97	70	13	13	5536/1105425
97	71	10	10	-1696768/281883375
97	71	11	11	-1696768/281883375
97	71	13	13	-1696768/281883375
97	72	10	10	-3787038208/3809653813125
97	72	11	11	-3787038208/3809653813125
97	72	13	13	-3787038208/3809653813125
97	73	10	10	169227403264/971461722346875
97	73	11	11	169227403264/971461722346875
97	73	13	13	169227403264/971461722346875
97	74	2	17	4
97	75	1	16	450/323
97	76	1	16	777177/1773593
97	77	1	16	137313225/1145741078
97	78	1	16	1028428081461/39227883028564
97	79	1	16	86289951331125/25341212436452344
97	92	10	16	12
97	93	9	15	-1512/1139
97	94	9	15	-292464/22054457
97	95	9	15	926704800/25120026523
97	96	9	15	-5750344954944/1516420641113941
97	97	9	15	-2491297561130112/1727203110228778799
97	110	3	3	1/2
97	110	4	4	1/2
97	110	6	6	1/2
97	110	10	10	1/2
97	111	2	2	-105/1088
97	111	3	3	-105/1088
97	111	5	5	-105/1088
97	111	9	9	-105/1088
97	112	2	2	117153/10061824
97	112	3	3	117153/10061824
97	112	5	5	117153/10061824
97	112	9	9	117153/10061824
97	113	2	2	2456055/5473632256
97	113	3	3	2456055/5473632256
97	113	5	5	2456055/5473632256
97	113	9	9	2456055/5473632256
97	114	2	2	-92409619419/157815765204992
97	114	3	3	-92409619419/157815765204992
97	114	5	5	-92409619419/157815765204992
97	114	9	9	-92409619419/157815765204992
97	115	2	2	8282696267475/85851776271515648
97	115	3	3	8282696267475/85851776271515648
97	115	5	5	8282696267475/85851776271515648
97	115	9	9	8282696267475/85851776271515648
98	56	3	15	4
98	56	4	16	4
98	57	2	14	448/493
98	57	3	15	448/493
98	58	2	14	645120/4131833
98	58	3	15	645120/4131833
98	59	2	14	25690112/2036993669
98	59	3	15	25690112/2036993669
98	60	2	14	-164879138816/53224607577301
98	60	3	15	-164879138816/53224607577301
98	61	2	14	-36823589978112/26239731535609393
98	61	3	15	-36823589978112/26239731535609393
98	62	12	14	8
98	63	11	13	-160/221
98	64	11	13	-38784/830297
98	65	11	13	4503040/183495637
98	66	11	13	-931059712/2149284396181
98	67	11	13	-604831948800/474991851556001
98	74	4	4	4/3
98	74	6	6	4/3
98	74	10	10	4/3
98	75	3	3	72/323
98	75	5	5	72/323
98	75	9	9	72/323
98	76	3	3	32048/1773593
98	76	5	5	32048/1773593
98	76	9	9	32048/1773593
98	77	3	3	-1946592/572870539
98	77	5	5	-1946592/572870539
98	77	9	9	-1946592/572870539
98	78	3	3	-13532249664/9806970757141
98	78	5	5	-13532249664/9806970757141
98	78	9	9	-13532249664/9806970757141
98	79	3	3	-177134076288/3167651554556543
98	79	5	5	-177134076288/3167651554556543
98	79	9	9	-177134076288/3167651554556543
98	80	2	17	2
98	82	1	16	-672/24565
98	84	1	16	2032128/1881310525
98	92	2	11	8
98	93	1	10	-384/1139
98	94	1	10	-2568192/22054457
98	95	1	10	399900672/25120026523
98	96	1	10	7268198252544/1516420641113941
98	97	1	10	-2074816391675904/1727203110228778799
99	56	3	4	24
99	57	2	3	-384/493
99	58	2	3	-1499136/4131833
99	59	2	3	75300864/2036993669
99	60	2	3	835178201088/53224607577301
99	61	2	3	-73685935325184/26239731535609393
99	80	2	2	6
99	81	1	1	144/85
99	82	1	1	45792/122825
99	83	1	1	476928/10440125
99	84	1	1	-328333824/47032763125
99	85	1	1	-1275015168/235163815625
100	56	3	4	2
100	56	3	5	2
100	56	3	8	2
100	56	3	12	2
100	56	4	5	2
100	56	4	7	2
100	56	4	11	2
100	57	2	3	316/493
100	57	2	4	-132/493
100	57	2	7	-20/493
100	57	2	11	-20/493
100	57	3	4	-132/493
100	57	3	6	-20/493
100	57	3	10	-20/493
100	58	2	3	731616/4131833
100	58	2	4	30944/4131833
100	58	2	7	-113760/4131833
100	58	2	11	-113760/4131833
100	58	3	4	30944/4131833
100	58	3	6	-113760/4131833
100	58	3	10	-113760/4131833
100	59	2	3	78572768/2036993669
100	59	2	4	13422816/2036993669
100	59	2	7	3480800/2036993669
100	59	2	11	3480800/2036993669
100	59	3	4	13422816/2036993669
100	59	3	6	3480800/2036993669
100	59	3	10	3480800/2036993669
100	60	2	3	254697078272/53224607577301
100	60	2	4	-66329399808/53224607577301
100	60	2	7	58061427200/53224607577301
100	60	2	11	58061427200/53224607577301
100	60	3	4	-66329399808/53224607577301
100	60	3	6	58061427200/53224607577301
100	60	3	10	58061427200/53224607577301
100	61	2	3	-18688299377664/26239731535609393
100	61	2	4	-16569197568/90794918808337
100	61	2	7	-3026540160000/26239731535609393
100	61	2	11	-3026540160000/26239731535609393
100	61	3	4	-16569197568/90794918808337
100	61	3	6	-3026540160000/26239731535609393
100	61	3	10	-3026540160000/26239731535609393
100	62	3	4	4
100	62	3	6	4
100	63	2	3	-30/221
100	63	2	5	-30/221
100	64	2	3	-48695/830297
100	64	2	5	-48695/830297
100	65	2	3	2306025/366991274
100	65	2	5	2306025/366991274
100	66	2	3	21112960725/8597137584724
100	66	2	5	21112960725/8597137584724
100	67	2	3	-1768625566875/3799934812448008
100	67	2	5	-1768625566875/3799934812448008
100	80	2	3	1
100	80	2	4	1
100	80	2	6	1
100	80	2	10	1
100	80	3	10	1
100	80	4	6	1
100	81	1	2	3/10
100	81	1	3	3/10
100	81	1	5	3/10
100	81	1	9	3/10
100	81	2	9	3/680
100	81	3	5	3/680
100	82	1	2	18321/245650
100	82	1	3	18321/245650
100	82	1	5	18321/245650
100	82	1	9	18321/245650
100	82	2	9	-121047/7860800
100	82	3	5	-121047/7860800
100	83	1	2	16119/1228250
100	83	1	3	16119/1228250
100	83	1	5	16119/1228250
100	83	1	9	16119/1228250
100	83	2	9	-1090341/5345344000
100	83	3	5	-1090341/5345344000
100	84	1	2	86613219/188131052500
100	84	1	3	86613219/188131052500
100	84	1	5	86613219/188131052500
100	84	1	9	86613219/188131052500
100	84	2	9	131858158581/192646197760000
100	84	3	5	131858158581/192646197760000
100	85	1	2	-1323592893/1881310525000
100	85	1	3	-1323592893/1881310525000
100	85	1	5	-1323592893/1881310525000
100	85	1	9	-1323592893/1881310525000
100	85	2	9	1981340246943/130999414476800000
100	85	3	5	1981340246943/130999414476800000
100	86	2	2	2
100	87	1	1	135/238
100	88	1	1	241953/1925896
100	89	1	1	14338215/916726496
100	90	1	1	-52628381019/23127176041088
100	91	1	1	-1183453879725/647560929150464
101	56	3	8	1
101	56	3	9	1
101	56	3	12	1
101	56	3	13	1
101	56	4	7	1
101	56	4	9	1
101	56	4	11	1
101	56	4	13	1
101	56	7	8	1
101	56	11	12	1
101	57	2	7	164/493
101	57	2	8	-60/493
101	57	2	11	164/493
101	57	2	12	-60/493
101	57	3	6	164/493
101	57	3	8	-60/493
101	57	3	10	164/493
101	57	3	12	-60/493
101	57	6	7	-143/986
101	57	10	11	-143/986
101	58	2	7	407584/4131833
101	58	2	8	11552/4131833
101	58	2	11	407584/4131833
101	58	2	12	11552/4131833
101	58	3	6	407584/4131833
101	58	3	8	11552/4131833
101	58	3	10	407584/4131833
101	58	3	12	11552/4131833
101	58	6	7	149041/16527332
101	58	10	11	149041/16527332
101	59	2	7	50559232/2036993669
101	59	2	8	5264640/2036993669
101	59	2	11	50559232/2036993669
101	59	2	12	5264640/2036993669
101	59	3	6	50559232/2036993669
101	59	3	8	5264640/2036993669
101	59	3	10	50559232/2036993669
101	59	3	12	5264640/2036993669
101	59	6	7	35484449/16295949352
101	59	10	11	35484449/16295949352
101	60	2	7	249327275008/53224607577301
101	60	2	8	-22975755264/53224607577301
101	60	2	11	249327275008/53224607577301
101	60	2	12	-22975755264/53224607577301
101	60	3	6	249327275008/53224607577301
101	60	3	8	-22975755264/53224607577301
101	60	3	10	249327275008/53224607577301
101	60	3	12	-22975755264/53224607577301
101	60	6	7	-559687838267/851593721236816
101	60	10	11	-559687838267/851593721236816
101	61	2	7	9015739715584/26239731535609393
101	61	2	8	-1672209100800/26239731535609393
101	61	2	11	9015739715584/26239731535609393
101	61	2	12	-1672209100800/26239731535609393
101	61	3	6	9015739715584/26239731535609393
101	61	3	8	-1672209100800/26239731535609393
101	61	3	10	9015739715584/26239731535609393
101	61	3	12	-1672209100800/26239731535609393
101	61	6	7	118021454837/839671409139500576
101	61	10	11	118021454837/839671409139500576
101	62	4	5	2
101	62	4	11	2
101	62	6	7	2
101	62	6	11	2
101	63	3	4	-4/13
101	63	3	10	21/442
101	63	5	6	-4/13
101	63	5	10	21/442
101	64	3	4	17048/830297
101	64	3	10	-170551/6642376
101	64	5	6	17048/830297
101	64	5	10	-170551/6642376
101	65	3	4	54928/10793861
101	65	3	10	-11059587/5871860384
101	65	5	6	54928/10793861
101	65	5	10	-11059587/5871860384
101	66	3	4	-3544423264/2149284396181
101	66	3	10	260515944693/275108402711168
101	66	5	6	-3544423264/2149284396181
101	66	5	10	260515944693/275108402711168
101	67	3	4	165628096/27940697150353
101	67	3	10	29087291772441/243195827996672512
101	67	5	6	165628096/27940697150353
101	67	5	10	29087291772441/243195827996672512
101	68	3	4	2/3
101	68	3	6	2/3
101	68	4	6	2/3
101	69	2	3	-26/765
101	69	2	5	-26/765
101	69	3	5	-26/765
101	70	2	3	-3166/368475
101	70	2	5	-3166/368475
101	70	3	5	-3166/368475
101	71	2	3	1260662/845650125
101	71	2	5	1260662/845650125
101	71	3	5	1260662/845650125
101	72	2	3	3487040042/11428961439375
101	72	2	5	3487040042/11428961439375
101	72	3	5	3487040042/11428961439375
101	73	2	3	-3749631106/35980063790625
101	73	2	5	-3749631106/35980063790625
101	73	3	5	-3749631106/35980063790625
101	80	2	5	1/2
101	80	2	7	1/2
101	80	2	12	1/2
101	80	2	14	1/2
101	81	1	4	27/170
101	81	1	6	27/170
101	81	1	11	27/170
101	81	1	13	27/170
101	82	1	4	5394/122825
101	82	1	6	5394/122825
101	82	1	11	5394/122825
101	82	1	13	5394/122825
101	83	1	4	102303/10440125
101	83	1	6	102303/10440125
101	83	1	11	102303/10440125
101	83	1	13	102303/10440125
101	84	1	4	64969128/47032763125
101	84	1	6	64969128/47032763125
101	84	1	11	64969128/47032763125
101	84	1	13	64969128/47032763125
101	85	1	4	-342554184/3997784865625
101	85	1	6	-342554184/3997784865625
101	85	1	11	-342554184/3997784865625
101	85	1	13	-342554184/3997784865625
101	86	2	6	2
101	86	2	10	2
101	86	3	10	2
101	86	4	6	2
101	87	1	5	141/238
101	87	1	9	141/238
101	87	2	9	12/595
101	87	3	5	12/595
101	88	1	5	1402269/9629480
101	88	1	9	1402269/9629480
101	88	2	9	-178536/6018425
101	88	3	5	-178536/6018425
101	89	1	5	116612217/4583632480
101	89	1	9	116612217/4583632480
101	89	2	9	-3228336/3580962875
101	89	3	5	-3228336/3580962875
101	90	1	5	555837670989/578179401027200
101	90	1	9	555837670989/578179401027200
101	90	2	9	143355902112/112925664263125
101	90	3	5	143355902112/112925664263125
101	91	1	5	-71270281938411/55042678977789440
101	91	1	9	-71270281938411/55042678977789440
101	91	2	9	4341778863552/67190770236559375
101	91	3	5	4341778863552/67190770236559375
102	56	3	5	2
102	56	3	16	2
102	56	4	5	2
102	56	4	15	2
102	57	2	4	216/493
102	57	2	15	-8/493
102	57	3	4	216/493
102	57	3	14	-8/493
102	58	2	4	284288/4131833
102	58	2	15	-111744/4131833
102	58	3	4	284288/4131833
102	58	3	14	-111744/4131833
102	59	2	4	6448896/2036993669
102	59	2	15	1345280/2036993669
102	59	3	4	6448896/2036993669
102	59	3	14	1345280/2036993669
102	60	2	4	-114594471936/53224607577301
102	60	2	15	3303989248/3130859269253
102	60	3	4	-114594471936/53224607577301
102	60	3	14	3303989248/3130859269253
102	61	2	4	-17852609101824/26239731535609393
102	61	2	15	-1130966581248/26239731535609393
102	61	3	4	-17852609101824/26239731535609393
102	61	3	14	-1130966581248/26239731535609393
102	62	3	12	4
102	62	3	14	4
102	63	2	11	-24/221
102	63	2	13	-24/221
102	64	2	11	-47888/830297
102	64	2	13	-47888/830297
102	65	2	11	891360/183495637
102	65	2	13	891360/183495637
102	66	2	11	5129278272/2149284396181
102	66	2	13	5129278272/2149284396181
102	67	2	11	-165291179904/474991851556001
102	67	2	13	-165291179904/474991851556001
102	74	3	4	4/3
102	74	3	6	4/3
102	74	3	10	4/3
102	75	2	3	-16/323
102	75	2	5	-16/323
102	75	2	9	-16/323
102	76	2	3	-33520/1773593
102	76	2	5	-33520/1773593
102	76	2	9	-33520/1773593
102	77	2	3	1285056/572870539
102	77	2	5	1285056/572870539
102	77	2	9	1285056/572870539
102	78	2	3	7473670848/9806970757141
102	78	2	5	7473670848/9806970757141
102	78	2	9	7473670848/9806970757141
102	79	2	3	-514601047296/3167651554556543
102	79	2	5	-514601047296/3167651554556543
102	79	2	9	-514601047296/3167651554556543
102	80	2	8	1
102	80	2	11	1
102	80	3	3	1/2
102	80	3	11	1
102	80	4	4	1/2
102	80	4	8	1
102	80	6	6	1/2
102	80	6	8	1
102	80	10	10	1/2
102	80	10	11	1
102	81	1	7	27/85
102	81	1	10	27/85
102	81	2	2	123/1360
102	81	2	10	-39/340
102	81	3	3	123/1360
102	81	3	7	-39/340
102	81	5	5	123/1360
102	81	5	7	-39/340
102	81	9	9	123/1360
102	81	9	10	-39/340
102	82	1	7	10578/122825
102	82	1	10	10578/122825
102	82	2	2	141033/15721600
102	82	2	10	-3183/1965200
102	82	3	3	141033/15721600
102	82	3	7	-3183/1965200
102	82	5	5	141033/15721600
102	82	5	7	-3183/1965200
102	82	9	9	141033/15721600
102	82	9	10	-3183/1965200
102	83	1	7	187596/10440125
102	83	1	10	187596/10440125
102	83	2	2	-11228301/10690688000
102	83	2	10	2389257/668168000
102	83	3	3	-11228301/10690688000
102	83	3	7	2389257/668168000
102	83	5	5	-11228301/10690688000
102	83	5	7	2389257/668168000
102	83	9	9	-11228301/10690688000
102	83	9	10	2389257/668168000
102	84	1	7	87719436/47032763125
102	84	1	10	87719436/47032763125
102	84	2	2	-231183141579/385292395520000
102	84	2	10	-4371704379/12040387360000
102	84	3	3	-231183141579/385292395520000
102	84	3	7	-4371704379/12040387360000
102	84	5	5	-231183141579/385292395520000
102	84	5	7	-4371704379/12040387360000
102	84	9	9	-231183141579/385292395520000
102	84	9	10	-4371704379/12040387360000
102	85	1	7	-2003213268/3997784865625
102	85	1	10	-2003213268/3997784865625
102	85	2	2	-14513439570057/261998828953600000
102	85	2	10	-648330818499/4093731702400000
102	85	3	3	-14513439570057/261998828953600000
102	85	3	7	-648330818499/4093731702400000
102	85	5	5	-14513439570057/261998828953600000
102	85	5	7	-648330818499/4093731702400000
102	85	9	9	-14513439570057/261998828953600000
102	85	9	10	-648330818499/4093731702400000
102	92	2	2	2
102	93	1	1	648/1139
102	94	1	1	2790912/22054457
102	95	1	1	399935232/25120026523
102	96	1	1	-3396910473216/1516420641113941
102	97	1	1	-3179915443372032/1727203110228778799
103	56	3	9	1
103	56	3	13	1
103	56	3	16	1
103	56	3	17	1
103	56	4	9	1
103	56	4	13	1
103	56	4	15	1
103	56	4	17	1
103	57	2	8	114/493
103	57	2	12	114/493
103	57	2	15	10/29
103	57	2	16	-54/493
103	57	3	8	114/493
103	57	3	12	114/493
103	57	3	14	10/29
103	57	3	16	-54/493
103	58	2	8	174416/4131833
103	58	2	12	174416/4131833
103	58	2	15	444784/4131833
103	58	2	16	3056/4131833
103	58	3	8	174416/4131833
103	58	3	12	174416/4131833
103	58	3	14	444784/4131833
103	58	3	16	3056/4131833
103	59	2	8	9277776/2036993669
103	59	2	12	9277776/2036993669
103	59	2	15	3517520/119823157
103	59	2	16	4858704/2036993669
103	59	3	8	9277776/2036993669
103	59	3	12	9277776/2036993669
103	59	3	14	3517520/119823157
103	59	3	16	4858704/2036993669
103	60	2	8	-20589020928/53224607577301
103	60	2	12	-20589020928/53224607577301
103	60	2	15	344506511104/53224607577301
103	60	2	16	-15998830848/53224607577301
103	60	3	8	-20589020928/53224607577301
103	60	3	12	-20589020928/53224607577301
103	60	3	14	344506511104/53224607577301
103	60	3	16	-15998830848/53224607577301
103	61	2	8	-8077252732416/26239731535609393
103	61	2	12	-8077252732416/26239731535609393
103	61	2	15	1374068595200/1543513619741729
103	61	2	16	-105268004352/1543513619741729
103	61	3	8	-8077252732416/26239731535609393
103	61	3	12	-8077252732416/26239731535609393
103	61	3	14	1374068595200/1543513619741729
103	61	3	16	-105268004352/1543513619741729
103	62	11	12	2
103	62	11	14	2
103	63	10	11	-54/221
103	63	10	13	-54/221
103	64	10	11	3934/830297
103	64	10	13	3934/830297
103	65	10	11	1019790/183495637
103	65	10	13	1019790/183495637
103	66	10	11	-1919669094/2149284396181
103	66	10	13	-1919669094/2149284396181
103	67	10	11	-72473461614/474991851556001
103	67	10	13	-72473461614/474991851556001
103	68	3	12	2/3
103	68	3	14	2/3
103	68	4	11	2/3
103	68	4	14	2/3
103	68	6	11	2/3
103	68	6	12	2/3
103	69	2	11	4/765
103	69	2	13	4/765
103	69	3	10	4/765
103	69	3	13	4/765
103	69	5	10	4/765
103	69	5	11	4/765
103	70	2	11	-10648/1105425
103	70	2	13	-10648/1105425
103	70	3	10	-10648/1105425
103	70	3	13	-10648/1105425
103	70	5	10	-10648/1105425
103	70	5	11	-10648/1105425
103	71	2	11	-192208/845650125
103	71	2	13	-192208/845650125
103	71	3	10	-192208/845650125
103	71	3	13	-192208/845650125
103	71	5	10	-192208/845650125
103	71	5	11	-192208/845650125
103	72	2	11	4590291872/11428961439375
103	72	2	13	4590291872/11428961439375
103	72	3	10	4590291872/11428961439375
103	72	3	13	4590291872/11428961439375
103	72	5	10	4590291872/11428961439375
103	72	5	11	4590291872/11428961439375
103	73	2	11	15391575488/971461722346875
103	73	2	13	15391575488/971461722346875
103	73	3	10	15391575488/971461722346875
103	73	3	13	15391575488/971461722346875
103	73	5	10	15391575488/971461722346875
103	73	5	11	15391575488/971461722346875
103	74	4	5	2/3
103	74	6	7	2/3
103	74	10	11	2/3
103	75	3	4	-36/323
103	75	5	6	-36/323
103	75	9	10	-36/323
103	76	3	4	17810/1773593
103	76	5	6	17810/1773593
103	76	9	10	17810/1773593
103	77	3	4	683964/572870539
103	77	5	6	683964/572870539
103	77	9	10	683964/572870539
103	78	3	4	-5887857546/9806970757141
103	78	5	6	-5887857546/9806970757141
103	78	9	10	-5887857546/9806970757141
103	79	3	4	149539417164/3167651554556543
103	79	5	6	149539417164/3167651554556543
103	79	9	10	149539417164/3167651554556543
103	80	2	9	1/2
103	80	2	13	1/2
103	80	2	15	1/2
103	80	2	16	1/2
103	81	1	8	57/340
103	81	1	12	57/340
103	81	1	14	57/340
103	81	1	15	57/340
103	82	1	8	24609/491300
103	82	1	12	24609/491300
103	82	1	14	24609/491300
103	82	1	15	24609/491300
103	83	1	8	529929/41760500
103	83	1	12	529929/41760500
103	83	1	14	529929/41760500
103	83	1	15	529929/41760500
103	84	1	8	53264547/22133065000
103	84	1	12	53264547/22133065000
103	84	1	14	53264547/22133065000
103	84	1	15	53264547/22133065000
103	85	1	8	11135199033/63964557850000
103	85	1	12	11135199033/63964557850000
103	85	1	14	11135199033/63964557850000
103	85	1	15	11135199033/63964557850000
103	86	6	6	1
103	86	6	8	2
103	86	10	10	1
103	86	10	11	2
103	87	5	5	363/2380
103	87	5	7	-159/595
103	87	9	9	363/2380
103	87	9	10	-159/595
103	88	5	5	892713/96294800
103	88	5	7	92937/12036850
103	88	9	9	892713/96294800
103	88	9	10	92937/12036850
103	89	5	5	-654128541/229181624000
103	89	5	7	92338137/14323851500
103	89	9	9	-654128541/229181624000
103	89	9	10	92338137/14323851500
103	90	5	5	-24475272768459/28908970051360000
103	90	5	7	-1110971484459/903405314105000
103	90	9	9	-24475272768459/28908970051360000
103	90	9	10	-1110971484459/903405314105000
103	91	5	5	1176058584415143/68803348722236800000
103	91	5	7	-3504938893983/20284006109150000
103	91	9	9	1176058584415143/68803348722236800000
103	91	9	10	-3504938893983/20284006109150000
103	92	2	10	2
103	92	3	10	2
103	93	1	9	660/1139
103	93	2	9	24/1139
103	94	1	9	3057792/22054457
103	94	2	9	-639912/22054457
103	95	1	9	583498080/25120026523
103	95	2	9	-23154336/25120026523
103	96	1	9	911464524288/1516420641113941
103	96	2	9	1841508424224/1516420641113941
103	97	1	9	-2142061807564800/1727203110228778799
103	97	2	9	111669793789824/1727203110228778799
104	56	3	17	4
104	56	4	17	4
104	57	2	16	480/493
104	57	3	16	480/493
104	58	2	16	808448/4131833
104	58	3	16	808448/4131833
104	59	2	16	56033280/2036993669
104	59	3	16	56033280/2036993669
104	60	2	16	31019433984/53224607577301
104	60	3	16	31019433984/53224607577301
104	61	2	16	-27341527449600/26239731535609393
104	61	3	16	-27341527449600/26239731535609393
104	68	11	12	8/3
104	68	11	14	8/3
104	68	12	14	8/3
104	69	10	11	-224/765
104	69	10	13	-224/765
104	69	11	13	-224/765
104	70	10	11	-3712/1105425
104	70	10	13	-3712/1105425
104	70	11	13	-3712/1105425
104	71	10	11	6906368/845650125
104	71	10	13	6906368/845650125
104	71	11	13	6906368/845650125
104	72	10	11	-9327695872/11428961439375
104	72	10	13	-9327695872/11428961439375
104	72	11	13	-9327695872/11428961439375
104	73	10	11	-312694939648/971461722346875
104	73	10	13	-312694939648/971461722346875
104	73	11	13	-312694939648/971461722346875
104	80	2	17	2
104	81	1	16	12/17
104	82	1	16	5568/24565
104	83	1	16	26784/417605
104	84	1	16	28159488/1881310525
104	85	1	16	15095808/6396455785
104	92	10	10	4
104	92	10	11	8
104	93	9	9	600/1139
104	93	9	10	-1344/1139
104	94	9	9	346512/22054457
104	94	9	10	1471488/22054457
104	95	9	9	-303069600/25120026523
104	95	9	10	548093952/25120026523
104	96	9	9	-3491882986176/1516420641113941
104	96	9	10	-9199410610176/1516420641113941
104	97	9	9	30605945904000/101600182954634047
104	97	9	10	-310700229525504/1727203110228778799
105	56	7	11	5
105	56	8	12	5
105	57	6	10	-25/58
105	57	7	11	-25/58
105	58	6	10	-400875/16527332
105	58	7	11	-400875/16527332
105	59	6	10	12154375/958585256
105	59	7	11	12154375/958585256
105	60	6	10	-242444434375/851593721236816
105	60	7	11	-242444434375/851593721236816
105	61	6	10	-28102500328125/49392435831735328
105	61	7	11	-28102500328125/49392435831735328
105	62	4	6	10
105	63	3	5	1325/442
105	64	3	5	5059125/6642376
105	65	3	5	858368125/5871860384
105	66	3	5	3385505065625/275108402711168
105	67	3	5	-20999909671875/4588600528239104
105	86	2	5	10
105	87	1	4	-75/238
105	88	1	4	-274875/1925896
105	89	1	4	12943125/916726496
105	90	1	4	134777165625/23127176041088
105	91	1	4	-11146388484375/11008535795557888
106	56	7	11	1
106	56	7	15	1
106	56	8	12	1
106	56	8	16	1
106	56	11	15	1
106	56	12	16	1
106	57	6	10	263/986
106	57	6	14	-104/493
106	57	7	11	263/986
106	57	7	15	-104/493
106	57	10	14	-104/493
106	57	11	15	-104/493
106	58	6	10	993521/16527332
106	58	6	14	138284/4131833
106	58	7	11	993521/16527332
106	58	7	15	138284/4131833
106	58	10	14	138284/4131833
106	58	11	15	138284/4131833
106	59	6	10	165378871/16295949352
106	59	6	14	-4899232/2036993669
106	59	7	11	165378871/16295949352
106	59	7	15	-4899232/2036993669
106	59	10	14	-4899232/2036993669
106	59	11	15	-4899232/2036993669
106	60	6	10	599002577413/851593721236816
106	60	6	14	-1922984176/3130859269253
106	60	7	11	599002577413/851593721236816
106	60	7	15	-1922984176/3130859269253
106	60	10	14	-1922984176/3130859269253
106	60	11	15	-1922984176/3130859269253
106	61	6	10	-230886310702237/839671409139500576
106	61	6	14	6490232684416/26239731535609393
106	61	7	11	-230886310702237/839671409139500576
106	61	7	15	6490232684416/26239731535609393
106	61	10	14	6490232684416/26239731535609393
106	61	11	15	6490232684416/26239731535609393
106	62	4	8	2
106	62	4	14	2
106	62	6	8	2
106	62	6	12	2
106	62	8	12	2
106	62	8	14	2
106	63	3	7	159/442
106	63	3	13	158/221
106	63	5	7	159/442
106	63	5	11	158/221
106	63	7	11	-30/221
106	63	7	13	-30/221
106	64	3	7	266289/6642376
106	64	3	13	191758/830297
106	64	5	7	266289/6642376
106	64	5	11	191758/830297
106	64	7	11	-12786/830297
106	64	7	13	-12786/830297
106	65	3	7	-9649233/5871860384
106	65	3	13	11919994/183495637
106	65	5	7	-9649233/5871860384
106	65	5	11	11919994/183495637
106	65	7	11	804870/183495637
106	65	7	13	804870/183495637
106	66	3	7	-497928431547/275108402711168
106	66	3	13	31509319226/2149284396181
106	66	5	7	-497928431547/275108402711168
106	66	5	11	31509319226/2149284396181
106	66	7	11	508365882/2149284396181
106	66	7	13	508365882/2149284396181
106	67	3	7	-72694305441/269917678131712
106	67	3	13	947048274518/474991851556001
106	67	5	7	-72694305441/269917678131712
106	67	5	11	947048274518/474991851556001
106	67	7	11	-105763656150/474991851556001
106	67	7	13	-105763656150/474991851556001
106	74	4	6	2/3
106	74	4	10	2/3
106	74	6	10	2/3
106	75	3	5	74/323
106	75	3	9	74/323
106	75	5	9	74/323
106	76	3	5	124704/1773593
106	76	3	9	124704/1773593
106	76	5	9	124704/1773593
106	77	3	5	10526796/572870539
106	77	3	9	10526796/572870539
106	77	5	9	10526796/572870539
106	78	3	5	35683681248/9806970757141
106	78	3	9	35683681248/9806970757141
106	78	5	9	35683681248/9806970757141
106	79	3	5	967765921344/3167651554556543
106	79	3	9	967765921344/3167651554556543
106	79	5	9	967765921344/3167651554556543
106	86	2	9	2
106	86	2	13	2
106	87	1	8	-9/238
106	87	1	12	-9/238
106	88	1	8	-257211/9629480
106	88	1	12	-257211/9629480
106	89	1	8	7068627/4583632480
106	89	1	12	7068627/4583632480
106	90	1	8	593855137629/578179401027200
106	90	1	12	593855137629/578179401027200
106	91	1	8	-5547709718721/55042678977789440
106	91	1	12	-5547709718721/55042678977789440
106	92	2	5	2
106	92	2	7	2
106	93	1	4	-72/1139
106	93	1	6	-72/1139
106	94	1	4	-587880/22054457
106	94	1	6	-587880/22054457
106	95	1	4	66663648/25120026523
106	95	1	6	66663648/25120026523
106	96	1	4	1539674337312/1516420641113941
106	96	1	6	1539674337312/1516420641113941
106	97	1	4	-307958558539392/1727203110228778799
106	97	1	6	-307958558539392/1727203110228778799
106	98	2	7	1/2
106	98	2	8	1/2
106	98	2	11	1/2
106	98	2	12	1/2
106	99	1	6	-9/442
106	99	1	7	-9/442
106	99	1	10	-9/442
106	99	1	11	-9/442
106	100	1	6	-12247/1660594
106	100	1	7	-12247/1660594
106	100	1	10	-12247/1660594
106	100	1	11	-12247/1660594
106	101	1	6	355455/366991274
106	101	1	7	355455/366991274
106	101	1	10	355455/366991274
106	101	1	11	355455/366991274
106	102	1	6	1325504853/4298568792362
106	102	1	7	1325504853/4298568792362
106	102	1	10	1325504853/4298568792362
106	102	1	11	1325504853/4298568792362
106	103	1	6	-69962715549/949983703112002
106	103	1	7	-69962715549/949983703112002
106	103	1	10	-69962715549/949983703112002
106	103	1	11	-69962715549/949983703112002
107	56	7	15	1
107	56	8	16	1
107	56	11	15	1
107	56	12	16	1
107	57	6	14	70/493
107	57	7	15	70/493
107	57	10	14	70/493
107	57	11	15	70/493
107	58	6	14	35740/4131833
107	58	7	15	35740/4131833
107	58	10	14	35740/4131833
107	58	11	15	35740/4131833
107	59	6	14	-4156600/2036993669
107	59	7	15	-4156600/2036993669
107	59	10	14	-4156600/2036993669
107	59	11	15	-4156600/2036993669
107	60	6	14	-1889258800/3130859269253
107	60	7	15	-1889258800/3130859269253
107	60	10	14	-1889258800/3130859269253
107	60	11	15	-1889258800/3130859269253
107	61	6	14	-6467860000/26239731535609393
107	61	7	15	-6467860000/26239731535609393
107	61	10	14	-6467860000/26239731535609393
107	61	11	15	-6467860000/26239731535609393
107	62	4	16	2
107	62	6	16	2
107	62	12	14	2
107	62	12	16	2
107	62	14	16	2
107	63	3	15	105/221
107	63	5	15	105/221
107	63	11	13	116/221
107	63	11	15	-72/221
107	63	13	15	-72/221
107	64	3	15	144785/1660594
107	64	5	15	144785/1660594
107	64	11	13	93056/830297
107	64	11	15	22744/830297
107	64	13	15	22744/830297
107	65	3	15	6248025/733982548
107	65	5	15	6248025/733982548
107	65	11	13	2924128/183495637
107	65	11	15	716256/183495637
107	65	13	15	716256/183495637
107	66	3	15	-23613068475/17194275169448
107	66	5	15	-23613068475/17194275169448
107	66	11	13	-369346048/2149284396181
107	66	11	15	-3714460128/2149284396181
107	66	13	15	-3714460128/2149284396181
107	67	3	15	-357132391875/447051154405648
107	67	5	15	-357132391875/447051154405648
107	67	11	13	-25220872192/27940697150353
107	67	11	15	50054744448/474991851556001
107	67	13	15	50054744448/474991851556001
107	74	4	8	2/3
107	74	4	12	2/3
107	74	6	8	2/3
107	74	6	14	2/3
107	74	8	12	2/3
107	74	8	14	2/3
107	74	10	12	2/3
107	74	10	14	2/3
107	74	12	14	2/3
107	75	3	7	46/323
107	75	3	11	46/323
107	75	5	7	46/323
107	75	5	13	46/323
107	75	7	11	-13/323
107	75	7	13	-13/323
107	75	9	11	46/323
107	75	9	13	46/323
107	75	11	13	-13/323
107	76	3	7	38378/1773593
107	76	3	11	38378/1773593
107	76	5	7	38378/1773593
107	76	5	13	38378/1773593
107	76	7	11	-22541/3547186
107	76	7	13	-22541/3547186
107	76	9	11	38378/1773593
107	76	9	13	38378/1773593
107	76	11	13	-22541/3547186
107	77	3	7	498042/572870539
107	77	3	11	498042/572870539
107	77	5	7	498042/572870539
107	77	5	13	498042/572870539
107	77	7	11	3309579/2291482156
107	77	7	13	3309579/2291482156
107	77	9	11	498042/572870539
107	77	9	13	498042/572870539
107	77	11	13	3309579/2291482156
107	78	3	7	-6695763426/9806970757141
107	78	3	11	-6695763426/9806970757141
107	78	5	7	-6695763426/9806970757141
107	78	5	13	-6695763426/9806970757141
107	78	7	11	11838928167/78455766057128
107	78	7	13	11838928167/78455766057128
107	78	9	11	-6695763426/9806970757141
107	78	9	13	-6695763426/9806970757141
107	78	11	13	11838928167/78455766057128
107	79	3	7	-642623936634/3167651554556543
107	79	3	11	-642623936634/3167651554556543
107	79	5	7	-642623936634/3167651554556543
107	79	5	13	-642623936634/3167651554556543
107	79	7	11	-4159484497233/50682424872904688
107	79	7	13	-4159484497233/50682424872904688
107	79	9	11	-642623936634/3167651554556543
107	79	9	13	-642623936634/3167651554556543
107	79	11	13	-4159484497233/50682424872904688
107	86	2	17	2
107	87	1	16	-3/238
107	88	1	16	-54951/1925896
107	89	1	16	495477/916726496
107	90	1	16	27170422677/23127176041088
107	91	1	16	-409132540863/11008535795557888
107	92	2	13	2
107	92	2	15	2
107	93	1	12	-60/1139
107	93	1	14	-60/1139
107	94	1	12	-628680/22054457
107	94	1	14	-628680/22054457
107	95	1	12	58417200/25120026523
107	95	1	14	58417200/25120026523
107	96	1	12	104041130400/89201214183173
107	96	1	14	104041130400/89201214183173
107	97	1	12	-283998321720000/1727203110228778799
107	97	1	14	-283998321720000/1727203110228778799
107	104	2	7	1
107	104	2	8	1
107	104	2	11	1
107	104	2	12	1
107	105	1	6	-5/119
107	105	1	7	-5/119
107	105	1	10	-5/119
107	105	1	11	-5/119
107	106	1	6	-10205/722211
107	106	1	7	-10205/722211
107	106	1	10	-10205/722211
107	106	1	11	-10205/722211
107	107	1	6	55275/28647703
107	107	1	7	55275/28647703
107	107	1	10	55275/28647703
107	107	1	11	55275/28647703
107	108	1	6	101931525/180681062821
107	108	1	7	101931525/180681062821
107	108	1	10	101931525/180681062821
107	108	1	11	101931525/180681062821
107	109	1	6	-537186875/3794302319241
107	109	1	7	-537186875/3794302319241
107	109	1	10	-537186875/3794302319241
107	109	1	11	-537186875/3794302319241
108	56	7	8	3
108	56	11	12	3
108	57	6	7	615/986
108	57	10	11	615/986
108	58	6	7	1569075/16527332
108	58	10	11	1569075/16527332
108	59	6	7	86238375/16295949352
108	59	10	11	86238375/16295949352
108	60	6	7	-1910693180625/851593721236816
108	60	10	11	-1910693180625/851593721236816
108	61	6	7	-629338839928125/839671409139500576
108	61	10	11	-629338839928125/839671409139500576
108	62	4	13	6
108	62	6	15	6
108	63	3	12	-15/26
108	63	5	14	-15/26
108	64	3	12	-146325/6642376
108	64	5	14	-146325/6642376
108	65	3	12	5879625/345403552
108	65	5	14	5879625/345403552
108	66	3	12	-246623330625/275108402711168
108	66	5	14	-246623330625/275108402711168
108	67	3	12	-10725429946875/14305636940980736
108	67	5	14	-10725429946875/14305636940980736
108	86	2	14	6
108	87	1	13	63/34
108	88	1	13	133677/275128
108	89	1	13	258471/2672672
108	90	1	13	4127653647/471983184512
108	91	1	13	-13942453779/4584979506688
108	92	4	6	6
108	93	3	5	-45/1139
108	94	3	5	-3968325/44108914
108	95	3	5	178918875/100480106092
108	96	3	5	47231806269375/12131365128911528
108	97	3	5	-3556614994340625/27635249763660460784
109	56	5	7	1
109	56	5	8	1
109	56	5	11	1
109	56	5	12	1
109	56	7	12	1
109	56	8	11	1
109	57	4	6	-63/493
109	57	4	7	-63/493
109	57	4	10	-63/493
109	57	4	11	-63/493
109	57	6	11	31/986
109	57	7	10	31/986
109	58	4	6	953/243049
109	58	4	7	953/243049
109	58	4	10	953/243049
109	58	4	11	953/243049
109	58	6	11	-11103/972196
109	58	7	10	-11103/972196
109	59	4	6	319977/119823157
109	59	4	7	319977/119823157
109	59	4	10	319977/119823157
109	59	4	11	319977/119823157
109	59	6	11	-1092161/958585256
109	59	7	10	-1092161/958585256
109	60	4	6	-92940363/184168192309
109	60	4	7	-92940363/184168192309
109	60	4	10	-92940363/184168192309
109	60	4	11	-92940363/184168192309
109	60	6	11	18629847029/50093748308048
109	60	7	10	18629847029/50093748308048
109	61	4	6	-91298066139/1543513619741729
109	61	4	7	-91298066139/1543513619741729
109	61	4	10	-91298066139/1543513619741729
109	61	4	11	-91298066139/1543513619741729
109	61	6	11	3262519450923/49392435831735328
109	61	7	10	3262519450923/49392435831735328
109	62	3	4	2
109	62	3	5	2
109	62	3	6	2
109	62	3	7	2
109	62	4	7	2
109	62	5	6	2
109	63	2	3	141/221
109	63	2	4	-60/221
109	63	2	5	141/221
109	63	2	6	-60/221
109	63	3	6	-16/221
109	63	4	5	-16/221
109	64	2	3	17177/97682
109	64	2	4	448/48841
109	64	2	5	17177/97682
109	64	2	6	448/48841
109	64	3	6	-72/2873
109	64	4	5	-72/2873
109	65	2	3	1659429/43175444
109	65	2	4	67680/10793861
109	65	2	5	1659429/43175444
109	65	2	6	67680/10793861
109	65	3	6	31424/10793861
109	65	4	5	31424/10793861
109	66	2	3	4972032549/1011427951144
109	66	2	4	-161247744/126428493893
109	66	2	5	4972032549/1011427951144
109	66	2	6	-161247744/126428493893
109	66	3	6	112752928/126428493893
109	66	4	5	112752928/126428493893
109	67	2	3	-274950274527/447051154405648
109	67	2	4	-4203878400/27940697150353
109	67	2	5	-274950274527/447051154405648
109	67	2	6	-4203878400/27940697150353
109	67	3	6	-5229980928/27940697150353
109	67	4	5	-5229980928/27940697150353
109	80	3	4	1/2
109	80	3	6	1/2
109	80	3	12	1/2
109	80	3	14	1/2
109	80	4	7	1/2
109	80	4	10	1/2
109	80	4	14	1/2
109	80	5	6	1/2
109	80	5	10	1/2
109	80	6	10	1/2
109	80	6	12	1/2
109	80	7	10	1/2
109	81	2	3	213/1360
109	81	2	5	213/1360
109	81	2	11	3/340
109	81	2	13	3/340
109	81	3	6	3/340
109	81	3	9	213/1360
109	81	3	13	3/340
109	81	4	5	3/340
109	81	4	9	3/340
109	81	5	9	213/1360
109	81	5	11	3/340
109	81	6	9	3/340
109	82	2	3	39129/924800
109	82	2	5	39129/924800
109	82	2	11	-381/57800
109	82	2	13	-381/57800
109	82	3	6	-381/57800
109	82	3	9	39129/924800
109	82	3	13	-381/57800
109	82	4	5	-381/57800
109	82	4	9	-381/57800
109	82	5	9	39129/924800
109	82	5	11	-381/57800
109	82	6	9	-381/57800
109	83	2	3	5676237/628864000
109	83	2	5	5676237/628864000
109	83	2	11	-3483/9826000
109	83	2	13	-3483/9826000
109	83	3	6	-3483/9826000
109	83	3	9	5676237/628864000
109	83	3	13	-3483/9826000
109	83	4	5	-3483/9826000
109	83	4	9	-3483/9826000
109	83	5	9	5676237/628864000
109	83	5	11	-3483/9826000
109	83	6	9	-3483/9826000
109	84	2	3	25023185253/22664258560000
109	84	2	5	25023185253/22664258560000
109	84	2	11	22159413/88532260000
109	84	2	13	22159413/88532260000
109	84	3	6	22159413/88532260000
109	84	3	9	25023185253/22664258560000
109	84	3	13	22159413/88532260000
109	84	4	5	22159413/88532260000
109	84	4	9	22159413/88532260000
109	84	5	9	25023185253/22664258560000
109	84	5	11	22159413/88532260000
109	84	6	9	22159413/88532260000
109	85	2	3	-2378090954871/15411695820800000
109	85	2	5	-2378090954871/15411695820800000
109	85	2	11	343501479/15050484200000
109	85	2	13	343501479/15050484200000
109	85	3	6	343501479/15050484200000
109	85	3	9	-2378090954871/15411695820800000
109	85	3	13	343501479/15050484200000
109	85	4	5	343501479/15050484200000
109	85	4	9	343501479/15050484200000
109	85	5	9	-2378090954871/15411695820800000
109	85	5	11	343501479/15050484200000
109	85	6	9	343501479/15050484200000
109	86	2	3	2
109	86	2	4	2
109	86	3	4	2
109	87	1	2	72/119
109	87	1	3	72/119
109	87	2	3	-36/595
109	88	1	2	10776/70805
109	88	1	3	10776/70805
109	88	2	3	-10272/354025
109	89	1	2	230688/8425795
109	89	1	3	230688/8425795
109	89	2	3	578016/210644875
109	90	1	2	315438624/265707445325
109	90	1	3	315438624/265707445325
109	90	2	3	471080448/390746243125
109	91	1	2	-8821996416/6323837198735
109	91	1	3	-8821996416/6323837198735
109	91	2	3	-787458475008/3952398249209375
110	56	7	9	1
110	56	7	12	1
110	56	8	9	1
110	56	8	11	1
110	56	11	13	1
110	56	12	13	1
110	57	6	8	-249/986
110	57	6	11	379/986
110	57	7	8	-249/986
110	57	7	10	379/986
110	57	10	12	-249/986
110	57	11	12	-249/986
110	58	6	8	896489/16527332
110	58	6	11	2284369/16527332
110	58	7	8	896489/16527332
110	58	7	10	2284369/16527332
110	58	10	12	896489/16527332
110	58	11	12	896489/16527332
110	59	6	8	-144776817/16295949352
110	59	6	11	746369627/16295949352
110	59	7	8	-144776817/16295949352
110	59	7	10	746369627/16295949352
110	59	10	12	-144776817/16295949352
110	59	11	12	-144776817/16295949352
110	60	6	8	581019220053/851593721236816
110	60	6	11	11617893102373/851593721236816
110	60	7	8	581019220053/851593721236816
110	60	7	10	11617893102373/851593721236816
110	60	10	12	581019220053/851593721236816
110	60	11	12	581019220053/851593721236816
110	61	6	8	148458695255091/839671409139500576
110	61	6	11	2923685592888359/839671409139500576
110	61	7	8	148458695255091/839671409139500576
110	61	7	10	2923685592888359/839671409139500576
110	61	10	12	148458695255091/839671409139500576
110	61	11	12	148458695255091/839671409139500576
110	62	4	9	2
110	62	4	11	2
110	62	6	9	2
110	62	6	11	2
110	63	3	8	-69/221
110	63	3	10	333/442
110	63	5	8	-69/221
110	63	5	10	333/442
110	64	3	8	45629/1660594
110	64	3	10	1743881/6642376
110	64	5	8	45629/1660594
110	64	5	10	1743881/6642376
110	65	3	8	1724103/733982548
110	65	3	10	486651861/5871860384
110	65	5	8	1724103/733982548
110	65	5	10	486651861/5871860384
110	66	3	8	-21813271587/17194275169448
110	66	3	10	6278326030773/275108402711168
110	66	5	8	-21813271587/17194275169448
110	66	5	10	6278326030773/275108402711168
110	67	3	8	867412160991/7599869624896016
110	67	3	10	1224191676193713/243195827996672512
110	67	5	8	867412160991/7599869624896016
110	67	5	10	1224191676193713/243195827996672512
110	68	3	5	2/3
110	68	3	7	2/3
110	68	4	5	2/3
110	68	4	8	2/3
110	68	6	7	2/3
110	68	6	8	2/3
110	69	2	4	-88/765
110	69	2	6	-88/765
110	69	3	4	-88/765
110	69	3	7	-88/765
110	69	5	6	-88/765
110	69	5	7	-88/765
110	70	2	4	1432/122825
110	70	2	6	1432/122825
110	70	3	4	1432/122825
110	70	3	7	1432/122825
110	70	5	6	1432/122825
110	70	5	7	1432/122825
110	71	2	4	688864/845650125
110	71	2	6	688864/845650125
110	71	3	4	688864/845650125
110	71	3	7	688864/845650125
110	71	5	6	688864/845650125
110	71	5	7	688864/845650125
110	72	2	4	-6647435488/11428961439375
110	72	2	6	-6647435488/11428961439375
110	72	3	4	-6647435488/11428961439375
110	72	3	7	-6647435488/11428961439375
110	72	5	6	-6647435488/11428961439375
110	72	5	7	-6647435488/11428961439375
110	73	2	4	22082073728/323820574115625
110	73	2	6	22082073728/323820574115625
110	73	3	4	22082073728/323820574115625
110	73	3	7	22082073728/323820574115625
110	73	5	6	22082073728/323820574115625
110	73	5	7	22082073728/323820574115625
110	86	2	7	2
110	86	2	12	2
110	86	6	10	2
110	86	6	12	2
110	86	7	10	2
110	87	1	6	75/119
110	87	1	11	75/119
110	87	5	9	51/70
110	87	5	11	93/595
110	87	6	9	93/595
110	88	1	6	421089/2407370
110	88	1	11	421089/2407370
110	88	5	9	11637993/48147400
110	88	5	11	-138147/12036850
110	88	6	9	-138147/12036850
110	89	1	6	4605255/114590812
110	89	1	11	4605255/114590812
110	89	5	9	28069659/396508000
110	89	5	11	-65891151/14323851500
110	89	6	9	-65891151/14323851500
110	90	1	6	231867300789/36136212564200
110	90	1	11	231867300789/36136212564200
110	90	5	9	248134529873781/14454485025680000
110	90	5	11	14994238941/903405314105000
110	90	6	9	14994238941/903405314105000
110	91	1	6	26705824335/344016743611184
110	91	1	11	26705824335/344016743611184
110	91	5	9	339588932421663/119036935505600000
110	91	5	11	225049433293593/1075052323784950000
110	91	6	9	225049433293593/1075052323784950000
110	98	3	6	1/2
110	98	3	10	1/2
110	98	4	6	1/2
110	98	4	10	1/2
110	99	2	5	3/221
110	99	2	9	3/221
110	99	3	5	3/221
110	99	3	9	3/221
110	100	2	5	-16736/2490891
110	100	2	9	-16736/2490891
110	100	3	5	-16736/2490891
110	100	3	9	-16736/2490891
110	101	2	5	-104088/183495637
110	101	2	9	-104088/183495637
110	101	3	5	-104088/183495637
110	101	3	9	-104088/183495637
110	102	2	5	556543616/2149284396181
110	102	2	9	556543616/2149284396181
110	102	3	5	556543616/2149284396181
110	102	3	9	556543616/2149284396181
110	103	2	5	18029649408/474991851556001
110	103	2	9	18029649408/474991851556001
110	103	3	5	18029649408/474991851556001
110	103	3	9	18029649408/474991851556001
111	56	5	7	1/2
111	56	5	8	1/2
111	56	5	11	1/2
111	56	5	12	1/2
111	56	7	16	1/2
111	56	8	15	1/2
111	56	11	16	1/2
111	56	12	15	1/2
111	57	4	6	111/986
111	57	4	7	111/986
111	57	4	10	111/986
111	57	4	11	111/986
111	57	6	15	-23/493
111	57	7	14	-23/493
111	57	10	15	-23/493
111	57	11	14	-23/493
111	58	4	6	160969/8263666
111	58	4	7	160969/8263666
111	58	4	10	160969/8263666
111	58	4	11	160969/8263666
111	58	6	15	-6258/4131833
111	58	7	14	-6258/4131833
111	58	10	15	-6258/4131833
111	58	11	14	-6258/4131833
111	59	4	6	7103223/4073987338
111	59	4	7	7103223/4073987338
111	59	4	10	7103223/4073987338
111	59	4	11	7103223/4073987338
111	59	6	15	2518316/2036993669
111	59	7	14	2518316/2036993669
111	59	10	15	2518316/2036993669
111	59	11	14	2518316/2036993669
111	60	4	6	-32041846827/106449215154602
111	60	4	7	-32041846827/106449215154602
111	60	4	10	-32041846827/106449215154602
111	60	4	11	-32041846827/106449215154602
111	60	6	15	-3716515096/53224607577301
111	60	7	14	-3716515096/53224607577301
111	60	10	15	-3716515096/53224607577301
111	60	11	14	-3716515096/53224607577301
111	61	4	6	-8220207455109/52479463071218786
111	61	4	7	-8220207455109/52479463071218786
111	61	4	10	-8220207455109/52479463071218786
111	61	4	11	-8220207455109/52479463071218786
111	61	6	15	-1275459068208/26239731535609393
111	61	7	14	-1275459068208/26239731535609393
111	61	10	15	-1275459068208/26239731535609393
111	61	11	14	-1275459068208/26239731535609393
111	62	3	12	1
111	62	3	13	1
111	62	3	14	1
111	62	3	15	1
111	62	4	5	1
111	62	4	15	1
111	62	5	12	1
111	62	6	7	1
111	62	6	13	1
111	62	7	14	1
111	63	2	11	72/221
111	63	2	12	-57/442
111	63	2	13	72/221
111	63	2	14	-57/442
111	63	3	4	44/221
111	63	3	14	19/884
111	63	4	11	-22/221
111	63	5	6	44/221
111	63	5	12	19/884
111	63	6	13	-22/221
111	64	2	11	77260/830297
111	64	2	12	11761/3321188
111	64	2	13	77260/830297
111	64	2	14	11761/3321188
111	64	3	4	22044/830297
111	64	3	14	-167751/13284752
111	64	4	11	-2640/830297
111	64	5	6	22044/830297
111	64	5	12	-167751/13284752
111	64	6	13	-2640/830297
111	65	2	11	3997728/183495637
111	65	2	12	4285431/1467965096
111	65	2	13	3997728/183495637
111	65	2	14	4285431/1467965096
111	65	3	4	13552/183495637
111	65	3	14	-9795013/11743720768
111	65	4	11	536272/183495637
111	65	5	6	13552/183495637
111	65	5	12	-9795013/11743720768
111	65	6	13	536272/183495637
111	66	2	11	7360336656/2149284396181
111	66	2	12	-18395197947/34388550338896
111	66	2	13	7360336656/2149284396181
111	66	2	14	-18395197947/34388550338896
111	66	3	4	-2250807152/2149284396181
111	66	3	14	252288753493/550216805422336
111	66	4	11	-23448832/126428493893
111	66	5	6	-2250807152/2149284396181
111	66	5	12	252288753493/550216805422336
111	66	6	13	-23448832/126428493893
111	67	2	11	-23875129728/474991851556001
111	67	2	12	-1122623113437/15199739249792032
111	67	2	13	-23875129728/474991851556001
111	67	2	14	-1122623113437/15199739249792032
111	67	3	4	-108209150016/474991851556001
111	67	3	14	25222767380559/486391655993345024
111	67	4	11	-60242806272/474991851556001
111	67	5	6	-108209150016/474991851556001
111	67	5	12	25222767380559/486391655993345024
111	67	6	13	-60242806272/474991851556001
111	74	4	7	1/3
111	74	4	11	1/3
111	74	5	6	1/3
111	74	5	10	1/3
111	74	6	11	1/3
111	74	7	10	1/3
111	75	3	6	1/323
111	75	3	10	1/323
111	75	4	5	1/323
111	75	4	9	1/323
111	75	5	10	1/323
111	75	6	9	1/323
111	76	3	6	-7891/1773593
111	76	3	10	-7891/1773593
111	76	4	5	-7891/1773593
111	76	4	9	-7891/1773593
111	76	5	10	-7891/1773593
111	76	6	9	-7891/1773593
111	77	3	6	-71325/572870539
111	77	3	10	-71325/572870539
111	77	4	5	-71325/572870539
111	77	4	9	-71325/572870539
111	77	5	10	-71325/572870539
111	77	6	9	-71325/572870539
111	78	3	6	1680329151/9806970757141
111	78	3	10	1680329151/9806970757141
111	78	4	5	1680329151/9806970757141
111	78	4	9	1680329151/9806970757141
111	78	5	10	1680329151/9806970757141
111	78	6	9	1680329151/9806970757141
111	79	3	6	25431945381/3167651554556543
111	79	3	10	25431945381/3167651554556543
111	79	4	5	25431945381/3167651554556543
111	79	4	9	25431945381/3167651554556543
111	79	5	10	25431945381/3167651554556543
111	79	6	9	25431945381/3167651554556543
111	80	3	5	1/4
111	80	3	7	1/4
111	80	3	13	1/4
111	80	3	15	1/4
111	80	4	5	1/4
111	80	4	9	1/4
111	80	4	12	1/4
111	80	4	16	1/4
111	80	6	7	1/4
111	80	6	9	1/4
111	80	6	14	1/4
111	80	6	16	1/4
111	80	10	12	1/4
111	80	10	13	1/4
111	80	10	14	1/4
111	80	10	15	1/4
111	81	2	4	33/680
111	81	2	6	33/680
111	81	2	12	-69/2720
111	81	2	14	-69/2720
111	81	3	4	33/680
111	81	3	8	-69/2720
111	81	3	11	33/680
111	81	3	15	-69/2720
111	81	5	6	33/680
111	81	5	8	-69/2720
111	81	5	13	33/680
111	81	5	15	-69/2720
111	81	9	11	33/680
111	81	9	12	-69/2720
111	81	9	13	33/680
111	81	9	14	-69/2720
111	82	2	4	12243/1965200
111	82	2	6	12243/1965200
111	82	2	12	-19383/31443200
111	82	2	14	-19383/31443200
111	82	3	4	12243/1965200
111	82	3	8	-19383/31443200
111	82	3	11	12243/1965200
111	82	3	15	-19383/31443200
111	82	5	6	12243/1965200
111	82	5	8	-19383/31443200
111	82	5	13	12243/1965200
111	82	5	15	-19383/31443200
111	82	9	11	12243/1965200
111	82	9	12	-19383/31443200
111	82	9	13	12243/1965200
111	82	9	14	-19383/31443200
111	83	2	4	-9801/334084000
111	83	2	6	-9801/334084000
111	83	2	12	15181587/21381376000
111	83	2	14	15181587/21381376000
111	83	3	4	-9801/334084000
111	83	3	8	15181587/21381376000
111	83	3	11	-9801/334084000
111	83	3	15	15181587/21381376000
111	83	5	6	-9801/334084000
111	83	5	8	15181587/21381376000
111	83	5	13	-9801/334084000
111	83	5	15	15181587/21381376000
111	83	9	11	-9801/334084000
111	83	9	12	15181587/21381376000
111	83	9	13	-9801/334084000
111	83	9	14	15181587/21381376000
111	84	2	4	-748982619/3010096840000
111	84	2	6	-748982619/3010096840000
111	84	2	12	-40884281739/770584791040000
111	84	2	14	-40884281739/770584791040000
111	84	3	4	-748982619/3010096840000
111	84	3	8	-40884281739/770584791040000
111	84	3	11	-748982619/3010096840000
111	84	3	15	-40884281739/770584791040000
111	84	5	6	-748982619/3010096840000
111	84	5	8	-40884281739/770584791040000
111	84	5	13	-748982619/3010096840000
111	84	5	15	-40884281739/770584791040000
111	84	9	11	-748982619/3010096840000
111	84	9	12	-40884281739/770584791040000
111	84	9	13	-748982619/3010096840000
111	84	9	14	-40884281739/770584791040000
111	85	2	4	-25781599107/511716462800000
111	85	2	6	-25781599107/511716462800000
111	85	2	12	-15191538071049/523997657907200000
111	85	2	14	-15191538071049/523997657907200000
111	85	3	4	-25781599107/511716462800000
111	85	3	8	-15191538071049/523997657907200000
111	85	3	11	-25781599107/511716462800000
111	85	3	15	-15191538071049/523997657907200000
111	85	5	6	-25781599107/511716462800000
111	85	5	8	-15191538071049/523997657907200000
111	85	5	13	-25781599107/511716462800000
111	85	5	15	-15191538071049/523997657907200000
111	85	9	11	-25781599107/511716462800000
111	85	9	12	-15191538071049/523997657907200000
111	85	9	13	-25781599107/511716462800000
111	85	9	14	-15191538071049/523997657907200000
111	86	2	8	1
111	86	2	11	1
111	86	3	11	1
111	86	3	14	1
111	86	4	8	1
111	86	4	14	1
111	87	1	7	75/238
111	87	1	10	75/238
111	87	2	10	-66/595
111	87	3	7	-66/595
111	88	1	7	407901/4814740
111	88	1	10	407901/4814740
111	88	2	10	-13728/6018425
111	88	2	13	-2508/171955
111	88	3	7	-13728/6018425
111	88	3	13	-2508/171955
111	89	1	7	4011795/229181624
111	89	1	10	4011795/229181624
111	89	2	10	12493008/3580962875
111	89	3	7	12493008/3580962875
111	90	1	7	129021869709/72272425128400
111	90	1	10	129021869709/72272425128400
111	90	2	10	-35149365504/112925664263125
111	90	2	13	56610576/92184215725
111	90	3	7	-35149365504/112925664263125
111	90	3	13	56610576/92184215725
111	91	1	7	-336473891865/688033487222368
111	91	1	10	-336473891865/688033487222368
111	91	2	10	-10637885592576/67190770236559375
111	91	3	7	-10637885592576/67190770236559375
111	92	2	4	1
111	92	2	6	1
111	92	3	4	1
111	92	3	6	1
111	93	1	3	342/1139
111	93	1	5	342/1139
111	93	2	3	-57/1139
111	93	2	5	-57/1139
111	94	1	3	1652316/22054457
111	94	1	5	1652316/22054457
111	94	2	3	-280839/22054457
111	94	2	5	-280839/22054457
111	95	1	3	335218824/25120026523
111	95	1	5	335218824/25120026523
111	95	2	3	54320031/25120026523
111	95	2	5	54320031/25120026523
111	96	1	3	842652166608/1516420641113941
111	96	1	5	842652166608/1516420641113941
111	96	2	3	678786918453/1516420641113941
111	96	2	5	678786918453/1516420641113941
111	97	1	3	-1171252464768288/1727203110228778799
111	97	1	5	-1171252464768288/1727203110228778799
111	97	2	3	-15132838023261/101600182954634047
111	97	2	5	-15132838023261/101600182954634047
112	56	7	9	1/2
112	56	7	16	1/2
112	56	8	9	1/2
112	56	8	15	1/2
112	56	11	13	1/2
112	56	11	16	1/2
112	56	12	13	1/2
112	56	12	15	1/2
112	57	6	8	99/1972
112	57	6	15	64/493
112	57	7	8	99/1972
112	57	7	14	64/493
112	57	10	12	99/1972
112	57	10	15	64/493
112	57	11	12	99/1972
112	57	11	14	64/493
112	58	6	8	-8311/33054664
112	58	6	15	117398/4131833
112	58	7	8	-8311/33054664
112	58	7	14	117398/4131833
112	58	10	12	-8311/33054664
112	58	10	15	117398/4131833
112	58	11	12	-8311/33054664
112	58	11	14	117398/4131833
112	59	6	8	-35458533/32591898704
112	59	6	15	9429248/2036993669
112	59	7	8	-35458533/32591898704
112	59	7	14	9429248/2036993669
112	59	10	12	-35458533/32591898704
112	59	10	15	9429248/2036993669
112	59	11	12	-35458533/32591898704
112	59	11	14	9429248/2036993669
112	60	6	8	-183253299147/1703187442473632
112	60	6	15	15612059144/53224607577301
112	60	7	8	-183253299147/1703187442473632
112	60	7	14	15612059144/53224607577301
112	60	10	12	-183253299147/1703187442473632
112	60	10	15	15612059144/53224607577301
112	60	11	12	-183253299147/1703187442473632
112	60	11	14	15612059144/53224607577301
112	61	6	8	54932346804159/1679342818279001152
112	61	6	15	-3316825517056/26239731535609393
112	61	7	8	54932346804159/1679342818279001152
112	61	7	14	-3316825517056/26239731535609393
112	61	10	12	54932346804159/1679342818279001152
112	61	10	15	-3316825517056/26239731535609393
112	61	11	12	54932346804159/1679342818279001152
112	61	11	14	-3316825517056/26239731535609393
112	62	4	13	1
112	62	4	17	1
112	62	6	15	1
112	62	6	17	1
112	62	11	12	1
112	62	11	14	1
112	62	12	13	1
112	62	14	15	1
112	63	3	12	227/884
112	63	3	16	-87/884
112	63	5	14	227/884
112	63	5	16	-87/884
112	63	10	11	3/13
112	63	10	13	3/13
112	63	11	12	-43/221
112	63	13	14	-43/221
112	64	3	12	719161/13284752
112	64	3	16	-28159/13284752
112	64	5	14	719161/13284752
112	64	5	16	-28159/13284752
112	64	10	11	34415/830297
112	64	10	13	34415/830297
112	64	11	12	21631/830297
112	64	13	14	21631/830297
112	65	3	12	92047819/11743720768
112	65	3	16	29738601/11743720768
112	65	5	14	92047819/11743720768
112	65	5	16	29738601/11743720768
112	65	10	11	44433/10793861
112	65	10	13	44433/10793861
112	65	11	12	-87161/183495637
112	65	13	14	-87161/183495637
112	66	3	12	43851812053/550216805422336
112	66	3	16	-104500967067/550216805422336
112	66	5	14	43851812053/550216805422336
112	66	5	16	-104500967067/550216805422336
112	66	10	11	-1147251699/2149284396181
112	66	10	13	-1147251699/2149284396181
112	66	11	12	-1818347027/2149284396181
112	66	13	14	-1818347027/2149284396181
112	67	3	12	-177953976625313/486391655993345024
112	67	3	16	-46049792389587/486391655993345024
112	67	5	14	-177953976625313/486391655993345024
112	67	5	16	-46049792389587/486391655993345024
112	67	10	11	-9280022337/27940697150353
112	67	10	13	-9280022337/27940697150353
112	67	11	12	94675768537/474991851556001
112	67	13	14	94675768537/474991851556001
112	68	3	13	1/3
112	68	3	15	1/3
112	68	4	13	1/3
112	68	4	16	1/3
112	68	6	15	1/3
112	68	6	16	1/3
112	69	2	12	-29/765
112	69	2	14	-29/765
112	69	3	12	-29/765
112	69	3	15	-29/765
112	69	5	14	-29/765
112	69	5	15	-29/765
112	70	2	12	-29/122825
112	70	2	14	-29/122825
112	70	3	12	-29/122825
112	70	3	15	-29/122825
112	70	5	14	-29/122825
112	70	5	15	-29/122825
112	71	2	12	897347/845650125
112	71	2	14	897347/845650125
112	71	3	12	897347/845650125
112	71	3	15	897347/845650125
112	71	5	14	897347/845650125
112	71	5	15	897347/845650125
112	72	2	12	-1349047259/11428961439375
112	72	2	14	-1349047259/11428961439375
112	72	3	12	-1349047259/11428961439375
112	72	3	15	-1349047259/11428961439375
112	72	5	14	-1349047259/11428961439375
112	72	5	15	-1349047259/11428961439375
112	73	2	12	-13368805961/323820574115625
112	73	2	14	-13368805961/323820574115625
112	73	3	12	-13368805961/323820574115625
112	73	3	15	-13368805961/323820574115625
112	73	5	14	-13368805961/323820574115625
112	73	5	15	-13368805961/323820574115625
112	74	4	9	1/3
112	74	4	13	1/3
112	74	6	9	1/3
112	74	6	15	1/3
112	74	10	13	1/3
112	74	10	15	1/3
112	75	3	8	-13/323
112	75	3	12	-13/323
112	75	5	8	-13/323
112	75	5	14	-13/323
112	75	9	12	-13/323
112	75	9	14	-13/323
112	76	3	8	1456/1773593
112	76	3	12	1456/1773593
112	76	5	8	1456/1773593
112	76	5	14	1456/1773593
112	76	9	12	1456/1773593
112	76	9	14	1456/1773593
112	77	3	8	501930/572870539
112	77	3	12	501930/572870539
112	77	5	8	501930/572870539
112	77	5	14	501930/572870539
112	77	9	12	501930/572870539
112	77	9	14	501930/572870539
112	78	3	8	-1384450704/9806970757141
112	78	3	12	-1384450704/9806970757141
112	78	5	8	-1384450704/9806970757141
112	78	5	14	-1384450704/9806970757141
112	78	9	12	-1384450704/9806970757141
112	78	9	14	-1384450704/9806970757141
112	79	3	8	-72038891808/3167651554556543
112	79	3	12	-72038891808/3167651554556543
112	79	5	8	-72038891808/3167651554556543
112	79	5	14	-72038891808/3167651554556543
112	79	9	12	-72038891808/3167651554556543
112	79	9	14	-72038891808/3167651554556543
112	86	2	15	1
112	86	2	16	1
112	86	6	14	1
112	86	6	16	1
112	86	10	14	1
112	86	10	15	1
112	87	1	14	39/119
112	87	1	15	39/119
112	87	5	13	15/68
112	87	5	15	-39/595
112	87	9	13	15/68
112	87	9	14	-39/595
112	88	1	14	113451/1203685
112	88	1	15	113451/1203685
112	88	5	13	97683/2751280
112	88	5	15	-53313/6018425
112	88	9	13	97683/2751280
112	88	9	14	-53313/6018425
112	89	1	14	3189537/143238515
112	89	1	15	3189537/143238515
112	89	5	13	75897/37417408
112	89	5	15	8254467/3580962875
112	89	9	13	75897/37417408
112	89	9	14	8254467/3580962875
112	90	1	14	16073911269/4517026570525
112	90	1	15	16073911269/4517026570525
112	90	5	13	-22968990099/23599159225600
112	90	5	15	20202623181/112925664263125
112	90	9	13	-22968990099/23599159225600
112	90	9	14	20202623181/112925664263125
112	91	1	14	-3345057729/107505232378495
112	91	1	15	-3345057729/107505232378495
112	91	5	13	-21741925797/64189713093632
112	91	5	15	-8592405850899/67190770236559375
112	91	9	13	-21741925797/64189713093632
112	91	9	14	-8592405850899/67190770236559375
112	92	2	12	1
112	92	2	14	1
112	92	4	8	1
112	92	4	14	1
112	92	6	8	1
112	92	6	12	1
112	93	1	11	348/1139
112	93	1	13	348/1139
112	93	3	7	-156/1139
112	93	3	13	87/2278
112	93	5	7	-156/1139
112	93	5	11	87/2278
112	94	1	11	1755660/22054457
112	94	1	13	1755660/22054457
112	94	3	7	110604/22054457
112	94	3	13	-1083759/88217828
112	94	5	7	110604/22054457
112	94	5	11	-1083759/88217828
112	95	1	11	400006512/25120026523
112	95	1	13	400006512/25120026523
112	95	3	7	77315472/25120026523
112	95	3	13	-305250201/200960212184
112	95	5	7	77315472/25120026523
112	95	5	11	-305250201/200960212184
112	96	1	11	2368083238416/1516420641113941
112	96	1	13	2368083238416/1516420641113941
112	96	3	7	-985227555312/1516420641113941
112	96	3	13	10363286763333/24262730257823056
112	96	5	7	-985227555312/1516420641113941
112	96	5	11	10363286763333/24262730257823056
112	97	1	11	-733043053092672/1727203110228778799
112	97	1	13	-733043053092672/1727203110228778799
112	97	3	7	-118317965927616/1727203110228778799
112	97	3	13	5336360167921587/55270499527320921568
112	97	5	7	-118317965927616/1727203110228778799
112	97	5	11	5336360167921587/55270499527320921568
112	104	3	6	1/2
112	104	3	10	1/2
112	104	4	6	1/2
112	104	4	10	1/2
112	106	2	5	-754/103173
112	106	2	9	-754/103173
112	106	3	5	-754/103173
112	106	3	9	-754/103173
112	108	2	5	1137032/3687368629
112	108	2	9	1137032/3687368629
112	108	3	5	1137032/3687368629
112	108	3	9	1137032/3687368629
113	56	7	13	1
113	56	8	13	1
113	56	9	11	1
113	56	9	12	1
113	57	6	12	-75/986
113	57	7	12	-75/986
113	57	8	10	-75/986
113	57	8	11	-75/986
113	58	6	12	-80695/16527332
113	58	7	12	-80695/16527332
113	58	8	10	-80695/16527332
113	58	8	11	-80695/16527332
113	59	6	12	32500125/16295949352
113	59	7	12	32500125/16295949352
113	59	8	10	32500125/16295949352
113	59	8	11	32500125/16295949352
113	60	6	12	-7085515275/851593721236816
113	60	7	12	-7085515275/851593721236816
113	60	8	10	-7085515275/851593721236816
113	60	8	11	-7085515275/851593721236816
113	61	6	12	-67638570834375/839671409139500576
113	61	7	12	-67638570834375/839671409139500576
113	61	8	10	-67638570834375/839671409139500576
113	61	8	11	-67638570834375/839671409139500576
113	62	4	7	2
113	62	5	6	2
113	62	5	11	2
113	62	7	11	2
113	63	3	6	140/221
113	63	4	5	140/221
113	63	4	10	-36/221
113	63	6	10	-36/221
113	64	3	6	146840/830297
113	64	4	5	146840/830297
113	64	4	10	-8744/830297
113	64	6	10	-8744/830297
113	65	3	6	7512400/183495637
113	65	4	5	7512400/183495637
113	65	4	10	868752/183495637
113	65	6	10	868752/183495637
113	66	3	6	14233047200/2149284396181
113	66	4	5	14233047200/2149284396181
113	66	4	10	-89686368/2149284396181
113	66	6	10	-89686368/2149284396181
113	67	3	6	51421720000/474991851556001
113	67	4	5	51421720000/474991851556001
113	67	4	10	-100462959936/474991851556001
113	67	6	10	-100462959936/474991851556001
113	68	3	4	2/3
113	68	3	6	2/3
113	68	4	6	2/3
113	69	2	3	154/765
113	69	2	5	154/765
113	69	3	5	154/765
113	70	2	3	57062/1105425
113	70	2	5	57062/1105425
113	70	3	5	57062/1105425
113	71	2	3	8499722/845650125
113	71	2	5	8499722/845650125
113	71	3	5	8499722/845650125
113	72	2	3	10187671082/11428961439375
113	72	2	5	10187671082/11428961439375
113	72	3	5	10187671082/11428961439375
113	73	2	3	-17194655786/57144807196875
113	73	2	5	-17194655786/57144807196875
113	73	3	5	-17194655786/57144807196875
113	80	5	7	1/2
113	80	5	12	1/2
113	80	7	14	1/2
113	80	12	14	1/2
113	81	4	6	-9/170
113	81	4	11	-9/170
113	81	6	13	-9/170
113	81	11	13	-9/170
113	82	4	6	-24/122825
113	82	4	11	-24/122825
113	82	6	13	-24/122825
113	82	11	13	-24/122825
113	83	4	6	13041/10440125
113	83	4	11	13041/10440125
113	83	6	13	13041/10440125
113	83	11	13	13041/10440125
113	84	4	6	-6259032/47032763125
113	84	4	11	-6259032/47032763125
113	84	6	13	-6259032/47032763125
113	84	11	13	-6259032/47032763125
113	85	4	6	-162514512/3997784865625
113	85	4	11	-162514512/3997784865625
113	85	6	13	-162514512/3997784865625
113	85	11	13	-162514512/3997784865625
113	86	2	5	2
113	86	3	5	2
113	86	3	6	2
113	86	4	5	2
113	86	4	10	2
113	86	5	6	2
113	86	5	10	2
113	87	1	4	9/14
113	87	2	4	-36/119
113	87	2	5	348/595
113	87	3	4	-36/119
113	87	3	9	348/595
113	87	4	5	3/238
113	87	4	9	3/238
113	88	1	4	346881/1925896
113	88	2	4	4632/240737
113	88	2	5	869784/6018425
113	88	3	4	4632/240737
113	88	3	9	869784/6018425
113	88	4	5	-50919/1925896
113	88	4	9	-50919/1925896
113	89	1	4	2202633/53925088
113	89	2	4	146448/28647703
113	89	2	5	95801616/3580962875
113	89	3	4	146448/28647703
113	89	3	9	95801616/3580962875
113	89	4	5	-459189/916726496
113	89	4	9	-459189/916726496
113	90	1	4	137023142373/23127176041088
113	90	2	4	-285189984/180681062821
113	90	2	5	229811336352/112925664263125
113	90	3	4	-285189984/180681062821
113	90	3	9	229811336352/112925664263125
113	90	4	5	23329047573/23127176041088
113	90	4	9	23329047573/23127176041088
113	91	1	4	-202785389811/647560929150464
113	91	2	4	-178272576/21501046475699
113	91	2	5	-58478667999552/67190770236559375
113	91	3	4	-178272576/21501046475699
113	91	3	9	-58478667999552/67190770236559375
113	91	4	5	20670383439/647560929150464
113	91	4	9	20670383439/647560929150464
114	56	7	13	1/2
114	56	7	17	1/2
114	56	8	13	1/2
114	56	8	17	1/2
114	56	9	11	1/2
114	56	9	12	1/2
114	56	11	17	1/2
114	56	12	17	1/2
114	57	6	12	273/1972
114	57	6	16	-99/986
114	57	7	12	273/1972
114	57	7	16	-99/986
114	57	8	10	273/1972
114	57	8	11	273/1972
114	57	10	16	-99/986
114	57	11	16	-99/986
114	58	6	12	1113641/33054664
114	58	6	16	128279/8263666
114	58	7	12	1113641/33054664
114	58	7	16	128279/8263666
114	58	8	10	1113641/33054664
114	58	8	11	1113641/33054664
114	58	10	16	128279/8263666
114	58	11	16	128279/8263666
114	59	6	12	220293801/32591898704
114	59	6	16	-5108697/4073987338
114	59	7	12	220293801/32591898704
114	59	7	16	-5108697/4073987338
114	59	8	10	220293801/32591898704
114	59	8	11	220293801/32591898704
114	59	10	16	-5108697/4073987338
114	59	11	16	-5108697/4073987338
114	60	6	12	1581844307733/1703187442473632
114	60	6	16	-19710813987/106449215154602
114	60	7	12	1581844307733/1703187442473632
114	60	7	16	-19710813987/106449215154602
114	60	8	10	1581844307733/1703187442473632
114	60	8	11	1581844307733/1703187442473632
114	60	10	16	-19710813987/106449215154602
114	60	11	16	-19710813987/106449215154602
114	61	6	12	1492246441413/1679342818279001152
114	61	6	16	4599251876241/52479463071218786
114	61	7	12	1492246441413/1679342818279001152
114	61	7	16	4599251876241/52479463071218786
114	61	8	10	1492246441413/1679342818279001152
114	61	8	11	1492246441413/1679342818279001152
114	61	10	16	4599251876241/52479463071218786
114	61	11	16	4599251876241/52479463071218786
114	62	4	9	1
114	62	4	15	1
114	62	6	9	1
114	62	6	13	1
114	62	11	13	1
114	62	11	15	1
114	63	3	8	87/442
114	63	3	14	331/884
114	63	5	8	87/442
114	63	5	12	331/884
114	63	10	12	-201/884
114	63	10	14	-201/884
114	64	3	8	94301/3321188
114	64	3	14	1725049/13284752
114	64	5	8	94301/3321188
114	64	5	12	1725049/13284752
114	64	10	12	549329/13284752
114	64	10	14	549329/13284752
114	65	3	8	2223459/1467965096
114	65	3	14	479974163/11743720768
114	65	5	8	2223459/1467965096
114	65	5	12	479974163/11743720768
114	65	10	12	-55144953/11743720768
114	65	10	14	-55144953/11743720768
114	66	3	8	-20480426307/34388550338896
114	66	3	14	6195244972693/550216805422336
114	66	5	8	-20480426307/34388550338896
114	66	5	12	6195244972693/550216805422336
114	66	10	12	-125604041787/550216805422336
114	66	10	14	-125604041787/550216805422336
114	67	3	8	-169409788389/894102308811296
114	67	3	14	1218850154601191/486391655993345024
114	67	5	8	-169409788389/894102308811296
114	67	5	12	1218850154601191/486391655993345024
114	67	10	12	125159525498259/486391655993345024
114	67	10	14	125159525498259/486391655993345024
114	68	3	12	1/3
114	68	3	14	1/3
114	68	4	11	1/3
114	68	4	14	1/3
114	68	5	11	1/3
114	68	5	12	1/3
114	68	6	11	1/3
114	68	6	12	1/3
114	68	7	11	1/3
114	68	7	14	1/3
114	68	8	12	1/3
114	68	8	14	1/3
114	69	2	11	92/765
114	69	2	13	92/765
114	69	3	10	92/765
114	69	3	13	92/765
114	69	4	10	-14/765
114	69	4	11	-14/765
114	69	5	10	92/765
114	69	5	11	92/765
114	69	6	10	-14/765
114	69	6	13	-14/765
114	69	7	11	-14/765
114	69	7	13	-14/765
114	70	2	11	43556/1105425
114	70	2	13	43556/1105425
114	70	3	10	43556/1105425
114	70	3	13	43556/1105425
114	70	4	10	-3296/1105425
114	70	4	11	-3296/1105425
114	70	5	10	43556/1105425
114	70	5	11	43556/1105425
114	70	6	10	-3296/1105425
114	70	6	13	-3296/1105425
114	70	7	11	-3296/1105425
114	70	7	13	-3296/1105425
114	71	2	11	9588976/845650125
114	71	2	13	9588976/845650125
114	71	3	10	9588976/845650125
114	71	3	13	9588976/845650125
114	71	4	10	508592/845650125
114	71	4	11	508592/845650125
114	71	5	10	9588976/845650125
114	71	5	11	9588976/845650125
114	71	6	10	508592/845650125
114	71	6	13	508592/845650125
114	71	7	11	508592/845650125
114	71	7	13	508592/845650125
114	72	2	11	30537603856/11428961439375
114	72	2	13	30537603856/11428961439375
114	72	3	10	30537603856/11428961439375
114	72	3	13	30537603856/11428961439375
114	72	4	10	783552256/11428961439375
114	72	4	11	783552256/11428961439375
114	72	5	10	30537603856/11428961439375
114	72	5	11	30537603856/11428961439375
114	72	6	10	783552256/11428961439375
114	72	6	13	783552256/11428961439375
114	72	7	11	783552256/11428961439375
114	72	7	13	783552256/11428961439375
114	73	2	11	401970119744/971461722346875
114	73	2	13	401970119744/971461722346875
114	73	3	10	401970119744/971461722346875
114	73	3	13	401970119744/971461722346875
114	73	4	10	-30454187008/971461722346875
114	73	4	11	-30454187008/971461722346875
114	73	5	10	401970119744/971461722346875
114	73	5	11	401970119744/971461722346875
114	73	6	10	-30454187008/971461722346875
114	73	6	13	-30454187008/971461722346875
114	73	7	11	-30454187008/971461722346875
114	73	7	13	-30454187008/971461722346875
114	86	2	9	1
114	86	2	13	1
114	86	6	7	1
114	86	6	9	1
114	86	7	14	1
114	86	10	12	1
114	86	10	13	1
114	86	12	14	1
114	87	1	8	159/476
114	87	1	12	159/476
114	87	5	6	177/1190
114	87	5	8	-327/2380
114	87	6	13	-3/34
114	87	9	11	177/1190
114	87	9	12	-327/2380
114	87	11	13	-3/34
114	88	1	8	1926789/19258960
114	88	1	12	1926789/19258960
114	88	5	6	254973/24073700
114	88	5	8	707313/96294800
114	88	6	13	-2577/687820
114	88	9	11	254973/24073700
114	88	9	12	707313/96294800
114	88	11	13	-2577/687820
114	89	1	8	235732923/9167264960
114	89	1	12	235732923/9167264960
114	89	5	6	-53147259/28647703000
114	89	5	8	494962569/229181624000
114	89	6	13	55323/23385880
114	89	9	11	-53147259/28647703000
114	89	9	12	494962569/229181624000
114	89	11	13	55323/23385880
114	90	1	8	5912773273629/1156358802054400
114	90	1	12	5912773273629/1156358802054400
114	90	5	6	-1187830216899/1806810628210000
114	90	5	8	-16359763841019/28908970051360000
114	90	6	13	-138897099/1474947451600
114	90	9	11	-1187830216899/1806810628210000
114	90	9	12	-16359763841019/28908970051360000
114	90	11	13	-138897099/1474947451600
114	91	1	8	1042100732907/2077082225576960
114	91	1	12	1042100732907/2077082225576960
114	91	5	6	-45504784551843/2150104647569900000
114	91	5	8	-935479205817507/68803348722236800000
114	91	6	13	-957841443/10029642670880
114	91	9	11	-45504784551843/2150104647569900000
114	91	9	12	-935479205817507/68803348722236800000
114	91	11	13	-957841443/10029642670880
114	92	4	5	1
114	92	4	10	1
114	92	5	10	1
114	92	6	7	1
114	92	6	10	1
114	92	7	10	1
114	93	3	4	-411/2278
114	93	3	9	393/1139
114	93	4	9	75/1139
114	93	5	6	-411/2278
114	93	5	9	393/1139
114	93	6	9	75/1139
114	94	3	4	1808769/88217828
114	94	3	9	2359911/22054457
114	94	4	9	-170097/22054457
114	94	5	6	1808769/88217828
114	94	5	9	2359911/22054457
114	94	6	9	-170097/22054457
114	95	3	4	130289877/200960212184
114	95	3	9	718587531/25120026523
114	95	4	9	-52615575/25120026523
114	95	5	6	130289877/200960212184
114	95	5	9	718587531/25120026523
114	95	6	9	-52615575/25120026523
114	96	3	4	-21218038797627/24262730257823056
114	96	3	9	9077494263453/1516420641113941
114	96	4	9	188671607181/1516420641113941
114	96	5	6	-21218038797627/24262730257823056
114	96	5	9	9077494263453/1516420641113941
114	96	6	9	188671607181/1516420641113941
114	97	3	4	7649152397859609/55270499527320921568
114	97	3	9	1147089731460813/1727203110228778799
114	97	4	9	181026948630375/1727203110228778799
114	97	5	6	7649152397859609/55270499527320921568
114	97	5	9	1147089731460813/1727203110228778799
114	97	6	9	181026948630375/1727203110228778799
114	98	3	7	1/4
114	98	3	11	1/4
114	98	4	8	1/4
114	98	4	12	1/4
114	98	6	7	1/4
114	98	6	8	1/4
114	98	10	11	1/4
114	98	10	12	1/4
114	99	2	6	-7/221
114	99	2	10	-7/221
114	99	3	7	-7/221
114	99	3	11	-7/221
114	99	5	6	-7/221
114	99	5	7	-7/221
114	99	9	10	-7/221
114	99	9	11	-7/221
114	100	2	6	1403/2490891
114	100	2	10	1403/2490891
114	100	3	7	1403/2490891
114	100	3	11	1403/2490891
114	100	5	6	1403/2490891
114	100	5	7	1403/2490891
114	100	9	10	1403/2490891
114	100	9	11	1403/2490891
114	101	2	6	147308/183495637
114	101	2	10	147308/183495637
114	101	3	7	147308/183495637
114	101	3	11	147308/183495637
114	101	5	6	147308/183495637
114	101	5	7	147308/183495637
114	101	9	10	147308/183495637
114	101	9	11	147308/183495637
114	102	2	6	-280302812/2149284396181
114	102	2	10	-280302812/2149284396181
114	102	3	7	-280302812/2149284396181
114	102	3	11	-280302812/2149284396181
114	102	5	6	-280302812/2149284396181
114	102	5	7	-280302812/2149284396181
114	102	9	10	-280302812/2149284396181
114	102	9	11	-280302812/2149284396181
114	103	2	6	-35704742416/1424975554668003
114	103	2	10	-35704742416/1424975554668003
114	103	3	7	-35704742416/1424975554668003
114	103	3	11	-35704742416/1424975554668003
114	103	5	6	-35704742416/1424975554668003
114	103	5	7	-35704742416/1424975554668003
114	103	9	10	-35704742416/1424975554668003
114	103	9	11	-35704742416/1424975554668003
115	56	7	17	1
115	56	8	17	1
115	56	11	17	1
115	56	12	17	1
115	57	6	16	75/493
115	57	7	16	75/493
115	57	10	16	75/493
115	57	11	16	75/493
115	58	6	16	55895/4131833
115	58	7	16	55895/4131833
115	58	10	16	55895/4131833
115	58	11	16	55895/4131833
115	59	6	16	-1767375/2036993669
115	59	7	16	-1767375/2036993669
115	59	10	16	-1767375/2036993669
115	59	11	16	-1767375/2036993669
115	60	6	16	-28352578275/53224607577301
115	60	7	16	-28352578275/53224607577301
115	60	10	16	-28352578275/53224607577301
115	60	11	16	-28352578275/53224607577301
115	61	6	16	-83406965625/1543513619741729
115	61	7	16	-83406965625/1543513619741729
115	61	10	16	-83406965625/1543513619741729
115	61	11	16	-83406965625/1543513619741729
115	62	4	17	2
115	62	6	17	2
115	63	3	16	225/442
115	63	5	16	225/442
115	64	3	16	718145/6642376
115	64	5	16	718145/6642376
115	65	3	16	97466625/5871860384
115	65	5	16	97466625/5871860384
115	66	3	16	198119506725/275108402711168
115	66	5	16	198119506725/275108402711168
115	67	3	16	-135051137746875/243195827996672512
115	67	5	16	-135051137746875/243195827996672512
115	68	11	12	2/3
115	68	11	13	2/3
115	68	11	14	2/3
115	68	11	15	2/3
115	68	12	13	2/3
115	68	12	14	2/3
115	68	12	16	2/3
115	68	14	15	2/3
115	68	14	16	2/3
115	69	10	11	124/765
115	69	10	12	-88/765
115	69	10	13	124/765
115	69	10	14	-88/765
115	69	11	12	-88/765
115	69	11	13	124/765
115	69	11	15	-88/765
115	69	13	14	-88/765
115	69	13	15	-88/765
115	70	10	11	34432/1105425
115	70	10	12	12808/1105425
115	70	10	13	34432/1105425
115	70	10	14	12808/1105425
115	70	11	12	12808/1105425
115	70	11	13	34432/1105425
115	70	11	15	12808/1105425
115	70	13	14	12808/1105425
115	70	13	15	12808/1105425
115	71	10	11	3006752/845650125
115	71	10	12	720544/845650125
115	71	10	13	3006752/845650125
115	71	10	14	720544/845650125
115	71	11	12	720544/845650125
115	71	11	13	3006752/845650125
115	71	11	15	720544/845650125
115	71	13	14	720544/845650125
115	71	13	15	720544/845650125
115	72	10	11	-3488163328/11428961439375
115	72	10	12	-6736266208/11428961439375
115	72	10	13	-3488163328/11428961439375
115	72	10	14	-6736266208/11428961439375
115	72	11	12	-6736266208/11428961439375
115	72	11	13	-3488163328/11428961439375
115	72	11	15	-6736266208/11428961439375
115	72	13	14	-6736266208/11428961439375
115	72	13	15	-6736266208/11428961439375
115	73	10	11	-254272550912/971461722346875
115	73	10	12	65536870784/971461722346875
115	73	10	13	-254272550912/971461722346875
115	73	10	14	65536870784/971461722346875
115	73	11	12	65536870784/971461722346875
115	73	11	13	-254272550912/971461722346875
115	73	11	15	65536870784/971461722346875
115	73	13	14	65536870784/971461722346875
115	73	13	15	65536870784/971461722346875
115	86	2	17	2
115	87	1	16	165/238
115	88	1	16	416793/1925896
115	89	1	16	53580285/916726496
115	90	1	16	288367926741/23127176041088
115	91	1	16	960562575225/647560929150464
115	92	10	12	2
115	92	10	13	2
115	92	10	14	2
115	92	10	15	2
115	92	12	14	2
115	93	9	11	426/1139
115	93	9	12	-210/1139
115	93	9	13	426/1139
115	93	9	14	-210/1139
115	93	11	13	-183/1139
115	94	9	11	991806/22054457
115	94	9	12	-175890/22054457
115	94	9	13	991806/22054457
115	94	9	14	-175890/22054457
115	94	11	13	-532167/44108914
115	95	9	11	-23360562/25120026523
115	95	9	12	134123850/25120026523
115	95	9	13	-23360562/25120026523
115	95	9	14	134123850/25120026523
115	95	11	13	500528241/100480106092
115	96	9	11	-2871659086758/1516420641113941
115	96	9	12	-346917212550/1516420641113941
115	96	9	13	-2871659086758/1516420641113941
115	96	9	14	-346917212550/1516420641113941
115	96	11	13	199593572661/12131365128911528
115	97	9	11	-577046845278414/1727203110228778799
115	97	9	12	-23628088496250/101600182954634047
115	97	9	13	-577046845278414/1727203110228778799
115	97	9	14	-23628088496250/101600182954634047
115	97	11	13	-6598384539671043/27635249763660460784
115	104	6	7	1
115	104	6	8	1
115	104	10	11	1
115	104	10	12	1
115	105	5	6	-5/34
115	105	5	7	-5/34
115	105	9	10	-5/34
115	105	9	11	-5/34
115	106	5	6	3445/412692
115	106	5	7	3445/412692
115	106	9	10	3445/412692
115	106	9	11	3445/412692
115	107	5	6	12525/4677176
115	107	5	7	12525/4677176
115	107	9	10	12525/4677176
115	107	9	11	12525/4677176
115	108	5	6	-44030475/58997898064
115	108	5	7	-44030475/58997898064
115	108	9	10	-44030475/58997898064
115	108	9	11	-44030475/58997898064
115	109	5	6	-124826875/6017785602528
115	109	5	7	-124826875/6017785602528
115	109	9	10	-124826875/6017785602528
115	109	9	11	-124826875/6017785602528
116	56	15	15	1
116	56	16	16	1
116	57	14	14	-146/493
116	57	15	15	-146/493
116	58	14	14	322352/4131833
116	58	15	15	322352/4131833
116	59	14	14	-35377552/2036993669
116	59	15	15	-35377552/2036993669
116	60	14	14	152528356096/53224607577301
116	60	15	15	152528356096/53224607577301
116	61	14	14	-4283042955776/26239731535609393
116	61	15	15	-4283042955776/26239731535609393
116	62	8	8	2
116	62	8	12	4
116	62	8	14	4
116	62	8	16	4
116	63	7	7	33/442
116	63	7	11	252/221
116	63	7	13	252/221
116	63	7	15	-186/221
116	64	7	7	-125007/6642376
116	64	7	11	234012/830297
116	64	7	13	234012/830297
116	64	7	15	111153/830297
116	65	7	7	-13597551/5871860384
116	65	7	11	10221876/183495637
116	65	7	13	10221876/183495637
116	65	7	15	-3663549/366991274
116	66	7	7	136749165381/275108402711168
116	66	7	11	14384608884/2149284396181
116	66	7	13	14384608884/2149284396181
116	66	7	15	-19697850459/8597137584724
116	67	7	7	27889707265893/243195827996672512
116	67	7	11	-265825863828/474991851556001
116	67	7	13	-265825863828/474991851556001
116	67	7	15	3640160383407/3799934812448008
116	74	4	14	4/3
116	74	6	12	4/3
116	74	8	10	4/3
116	75	3	13	168/323
116	75	5	11	168/323
116	75	7	9	168/323
116	76	3	13	333636/1773593
116	76	5	11	333636/1773593
116	76	7	9	333636/1773593
116	77	3	13	35430696/572870539
116	77	5	11	35430696/572870539
116	77	7	9	35430696/572870539
116	78	3	13	175060008108/9806970757141
116	78	5	11	175060008108/9806970757141
116	78	7	9	175060008108/9806970757141
116	79	3	13	13277026509768/3167651554556543
116	79	5	11	13277026509768/3167651554556543
116	79	7	9	13277026509768/3167651554556543
116	92	2	9	4
116	93	1	8	-72/1139
116	94	1	8	-1087488/22054457
116	95	1	8	59517504/25120026523
116	96	1	8	2655890187264/1516420641113941
116	97	1	8	-14462461218816/101600182954634047
116	98	2	9	1
116	98	2	13	1
116	98	2	15	1
116	98	2	16	1
116	99	1	8	-6/221
116	99	1	12	-6/221
116	99	1	14	-6/221
116	99	1	15	-6/221
116	100	1	8	-11348/830297
116	100	1	12	-11348/830297
116	100	1	14	-11348/830297
116	100	1	15	-11348/830297
116	101	1	8	211608/183495637
116	101	1	12	211608/183495637
116	101	1	14	211608/183495637
116	101	1	15	211608/183495637
116	102	1	8	1151624016/2149284396181
116	102	1	12	1151624016/2149284396181
116	102	1	14	1151624016/2149284396181
116	102	1	15	1151624016/2149284396181
116	103	1	8	-37259057376/474991851556001
116	103	1	12	-37259057376/474991851556001
116	103	1	14	-37259057376/474991851556001
116	103	1	15	-37259057376/474991851556001
116	104	2	5	2
116	105	1	4	-8/119
116	106	1	4	-5896/240737
116	107	1	4	75104/28647703
116	108	1	4	154325792/180681062821
116	109	1	4	-3516024448/21501046475699
117	56	15	15	1
117	56	16	16	1
117	57	14	14	28/493
117	57	15	15	28/493
117	58	14	14	-33536/4131833
117	58	15	15	-33536/4131833
117	59	14	14	-3563392/2036993669
117	59	15	15	-3563392/2036993669
117	60	14	14	8636157952/53224607577301
117	60	15	15	8636157952/53224607577301
117	61	14	14	2237519986688/26239731535609393
117	61	15	15	2237519986688/26239731535609393
117	62	12	16	4
117	62	14	16	4
117	63	11	15	168/221
117	63	13	15	168/221
117	64	11	15	77936/830297
117	64	13	15	77936/830297
117	65	11	15	-256032/183495637
117	65	13	15	-256032/183495637
117	66	11	15	-8382382272/2149284396181
117	66	13	15	-8382382272/2149284396181
117	67	11	15	-344690785152/474991851556001
117	67	13	15	-344690785152/474991851556001
117	74	4	16	4/3
117	74	6	16	4/3
117	74	8	8	2/3
117	74	8	16	4/3
117	74	10	16	4/3
117	74	12	12	2/3
117	74	12	16	4/3
117	74	14	14	2/3
117	74	14	16	4/3
117	75	3	15	112/323
117	75	5	15	112/323
117	75	7	7	25/323
117	75	7	15	-4/19
117	75	9	15	112/323
117	75	11	11	25/323
117	75	11	15	-4/19
117	75	13	13	25/323
117	75	13	15	-4/19
117	76	3	15	129232/1773593
117	76	5	15	129232/1773593
117	76	7	7	1171/3547186
117	76	7	15	28252/1773593
117	76	9	15	129232/1773593
117	76	11	11	1171/3547186
117	76	11	15	28252/1773593
117	76	13	13	1171/3547186
117	76	13	15	28252/1773593
117	77	3	15	5697216/572870539
117	77	5	15	5697216/572870539
117	77	7	7	-4517775/2291482156
117	77	7	15	99468/33698267
117	77	9	15	5697216/572870539
117	77	11	11	-4517775/2291482156
117	77	11	15	99468/33698267
117	77	13	13	-4517775/2291482156
117	77	13	15	99468/33698267
117	78	3	15	-2719469376/9806970757141
117	78	5	15	-2719469376/9806970757141
117	78	7	7	-19965183993/78455766057128
117	78	7	15	-10905104196/9806970757141
117	78	9	15	-2719469376/9806970757141
117	78	11	11	-19965183993/78455766057128
117	78	11	15	-10905104196/9806970757141
117	78	13	13	-19965183993/78455766057128
117	78	13	15	-10905104196/9806970757141
117	79	3	15	-1948368377088/3167651554556543
117	79	5	15	-1948368377088/3167651554556543
117	79	7	7	3392680690125/50682424872904688
117	79	7	15	7145389836/186332444385679
117	79	9	15	-1948368377088/3167651554556543
117	79	11	11	3392680690125/50682424872904688
117	79	11	15	7145389836/186332444385679
117	79	13	13	3392680690125/50682424872904688
117	79	13	15	7145389836/186332444385679
117	92	2	17	4
117	93	1	16	-48/1139
117	94	1	16	-1289472/22054457
117	95	1	16	46656000/25120026523
117	96	1	16	3738774454272/1516420641113941
117	97	1	16	-226702715977728/1727203110228778799
117	104	2	15	2
117	104	2	16	2
117	105	1	14	-8/119
117	105	1	15	-8/119
117	106	1	14	-20992/722211
117	106	1	15	-20992/722211
117	107	1	14	88320/28647703
117	107	1	15	88320/28647703
117	108	1	14	218013696/180681062821
117	108	1	15	218013696/180681062821
117	109	1	14	-14593490944/64503139427097
117	109	1	15	-14593490944/64503139427097
117	110	2	5	1/3
117	110	2	7	1/3
117	110	2	8	1/3
117	110	2	11	1/3
117	110	2	12	1/3
117	110	2	14	1/3
117	111	1	4	-1/68
117	111	1	6	-1/68
117	111	1	7	-1/68
117	111	1	10	-1/68
117	111	1	11	-1/68
117	111	1	13	-1/68
117	112	1	4	-353/78608
117	112	1	6	-353/78608
117	112	1	7	-353/78608
117	112	1	10	-353/78608
117	112	1	11	-353/78608
117	112	1	13	-353/78608
117	113	1	4	3483/5345344
117	113	1	6	3483/5345344
117	113	1	7	3483/5345344
117	113	1	10	3483/5345344
117	113	1	11	3483/5345344
117	113	1	13	3483/5345344
117	114	1	4	3274911/19264619776
117	114	1	6	3274911/19264619776
117	114	1	7	3274911/19264619776
117	114	1	10	3274911/19264619776
117	114	1	11	3274911/19264619776
117	114	1	13	3274911/19264619776
117	115	1	4	-60394221/1309994144768
117	115	1	6	-60394221/1309994144768
117	115	1	7	-60394221/1309994144768
117	115	1	10	-60394221/1309994144768
117	115	1	11	-60394221/1309994144768
117	115	1	13	-60394221/1309994144768
118	56	15	16	2
118	57	14	15	-176/493
118	58	14	15	174208/4131833
118	59	14	15	349184/2036993669
118	60	14	15	-75607269376/53224607577301
118	61	14	15	1415118848/5340877576961
118	62	5	12	4
118	62	7	14	4
118	63	4	11	224/221
118	63	6	13	224/221
118	64	4	11	173312/830297
118	64	6	13	173312/830297
118	65	4	11	5232640/183495637
118	65	6	13	5232640/183495637
118	66	4	11	-46710784/126428493893
118	66	6	13	-46710784/126428493893
118	67	4	11	-727488004096/474991851556001
118	67	6	13	-727488004096/474991851556001
118	74	4	15	4/3
118	74	6	13	4/3
118	74	9	10	4/3
118	75	3	14	24/323
118	75	5	12	24/323
118	75	8	9	24/323
118	76	3	14	-21840/1773593
118	76	5	12	-21840/1773593
118	76	8	9	-21840/1773593
118	77	3	14	-1443744/572870539
118	77	5	12	-1443744/572870539
118	77	8	9	-1443744/572870539
118	78	3	14	2868239808/9806970757141
118	78	5	12	2868239808/9806970757141
118	78	8	9	2868239808/9806970757141
118	79	3	14	429474731904/3167651554556543
118	79	5	12	429474731904/3167651554556543
118	79	8	9	429474731904/3167651554556543
118	80	5	5	1/2
118	80	7	7	1/2
118	80	12	12	1/2
118	80	14	14	1/2
118	81	4	4	3/85
118	81	6	6	3/85
118	81	11	11	3/85
118	81	13	13	3/85
118	82	4	4	-414/122825
118	82	6	6	-414/122825
118	82	11	11	-414/122825
118	82	13	13	-414/122825
118	83	4	4	-11124/10440125
118	83	6	6	-11124/10440125
118	83	11	11	-11124/10440125
118	83	13	13	-11124/10440125
118	84	4	4	1672488/47032763125
118	84	6	6	1672488/47032763125
118	84	11	11	1672488/47032763125
118	84	13	13	1672488/47032763125
118	85	4	4	201013488/3997784865625
118	85	6	6	201013488/3997784865625
118	85	11	11	201013488/3997784865625
118	85	13	13	201013488/3997784865625
118	86	3	15	4
118	86	4	16	4
118	87	2	14	-288/595
118	87	3	15	-288/595
118	88	2	14	29952/6018425
118	88	3	15	29952/6018425
118	89	2	14	44292096/3580962875
118	89	3	15	44292096/3580962875
118	90	2	14	-200789508096/112925664263125
118	90	3	15	-200789508096/112925664263125
118	91	2	14	-1614151286784/3952398249209375
118	91	3	15	-1614151286784/3952398249209375
118	92	2	8	4
118	93	1	7	1440/1139
118	94	1	7	7577856/22054457
118	95	1	7	1838868480/25120026523
118	96	1	7	13069305593856/1516420641113941
118	97	1	7	-2568689152819200/1727203110228778799
118	104	3	4	2
118	105	2	3	-16/119
118	106	2	3	-4992/240737
118	107	2	3	154624/28647703
118	108	2	3	92708864/180681062821
118	109	2	3	-7362379776/21501046475699
119	56	15	16	2
119	57	14	15	172/493
119	58	14	15	162144/4131833
119	59	14	15	-1418656/2036993669
119	60	14	15	-75602057728/53224607577301
119	61	14	15	-6195991016448/26239731535609393
119	62	12	13	4
119	62	14	15	4
119	63	11	12	140/221
119	63	13	14	140/221
119	64	11	12	43260/830297
119	64	13	14	43260/830297
119	65	11	12	-1288700/183495637
119	65	13	14	-1288700/183495637
119	66	11	12	-6582125900/2149284396181
119	66	13	14	-6582125900/2149284396181
119	67	11	12	-89309482500/474991851556001
119	67	13	14	-89309482500/474991851556001
119	74	4	17	4/3
119	74	6	17	4/3
119	74	10	17	4/3
119	75	3	16	-32/323
119	75	5	16	-32/323
119	75	9	16	-32/323
119	76	3	16	-16204/1773593
119	76	5	16	-16204/1773593
119	76	9	16	-16204/1773593
119	77	3	16	1793376/572870539
119	77	5	16	1793376/572870539
119	77	9	16	1793376/572870539
119	78	3	16	818074188/9806970757141
119	78	5	16	818074188/9806970757141
119	78	9	16	818074188/9806970757141
119	79	3	16	-488665494432/3167651554556543
119	79	5	16	-488665494432/3167651554556543
119	79	9	16	-488665494432/3167651554556543
119	86	14	14	2
119	87	13	13	9/34
119	88	13	13	321/39304
119	89	13	13	-16119/2672672
119	90	13	13	-11252763/9632309888
119	91	13	13	5695677/38529239552
119	92	2	16	4
119	92	4	16	4
119	92	6	16	4
119	93	1	15	1464/1139
119	93	3	15	-420/1139
119	93	5	15	-420/1139
119	94	1	15	7870848/22054457
119	94	3	15	-488460/22054457
119	94	5	15	-488460/22054457
119	95	1	15	1974397248/25120026523
119	95	3	15	311301900/25120026523
119	95	5	15	311301900/25120026523
119	96	1	15	15377123441664/1516420641113941
119	96	3	15	-453518181900/1516420641113941
119	96	5	15	-453518181900/1516420641113941
119	97	1	15	-2191466947792896/1727203110228778799
119	97	3	15	-64543451332500/101600182954634047
119	97	5	15	-64543451332500/101600182954634047
119	110	3	4	1/3
119	110	3	6	1/3
119	110	3	10	1/3
119	110	4	6	1/3
119	110	4	10	1/3
119	110	6	10	1/3
119	111	2	3	-3/544
119	111	2	5	-3/544
119	111	2	9	-3/544
119	111	3	5	-3/544
119	111	3	9	-3/544
119	111	5	9	-3/544
119	112	2	3	-24181/5030912
119	112	2	5	-24181/5030912
119	112	2	9	-24181/5030912
119	112	3	5	-24181/5030912
119	112	3	9	-24181/5030912
119	112	5	9	-24181/5030912
119	113	2	3	661149/2736816128
119	113	2	5	661149/2736816128
119	113	2	9	661149/2736816128
119	113	3	5	661149/2736816128
119	113	3	9	661149/2736816128
119	113	5	9	661149/2736816128
119	114	2	3	15759792567/78907882602496
119	114	2	5	15759792567/78907882602496
119	114	2	9	15759792567/78907882602496
119	114	3	5	15759792567/78907882602496
119	114	3	9	15759792567/78907882602496
119	114	5	9	15759792567/78907882602496
119	115	2	3	-728160041583/42925888135757824
119	115	2	5	-728160041583/42925888135757824
119	115	2	9	-728160041583/42925888135757824
119	115	3	5	-728160041583/42925888135757824
119	115	3	9	-728160041583/42925888135757824
119	115	5	9	-728160041583/42925888135757824
120	56	5	15	1
120	56	5	16	1
120	57	4	14	-60/493
120	57	4	15	-60/493
120	58	4	14	12016/4131833
120	58	4	15	12016/4131833
120	59	4	14	5181120/2036993669
120	59	4	15	5181120/2036993669
120	60	4	14	-431269632/1004237878817
120	60	4	15	-431269632/1004237878817
120	61	4	14	-30217190400/495089274256781
120	61	4	15	-30217190400/495089274256781
120	62	3	5	2
120	62	3	7	2
120	62	5	14	2
120	62	7	12	2
120	63	2	4	96/221
120	63	2	6	96/221
120	63	4	13	8/221
120	63	6	11	8/221
120	64	2	4	56288/830297
120	64	2	6	56288/830297
120	64	4	13	-21504/830297
120	64	6	11	-21504/830297
120	65	2	4	585216/183495637
120	65	2	6	585216/183495637
120	65	4	13	-262400/183495637
120	65	6	11	-262400/183495637
120	66	2	4	-83031552/40552535777
120	66	2	6	-83031552/40552535777
120	66	4	13	39165952/40552535777
120	66	6	11	39165952/40552535777
120	67	2	4	-5814263808/8962110406717
120	67	2	6	-5814263808/8962110406717
120	67	4	13	811401216/8962110406717
120	67	6	11	811401216/8962110406717
120	74	3	4	2/3
120	74	3	5	2/3
120	74	3	6	2/3
120	74	3	7	2/3
120	74	3	10	2/3
120	74	3	11	2/3
120	75	2	3	4/19
120	75	2	4	-30/323
120	75	2	5	4/19
120	75	2	6	-30/323
120	75	2	9	4/19
120	75	2	10	-30/323
120	76	2	3	101800/1773593
120	76	2	4	6838/1773593
120	76	2	5	101800/1773593
120	76	2	6	6838/1773593
120	76	2	9	101800/1773593
120	76	2	10	6838/1773593
120	77	2	3	417456/33698267
120	77	2	4	1142370/572870539
120	77	2	5	417456/33698267
120	77	2	6	1142370/572870539
120	77	2	9	417456/33698267
120	77	2	10	1142370/572870539
120	78	2	3	287104608/185037184097
120	78	2	4	-83163402/185037184097
120	78	2	5	287104608/185037184097
120	78	2	6	-83163402/185037184097
120	78	2	9	287104608/185037184097
120	78	2	10	-83163402/185037184097
120	79	2	3	-713506752/3515706497843
120	79	2	4	-2287079550/59767010463331
120	79	2	5	-713506752/3515706497843
120	79	2	6	-2287079550/59767010463331
120	79	2	9	-713506752/3515706497843
120	79	2	10	-2287079550/59767010463331
120	80	3	8	1/2
120	80	3	16	1/2
120	80	4	11	1/2
120	80	4	15	1/2
120	80	5	8	1/2
120	80	5	11	1/2
120	80	6	11	1/2
120	80	6	13	1/2
120	80	7	8	1/2
120	80	7	11	1/2
120	80	8	10	1/2
120	80	8	12	1/2
120	80	8	14	1/2
120	80	9	10	1/2
120	80	11	12	1/2
120	80	11	14	1/2
120	81	2	7	111/680
120	81	2	15	21/1360
120	81	3	10	111/680
120	81	3	14	21/1360
120	81	4	7	-9/170
120	81	4	10	-9/170
120	81	5	10	111/680
120	81	5	12	21/1360
120	81	6	7	-9/170
120	81	6	10	-9/170
120	81	7	9	111/680
120	81	7	11	-9/170
120	81	7	13	-9/170
120	81	8	9	21/1360
120	81	10	11	-9/170
120	81	10	13	-9/170
120	82	2	7	184017/3930400
120	82	2	15	-94263/15721600
120	82	3	10	184017/3930400
120	82	3	14	-94263/15721600
120	82	4	7	-213/245650
120	82	4	10	-213/245650
120	82	5	10	184017/3930400
120	82	5	12	-94263/15721600
120	82	6	7	-213/245650
120	82	6	10	-213/245650
120	82	7	9	184017/3930400
120	82	7	11	-213/245650
120	82	7	13	-213/245650
120	82	8	9	-94263/15721600
120	82	10	11	-213/245650
120	82	10	13	-213/245650
120	83	2	7	14778207/1336336000
120	83	2	15	-6253443/10690688000
120	83	3	10	14778207/1336336000
120	83	3	14	-6253443/10690688000
120	83	4	7	30537/20880250
120	83	4	10	30537/20880250
120	83	5	10	14778207/1336336000
120	83	5	12	-6253443/10690688000
120	83	6	7	30537/20880250
120	83	6	10	30537/20880250
120	83	7	9	14778207/1336336000
120	83	7	11	30537/20880250
120	83	7	13	30537/20880250
120	83	8	9	-6253443/10690688000
120	83	10	11	30537/20880250
120	83	10	13	30537/20880250
120	84	2	7	809943057/454354240000
120	84	2	15	1492462017/7269667840000
120	84	3	10	809943057/454354240000
120	84	3	14	1492462017/7269667840000
120	84	4	7	-231903/1774821250
120	84	4	10	-231903/1774821250
120	84	5	10	809943057/454354240000
120	84	5	12	1492462017/7269667840000
120	84	6	7	-231903/1774821250
120	84	6	10	-231903/1774821250
120	84	7	9	809943057/454354240000
120	84	7	11	-231903/1774821250
120	84	7	13	-231903/1774821250
120	84	8	9	1492462017/7269667840000
120	84	10	11	-231903/1774821250
120	84	10	13	-231903/1774821250
120	85	2	7	-470496033/154480441600000
120	85	2	15	175278780117/4943374131200000
120	85	3	10	-470496033/154480441600000
120	85	3	14	175278780117/4943374131200000
120	85	4	7	-8731233/150859806250
120	85	4	10	-8731233/150859806250
120	85	5	10	-470496033/154480441600000
120	85	5	12	175278780117/4943374131200000
120	85	6	7	-8731233/150859806250
120	85	6	10	-8731233/150859806250
120	85	7	9	-470496033/154480441600000
120	85	7	11	-8731233/150859806250
120	85	7	13	-8731233/150859806250
120	85	8	9	175278780117/4943374131200000
120	85	10	11	-8731233/150859806250
120	85	10	13	-8731233/150859806250
120	86	3	3	1
120	86	3	8	2
120	86	4	4	1
120	86	4	11	2
120	87	2	2	108/595
120	87	2	7	-48/595
120	87	3	3	108/595
120	87	3	10	-48/595
120	88	2	2	109248/6018425
120	88	2	7	-158496/6018425
120	88	3	3	109248/6018425
120	88	3	10	-158496/6018425
120	89	2	2	-7433856/3580962875
120	89	2	7	12351744/3580962875
120	89	3	3	-7433856/3580962875
120	89	3	10	12351744/3580962875
120	90	2	2	-2572259328/2130672910625
120	90	2	7	2088405504/2130672910625
120	90	3	3	-2572259328/2130672910625
120	90	3	10	2088405504/2130672910625
120	91	2	2	-144867999744/1267750381821875
120	91	2	7	-298761302016/1267750381821875
120	91	3	3	-144867999744/1267750381821875
120	91	3	10	-298761302016/1267750381821875
120	92	2	3	2
120	93	1	2	696/1139
120	94	1	2	3435744/22054457
120	95	1	2	721111680/25120026523
120	96	1	2	42711224832/28611710209697
120	97	1	2	-45131920754688/32588737928844883
121	56	5	15	1
121	56	5	16	1
121	57	4	14	114/493
121	57	4	15	114/493
121	58	4	14	174880/4131833
121	58	4	15	174880/4131833
121	59	4	14	9436464/2036993669
121	59	4	15	9436464/2036993669
121	60	4	14	-19057999104/53224607577301
121	60	4	15	-19057999104/53224607577301
121	61	4	14	-7933252893696/26239731535609393
121	61	4	15	-7933252893696/26239731535609393
121	62	3	13	2
121	62	3	15	2
121	62	12	15	2
121	62	13	14	2
121	63	2	12	99/221
121	63	2	14	99/221
121	63	11	14	-2/13
121	63	12	13	-2/13
121	64	2	12	125329/1660594
121	64	2	14	125329/1660594
121	64	11	14	-10818/830297
121	64	12	13	-10818/830297
121	65	2	12	4232547/733982548
121	65	2	14	4232547/733982548
121	65	11	14	52106/10793861
121	65	12	13	52106/10793861
121	66	2	12	-1575944811/1011427951144
121	66	2	14	-1575944811/1011427951144
121	66	11	14	171066266/2149284396181
121	66	12	13	171066266/2149284396181
121	67	2	12	-5069849564241/7599869624896016
121	67	2	14	-5069849564241/7599869624896016
121	67	11	14	-6577394922/27940697150353
121	67	12	13	-6577394922/27940697150353
121	74	4	5	2/3
121	74	6	7	2/3
121	74	10	11	2/3
121	75	3	4	40/323
121	75	5	6	40/323
121	75	9	10	40/323
121	76	3	4	25714/1773593
121	76	5	6	25714/1773593
121	76	9	10	25714/1773593
121	77	3	4	-267480/572870539
121	77	5	6	-267480/572870539
121	77	9	10	-267480/572870539
121	78	3	4	-6413382954/9806970757141
121	78	5	6	-6413382954/9806970757141
121	78	9	10	-6413382954/9806970757141
121	79	3	4	-19896348600/186332444385679
121	79	5	6	-19896348600/186332444385679
121	79	9	10	-19896348600/186332444385679
121	80	3	9	1/2
121	80	3	17	1/2
121	80	4	13	1/2
121	80	4	17	1/2
121	80	6	15	1/2
121	80	6	17	1/2
121	80	10	16	1/2
121	80	10	17	1/2
121	81	2	8	141/1360
121	81	2	16	-3/68
121	81	3	12	141/1360
121	81	3	16	-3/68
121	81	5	14	141/1360
121	81	5	16	-3/68
121	81	9	15	141/1360
121	81	9	16	-3/68
121	82	2	8	242697/15721600
121	82	2	16	-213/98260
121	82	3	12	242697/15721600
121	82	3	16	-213/98260
121	82	5	14	242697/15721600
121	82	5	16	-213/98260
121	82	9	15	242697/15721600
121	82	9	16	-213/98260
121	83	2	8	7351317/10690688000
121	83	2	16	1053/835210
121	83	3	12	7351317/10690688000
121	83	3	16	1053/835210
121	83	5	14	7351317/10690688000
121	83	5	16	1053/835210
121	83	9	15	7351317/10690688000
121	83	9	16	1053/835210
121	84	2	8	-164546709579/385292395520000
121	84	2	16	-613089/15050484200
121	84	3	12	-164546709579/385292395520000
121	84	3	16	-613089/15050484200
121	84	5	14	-164546709579/385292395520000
121	84	5	16	-613089/15050484200
121	84	9	15	-164546709579/385292395520000
121	84	9	16	-613089/15050484200
121	85	2	8	-33743015030799/261998828953600000
121	85	2	16	-5587623/102343292560
121	85	3	12	-33743015030799/261998828953600000
121	85	3	16	-5587623/102343292560
121	85	5	14	-33743015030799/261998828953600000
121	85	5	16	-5587623/102343292560
121	85	9	15	-33743015030799/261998828953600000
121	85	9	16	-5587623/102343292560
121	86	8	14	2
121	86	11	14	2
121	87	7	13	-3/17
121	87	10	13	-3/17
121	88	7	13	-4173/343910
121	88	10	13	-4173/343910
121	89	7	13	69687/11692940
121	89	10	13	69687/11692940
121	90	7	13	-47972979/737473725800
121	90	10	13	-47972979/737473725800
121	91	7	13	-1550356443/5014821335440
121	91	10	13	-1550356443/5014821335440
121	92	2	11	2
121	92	3	11	2
121	92	4	4	1
121	92	4	11	2
121	92	6	6	1
121	92	6	11	2
121	93	1	10	708/1139
121	93	2	10	-252/1139
121	93	3	3	387/2278
121	93	3	10	-12/1139
121	93	5	5	387/2278
121	93	5	10	-12/1139
121	94	1	10	3622368/22054457
121	94	2	10	-98592/22054457
121	94	3	3	1269321/88217828
121	94	3	10	-637152/22054457
121	94	5	5	1269321/88217828
121	94	5	10	-637152/22054457
121	95	1	10	830348064/25120026523
121	95	2	10	173293344/25120026523
121	95	3	3	-496978821/200960212184
121	95	3	10	11483424/25120026523
121	95	5	5	-496978821/200960212184
121	95	5	10	11483424/25120026523
121	96	1	10	4693050441216/1516420641113941
121	96	2	10	-934837645824/1516420641113941
121	96	3	3	-25926312947787/24262730257823056
121	96	3	10	1826551835136/1516420641113941
121	96	5	5	-25926312947787/24262730257823056
121	96	5	10	1826551835136/1516420641113941
121	97	1	10	-1745662192376832/1727203110228778799
121	97	2	10	-535752391007232/1727203110228778799
121	97	3	3	-3011269193172513/55270499527320921568
121	97	3	10	-54942661573632/1727203110228778799
121	97	5	5	-3011269193172513/55270499527320921568
121	97	5	10	-54942661573632/1727203110228778799
122	56	9	15	1/2
122	56	9	16	1/2
122	56	13	15	1/2
122	56	13	16	1/2
122	57	8	14	-3/29
122	57	8	15	-3/29
122	57	12	14	-3/29
122	57	12	15	-3/29
122	58	8	14	68830/4131833
122	58	8	15	68830/4131833
122	58	12	14	68830/4131833
122	58	12	15	68830/4131833
122	59	8	14	-177732/119823157
122	59	8	15	-177732/119823157
122	59	12	14	-177732/119823157
122	59	12	15	-177732/119823157
122	60	8	14	-9178013592/53224607577301
122	60	8	15	-9178013592/53224607577301
122	60	12	14	-9178013592/53224607577301
122	60	12	15	-9178013592/53224607577301
122	61	8	14	148480357392/1543513619741729
122	61	8	15	148480357392/1543513619741729
122	61	12	14	148480357392/1543513619741729
122	61	12	15	148480357392/1543513619741729
122	62	5	11	1
122	62	5	14	1
122	62	7	11	1
122	62	7	12	1
122	62	9	12	1
122	62	9	14	1
122	63	4	10	60/221
122	63	4	13	82/221
122	63	6	10	60/221
122	63	6	11	82/221
122	63	8	11	-12/221
122	63	8	13	-12/221
122	64	4	10	52412/830297
122	64	4	13	105520/830297
122	64	6	10	52412/830297
122	64	6	11	105520/830297
122	64	8	11	-6340/830297
122	64	8	13	-6340/830297
122	65	4	10	2090160/183495637
122	65	4	13	7211408/183495637
122	65	6	10	2090160/183495637
122	65	6	11	7211408/183495637
122	65	8	11	286992/183495637
122	65	8	13	286992/183495637
122	66	4	10	2311518096/2149284396181
122	66	4	13	22640448256/2149284396181
122	66	6	10	2311518096/2149284396181
122	66	6	11	22640448256/2149284396181
122	66	8	11	311323536/2149284396181
122	66	8	13	311323536/2149284396181
122	67	4	10	-96914491200/474991851556001
122	67	4	13	1057267139072/474991851556001
122	67	6	10	-96914491200/474991851556001
122	67	6	11	1057267139072/474991851556001
122	67	8	11	-33879425472/474991851556001
122	67	8	13	-33879425472/474991851556001
122	68	3	5	1/3
122	68	3	7	1/3
122	68	4	5	1/3
122	68	4	8	1/3
122	68	6	7	1/3
122	68	6	8	1/3
122	69	2	4	46/765
122	69	2	6	46/765
122	69	3	4	46/765
122	69	3	7	46/765
122	69	5	6	46/765
122	69	5	7	46/765
122	70	2	4	7484/1105425
122	70	2	6	7484/1105425
122	70	3	4	7484/1105425
122	70	3	7	7484/1105425
122	70	5	6	7484/1105425
122	70	5	7	7484/1105425
122	71	2	4	-211048/845650125
122	71	2	6	-211048/845650125
122	71	3	4	-211048/845650125
122	71	3	7	-211048/845650125
122	71	5	6	-211048/845650125
122	71	5	7	-211048/845650125
122	72	2	4	-201067312/672291849375
122	72	2	6	-201067312/672291849375
122	72	3	4	-201067312/672291849375
122	72	3	7	-201067312/672291849375
122	72	5	6	-201067312/672291849375
122	72	5	7	-201067312/672291849375
122	73	2	4	-44507357408/971461722346875
122	73	2	6	-44507357408/971461722346875
122	73	3	4	-44507357408/971461722346875
122	73	3	7	-44507357408/971461722346875
122	73	5	6	-44507357408/971461722346875
122	73	5	7	-44507357408/971461722346875
122	74	4	7	1/3
122	74	4	11	1/3
122	74	5	6	1/3
122	74	5	10	1/3
122	74	6	11	1/3
122	74	7	10	1/3
122	75	3	6	39/323
122	75	3	10	39/323
122	75	4	5	39/323
122	75	4	9	39/323
122	75	5	10	39/323
122	75	6	9	39/323
122	76	3	6	71149/1773593
122	76	3	10	71149/1773593
122	76	4	5	71149/1773593
122	76	4	9	71149/1773593
122	76	5	10	71149/1773593
122	76	6	9	71149/1773593
122	77	3	6	6821685/572870539
122	77	3	10	6821685/572870539
122	77	4	5	6821685/572870539
122	77	4	9	6821685/572870539
122	77	5	10	6821685/572870539
122	77	6	9	6821685/572870539
122	78	3	6	29436994431/9806970757141
122	78	3	10	29436994431/9806970757141
122	78	4	5	29436994431/9806970757141
122	78	4	9	29436994431/9806970757141
122	78	5	10	29436994431/9806970757141
122	78	6	9	29436994431/9806970757141
122	79	3	6	1784724880419/3167651554556543
122	79	3	10	1784724880419/3167651554556543
122	79	4	5	1784724880419/3167651554556543
122	79	4	9	1784724880419/3167651554556543
122	79	5	10	1784724880419/3167651554556543
122	79	6	9	1784724880419/3167651554556543
122	80	5	9	1/4
122	80	5	13	1/4
122	80	7	9	1/4
122	80	7	15	1/4
122	80	12	13	1/4
122	80	12	16	1/4
122	80	14	15	1/4
122	80	14	16	1/4
122	81	4	8	-39/680
122	81	4	12	-39/680
122	81	6	8	-39/680
122	81	6	14	-39/680
122	81	11	12	-39/680
122	81	11	15	-39/680
122	81	13	14	-39/680
122	81	13	15	-39/680
122	82	4	8	20787/1965200
122	82	4	12	20787/1965200
122	82	6	8	20787/1965200
122	82	6	14	20787/1965200
122	82	11	12	20787/1965200
122	82	11	15	20787/1965200
122	82	13	14	20787/1965200
122	82	13	15	20787/1965200
122	83	4	8	-415233/334084000
122	83	4	12	-415233/334084000
122	83	6	8	-415233/334084000
122	83	6	14	-415233/334084000
122	83	11	12	-415233/334084000
122	83	11	15	-415233/334084000
122	83	13	14	-415233/334084000
122	83	13	15	-415233/334084000
122	84	4	8	-136493019/3010096840000
122	84	4	12	-136493019/3010096840000
122	84	6	8	-136493019/3010096840000
122	84	6	14	-136493019/3010096840000
122	84	11	12	-136493019/3010096840000
122	84	11	15	-136493019/3010096840000
122	84	13	14	-136493019/3010096840000
122	84	13	15	-136493019/3010096840000
122	85	4	8	32991982101/511716462800000
122	85	4	12	32991982101/511716462800000
122	85	6	8	32991982101/511716462800000
122	85	6	14	32991982101/511716462800000
122	85	11	12	32991982101/511716462800000
122	85	11	15	32991982101/511716462800000
122	85	13	14	32991982101/511716462800000
122	85	13	15	32991982101/511716462800000
122	86	3	7	1
122	86	3	9	1
122	86	4	12	1
122	86	4	13	1
122	86	6	11	1
122	86	6	13	1
122	86	7	11	1
122	86	8	10	1
122	86	8	12	1
122	86	9	10	1
122	87	2	6	6/35
122	87	2	8	-96/595
122	87	3	11	6/35
122	87	3	12	-96/595
122	87	5	10	429/1190
122	87	5	12	177/2380
122	87	6	10	-39/595
122	87	7	9	429/1190
122	87	7	11	-39/595
122	87	8	9	177/2380
122	88	2	6	105888/6018425
122	88	2	8	85692/6018425
122	88	3	11	105888/6018425
122	88	3	12	85692/6018425
122	88	5	10	2844777/24073700
122	88	5	12	-603087/96294800
122	88	6	10	-45123/6018425
122	88	7	9	2844777/24073700
122	88	7	11	-45123/6018425
122	88	8	9	-603087/96294800
122	89	2	6	-216432/210644875
122	89	2	8	5401728/3580962875
122	89	3	11	-216432/210644875
122	89	3	12	5401728/3580962875
122	89	5	10	976805973/28647703000
122	89	5	12	-508777119/229181624000
122	89	6	10	7296237/3580962875
122	89	7	9	976805973/28647703000
122	89	7	11	7296237/3580962875
122	89	8	9	-508777119/229181624000
122	90	2	6	-91964761344/112925664263125
122	90	2	8	-86150665584/112925664263125
122	90	3	11	-91964761344/112925664263125
122	90	3	12	-86150665584/112925664263125
122	90	5	10	14626918111221/1806810628210000
122	90	5	12	1177908131781/28908970051360000
122	90	6	10	770375853/6642686133125
122	90	7	9	14626918111221/1806810628210000
122	90	7	11	770375853/6642686133125
122	90	8	9	1177908131781/28908970051360000
122	91	2	6	-402887291904/3952398249209375
122	91	2	8	4171876545024/67190770236559375
122	91	3	11	-402887291904/3952398249209375
122	91	3	12	4171876545024/67190770236559375
122	91	5	10	2767598823552849/2150104647569900000
122	91	5	12	7091804839688757/68803348722236800000
122	91	6	10	-6691718316699/67190770236559375
122	91	7	9	2767598823552849/2150104647569900000
122	91	7	11	-6691718316699/67190770236559375
122	91	8	9	7091804839688757/68803348722236800000
122	92	2	5	1
122	92	2	7	1
122	92	3	5	1
122	92	3	7	1
122	93	1	4	366/1139
122	93	1	6	366/1139
122	93	2	4	-195/1139
122	93	2	6	-195/1139
122	94	1	4	2005500/22054457
122	94	1	6	2005500/22054457
122	94	2	4	374673/22054457
122	94	2	6	374673/22054457
122	95	1	4	535090536/25120026523
122	95	1	6	535090536/25120026523
122	95	2	4	32922045/25120026523
122	95	2	6	32922045/25120026523
122	96	1	4	5256281627856/1516420641113941
122	96	1	6	5256281627856/1516420641113941
122	96	2	4	-1318612787739/1516420641113941
122	96	2	6	-1318612787739/1516420641113941
122	97	1	4	72268565376096/1727203110228778799
122	97	1	6	72268565376096/1727203110228778799
122	97	2	4	165889971623025/1727203110228778799
122	97	2	6	165889971623025/1727203110228778799
122	98	3	8	1/4
122	98	3	12	1/4
122	98	4	7	1/4
122	98	4	11	1/4
122	98	6	11	1/4
122	98	6	12	1/4
122	98	7	10	1/4
122	98	8	10	1/4
122	99	2	7	-1/442
122	99	2	11	-1/442
122	99	3	6	-1/442
122	99	3	10	-1/442
122	99	5	10	-1/442
122	99	5	11	-1/442
122	99	6	9	-1/442
122	99	7	9	-1/442
122	100	2	7	-8737/2490891
122	100	2	11	-8737/2490891
122	100	3	6	-8737/2490891
122	100	3	10	-8737/2490891
122	100	5	10	-8737/2490891
122	100	5	11	-8737/2490891
122	100	6	9	-8737/2490891
122	100	7	9	-8737/2490891
122	101	2	7	17542/183495637
122	101	2	11	17542/183495637
122	101	3	6	17542/183495637
122	101	3	10	17542/183495637
122	101	5	10	17542/183495637
122	101	5	11	17542/183495637
122	101	6	9	17542/183495637
122	101	7	9	17542/183495637
122	102	2	7	305193268/2149284396181
122	102	2	11	305193268/2149284396181
122	102	3	6	305193268/2149284396181
122	102	3	10	305193268/2149284396181
122	102	5	10	305193268/2149284396181
122	102	5	11	305193268/2149284396181
122	102	6	9	305193268/2149284396181
122	102	7	9	305193268/2149284396181
122	103	2	7	-9230233784/1424975554668003
122	103	2	11	-9230233784/1424975554668003
122	103	3	6	-9230233784/1424975554668003
122	103	3	10	-9230233784/1424975554668003
122	103	5	10	-9230233784/1424975554668003
122	103	5	11	-9230233784/1424975554668003
122	103	6	9	-9230233784/1424975554668003
122	103	7	9	-9230233784/1424975554668003
123	56	9	15	1/2
123	56	9	16	1/2
123	56	13	15	1/2
123	56	13	16	1/2
123	57	8	14	36/493
123	57	8	15	36/493
123	57	12	14	36/493
123	57	12	15	36/493
123	58	8	14	23590/4131833
123	58	8	15	23590/4131833
123	58	12	14	23590/4131833
123	58	12	15	23590/4131833
123	59	8	14	-1249776/2036993669
123	59	8	15	-1249776/2036993669
123	59	12	14	-1249776/2036993669
123	59	12	15	-1249776/2036993669
123	60	8	14	-14099638392/53224607577301
123	60	8	15	-14099638392/53224607577301
123	60	12	14	-14099638392/53224607577301
123	60	12	15	-14099638392/53224607577301
123	61	8	14	-462199068864/26239731535609393
123	61	8	15	-462199068864/26239731535609393
123	61	12	14	-462199068864/26239731535609393
123	61	12	15	-462199068864/26239731535609393
123	62	11	13	1
123	62	11	15	1
123	62	12	15	1
123	62	12	17	1
123	62	13	14	1
123	62	14	17	1
123	63	10	12	111/884
123	63	10	14	111/884
123	63	11	14	61/221
123	63	11	16	-33/221
123	63	12	13	61/221
123	63	13	16	-33/221
123	64	10	12	62609/13284752
123	64	10	14	62609/13284752
123	64	11	14	54079/830297
123	64	11	16	9335/830297
123	64	12	13	54079/830297
123	64	13	16	9335/830297
123	65	10	12	-25650657/11743720768
123	65	10	14	-25650657/11743720768
123	65	11	14	2179103/183495637
123	65	11	16	297693/183495637
123	65	12	13	2179103/183495637
123	65	13	16	297693/183495637
123	66	10	12	-244504758267/550216805422336
123	66	10	14	-244504758267/550216805422336
123	66	11	14	2373098413/2149284396181
123	66	11	16	-1351723779/2149284396181
123	66	12	13	2373098413/2149284396181
123	66	13	16	-1351723779/2149284396181
123	67	10	12	967898409723/28611273881961472
123	67	10	14	967898409723/28611273881961472
123	67	11	14	-111904537759/474991851556001
123	67	11	16	14458806747/474991851556001
123	67	12	13	-111904537759/474991851556001
123	67	13	16	14458806747/474991851556001
123	68	3	13	1/3
123	68	3	15	1/3
123	68	4	13	1/3
123	68	4	16	1/3
123	68	6	15	1/3
123	68	6	16	1/3
123	69	2	12	61/765
123	69	2	14	61/765
123	69	3	12	61/765
123	69	3	15	61/765
123	69	5	14	61/765
123	69	5	15	61/765
123	70	2	12	16379/1105425
123	70	2	14	16379/1105425
123	70	3	12	16379/1105425
123	70	3	15	16379/1105425
123	70	5	14	16379/1105425
123	70	5	15	16379/1105425
123	71	2	12	1274717/845650125
123	71	2	14	1274717/845650125
123	71	3	12	1274717/845650125
123	71	3	15	1274717/845650125
123	71	5	14	1274717/845650125
123	71	5	15	1274717/845650125
123	72	2	12	-2438413019/11428961439375
123	72	2	14	-2438413019/11428961439375
123	72	3	12	-2438413019/11428961439375
123	72	3	15	-2438413019/11428961439375
123	72	5	14	-2438413019/11428961439375
123	72	5	15	-2438413019/11428961439375
123	73	2	12	-130123672133/971461722346875
123	73	2	14	-130123672133/971461722346875
123	73	3	12	-130123672133/971461722346875
123	73	3	15	-130123672133/971461722346875
123	73	5	14	-130123672133/971461722346875
123	73	5	15	-130123672133/971461722346875
123	74	4	9	1/3
123	74	4	13	1/3
123	74	6	9	1/3
123	74	6	15	1/3
123	74	10	13	1/3
123	74	10	15	1/3
123	75	3	8	25/323
123	75	3	12	25/323
123	75	5	8	25/323
123	75	5	14	25/323
123	75	9	12	25/323
123	75	9	14	25/323
123	76	3	8	25168/1773593
123	76	3	12	25168/1773593
123	76	5	8	25168/1773593
123	76	5	14	25168/1773593
123	76	9	12	25168/1773593
123	76	9	14	25168/1773593
123	77	3	8	881550/572870539
123	77	3	12	881550/572870539
123	77	5	8	881550/572870539
123	77	5	14	881550/572870539
123	77	9	12	881550/572870539
123	77	9	14	881550/572870539
123	78	3	8	-1279847952/9806970757141
123	78	3	12	-1279847952/9806970757141
123	78	5	8	-1279847952/9806970757141
123	78	5	14	-1279847952/9806970757141
123	78	9	12	-1279847952/9806970757141
123	78	9	14	-1279847952/9806970757141
123	79	3	8	-331476732000/3167651554556543
123	79	3	12	-331476732000/3167651554556543
123	79	5	8	-331476732000/3167651554556543
123	79	5	14	-331476732000/3167651554556543
123	79	9	12	-331476732000/3167651554556543
123	79	9	14	-331476732000/3167651554556543
123	86	6	15	1
123	86	6	17	1
123	86	10	16	1
123	86	10	17	1
123	86	14	15	1
123	86	14	16	1
123	87	5	14	129/595
123	87	5	16	-33/476
123	87	9	15	129/595
123	87	9	16	-33/476
123	87	13	14	-3/17
123	87	13	15	-3/17
123	88	5	14	208767/6018425
123	88	5	16	-144651/19258960
123	88	9	15	208767/6018425
123	88	9	16	-144651/19258960
123	88	13	14	3237/171955
123	88	13	15	3237/171955
123	89	5	14	7805403/3580962875
123	89	5	16	20429739/9167264960
123	89	9	15	7805403/3580962875
123	89	9	16	20429739/9167264960
123	89	13	14	2997/2923235
123	89	13	15	2997/2923235
123	90	5	14	-93319123059/112925664263125
123	90	5	16	122413870269/1156358802054400
123	90	9	15	-93319123059/112925664263125
123	90	9	16	122413870269/1156358802054400
123	90	13	14	-82385019/92184215725
123	90	13	15	-82385019/92184215725
123	91	5	14	-20254613611851/67190770236559375
123	91	5	16	-12370759212537/110085357955578880
123	91	9	15	-20254613611851/67190770236559375
123	91	9	16	-12370759212537/110085357955578880
123	91	13	14	37399077/313426333465
123	91	13	15	37399077/313426333465
123	92	2	13	1
123	92	2	15	1
123	92	4	12	1
123	92	4	13	1
123	92	6	14	1
123	92	6	15	1
123	92	8	12	1
123	92	8	14	1
123	93	1	12	372/1139
123	93	1	14	372/1139
123	93	3	11	489/2278
123	93	3	12	-309/2278
123	93	5	13	489/2278
123	93	5	14	-309/2278
123	93	7	11	-60/1139
123	93	7	13	-60/1139
123	94	1	12	2068716/22054457
123	94	1	14	2068716/22054457
123	94	3	11	2929809/88217828
123	94	3	12	487929/88217828
123	94	5	13	2929809/88217828
123	94	5	14	487929/88217828
123	94	7	11	-222612/22054457
123	94	7	13	-222612/22054457
123	95	1	12	558406224/25120026523
123	95	1	14	558406224/25120026523
123	95	3	11	322404057/200960212184
123	95	3	12	550813203/200960212184
123	95	5	13	322404057/200960212184
123	95	5	14	550813203/200960212184
123	95	7	11	47414160/25120026523
123	95	7	13	47414160/25120026523
123	96	1	12	5489749045008/1516420641113941
123	96	1	14	5489749045008/1516420641113941
123	96	3	11	-23207562145467/24262730257823056
123	96	3	12	-14656319303787/24262730257823056
123	96	5	13	-23207562145467/24262730257823056
123	96	5	14	-14656319303787/24262730257823056
123	96	7	11	411712244496/1516420641113941
123	96	7	13	411712244496/1516420641113941
123	97	1	12	23515479323712/1727203110228778799
123	97	1	14	23515479323712/1727203110228778799
123	97	3	11	-16802558543922291/55270499527320921568
123	97	3	12	-2706960893562009/55270499527320921568
123	97	5	13	-16802558543922291/55270499527320921568
123	97	5	14	-2706960893562009/55270499527320921568
123	97	7	11	-185692798468800/1727203110228778799
123	97	7	13	-185692798468800/1727203110228778799
123	104	3	7	1/2
123	104	3	11	1/2
123	104	4	8	1/2
123	104	4	12	1/2
123	104	6	11	1/2
123	104	6	12	1/2
123	104	7	10	1/2
123	104	8	10	1/2
123	105	2	6	-8/119
123	105	2	10	-8/119
123	105	3	7	-8/119
123	105	3	11	-8/119
123	105	5	10	1/68
123	105	5	11	1/68
123	105	6	9	1/68
123	105	7	9	1/68
123	106	2	6	1586/722211
123	106	2	10	1586/722211
123	106	3	7	1586/722211
123	106	3	11	1586/722211
123	106	5	10	-5291/825384
123	106	5	11	-5291/825384
123	106	6	9	-5291/825384
123	106	7	9	-5291/825384
123	107	2	6	44256/28647703
123	107	2	10	44256/28647703
123	107	3	7	44256/28647703
123	107	3	11	44256/28647703
123	107	5	10	-5529/9354352
123	107	5	11	-5529/9354352
123	107	6	9	-5529/9354352
123	107	7	9	-5529/9354352
123	108	2	6	-55735416/180681062821
123	108	2	10	-55735416/180681062821
123	108	3	7	-55735416/180681062821
123	108	3	11	-55735416/180681062821
123	108	5	10	27753237/117995796128
123	108	5	11	27753237/117995796128
123	108	6	9	27753237/117995796128
123	108	7	9	27753237/117995796128
123	109	2	6	-141875072/3794302319241
123	109	2	10	-141875072/3794302319241
123	109	3	7	-141875072/3794302319241
123	109	3	11	-141875072/3794302319241
123	109	5	10	457676927/12035571205056
123	109	5	11	457676927/12035571205056
123	109	6	9	457676927/12035571205056
123	109	7	9	457676927/12035571205056
124	56	15	17	1
124	56	16	17	1
124	57	14	16	-144/493
124	57	15	16	-144/493
124	58	14	16	319568/4131833
124	58	15	16	319568/4131833
124	59	14	16	-36529920/2036993669
124	59	15	16	-36529920/2036993669
124	60	14	16	179946955008/53224607577301
124	60	15	16	179946955008/53224607577301
124	61	14	16	-10684099252224/26239731535609393
124	61	15	16	-10684099252224/26239731535609393
124	62	9	12	2
124	62	9	14	2
124	63	8	11	132/221
124	63	8	13	132/221
124	64	8	11	133336/830297
124	64	8	13	133336/830297
124	65	8	11	6850800/183495637
124	65	8	13	6850800/183495637
124	66	8	11	14717144736/2149284396181
124	66	8	13	14717144736/2149284396181
124	67	8	11	330329938752/474991851556001
124	67	8	13	330329938752/474991851556001
124	68	5	11	2/3
124	68	5	12	2/3
124	68	7	11	2/3
124	68	7	14	2/3
124	68	8	12	2/3
124	68	8	14	2/3
124	69	4	10	152/765
124	69	4	11	152/765
124	69	6	10	152/765
124	69	6	13	152/765
124	69	7	11	152/765
124	69	7	13	152/765
124	70	4	10	6432/122825
124	70	4	11	6432/122825
124	70	6	10	6432/122825
124	70	6	13	6432/122825
124	70	7	11	6432/122825
124	70	7	13	6432/122825
124	71	4	10	9745024/845650125
124	71	4	11	9745024/845650125
124	71	6	10	9745024/845650125
124	71	6	13	9745024/845650125
124	71	7	11	9745024/845650125
124	71	7	13	9745024/845650125
124	72	4	10	20710164992/11428961439375
124	72	4	11	20710164992/11428961439375
124	72	6	10	20710164992/11428961439375
124	72	6	13	20710164992/11428961439375
124	72	7	11	20710164992/11428961439375
124	72	7	13	20710164992/11428961439375
124	73	4	10	18415843328/323820574115625
124	73	4	11	18415843328/323820574115625
124	73	6	10	18415843328/323820574115625
124	73	6	13	18415843328/323820574115625
124	73	7	11	18415843328/323820574115625
124	73	7	13	18415843328/323820574115625
124	74	4	15	2/3
124	74	6	13	2/3
124	74	9	10	2/3
124	75	3	14	88/323
124	75	5	12	88/323
124	75	8	9	88/323
124	76	3	14	186680/1773593
124	76	5	12	186680/1773593
124	76	8	9	186680/1773593
124	77	3	14	21792672/572870539
124	77	5	12	21792672/572870539
124	77	8	9	21792672/572870539
124	78	3	14	124135511904/9806970757141
124	78	5	12	124135511904/9806970757141
124	78	8	9	124135511904/9806970757141
124	79	3	14	11953960242048/3167651554556543
124	79	5	12	11953960242048/3167651554556543
124	79	8	9	11953960242048/3167651554556543
124	86	7	7	1
124	86	7	15	2
124	86	12	12	1
124	86	12	16	2
124	87	6	6	3/595
124	87	6	14	-276/595
124	87	11	11	3/595
124	87	11	15	-276/595
124	88	6	6	-59487/6018425
124	88	6	14	528216/6018425
124	88	11	11	-59487/6018425
124	88	11	15	528216/6018425
124	89	6	6	-536301/3580962875
124	89	6	14	-39972528/3580962875
124	89	11	11	-536301/3580962875
124	89	11	15	-39972528/3580962875
124	90	6	6	31841749701/112925664263125
124	90	6	14	-4795560288/112925664263125
124	90	11	11	31841749701/112925664263125
124	90	11	15	-4795560288/112925664263125
124	91	6	6	28196015679/3952398249209375
124	91	6	14	31777137584064/67190770236559375
124	91	11	11	28196015679/3952398249209375
124	91	11	15	31777137584064/67190770236559375
124	92	2	9	2
124	92	8	10	2
124	92	9	10	2
124	93	1	8	768/1139
124	93	7	9	912/1139
124	93	8	9	276/1139
124	94	1	8	4556832/22054457
124	94	7	9	6613152/22054457
124	94	8	9	190824/22054457
124	95	1	8	1399099392/25120026523
124	95	7	9	2599112448/25120026523
124	95	8	9	-99707760/25120026523
124	96	1	8	18706037543424/1516420641113941
124	96	7	9	48655412273664/1516420641113941
124	96	8	9	-1173591625824/1516420641113941
124	97	1	8	3142675822215168/1727203110228778799
124	97	7	9	14718807930949632/1727203110228778799
124	97	8	9	101645473513536/1727203110228778799
124	98	3	9	1/2
124	98	3	13	1/2
124	98	4	9	1/2
124	98	4	13	1/2
124	98	6	15	1/2
124	98	6	16	1/2
124	98	10	15	1/2
124	98	10	16	1/2
124	99	2	8	-18/221
124	99	2	12	-18/221
124	99	3	8	-18/221
124	99	3	12	-18/221
124	99	5	14	-18/221
124	99	5	15	-18/221
124	99	9	14	-18/221
124	99	9	15	-18/221
124	100	2	8	18280/2490891
124	100	2	12	18280/2490891
124	100	3	8	18280/2490891
124	100	3	12	18280/2490891
124	100	5	14	18280/2490891
124	100	5	15	18280/2490891
124	100	9	14	18280/2490891
124	100	9	15	18280/2490891
124	101	2	8	135072/183495637
124	101	2	12	135072/183495637
124	101	3	8	135072/183495637
124	101	3	12	135072/183495637
124	101	5	14	135072/183495637
124	101	5	15	135072/183495637
124	101	9	14	135072/183495637
124	101	9	15	135072/183495637
124	102	2	8	-835914112/2149284396181
124	102	2	12	-835914112/2149284396181
124	102	3	8	-835914112/2149284396181
124	102	3	12	-835914112/2149284396181
124	102	5	14	-835914112/2149284396181
124	102	5	15	-835914112/2149284396181
124	102	9	14	-835914112/2149284396181
124	102	9	15	-835914112/2149284396181
124	103	2	8	15972337152/474991851556001
124	103	2	12	15972337152/474991851556001
124	103	3	8	15972337152/474991851556001
124	103	3	12	15972337152/474991851556001
124	103	5	14	15972337152/474991851556001
124	103	5	15	15972337152/474991851556001
124	103	9	14	15972337152/474991851556001
124	103	9	15	15972337152/474991851556001
124	104	3	5	1
124	104	4	5	1
124	105	2	4	-24/119
124	105	3	4	-24/119
124	106	2	4	21424/722211
124	106	3	4	21424/722211
124	107	2	4	-44160/28647703
124	107	3	4	-44160/28647703
124	108	2	4	-123352832/180681062821
124	108	3	4	-123352832/180681062821
124	109	2	4	4658251776/21501046475699
124	109	3	4	4658251776/21501046475699
125	56	15	17	1
125	56	16	17	1
125	57	14	16	30/493
125	57	15	16	30/493
125	58	14	16	-24256/4131833
125	58	15	16	-24256/4131833
125	59	14	16	-3101040/2036993669
125	59	15	16	-3101040/2036993669
125	60	14	16	3490977024/53224607577301
125	60	15	16	3490977024/53224607577301
125	61	14	16	1568162073600/26239731535609393
125	61	15	16	1568162073600/26239731535609393
125	62	12	17	2
125	62	14	17	2
125	63	11	16	90/221
125	63	13	16	90/221
125	64	11	16	51118/830297
125	64	13	16	51118/830297
125	65	11	16	704430/183495637
125	65	13	16	704430/183495637
125	66	11	16	-2614287942/2149284396181
125	66	13	16	-2614287942/2149284396181
125	67	11	16	-205515301950/474991851556001
125	67	13	16	-205515301950/474991851556001
125	68	11	13	2/3
125	68	11	15	2/3
125	68	12	13	2/3
125	68	12	16	2/3
125	68	14	15	2/3
125	68	14	16	2/3
125	69	10	12	92/765
125	69	10	14	92/765
125	69	11	12	92/765
125	69	11	15	92/765
125	69	13	14	92/765
125	69	13	15	92/765
125	70	10	12	14888/1105425
125	70	10	14	14888/1105425
125	70	11	12	14888/1105425
125	70	11	15	14888/1105425
125	70	13	14	14888/1105425
125	70	13	15	14888/1105425
125	71	10	12	-455216/845650125
125	71	10	14	-455216/845650125
125	71	11	12	-455216/845650125
125	71	11	15	-455216/845650125
125	71	13	14	-455216/845650125
125	71	13	15	-455216/845650125
125	72	10	12	-6939116128/11428961439375
125	72	10	14	-6939116128/11428961439375
125	72	11	12	-6939116128/11428961439375
125	72	11	15	-6939116128/11428961439375
125	72	13	14	-6939116128/11428961439375
125	72	13	15	-6939116128/11428961439375
125	73	10	12	-88644065216/971461722346875
125	73	10	14	-88644065216/971461722346875
125	73	11	12	-88644065216/971461722346875
125	73	11	15	-88644065216/971461722346875
125	73	13	14	-88644065216/971461722346875
125	73	13	15	-88644065216/971461722346875
125	74	4	17	2/3
125	74	6	17	2/3
125	74	10	17	2/3
125	75	3	16	60/323
125	75	5	16	60/323
125	75	9	16	60/323
125	76	3	16	78842/1773593
125	76	5	16	78842/1773593
125	76	9	16	78842/1773593
125	77	3	16	4763340/572870539
125	77	5	16	4763340/572870539
125	77	9	16	4763340/572870539
125	78	3	16	8299305414/9806970757141
125	78	5	16	8299305414/9806970757141
125	78	9	16	8299305414/9806970757141
125	79	3	16	-439654043700/3167651554556543
125	79	5	16	-439654043700/3167651554556543
125	79	9	16	-439654043700/3167651554556543
125	92	2	17	2
125	92	10	16	2
125	92	10	17	2
125	92	12	12	1
125	92	12	16	2
125	92	14	14	1
125	92	14	16	2
125	93	1	16	780/1139
125	93	9	15	552/1139
125	93	9	16	-84/1139
125	93	11	11	219/2278
125	93	11	15	-390/1139
125	93	13	13	219/2278
125	93	13	15	-390/1139
125	94	1	16	4623072/22054457
125	94	9	15	2041656/22054457
125	94	9	16	-488352/22054457
125	94	11	11	-281319/88217828
125	94	11	15	744522/22054457
125	94	13	13	-281319/88217828
125	94	13	15	744522/22054457
125	95	1	16	1375302240/25120026523
125	95	9	15	260820000/25120026523
125	95	9	16	66570336/25120026523
125	95	11	11	-541944189/200960212184
125	95	11	15	68666130/25120026523
125	95	13	13	-541944189/200960212184
125	95	13	15	68666130/25120026523
125	96	1	16	16519773961728/1516420641113941
125	96	9	15	-1473078822624/1516420641113941
125	96	9	16	1051007768064/1516420641113941
125	96	11	11	-3829334988843/24262730257823056
125	96	11	15	-2671855653222/1516420641113941
125	96	13	13	-3829334988843/24262730257823056
125	96	13	15	-2671855653222/1516420641113941
125	97	1	16	1657801336089600/1727203110228778799
125	97	9	15	-1356886118475648/1727203110228778799
125	97	9	16	-262831605249024/1727203110228778799
125	97	11	11	6201142345162359/55270499527320921568
125	97	11	15	327628750626450/1727203110228778799
125	97	13	13	6201142345162359/55270499527320921568
125	97	13	15	327628750626450/1727203110228778799
125	104	6	15	1
125	104	6	16	1
125	104	10	15	1
125	104	10	16	1
125	105	5	14	-2/17
125	105	5	15	-2/17
125	105	9	14	-2/17
125	105	9	15	-2/17
125	106	5	14	64/103173
125	106	5	15	64/103173
125	106	9	14	64/103173
125	106	9	15	64/103173
125	107	5	14	1776/584647
125	107	5	15	1776/584647
125	107	9	14	1776/584647
125	107	9	15	1776/584647
125	108	5	14	-1481472/3687368629
125	108	5	15	-1481472/3687368629
125	108	9	14	-1481472/3687368629
125	108	9	15	-1481472/3687368629
125	109	5	14	-19569664/188055800079
125	109	5	15	-19569664/188055800079
125	109	9	14	-19569664/188055800079
125	109	9	15	-19569664/188055800079
125	110	3	5	1/6
125	110	3	7	1/6
125	110	3	11	1/6
125	110	4	5	1/6
125	110	4	8	1/6
125	110	4	12	1/6
125	110	6	7	1/6
125	110	6	8	1/6
125	110	6	14	1/6
125	110	10	11	1/6
125	110	10	12	1/6
125	110	10	14	1/6
125	111	2	4	-7/272
125	111	2	6	-7/272
125	111	2	10	-7/272
125	111	3	4	-7/272
125	111	3	7	-7/272
125	111	3	11	-7/272
125	111	5	6	-7/272
125	111	5	7	-7/272
125	111	5	13	-7/272
125	111	9	10	-7/272
125	111	9	11	-7/272
125	111	9	13	-7/272
125	112	2	4	1135/628864
125	112	2	6	1135/628864
125	112	2	10	1135/628864
125	112	3	4	1135/628864
125	112	3	7	1135/628864
125	112	3	11	1135/628864
125	112	5	6	1135/628864
125	112	5	7	1135/628864
125	112	5	13	1135/628864
125	112	9	10	1135/628864
125	112	9	11	1135/628864
125	112	9	13	1135/628864
125	113	2	4	33453/85525504
125	113	2	6	33453/85525504
125	113	2	10	33453/85525504
125	113	3	4	33453/85525504
125	113	3	7	33453/85525504
125	113	3	11	33453/85525504
125	113	5	6	33453/85525504
125	113	5	7	33453/85525504
125	113	5	13	33453/85525504
125	113	9	10	33453/85525504
125	113	9	11	33453/85525504
125	113	9	13	33453/85525504
125	114	2	4	-82642113/616467832832
125	114	2	6	-82642113/616467832832
125	114	2	10	-82642113/616467832832
125	114	3	4	-82642113/616467832832
125	114	3	7	-82642113/616467832832
125	114	3	11	-82642113/616467832832
125	114	5	6	-82642113/616467832832
125	114	5	7	-82642113/616467832832
125	114	5	13	-82642113/616467832832
125	114	9	10	-82642113/616467832832
125	114	9	11	-82642113/616467832832
125	114	9	13	-82642113/616467832832
125	115	2	4	193864293/83839625265152
125	115	2	6	193864293/83839625265152
125	115	2	10	193864293/83839625265152
125	115	3	4	193864293/83839625265152
125	115	3	7	193864293/83839625265152
125	115	3	11	193864293/83839625265152
125	115	5	6	193864293/83839625265152
125	115	5	7	193864293/83839625265152
125	115	5	13	193864293/83839625265152
125	115	9	10	193864293/83839625265152
125	115	9	11	193864293/83839625265152
125	115	9	13	193864293/83839625265152
126	56	5	5	4
126	57	4	4	-480/493
126	58	4	4	782928/4131833
126	59	4	4	-46846080/2036993669
126	60	4	4	-64767231936/53224607577301
126	61	4	4	38069053401600/26239731535609393
126	62	3	8	16
126	63	2	7	-72/221
126	64	2	7	-170460/830297
126	65	2	7	2350782/183495637
126	66	2	7	16290430101/2149284396181
126	67	2	7	-766850920029/949983703112002
126	80	3	10	4
126	80	4	6	4
126	81	2	9	243/170
126	81	3	5	243/170
126	82	2	9	902313/1965200
126	82	3	5	902313/1965200
126	83	2	9	169923339/1336336000
126	83	3	5	169923339/1336336000
126	84	2	9	1328049414261/48161549440000
126	84	3	5	1328049414261/48161549440000
126	85	2	9	6120881814879/1926461977600000
126	85	3	5	6120881814879/1926461977600000
126	98	2	2	2
126	99	1	1	126/221
126	100	1	1	105618/830297
126	101	1	1	2958606/183495637
126	102	1	1	-4758672726/2149284396181
126	103	1	1	-879083389674/474991851556001
127	56	5	5	2
127	57	4	4	108/493
127	58	4	4	-6648/4131833
127	59	4	4	-11784528/2036993669
127	60	4	4	-32413382496/53224607577301
127	61	4	4	5596662610368/26239731535609393
127	62	3	16	8
127	63	2	15	-24/221
127	64	2	15	-93624/830297
127	65	2	15	849960/183495637
127	66	2	15	9849789864/2149284396181
127	67	2	15	-150454391544/474991851556001
127	74	3	8	8/3
127	74	3	12	8/3
127	74	3	14	8/3
127	75	2	7	-24/323
127	75	2	11	-24/323
127	75	2	13	-24/323
127	76	2	7	-65640/1773593
127	76	2	11	-65640/1773593
127	76	2	13	-65640/1773593
127	77	2	7	1838376/572870539
127	77	2	11	1838376/572870539
127	77	2	13	1838376/572870539
127	78	2	7	14444442936/9806970757141
127	78	2	11	14444442936/9806970757141
127	78	2	13	14444442936/9806970757141
127	79	2	7	-702992586744/3167651554556543
127	79	2	11	-702992586744/3167651554556543
127	79	2	13	-702992586744/3167651554556543
127	80	3	11	2
127	80	4	8	2
127	80	6	8	2
127	80	8	8	1
127	80	10	11	2
127	80	11	11	1
127	81	2	10	81/170
127	81	3	7	81/170
127	81	5	7	81/170
127	81	7	7	-33/170
127	81	9	10	81/170
127	81	10	10	-33/170
127	82	2	10	84177/982600
127	82	3	7	84177/982600
127	82	5	7	84177/982600
127	82	7	7	11673/491300
127	82	9	10	84177/982600
127	82	10	10	11673/491300
127	83	2	10	2386017/334084000
127	83	3	7	2386017/334084000
127	83	5	7	2386017/334084000
127	83	7	7	66231/83521000
127	83	9	10	2386017/334084000
127	83	10	10	66231/83521000
127	84	2	10	-11561627259/6020193680000
127	84	3	7	-11561627259/6020193680000
127	84	5	7	-11561627259/6020193680000
127	84	7	7	-879120459/752524210000
127	84	9	10	-11561627259/6020193680000
127	84	10	10	-879120459/752524210000
127	85	2	10	-1836190715499/2046865851200000
127	85	3	7	-1836190715499/2046865851200000
127	85	5	7	-1836190715499/2046865851200000
127	85	7	7	25541207307/127929115700000
127	85	9	10	-1836190715499/2046865851200000
127	85	10	10	25541207307/127929115700000
127	104	2	2	2
127	105	1	1	4/7
127	106	1	1	30792/240737
127	107	1	1	27536/1685159
127	108	1	1	-394958176/180681062821
127	109	1	1	-2353672896/1264767439747
128	56	5	9	1
128	56	5	13	1
128	57	4	8	-117/493
128	57	4	12	-117/493
128	58	4	8	191649/4131833
128	58	4	12	191649/4131833
128	59	4	8	-12813957/2036993669
128	59	4	12	-12813957/2036993669
128	60	4	8	5257725957/53224607577301
128	60	4	12	5257725957/53224607577301
128	61	4	8	6225303115863/26239731535609393
128	61	4	12	6225303115863/26239731535609393
128	62	3	8	2
128	62	3	9	2
128	62	5	5	1
128	62	5	8	2
128	62	7	7	1
128	62	7	8	2
128	62	8	11	2
128	63	2	7	147/221
128	63	2	8	-54/221
128	63	4	4	-58/221
128	63	4	7	-72/221
128	63	6	6	-58/221
128	63	6	7	-72/221
128	63	7	10	75/442
128	64	2	7	330537/1660594
128	64	2	8	6378/830297
128	64	4	4	47984/830297
128	64	4	7	25656/830297
128	64	6	6	47984/830297
128	64	6	7	25656/830297
128	64	7	10	-51639/6642376
128	65	2	7	37765035/733982548
128	65	2	8	821826/183495637
128	65	4	4	-1715408/183495637
128	65	4	7	401760/183495637
128	65	6	6	-1715408/183495637
128	65	6	7	401760/183495637
128	65	7	10	-25962525/5871860384
128	66	2	7	179932594293/17194275169448
128	66	2	8	-1784877606/2149284396181
128	66	4	4	1112588032/2149284396181
128	66	4	7	-3034939104/2149284396181
128	66	6	6	1112588032/2149284396181
128	66	6	7	-3034939104/2149284396181
128	66	7	10	-39730105611/275108402711168
128	67	2	7	8830226052207/7599869624896016
128	67	2	8	-39678745374/474991851556001
128	67	4	4	139299763712/474991851556001
128	67	4	7	71754968448/474991851556001
128	67	6	6	139299763712/474991851556001
128	67	6	7	71754968448/474991851556001
128	67	7	10	42403369458375/243195827996672512
128	68	3	8	2/3
128	68	4	7	2/3
128	68	5	6	2/3
128	69	2	7	-28/765
128	69	3	6	-28/765
128	69	4	5	-28/765
128	70	2	7	-21656/3316275
128	70	3	6	-21656/3316275
128	70	4	5	-21656/3316275
128	71	2	7	1096144/845650125
128	71	3	6	1096144/845650125
128	71	4	5	1096144/845650125
128	72	2	7	1913197472/11428961439375
128	72	3	6	1913197472/11428961439375
128	72	4	5	1913197472/11428961439375
128	73	2	7	-212419872448/2914385167040625
128	73	3	6	-212419872448/2914385167040625
128	73	4	5	-212419872448/2914385167040625
128	80	3	12	1/2
128	80	3	14	1/2
128	80	4	7	1/2
128	80	4	14	1/2
128	80	5	6	1/2
128	80	5	10	1/2
128	80	6	12	1/2
128	80	7	10	1/2
128	81	2	11	63/340
128	81	2	13	63/340
128	81	3	6	63/340
128	81	3	13	63/340
128	81	4	5	63/340
128	81	4	9	63/340
128	81	5	11	63/340
128	81	6	9	63/340
128	82	2	11	62163/982600
128	82	2	13	62163/982600
128	82	3	6	62163/982600
128	82	3	13	62163/982600
128	82	4	5	62163/982600
128	82	4	9	62163/982600
128	82	5	11	62163/982600
128	82	6	9	62163/982600
128	83	2	11	3247209/167042000
128	83	2	13	3247209/167042000
128	83	3	6	3247209/167042000
128	83	3	13	3247209/167042000
128	83	4	5	3247209/167042000
128	83	4	9	3247209/167042000
128	83	5	11	3247209/167042000
128	83	6	9	3247209/167042000
128	84	2	11	7745208741/1505048420000
128	84	2	13	7745208741/1505048420000
128	84	3	6	7745208741/1505048420000
128	84	3	13	7745208741/1505048420000
128	84	4	5	7745208741/1505048420000
128	84	4	9	7745208741/1505048420000
128	84	5	11	7745208741/1505048420000
128	84	6	9	7745208741/1505048420000
128	85	2	11	270413996643/255858231400000
128	85	2	13	270413996643/255858231400000
128	85	3	6	270413996643/255858231400000
128	85	3	13	270413996643/255858231400000
128	85	4	5	270413996643/255858231400000
128	85	4	9	270413996643/255858231400000
128	85	5	11	270413996643/255858231400000
128	85	6	9	270413996643/255858231400000
128	86	3	10	2
128	86	3	12	2
128	86	4	6	2
128	86	4	7	2
128	87	2	9	432/595
128	87	2	11	36/595
128	87	3	5	432/595
128	87	3	6	36/595
128	88	2	9	1437624/6018425
128	88	2	11	-137664/6018425
128	88	3	5	1437624/6018425
128	88	3	6	-137664/6018425
128	89	2	9	246297024/3580962875
128	89	2	11	-7830432/3580962875
128	89	3	5	246297024/3580962875
128	89	3	6	-7830432/3580962875
128	90	2	9	1816130732832/112925664263125
128	90	2	11	84346209792/112925664263125
128	90	3	5	1816130732832/112925664263125
128	90	3	6	84346209792/112925664263125
128	91	2	9	160580774391552/67190770236559375
128	91	2	11	8496666740736/67190770236559375
128	91	3	5	160580774391552/67190770236559375
128	91	3	6	8496666740736/67190770236559375
128	98	2	3	1/2
128	98	2	4	1/2
128	98	2	6	1/2
128	98	2	10	1/2
128	99	1	2	33/221
128	99	1	3	33/221
128	99	1	5	33/221
128	99	1	9	33/221
128	100	1	2	30890/830297
128	100	1	3	30890/830297
128	100	1	5	30890/830297
128	100	1	9	30890/830297
128	101	1	2	1228788/183495637
128	101	1	3	1228788/183495637
128	101	1	5	1228788/183495637
128	101	1	9	1228788/183495637
128	102	1	2	726191208/2149284396181
128	102	1	3	726191208/2149284396181
128	102	1	5	726191208/2149284396181
128	102	1	9	726191208/2149284396181
128	103	1	2	-8655307056/27940697150353
128	103	1	3	-8655307056/27940697150353
128	103	1	5	-8655307056/27940697150353
128	103	1	9	-8655307056/27940697150353
129	56	5	9	1
129	56	5	13	1
129	57	4	8	57/493
129	57	4	12	57/493
129	58	4	8	10689/4131833
129	58	4	12	10689/4131833
129	59	4	8	-4468743/2036993669
129	59	4	12	-4468743/2036993669
129	60	4	8	-18653590683/53224607577301
129	60	4	12	-18653590683/53224607577301
129	61	4	8	1259419693437/26239731535609393
129	61	4	12	1259419693437/26239731535609393
129	62	3	16	2
129	62	3	17	2
129	62	11	16	2
129	63	2	15	150/221
129	63	2	16	-3/13
129	63	10	15	-27/221
129	64	2	15	171282/830297
129	64	2	16	4281/1660594
129	64	10	15	-27543/1660594
129	65	2	15	9850950/183495637
129	65	2	16	226773/43175444
129	65	10	15	2900205/733982548
129	66	2	15	23092890858/2149284396181
129	66	2	16	-12582381483/17194275169448
129	66	10	15	327925989/1011427951144
129	67	2	15	484352196750/474991851556001
129	67	2	16	-68436769023/447051154405648
129	67	10	15	-1534100589207/7599869624896016
129	68	3	16	2/3
129	68	4	15	2/3
129	68	6	13	2/3
129	69	2	15	2/765
129	69	3	14	2/765
129	69	5	12	2/765
129	70	2	15	-30686/3316275
129	70	3	14	-30686/3316275
129	70	5	12	-30686/3316275
129	71	2	15	-92126/845650125
129	71	3	14	-92126/845650125
129	71	5	12	-92126/845650125
129	72	2	15	4236965642/11428961439375
129	72	3	14	4236965642/11428961439375
129	72	5	12	4236965642/11428961439375
129	73	2	15	21217384202/2914385167040625
129	73	3	14	21217384202/2914385167040625
129	73	5	12	21217384202/2914385167040625
129	74	5	8	2/3
129	74	5	12	2/3
129	74	7	8	2/3
129	74	7	14	2/3
129	74	11	12	2/3
129	74	11	14	2/3
129	75	4	7	-27/323
129	75	4	11	-27/323
129	75	6	7	-27/323
129	75	6	13	-27/323
129	75	10	11	-27/323
129	75	10	13	-27/323
129	76	4	7	7995/3547186
129	76	4	11	7995/3547186
129	76	6	7	7995/3547186
129	76	6	13	7995/3547186
129	76	10	11	7995/3547186
129	76	10	13	7995/3547186
129	77	4	7	4080213/2291482156
129	77	4	11	4080213/2291482156
129	77	6	7	4080213/2291482156
129	77	6	13	4080213/2291482156
129	77	10	11	4080213/2291482156
129	77	10	13	4080213/2291482156
129	78	4	7	-24965015913/78455766057128
129	78	4	11	-24965015913/78455766057128
129	78	6	7	-24965015913/78455766057128
129	78	6	13	-24965015913/78455766057128
129	78	10	11	-24965015913/78455766057128
129	78	10	13	-24965015913/78455766057128
129	79	4	7	-2140526820807/50682424872904688
129	79	4	11	-2140526820807/50682424872904688
129	79	6	7	-2140526820807/50682424872904688
129	79	6	13	-2140526820807/50682424872904688
129	79	10	11	-2140526820807/50682424872904688
129	79	10	13	-2140526820807/50682424872904688
129	80	3	13	1/2
129	80	3	15	1/2
129	80	4	9	1/2
129	80	4	16	1/2
129	80	6	9	1/2
129	80	6	16	1/2
129	80	10	13	1/2
129	80	10	15	1/2
129	81	2	12	171/1360
129	81	2	14	171/1360
129	81	3	8	171/1360
129	81	3	15	171/1360
129	81	5	8	171/1360
129	81	5	15	171/1360
129	81	9	12	171/1360
129	81	9	14	171/1360
129	82	2	12	404937/15721600
129	82	2	14	404937/15721600
129	82	3	8	404937/15721600
129	82	3	15	404937/15721600
129	82	5	8	404937/15721600
129	82	5	15	404937/15721600
129	82	9	12	404937/15721600
129	82	9	14	404937/15721600
129	83	2	12	37725507/10690688000
129	83	2	14	37725507/10690688000
129	83	3	8	37725507/10690688000
129	83	3	15	37725507/10690688000
129	83	5	8	37725507/10690688000
129	83	5	15	37725507/10690688000
129	83	9	12	37725507/10690688000
129	83	9	14	37725507/10690688000
129	84	2	12	-10133778699/385292395520000
129	84	2	14	-10133778699/385292395520000
129	84	3	8	-10133778699/385292395520000
129	84	3	15	-10133778699/385292395520000
129	84	5	8	-10133778699/385292395520000
129	84	5	15	-10133778699/385292395520000
129	84	9	12	-10133778699/385292395520000
129	84	9	14	-10133778699/385292395520000
129	85	2	12	-47140824425049/261998828953600000
129	85	2	14	-47140824425049/261998828953600000
129	85	3	8	-47140824425049/261998828953600000
129	85	3	15	-47140824425049/261998828953600000
129	85	5	8	-47140824425049/261998828953600000
129	85	5	15	-47140824425049/261998828953600000
129	85	9	12	-47140824425049/261998828953600000
129	85	9	14	-47140824425049/261998828953600000
129	86	6	8	2
129	86	8	8	1
129	86	10	11	2
129	86	11	11	1
129	87	5	7	261/595
129	87	7	7	-123/595
129	87	9	10	261/595
129	87	10	10	-123/595
129	88	5	7	835497/12036850
129	88	7	7	176553/6018425
129	88	9	10	835497/12036850
129	88	10	10	176553/6018425
129	89	5	7	49688397/14323851500
129	89	7	7	-1878579/3580962875
129	89	9	10	49688397/14323851500
129	89	10	10	-1878579/3580962875
129	90	5	7	-1869980273739/903405314105000
129	90	7	7	-123208664139/112925664263125
129	90	9	10	-1869980273739/903405314105000
129	90	10	10	-123208664139/112925664263125
129	91	5	7	-726274576660599/1075052323784950000
129	91	7	7	1069000678521/3952398249209375
129	91	9	10	-726274576660599/1075052323784950000
129	91	10	10	1069000678521/3952398249209375
129	92	3	12	2
129	92	3	14	2
129	93	2	11	18/1139
129	93	2	13	18/1139
129	94	2	11	-614718/22054457
129	94	2	13	-614718/22054457
129	95	2	11	-16646958/25120026523
129	95	2	13	-16646958/25120026523
129	96	2	11	1699829497674/1516420641113941
129	96	2	13	1699829497674/1516420641113941
129	97	2	11	76969047083418/1727203110228778799
129	97	2	13	76969047083418/1727203110228778799
129	104	2	6	1
129	104	2	10	1
129	105	1	5	5/17
129	105	1	9	5/17
129	106	1	5	2463/34391
129	106	1	9	2463/34391
129	107	1	5	7195/584647
129	107	1	9	7195/584647
129	108	1	5	1459621/3687368629
129	108	1	9	1459621/3687368629
129	109	1	5	-40491975/62685266693
129	109	1	9	-40491975/62685266693
130	56	5	17	2
130	57	4	16	-228/493
130	58	4	16	365304/4131833
130	59	4	16	-24188976/2036993669
130	60	4	16	14325416352/53224607577301
130	61	4	16	610927448256/1543513619741729
130	62	3	9	4
130	63	2	8	12/13
130	64	2	8	142548/830297
130	65	2	8	221724/10793861
130	66	2	8	-1354714956/2149284396181
130	67	2	8	-29035239588/27940697150353
130	68	5	14	4/3
130	68	7	12	4/3
130	68	8	11	4/3
130	69	4	13	64/765
130	69	6	11	64/765
130	69	7	10	64/765
130	70	4	13	-35392/3316275
130	70	6	11	-35392/3316275
130	70	7	10	-35392/3316275
130	71	4	13	-2255872/845650125
130	71	6	11	-2255872/845650125
130	71	7	10	-2255872/845650125
130	72	4	13	2210489344/11428961439375
130	72	6	11	2210489344/11428961439375
130	72	7	10	2210489344/11428961439375
130	73	4	13	22998106112/171434421590625
130	73	6	11	22998106112/171434421590625
130	73	7	10	22998106112/171434421590625
130	74	5	5	2/3
130	74	7	7	2/3
130	74	11	11	2/3
130	75	4	4	-59/323
130	75	6	6	-59/323
130	75	10	10	-59/323
130	76	4	4	152451/3547186
130	76	6	6	152451/3547186
130	76	10	10	152451/3547186
130	77	4	4	-18105507/2291482156
130	77	6	6	-18105507/2291482156
130	77	10	10	-18105507/2291482156
130	78	4	4	61899654087/78455766057128
130	78	6	6	61899654087/78455766057128
130	78	10	10	61899654087/78455766057128
130	79	4	4	6503456935881/50682424872904688
130	79	6	6	6503456935881/50682424872904688
130	79	10	10	6503456935881/50682424872904688
130	80	3	16	1
130	80	4	15	1
130	80	6	13	1
130	80	9	10	1
130	81	2	15	261/680
130	81	3	14	261/680
130	81	5	12	261/680
130	81	8	9	261/680
130	82	2	15	1078857/7860800
130	82	3	14	1078857/7860800
130	82	5	12	1078857/7860800
130	82	8	9	1078857/7860800
130	83	2	15	240239277/5345344000
130	83	3	14	240239277/5345344000
130	83	5	12	240239277/5345344000
130	83	8	9	240239277/5345344000
130	84	2	15	148344091173/11332129280000
130	84	3	14	148344091173/11332129280000
130	84	5	12	148344091173/11332129280000
130	84	8	9	148344091173/11332129280000
130	85	2	15	418614181152201/130999414476800000
130	85	3	14	418614181152201/130999414476800000
130	85	5	12	418614181152201/130999414476800000
130	85	8	9	418614181152201/130999414476800000
130	86	7	8	4
130	86	11	12	4
130	87	6	7	-324/595
130	87	10	11	-324/595
130	88	6	7	168948/6018425
130	88	10	11	168948/6018425
130	89	6	7	31221612/3580962875
130	89	10	11	31221612/3580962875
130	90	6	7	-250319503116/112925664263125
130	90	10	11	-250319503116/112925664263125
130	91	6	7	-4509489225204/67190770236559375
130	91	10	11	-4509489225204/67190770236559375
130	92	3	10	4
130	93	2	9	1656/1139
130	94	2	9	10593648/22054457
130	95	2	9	3507030432/25120026523
130	96	2	9	50563506671424/1516420641113941
130	97	2	9	9165018016884096/1727203110228778799
130	98	3	3	1/2
130	98	4	4	1/2
130	98	6	6	1/2
130	98	10	10	1/2
130	99	2	2	16/221
130	99	3	3	16/221
130	99	5	5	16/221
130	99	9	9	16/221
130	100	2	2	2984/830297
130	100	3	3	2984/830297
130	100	5	5	2984/830297
130	100	9	9	2984/830297
130	101	2	2	-270592/183495637
130	101	3	3	-270592/183495637
130	101	5	5	-270592/183495637
130	101	9	9	-270592/183495637
130	102	2	2	-801300352/2149284396181
130	102	3	3	-801300352/2149284396181
130	102	5	5	-801300352/2149284396181
130	102	9	9	-801300352/2149284396181
130	103	2	2	10005794816/474991851556001
130	103	3	3	10005794816/474991851556001
130	103	5	5	10005794816/474991851556001
130	103	9	9	10005794816/474991851556001
131	56	5	17	2
131	57	4	16	120/493
131	58	4	16	2328/243049
131	59	4	16	-444960/119823157
131	60	4	16	-140463072/184168192309
131	61	4	16	69429052800/1543513619741729
131	62	3	17	4
131	63	2	16	210/221
131	64	2	16	8841/48841
131	65	2	16	469665/21587722
131	66	2	16	-485023707/505713975572
131	67	2	16	-280406178675/223525577202824
131	68	11	16	4/3
131	68	12	15	4/3
131	68	13	14	4/3
131	69	10	15	-56/765
131	69	11	14	-56/765
131	69	12	13	-56/765
131	70	10	15	-2576/195075
131	70	11	14	-2576/195075
131	70	12	13	-2576/195075
131	71	10	15	130144/49744125
131	71	11	14	130144/49744125
131	71	12	13	130144/49744125
131	72	10	15	230549312/672291849375
131	72	11	14	230549312/672291849375
131	72	12	13	230549312/672291849375
131	73	10	15	-25455407488/171434421590625
131	73	11	14	-25455407488/171434421590625
131	73	12	13	-25455407488/171434421590625
131	80	3	17	1
131	80	4	17	1
131	80	6	17	1
131	80	10	17	1
131	81	2	16	9/34
131	81	3	16	9/34
131	81	5	16	9/34
131	81	9	16	9/34
131	82	2	16	171/2890
131	82	3	16	171/2890
131	82	5	16	171/2890
131	82	9	16	171/2890
131	83	2	16	243/24565
131	83	3	16	243/24565
131	83	5	16	243/24565
131	83	9	16	243/24565
131	84	2	16	296703/442661300
131	84	3	16	296703/442661300
131	84	5	16	296703/442661300
131	84	9	16	296703/442661300
131	85	2	16	-807003/3010096840
131	85	3	16	-807003/3010096840
131	85	5	16	-807003/3010096840
131	85	9	16	-807003/3010096840
131	92	10	11	4
131	92	11	11	2
131	92	11	12	4
131	92	11	14	4
131	93	9	10	936/1139
131	93	10	10	-492/1139
131	93	10	11	-504/1139
131	93	10	13	-504/1139
131	94	9	10	151488/1297321
131	94	10	10	87264/1297321
131	94	10	11	-4032/1297321
131	94	10	13	-4032/1297321
131	95	9	10	3841344/1477648619
131	95	10	10	-4853088/1477648619
131	95	10	11	17527104/1477648619
131	95	10	13	17527104/1477648619
131	96	9	10	-365879337984/89201214183173
131	96	10	10	-174411366912/89201214183173
131	96	10	11	-113063537664/89201214183173
131	96	10	13	-113063537664/89201214183173
131	97	9	10	-105769302792192/101600182954634047
131	97	10	10	3743675200512/5976481350272591
131	97	10	11	-45042450388992/101600182954634047
131	97	10	13	-45042450388992/101600182954634047
131	104	6	6	1
131	104	10	10	1
131	105	5	5	5/34
131	105	9	9	5/34
131	106	5	5	9/1156
131	106	9	9	9/1156
131	107	5	5	-115/39304
131	107	9	9	-115/39304
131	108	5	5	-54907/70825808
131	108	9	9	-54907/70825808
131	109	5	5	84825/2408077472
131	109	9	9	84825/2408077472
132	56	9	9	1
132	56	13	13	1
132	57	8	8	-363/986
132	57	12	12	-363/986
132	58	8	8	2129409/16527332
132	58	12	12	2129409/16527332
132	59	8	8	-692633403/16295949352
132	59	12	12	-692633403/16295949352
132	60	8	8	209759269329/16067806061072
132	60	12	12	209759269329/16067806061072
132	61	8	8	-57989004037371/15842856776216992
132	61	12	12	-57989004037371/15842856776216992
132	62	8	9	4
132	62	8	11	4
132	63	7	8	-270/221
132	63	7	10	387/221
132	64	7	8	285021/830297
132	64	7	10	2446857/3321188
132	65	7	8	-31780755/366991274
132	65	7	10	870140475/2935930192
132	66	7	8	3038717673/162210143108
132	66	7	10	293837511681/2595362289728
132	67	7	8	-222534521775/71696883253736
132	67	7	10	93300263399619/2294300264119552
132	68	3	9	4/3
132	68	4	9	4/3
132	68	5	5	2/3
132	68	6	9	4/3
132	68	7	7	2/3
132	68	8	8	2/3
132	69	2	8	-4/17
132	69	3	8	-4/17
132	69	4	4	-164/765
132	69	5	8	-4/17
132	69	6	6	-164/765
132	69	7	7	-164/765
132	70	2	8	2212/73695
132	70	3	8	2212/73695
132	70	4	4	209536/3316275
132	70	5	8	2212/73695
132	70	6	6	209536/3316275
132	70	7	7	209536/3316275
132	71	2	8	-516/417605
132	71	3	8	-516/417605
132	71	4	4	-14052832/845650125
132	71	5	8	-516/417605
132	71	6	6	-14052832/845650125
132	71	7	7	-14052832/845650125
132	72	2	8	-20244/35496425
132	72	3	8	-20244/35496425
132	72	4	4	798360064/215640781875
132	72	5	8	-20244/35496425
132	72	6	6	798360064/215640781875
132	72	7	7	798360064/215640781875
132	73	2	8	18252/120687845
132	73	3	8	18252/120687845
132	73	4	4	-33523468288/54988399378125
132	73	5	8	18252/120687845
132	73	6	6	-33523468288/54988399378125
132	73	7	7	-33523468288/54988399378125
132	86	6	12	4
132	86	7	10	4
132	87	5	11	1026/595
132	87	6	9	1026/595
132	88	5	11	4273533/6018425
132	88	6	9	4273533/6018425
132	89	5	11	1986773589/7161925750
132	89	6	9	1986773589/7161925750
132	90	5	11	51050622681/501334802500
132	90	6	9	51050622681/501334802500
132	91	5	11	351009858126681/10142003054575000
132	91	6	9	351009858126681/10142003054575000
132	98	2	5	1
132	98	2	14	1
132	98	3	14	1
132	98	4	14	1
132	98	5	6	1
132	98	5	10	1
132	99	1	4	69/221
132	99	1	13	69/221
132	99	2	13	24/221
132	99	3	13	24/221
132	99	4	5	24/221
132	99	4	9	24/221
132	100	1	4	72669/830297
132	100	1	13	72669/830297
132	100	2	13	1524/830297
132	100	3	13	1524/830297
132	100	4	5	1524/830297
132	100	4	9	1524/830297
132	101	1	4	3873177/183495637
132	101	1	13	3873177/183495637
132	101	2	13	-360288/183495637
132	101	3	13	-360288/183495637
132	101	4	5	-360288/183495637
132	101	4	9	-360288/183495637
132	102	1	4	160765641/40552535777
132	102	1	13	160765641/40552535777
132	102	2	13	-11325744/40552535777
132	102	3	13	-11325744/40552535777
132	102	4	5	-11325744/40552535777
132	102	4	9	-11325744/40552535777
132	103	1	4	3432262653/8962110406717
132	103	1	13	3432262653/8962110406717
132	103	2	13	385388928/8962110406717
132	103	3	13	385388928/8962110406717
132	103	4	5	385388928/8962110406717
132	103	4	9	385388928/8962110406717
133	56	9	9	1
133	56	13	13	1
133	57	8	8	-15/986
133	57	12	12	-15/986
133	58	8	8	-150687/16527332
133	58	12	12	-150687/16527332
133	59	8	8	6895665/16295949352
133	59	12	12	6895665/16295949352
133	60	8	8	203855902821/851593721236816
133	60	12	12	203855902821/851593721236816
133	61	8	8	-15839222604075/839671409139500576
133	61	12	12	-15839222604075/839671409139500576
133	62	11	16	4
133	63	10	15	258/221
133	64	10	15	248265/830297
133	65	10	15	23091129/366991274
133	66	10	15	4531468293/505713975572
133	67	10	15	-253546855371/3799934812448008
133	68	3	17	4/3
133	68	4	17	4/3
133	68	6	17	4/3
133	69	2	16	-8/51
133	69	3	16	-8/51
133	69	5	16	-8/51
133	70	2	16	176/73695
133	70	3	16	176/73695
133	70	5	16	176/73695
133	71	2	16	4384/1252815
133	71	3	16	4384/1252815
133	71	5	16	4384/1252815
133	72	2	16	-2934464/5643931575
133	72	3	16	-2934464/5643931575
133	72	5	16	-2934464/5643931575
133	73	2	16	-109696/1128786315
133	73	3	16	-109696/1128786315
133	73	5	16	-109696/1128786315
133	74	8	9	4/3
133	74	12	13	4/3
133	74	14	15	4/3
133	75	7	8	-96/323
133	75	11	12	-96/323
133	75	13	14	-96/323
133	76	7	8	92196/1773593
133	76	11	12	92196/1773593
133	76	13	14	92196/1773593
133	77	7	8	-2993760/572870539
133	77	11	12	-2993760/572870539
133	77	13	14	-2993760/572870539
133	78	7	8	-5112742356/9806970757141
133	78	11	12	-5112742356/9806970757141
133	78	13	14	-5112742356/9806970757141
133	79	7	8	66210672672/186332444385679
133	79	11	12	66210672672/186332444385679
133	79	13	14	66210672672/186332444385679
133	86	6	16	4
133	86	10	15	4
133	87	5	15	684/595
133	87	9	14	684/595
133	88	5	15	1708668/6018425
133	88	9	14	1708668/6018425
133	89	5	15	196517988/3580962875
133	89	9	14	196517988/3580962875
133	90	5	15	656582390964/112925664263125
133	90	9	14	656582390964/112925664263125
133	91	5	15	-63823718122596/67190770236559375
133	91	9	14	-63823718122596/67190770236559375
133	92	8	8	2
133	93	7	7	-540/1139
133	94	7	7	1943136/22054457
133	95	7	7	-235496160/25120026523
133	96	7	7	-1546419091968/1516420641113941
133	97	7	7	1258447753036800/1727203110228778799
133	104	2	14	2
133	104	3	14	2
133	104	4	14	2
133	105	1	13	72/119
133	105	2	13	12/119
133	105	3	13	12/119
133	106	1	13	37848/240737
133	106	2	13	-4992/240737
133	106	3	13	-4992/240737
133	107	1	13	914976/28647703
133	107	2	13	-104544/28647703
133	107	3	13	-104544/28647703
133	108	1	13	638754336/180681062821
133	108	2	13	6179328/10628297813
133	108	3	13	6179328/10628297813
133	109	1	13	-13449898368/21501046475699
133	109	2	13	4518623232/21501046475699
133	109	3	13	4518623232/21501046475699
134	56	9	13	2
134	57	8	12	-189/493
134	58	8	12	464577/8263666
134	59	8	12	-33872013/8147974676
134	60	8	12	-287856696699/425796860618408
134	61	8	12	120105389941551/419835704569750288
134	62	9	11	4
134	63	8	10	-18/221
134	64	8	10	-30603/830297
134	65	8	10	851067/366991274
134	66	8	10	8386654221/8597137584724
134	67	8	10	-401898852549/3799934812448008
134	68	3	8	4/3
134	68	4	7	4/3
134	68	5	6	4/3
134	69	2	7	304/765
134	69	3	6	304/765
134	69	4	5	304/765
134	70	2	7	343568/3316275
134	70	3	6	343568/3316275
134	70	4	5	343568/3316275
134	71	2	7	18632768/845650125
134	71	3	6	18632768/845650125
134	71	4	5	18632768/845650125
134	72	2	7	35314736704/11428961439375
134	72	3	6	35314736704/11428961439375
134	72	4	5	35314736704/11428961439375
134	73	2	7	-239057520896/2914385167040625
134	73	3	6	-239057520896/2914385167040625
134	73	4	5	-239057520896/2914385167040625
134	86	5	5	2
134	86	5	6	4
134	86	5	7	4
134	86	5	10	4
134	86	5	12	4
134	87	4	4	-129/238
134	87	4	5	171/119
134	87	4	6	-54/119
134	87	4	9	171/119
134	87	4	11	-54/119
134	88	4	4	241569/1925896
134	88	4	5	455769/962948
134	88	4	6	2061/240737
134	88	4	9	455769/962948
134	88	4	11	2061/240737
134	89	4	4	-20499777/916726496
134	89	4	5	63802323/458363248
134	89	4	6	502281/57295406
134	89	4	9	63802323/458363248
134	89	4	11	502281/57295406
134	90	4	4	46178467173/23127176041088
134	90	4	5	401465429973/11563588020544
134	90	4	6	-955604547/722724251284
134	90	4	9	401465429973/11563588020544
134	90	4	11	-955604547/722724251284
134	91	4	4	289370708523/647560929150464
134	91	4	5	35355529904391/5504267897778944
134	91	4	6	-34846566687/172008371805592
134	91	4	9	35355529904391/5504267897778944
134	91	4	11	-34846566687/172008371805592
134	98	3	4	1
134	98	6	10	1
134	99	2	3	58/221
134	99	5	9	58/221
134	100	2	3	46528/830297
134	100	5	9	46528/830297
134	101	2	3	1462064/183495637
134	101	5	9	1462064/183495637
134	102	2	3	-184673024/2149284396181
134	102	5	9	-184673024/2149284396181
134	103	2	3	-12610436096/27940697150353
134	103	5	9	-12610436096/27940697150353
135	56	9	13	2
135	57	8	12	159/493
135	58	8	12	283617/8263666
135	59	8	12	-1383777/8147974676
135	60	8	12	-406912661019/425796860618408
135	61	8	12	-1263626588817/7921428388108496
135	62	11	17	4
135	63	10	16	-147/221
135	64	10	16	236313/3321188
135	65	10	16	3787749/2935930192
135	66	10	16	-325198312299/137554201355584
135	67	10	16	45178004951793/121597913998336256
135	68	3	16	4/3
135	68	4	15	4/3
135	68	6	13	4/3
135	69	2	15	364/765
135	69	3	14	364/765
135	69	5	12	364/765
135	70	2	15	512708/3316275
135	70	3	14	512708/3316275
135	70	5	12	512708/3316275
135	71	2	15	37483628/845650125
135	71	3	14	37483628/845650125
135	71	5	12	37483628/845650125
135	72	2	15	120138276244/11428961439375
135	72	3	14	120138276244/11428961439375
135	72	5	12	120138276244/11428961439375
135	73	2	15	4961218757404/2914385167040625
135	73	3	14	4961218757404/2914385167040625
135	73	5	12	4961218757404/2914385167040625
135	86	6	9	4
135	86	10	13	4
135	87	5	8	513/595
135	87	9	12	513/595
135	88	5	8	3415473/24073700
135	88	9	12	3415473/24073700
135	89	5	8	666219249/57295406000
135	89	9	12	666219249/57295406000
135	90	5	8	-16091822865339/7227242512840000
135	90	9	12	-16091822865339/7227242512840000
135	91	5	8	-17859742805256507/17200837180559200000
135	91	9	12	-17859742805256507/17200837180559200000
135	92	5	12	4
135	92	7	14	4
135	93	4	11	-378/1139
135	93	6	13	-378/1139
135	94	4	11	-405783/22054457
135	94	6	13	-405783/22054457
135	95	4	11	459622107/50240053046
135	95	6	13	459622107/50240053046
135	96	4	11	-1121485763979/6065682564455764
135	96	6	13	-1121485763979/6065682564455764
135	97	4	11	-5320711697529249/13817624881830230392
135	97	6	13	-5320711697529249/13817624881830230392
135	98	7	7	1/2
135	98	8	8	1/2
135	98	11	11	1/2
135	98	12	12	1/2
135	99	6	6	-47/442
135	99	7	7	-47/442
135	99	10	10	-47/442
135	99	11	11	-47/442
135	100	6	6	26633/1660594
135	100	7	7	26633/1660594
135	100	10	10	26633/1660594
135	100	11	11	26633/1660594
135	101	6	6	-225271/366991274
135	101	7	7	-225271/366991274
135	101	10	10	-225271/366991274
135	101	11	11	-225271/366991274
135	102	6	6	-2201074859/4298568792362
135	102	7	7	-2201074859/4298568792362
135	102	10	10	-2201074859/4298568792362
135	102	11	11	-2201074859/4298568792362
135	103	6	6	142040007493/949983703112002
135	103	7	7	142040007493/949983703112002
135	103	10	10	142040007493/949983703112002
135	103	11	11	142040007493/949983703112002
135	104	6	10	2
135	105	5	9	11/17
135	106	5	9	1817/9826
135	107	5	9	14707/334084
135	108	5	9	4475221/602019368
135	109	5	9	4315751/20468658512
136	56	9	17	1
136	56	13	17	1
136	57	8	16	-159/493
136	57	12	16	-159/493
136	58	8	16	402111/4131833
136	58	12	16	402111/4131833
136	59	8	16	-55137861/2036993669
136	59	12	16	-55137861/2036993669
136	60	8	16	6798622329/1004237878817
136	60	12	16	6798622329/1004237878817
136	61	8	16	-718811209503/495089274256781
136	61	12	16	-718811209503/495089274256781
136	62	9	11	2
136	63	8	10	147/221
136	64	8	10	342549/1660594
136	65	8	10	43062327/733982548
136	66	8	10	4826667609/324420286216
136	67	8	10	455789207979/143393766507472
136	68	3	9	2/3
136	68	4	9	2/3
136	68	5	14	2/3
136	68	6	9	2/3
136	68	7	12	2/3
136	68	8	11	2/3
136	68	9	11	2/3
136	68	9	12	2/3
136	68	9	14	2/3
136	69	2	8	2/17
136	69	3	8	2/17
136	69	4	13	212/765
136	69	5	8	2/17
136	69	6	11	212/765
136	69	7	10	212/765
136	70	2	8	1106/73695
136	70	3	8	1106/73695
136	70	4	13	362944/3316275
136	70	5	8	1106/73695
136	70	6	11	362944/3316275
136	70	7	10	362944/3316275
136	70	8	10	-424/73695
136	70	8	11	-424/73695
136	70	8	13	-424/73695
136	71	2	8	258/417605
136	71	3	8	258/417605
136	71	4	13	34427104/845650125
136	71	5	8	258/417605
136	71	6	11	34427104/845650125
136	71	7	10	34427104/845650125
136	72	2	8	-10122/35496425
136	72	3	8	-10122/35496425
136	72	4	13	3037033984/215640781875
136	72	5	8	-10122/35496425
136	72	6	11	3037033984/215640781875
136	72	7	10	3037033984/215640781875
136	72	8	10	5088/35496425
136	72	8	11	5088/35496425
136	72	8	13	5088/35496425
136	73	2	8	-9126/120687845
136	73	3	8	-9126/120687845
136	73	4	13	244132931584/54988399378125
136	73	5	8	-9126/120687845
136	73	6	11	244132931584/54988399378125
136	73	7	10	244132931584/54988399378125
136	86	6	13	2
136	86	7	9	2
136	86	9	10	2
136	86	12	13	2
136	87	5	12	1017/1190
136	87	6	8	-333/595
136	87	8	9	1017/1190
136	87	11	12	-333/595
136	88	5	12	16781553/48147400
136	88	6	8	1684773/12036850
136	88	8	9	16781553/48147400
136	88	11	12	1684773/12036850
136	89	5	12	15436873161/114590812000
136	89	6	8	-427602969/14323851500
136	89	8	9	15436873161/114590812000
136	89	11	12	-427602969/14323851500
136	90	5	12	13321835574417/272726132560000
136	90	6	8	82560848697/17045383285000
136	90	8	9	13321835574417/272726132560000
136	90	11	12	82560848697/17045383285000
136	91	5	12	10620206086253769/649088195492800000
136	91	6	8	-6980048583381/20284006109150000
136	91	8	9	10620206086253769/649088195492800000
136	91	11	12	-6980048583381/20284006109150000
136	92	5	5	1
136	92	5	10	2
136	92	7	7	1
136	92	7	10	2
136	93	4	4	-729/2278
136	93	4	9	954/1139
136	93	6	6	-729/2278
136	93	6	9	954/1139
136	94	4	4	8267481/88217828
136	94	4	9	7352478/22054457
136	94	6	6	8267481/88217828
136	94	6	9	7352478/22054457
136	95	4	4	-4908684321/200960212184
136	95	4	9	3141265374/25120026523
136	95	6	6	-4908684321/200960212184
136	95	6	9	3141265374/25120026523
136	96	4	4	2455461919809/457787363355152
136	96	4	9	1249093795698/28611710209697
136	96	6	6	2455461919809/457787363355152
136	96	6	9	1249093795698/28611710209697
136	97	4	4	-892715991084153/1042839613723036256
136	97	4	9	453153901265658/32588737928844883
136	97	6	6	-892715991084153/1042839613723036256
136	97	6	9	453153901265658/32588737928844883
136	98	3	5	1/2
136	98	4	5	1/2
136	98	5	7	1/2
136	98	5	8	1/2
136	98	5	11	1/2
136	98	5	12	1/2
136	98	6	14	1/2
136	98	7	14	1/2
136	98	8	14	1/2
136	98	10	14	1/2
136	98	11	14	1/2
136	98	12	14	1/2
136	99	2	4	12/221
136	99	3	4	12/221
136	99	4	6	-21/442
136	99	4	7	-21/442
136	99	4	10	-21/442
136	99	4	11	-21/442
136	99	5	13	12/221
136	99	6	13	-21/442
136	99	7	13	-21/442
136	99	9	13	12/221
136	99	10	13	-21/442
136	99	11	13	-21/442
136	100	2	4	762/830297
136	100	3	4	762/830297
136	100	4	6	-771/1660594
136	100	4	7	-771/1660594
136	100	4	10	-771/1660594
136	100	4	11	-771/1660594
136	100	5	13	762/830297
136	100	6	13	-771/1660594
136	100	7	13	-771/1660594
136	100	9	13	762/830297
136	100	10	13	-771/1660594
136	100	11	13	-771/1660594
136	101	2	4	-180144/183495637
136	101	3	4	-180144/183495637
136	101	4	6	363447/366991274
136	101	4	7	363447/366991274
136	101	4	10	363447/366991274
136	101	4	11	363447/366991274
136	101	5	13	-180144/183495637
136	101	6	13	363447/366991274
136	101	7	13	363447/366991274
136	101	9	13	-180144/183495637
136	101	10	13	363447/366991274
136	101	11	13	363447/366991274
136	102	2	4	-5662872/40552535777
136	102	3	4	-5662872/40552535777
136	102	4	6	-6962679/81105071554
136	102	4	7	-6962679/81105071554
136	102	4	10	-6962679/81105071554
136	102	4	11	-6962679/81105071554
136	102	5	13	-5662872/40552535777
136	102	6	13	-6962679/81105071554
136	102	7	13	-6962679/81105071554
136	102	9	13	-5662872/40552535777
136	102	10	13	-6962679/81105071554
136	102	11	13	-6962679/81105071554
136	103	2	4	192694464/8962110406717
136	103	3	4	192694464/8962110406717
136	103	4	6	-522598797/17924220813434
136	103	4	7	-522598797/17924220813434
136	103	4	10	-522598797/17924220813434
136	103	4	11	-522598797/17924220813434
136	103	5	13	192694464/8962110406717
136	103	6	13	-522598797/17924220813434
136	103	7	13	-522598797/17924220813434
136	103	9	13	192694464/8962110406717
136	103	10	13	-522598797/17924220813434
136	103	11	13	-522598797/17924220813434
137	56	9	17	1
137	56	13	17	1
137	57	8	16	15/493
137	57	12	16	15/493
137	58	8	16	-32193/4131833
137	58	12	16	-32193/4131833
137	59	8	16	-1563435/2036993669
137	59	12	16	-1563435/2036993669
137	60	8	16	9144192141/53224607577301
137	60	12	16	9144192141/53224607577301
137	61	8	16	811932018075/26239731535609393
137	61	12	16	811932018075/26239731535609393
137	62	11	17	2
137	63	10	16	165/442
137	64	10	16	333657/6642376
137	65	10	16	12427965/5871860384
137	66	10	16	-300297305259/275108402711168
137	67	10	16	-73454510381175/243195827996672512
137	68	3	17	2/3
137	68	4	17	2/3
137	68	6	17	2/3
137	68	11	16	2/3
137	68	11	17	2/3
137	68	12	15	2/3
137	68	12	17	2/3
137	68	13	14	2/3
137	68	14	17	2/3
137	69	2	16	8/51
137	69	3	16	8/51
137	69	5	16	8/51
137	69	10	15	152/765
137	69	10	16	-4/51
137	69	11	14	152/765
137	69	11	16	-4/51
137	69	12	13	152/765
137	69	13	16	-4/51
137	70	2	16	2168/73695
137	70	3	16	2168/73695
137	70	5	16	2168/73695
137	70	10	15	171544/3316275
137	70	10	16	128/73695
137	70	11	14	171544/3316275
137	70	11	16	128/73695
137	70	12	13	171544/3316275
137	70	13	16	128/73695
137	71	2	16	4256/1252815
137	71	3	16	4256/1252815
137	71	5	16	4256/1252815
137	71	10	15	9261664/845650125
137	71	10	16	1952/1252815
137	71	11	14	9261664/845650125
137	71	11	16	1952/1252815
137	71	12	13	9261664/845650125
137	71	13	16	1952/1252815
137	72	2	16	-1138912/5643931575
137	72	3	16	-1138912/5643931575
137	72	5	16	-1138912/5643931575
137	72	10	15	17269939232/11428961439375
137	72	10	16	-83456/331995975
137	72	11	14	17269939232/11428961439375
137	72	11	16	-83456/331995975
137	72	12	13	17269939232/11428961439375
137	72	13	16	-83456/331995975
137	73	2	16	-4012928/19189367355
137	73	3	16	-4012928/19189367355
137	73	5	16	-4012928/19189367355
137	73	10	15	-155076331648/2914385167040625
137	73	10	16	-690176/19189367355
137	73	11	14	-155076331648/2914385167040625
137	73	11	16	-690176/19189367355
137	73	12	13	-155076331648/2914385167040625
137	73	13	16	-690176/19189367355
137	86	6	17	2
137	86	10	17	2
137	87	5	16	135/238
137	87	9	16	135/238
137	88	5	16	1340469/9629480
137	88	9	16	1340469/9629480
137	89	5	16	24925239/916726496
137	89	9	16	24925239/916726496
137	90	5	16	1827147361149/578179401027200
137	90	9	16	1827147361149/578179401027200
137	91	5	16	-3436721064477/11008535795557888
137	91	9	16	-3436721064477/11008535795557888
137	92	10	13	2
137	92	10	15	2
137	92	12	13	2
137	92	14	15	2
137	93	9	12	594/1139
137	93	9	14	594/1139
137	93	11	12	-27/67
137	93	13	14	-27/67
137	94	9	12	2499822/22054457
137	94	9	14	2499822/22054457
137	94	11	12	2583009/44108914
137	94	13	14	2583009/44108914
137	95	9	12	445872438/25120026523
137	95	9	14	445872438/25120026523
137	95	11	12	-15818571/5910594476
137	95	13	14	-15818571/5910594476
137	96	9	12	1137684918906/1516420641113941
137	96	9	14	1137684918906/1516420641113941
137	96	11	12	-17934154604667/12131365128911528
137	96	13	14	-17934154604667/12131365128911528
137	97	9	12	-1102451654529126/1727203110228778799
137	97	9	14	-1102451654529126/1727203110228778799
137	97	11	12	719215129840473/1625602927274144752
137	97	13	14	719215129840473/1625602927274144752
137	104	6	14	1
137	104	7	7	1/2
137	104	7	14	1
137	104	8	8	1/2
137	104	8	14	1
137	104	10	14	1
137	104	11	11	1/2
137	104	11	14	1
137	104	12	12	1/2
137	104	12	14	1
137	105	5	13	3/17
137	105	6	6	-57/476
137	105	6	13	-9/119
137	105	7	7	-57/476
137	105	7	13	-9/119
137	105	9	13	3/17
137	105	10	10	-57/476
137	105	10	13	-9/119
137	105	11	11	-57/476
137	105	11	13	-9/119
137	106	5	13	657/34391
137	106	6	6	43641/1925896
137	106	6	13	-1521/240737
137	106	7	7	43641/1925896
137	106	7	13	-1521/240737
137	106	9	13	657/34391
137	106	10	10	43641/1925896
137	106	10	13	-1521/240737
137	106	11	11	43641/1925896
137	106	11	13	-1521/240737
137	107	5	13	-513/584647
137	107	6	6	-1166049/458363248
137	107	6	13	65853/28647703
137	107	7	7	-1166049/458363248
137	107	7	13	65853/28647703
137	107	9	13	-513/584647
137	107	10	10	-1166049/458363248
137	107	10	13	65853/28647703
137	107	11	11	-1166049/458363248
137	107	11	13	65853/28647703
137	108	5	13	-3175443/3687368629
137	108	6	6	-1256318667/5781794010272
137	108	6	13	6850413/180681062821
137	108	7	7	-1256318667/5781794010272
137	108	7	13	6850413/180681062821
137	108	9	13	-3175443/3687368629
137	108	10	10	-1256318667/5781794010272
137	108	10	13	6850413/180681062821
137	108	11	11	-1256318667/5781794010272
137	108	11	13	6850413/180681062821
137	109	5	13	-7603713/62685266693
137	109	6	6	250986302163/1376066974444736
137	109	6	13	-2334856509/21501046475699
137	109	7	7	250986302163/1376066974444736
137	109	7	13	-2334856509/21501046475699
137	109	9	13	-7603713/62685266693
137	109	10	10	250986302163/1376066974444736
137	109	10	13	-2334856509/21501046475699
137	109	11	11	250986302163/1376066974444736
137	109	11	13	-2334856509/21501046475699
138	56	17	17	2
138	57	16	16	-24/29
138	58	16	16	1375272/4131833
138	59	16	16	-15551136/119823157
138	60	16	16	2602936003104/53224607577301
138	61	16	16	-27375068997504/1543513619741729
138	68	9	11	8/3
138	68	9	12	8/3
138	68	9	14	8/3
138	69	8	10	16/17
138	69	8	11	16/17
138	69	8	13	16/17
138	70	8	10	23264/73695
138	70	8	11	23264/73695
138	70	8	13	23264/73695
138	71	8	10	41664/417605
138	71	8	11	41664/417605
138	71	8	13	41664/417605
138	72	8	10	55199616/1881310525
138	72	8	11	55199616/1881310525
138	72	8	13	55199616/1881310525
138	73	8	10	50340096/6396455785
138	73	8	11	50340096/6396455785
138	73	8	13	50340096/6396455785
138	92	9	10	8
138	93	8	9	4320/1139
138	94	8	9	38557728/22054457
138	95	8	9	19633311360/25120026523
138	96	8	9	512271398984832/1516420641113941
138	97	8	9	242849839346726400/1727203110228778799
138	98	5	5	1
138	98	5	9	2
138	98	5	13	2
138	98	14	14	1
138	98	14	15	2
138	98	14	16	2
138	99	4	4	-21/221
138	99	4	8	-132/221
138	99	4	12	-132/221
138	99	13	13	-21/221
138	99	13	14	-132/221
138	99	13	15	-132/221
138	100	4	4	1569/830297
138	100	4	8	136248/830297
138	100	4	12	136248/830297
138	100	13	13	1569/830297
138	100	13	14	136248/830297
138	100	13	15	136248/830297
138	101	4	4	216027/183495637
138	101	4	8	-7427376/183495637
138	101	4	12	-7427376/183495637
138	101	13	13	216027/183495637
138	101	13	14	-7427376/183495637
138	101	13	15	-7427376/183495637
138	102	4	4	-339832827/2149284396181
138	102	4	8	18401989536/2149284396181
138	102	4	12	18401989536/2149284396181
138	102	13	13	-339832827/2149284396181
138	102	13	14	18401989536/2149284396181
138	102	13	15	18401989536/2149284396181
138	103	4	4	-7791613641/474991851556001
138	103	4	8	-658909069632/474991851556001
138	103	4	12	-658909069632/474991851556001
138	103	13	13	-7791613641/474991851556001
138	103	13	14	-658909069632/474991851556001
138	103	13	15	-658909069632/474991851556001
138	104	5	5	2
138	105	4	4	-88/119
138	106	4	4	62632/240737
138	107	4	4	-2474912/28647703
138	108	4	4	4834770464/180681062821
138	109	4	4	-163155127168/21501046475699
139	56	17	17	2
139	57	16	16	-60/493
139	58	16	16	-36216/4131833
139	59	16	16	5095440/2036993669
139	60	16	16	2426581152/53224607577301
139	61	16	16	-2101106692800/26239731535609393
139	68	11	17	8/3
139	68	12	17	8/3
139	68	14	17	8/3
139	69	10	16	32/51
139	69	11	16	32/51
139	69	13	16	32/51
139	70	10	16	2944/24565
139	70	11	16	2944/24565
139	70	13	16	2944/24565
139	71	10	16	18944/1252815
139	71	11	16	18944/1252815
139	71	13	16	18944/1252815
139	72	10	16	-1251328/5643931575
139	72	11	16	-1251328/5643931575
139	72	13	16	-1251328/5643931575
139	73	10	16	-4562944/6396455785
139	73	11	16	-4562944/6396455785
139	73	13	16	-4562944/6396455785
139	92	10	17	8
139	93	9	16	2880/1139
139	94	9	16	15773184/22054457
139	95	9	16	4344606720/25120026523
139	96	9	16	2857873342464/89201214183173
139	97	9	16	4726745785958400/1727203110228778799
139	104	14	14	2
139	104	14	15	4
139	104	14	16	4
139	105	13	13	12/119
139	105	13	14	-96/119
139	105	13	15	-96/119
139	106	13	13	-4152/240737
139	106	13	14	28416/240737
139	106	13	15	28416/240737
139	107	13	13	-89424/28647703
139	107	13	14	-165888/28647703
139	107	13	15	-165888/28647703
139	108	13	13	70847136/180681062821
139	108	13	14	-513589248/180681062821
139	108	13	15	-513589248/180681062821
139	109	13	13	3300253632/21501046475699
139	109	13	14	18866110464/21501046475699
139	109	13	15	18866110464/21501046475699
139	110	5	5	1/3
139	110	7	7	1/3
139	110	8	8	1/3
139	110	11	11	1/3
139	110	12	12	1/3
139	110	14	14	1/3
139	111	4	4	-3/34
139	111	6	6	-3/34
139	111	7	7	-3/34
139	111	10	10	-3/34
139	111	11	11	-3/34
139	111	13	13	-3/34
139	112	4	4	387/19652
139	112	6	6	387/19652
139	112	7	7	387/19652
139	112	10	10	387/19652
139	112	11	11	387/19652
139	112	13	13	387/19652
139	113	4	4	-2187/668168
139	113	6	6	-2187/668168
139	113	7	7	-2187/668168
139	113	10	10	-2187/668168
139	113	11	11	-2187/668168
139	113	13	13	-2187/668168
139	114	4	4	255879/1204038736
139	114	6	6	255879/1204038736
139	114	7	7	255879/1204038736
139	114	10	10	255879/1204038736
139	114	11	11	255879/1204038736
139	114	13	13	255879/1204038736
139	115	4	4	3785697/40937317024
139	115	6	6	3785697/40937317024
139	115	7	7	3785697/40937317024
139	115	10	10	3785697/40937317024
139	115	11	11	3785697/40937317024
139	115	13	13	3785697/40937317024
140	62	8	16	8
140	62	16	16	4
140	63	7	15	252/221
140	63	15	15	-228/221
140	64	7	15	60066/830297
140	64	15	15	183492/830297
140	65	7	15	-2825361/183495637
140	65	15	15	-6190884/183495637
140	66	7	15	-20445396219/4298568792362
140	66	15	15	2515439124/2149284396181
140	67	7	15	-93575849157/1899967406224004
140	67	15	15	607449068172/474991851556001
140	74	8	12	8/3
140	74	8	14	8/3
140	74	12	14	8/3
140	75	7	11	252/323
140	75	7	13	252/323
140	75	11	13	252/323
140	76	7	11	350118/1773593
140	76	7	13	350118/1773593
140	76	11	13	350118/1773593
140	77	7	11	22744071/572870539
140	77	7	13	22744071/572870539
140	77	11	13	22744071/572870539
140	78	7	11	92643815367/19613941514282
140	78	7	13	92643815367/19613941514282
140	78	11	13	92643815367/19613941514282
140	79	7	11	-6370036826517/12670606218226172
140	79	7	13	-6370036826517/12670606218226172
140	79	11	13	-6370036826517/12670606218226172
140	98	2	17	2
140	99	1	16	-6/221
140	100	1	16	-24654/830297
140	101	1	16	223722/183495637
140	102	1	16	2732217642/2149284396181
140	103	1	16	-41695868286/474991851556001
140	104	2	9	4
140	104	2	13	4
140	105	1	8	-12/119
140	105	1	12	-12/119
140	106	1	8	-12828/240737
140	106	1	12	-12828/240737
140	107	1	8	119124/28647703
140	107	1	12	119124/28647703
140	108	1	8	368252244/180681062821
140	108	1	12	368252244/180681062821
140	109	1	8	-5904933372/21501046475699
140	109	1	12	-5904933372/21501046475699
141	62	5	8	2
141	62	5	13	2
141	62	7	8	2
141	62	7	15	2
141	62	8	13	2
141	62	8	15	2
141	63	4	7	84/221
141	63	4	12	-92/221
141	63	6	7	84/221
141	63	6	14	-92/221
141	63	7	12	-3/26
141	63	7	14	-3/26
141	64	4	7	41880/830297
141	64	4	12	53848/830297
141	64	6	7	41880/830297
141	64	6	14	53848/830297
141	64	7	12	-100551/6642376
141	64	7	14	-100551/6642376
141	65	4	7	238896/183495637
141	65	4	12	-812176/183495637
141	65	6	7	238896/183495637
141	65	6	14	-812176/183495637
141	65	7	12	1170261/345403552
141	65	7	14	1170261/345403552
141	66	4	7	-3070117728/2149284396181
141	66	4	12	-2634612064/2149284396181
141	66	6	7	-3070117728/2149284396181
141	66	6	14	-2634612064/2149284396181
141	66	7	12	74975191893/275108402711168
141	66	7	14	74975191893/275108402711168
141	67	4	7	-165608888256/474991851556001
141	67	4	12	223466114368/474991851556001
141	67	6	7	-165608888256/474991851556001
141	67	6	14	223466114368/474991851556001
141	67	7	12	-2248884711423/14305636940980736
141	67	7	14	-2248884711423/14305636940980736
141	80	5	7	1/2
141	80	5	12	1/2
141	80	7	14	1/2
141	80	12	14	1/2
141	81	4	6	21/170
141	81	4	11	21/170
141	81	6	13	21/170
141	81	11	13	21/170
141	82	4	6	3096/122825
141	82	4	11	3096/122825
141	82	6	13	3096/122825
141	82	11	13	3096/122825
141	83	4	6	37611/10440125
141	83	4	11	37611/10440125
141	83	6	13	37611/10440125
141	83	11	13	37611/10440125
141	84	4	6	3772008/47032763125
141	84	4	11	3772008/47032763125
141	84	6	13	3772008/47032763125
141	84	11	13	3772008/47032763125
141	85	4	6	-558118512/3997784865625
141	85	4	11	-558118512/3997784865625
141	85	6	13	-558118512/3997784865625
141	85	11	13	-558118512/3997784865625
141	86	3	13	2
141	86	3	14	2
141	86	4	9	2
141	86	4	14	2
141	87	2	12	-108/595
141	87	2	13	12/17
141	87	3	8	-108/595
141	87	3	13	12/17
141	88	2	12	-47016/6018425
141	88	2	13	38664/171955
141	88	3	8	-47016/6018425
141	88	3	13	38664/171955
141	89	2	12	18324144/3580962875
141	89	2	13	181872/2923235
141	89	3	8	18324144/3580962875
141	89	3	13	181872/2923235
141	90	2	12	-24077551968/112925664263125
141	90	2	13	74475936/5422600925
141	90	3	8	-24077551968/112925664263125
141	90	3	13	74475936/5422600925
141	91	2	12	-14585234010048/67190770236559375
141	91	2	13	557399232/313426333465
141	91	3	8	-14585234010048/67190770236559375
141	91	3	13	557399232/313426333465
141	92	4	6	2
141	92	4	7	2
141	92	5	6	2
141	93	3	5	789/1139
141	93	3	6	-9/1139
141	93	4	5	-9/1139
141	94	3	5	9463689/44108914
141	94	3	6	-1117791/44108914
141	94	4	5	-1117791/44108914
141	95	3	5	5700803517/100480106092
141	95	3	6	30205143/100480106092
141	95	4	5	30205143/100480106092
141	96	3	5	138887146158453/12131365128911528
141	96	3	6	11244011492133/12131365128911528
141	96	4	5	11244011492133/12131365128911528
141	97	3	5	28622470235936409/27635249763660460784
141	97	3	6	-506845130213709/27635249763660460784
141	97	4	5	-506845130213709/27635249763660460784
141	98	2	7	1/2
141	98	2	8	1/2
141	98	2	11	1/2
141	98	2	12	1/2
141	99	1	6	69/442
141	99	1	7	69/442
141	99	1	10	69/442
141	99	1	11	69/442
141	100	1	6	68873/1660594
141	100	1	7	68873/1660594
141	100	1	10	68873/1660594
141	100	1	11	68873/1660594
141	101	1	6	3087405/366991274
141	101	1	7	3087405/366991274
141	101	1	10	3087405/366991274
141	101	1	11	3087405/366991274
141	102	1	6	3468065013/4298568792362
141	102	1	7	3468065013/4298568792362
141	102	1	10	3468065013/4298568792362
141	102	1	11	3468065013/4298568792362
141	103	1	6	-239366021751/949983703112002
141	103	1	7	-239366021751/949983703112002
141	103	1	10	-239366021751/949983703112002
141	103	1	11	-239366021751/949983703112002
142	62	8	9	2
142	62	8	13	2
142	62	8	15	2
142	62	8	17	2
142	62	13	13	1
142	62	15	15	1
142	63	7	8	21/221
142	63	7	12	261/442
142	63	7	14	261/442
142	63	7	16	-177/442
142	63	12	12	-271/884
142	63	14	14	-271/884
142	64	7	8	-23235/1660594
142	64	7	12	1035129/6642376
142	64	7	14	1035129/6642376
142	64	7	16	409665/6642376
142	64	12	12	1125569/13284752
142	64	14	14	1125569/13284752
142	65	7	8	-1778679/733982548
142	65	7	12	206000253/5871860384
142	65	7	14	206000253/5871860384
142	65	7	16	-28994193/5871860384
142	65	12	12	-238402223/11743720768
142	65	14	14	-238402223/11743720768
142	66	7	8	4365535581/17194275169448
142	66	7	12	1654140590613/275108402711168
142	66	7	14	1654140590613/275108402711168
142	66	7	16	-204346435419/275108402711168
142	66	12	12	2124727883173/550216805422336
142	66	14	14	2124727883173/550216805422336
142	67	7	8	745347731121/7599869624896016
142	67	7	12	110367438275241/243195827996672512
142	67	7	14	110367438275241/243195827996672512
142	67	7	16	4964294833659/14305636940980736
142	67	12	12	-204552947734891/486391655993345024
142	67	14	14	-204552947734891/486391655993345024
142	68	5	13	2/3
142	68	7	15	2/3
142	68	8	16	2/3
142	69	4	12	-104/765
142	69	6	14	-104/765
142	69	7	15	-104/765
142	70	4	12	68296/3316275
142	70	6	14	68296/3316275
142	70	7	15	68296/3316275
142	71	4	12	-1092832/845650125
142	71	6	14	-1092832/845650125
142	71	7	15	-1092832/845650125
142	72	4	12	-4637018848/11428961439375
142	72	6	14	-4637018848/11428961439375
142	72	7	15	-4637018848/11428961439375
142	73	4	12	422724055936/2914385167040625
142	73	6	14	422724055936/2914385167040625
142	73	7	15	422724055936/2914385167040625
142	86	7	14	2
142	86	12	14	2
142	87	6	13	9/17
142	87	11	13	9/17
142	88	6	13	41103/343910
142	88	11	13	41103/343910
142	89	6	13	242271/11692940
142	89	11	13	242271/11692940
142	90	6	13	1300557141/737473725800
142	90	11	13	1300557141/737473725800
142	91	6	13	-2072167191/5014821335440
142	91	11	13	-2072167191/5014821335440
142	92	4	9	2
142	92	4	14	2
142	92	6	9	2
142	92	6	12	2
142	93	3	8	-18/67
142	93	3	13	891/1139
142	93	5	8	-18/67
142	93	5	11	891/1139
142	94	3	8	320742/22054457
142	94	3	13	12545649/44108914
142	94	5	8	320742/22054457
142	94	5	11	12545649/44108914
142	95	3	8	5666274/1477648619
142	95	3	13	9484688763/100480106092
142	95	5	8	5666274/1477648619
142	95	5	11	9484688763/100480106092
142	96	3	8	-1533674286774/1516420641113941
142	96	3	13	336066439691493/12131365128911528
142	96	5	8	-1533674286774/1516420641113941
142	96	5	11	336066439691493/12131365128911528
142	97	3	8	-1550523719178/101600182954634047
142	97	3	13	185894713471273191/27635249763660460784
142	97	5	8	-1550523719178/101600182954634047
142	97	5	11	185894713471273191/27635249763660460784
142	98	2	9	1/2
142	98	2	13	1/2
142	98	2	15	1/2
142	98	2	16	1/2
142	98	3	15	1/2
142	98	4	16	1/2
142	98	6	9	1/2
142	98	10	13	1/2
142	99	1	8	36/221
142	99	1	12	36/221
142	99	1	14	36/221
142	99	1	15	36/221
142	99	2	14	-5/221
142	99	3	15	-5/221
142	99	5	8	-5/221
142	99	9	12	-5/221
142	100	1	8	38942/830297
142	100	1	12	38942/830297
142	100	1	14	38942/830297
142	100	1	15	38942/830297
142	100	2	14	-4272/830297
142	100	3	15	-4272/830297
142	100	5	8	-4272/830297
142	100	9	12	-4272/830297
142	101	1	8	2066256/183495637
142	101	1	12	2066256/183495637
142	101	1	14	2066256/183495637
142	101	1	15	2066256/183495637
142	101	2	14	145160/183495637
142	101	3	15	145160/183495637
142	101	5	8	145160/183495637
142	101	9	12	145160/183495637
142	102	1	8	243248328/126428493893
142	102	1	12	243248328/126428493893
142	102	1	14	243248328/126428493893
142	102	1	15	243248328/126428493893
142	102	2	14	313853312/2149284396181
142	102	3	15	313853312/2149284396181
142	102	5	8	313853312/2149284396181
142	102	9	12	313853312/2149284396181
142	103	1	8	28441025856/474991851556001
142	103	1	12	28441025856/474991851556001
142	103	1	14	28441025856/474991851556001
142	103	1	15	28441025856/474991851556001
142	103	2	14	-20941785600/474991851556001
142	103	3	15	-20941785600/474991851556001
142	103	5	8	-20941785600/474991851556001
142	103	9	12	-20941785600/474991851556001
142	104	5	6	1
142	104	5	10	1
142	105	4	5	1/17
142	105	4	9	1/17
142	106	4	5	-275/34391
142	106	4	9	-275/34391
142	107	4	5	-1063/584647
142	107	4	9	-1063/584647
142	108	4	5	564229/3687368629
142	108	4	9	564229/3687368629
142	109	4	5	5568029/62685266693
142	109	4	9	5568029/62685266693
143	62	8	17	8
143	63	7	16	270/221
143	64	7	16	10737/97682
143	65	7	16	-572265/86350888
143	66	7	16	-17214363243/4045711804576
143	67	7	16	-1597160796525/3576409235245184
143	68	13	13	4/3
143	68	15	15	4/3
143	68	16	16	4/3
143	69	12	12	-268/765
143	69	14	14	-268/765
143	69	15	15	-268/765
143	70	12	12	15076/195075
143	70	14	14	15076/195075
143	70	15	15	15076/195075
143	71	12	12	-36716/2926125
143	71	14	14	-36716/2926125
143	71	15	15	-36716/2926125
143	72	12	12	478092692/672291849375
143	72	14	14	478092692/672291849375
143	72	15	15	478092692/672291849375
143	73	12	12	66575752516/171434421590625
143	73	14	14	66575752516/171434421590625
143	73	15	15	66575752516/171434421590625
143	92	12	14	8
143	93	11	13	2484/1139
143	94	11	13	655506/1297321
143	95	11	13	131637717/1477648619
143	96	11	13	1295784515781/178402428366346
143	97	11	13	-2978384734143/1406230905946492
143	98	2	17	2
143	99	1	16	150/221
143	100	1	16	10002/48841
143	101	1	16	562950/10793861
143	102	1	16	1240695306/126428493893
143	103	1	16	17178864750/27940697150353
143	104	6	9	4
143	104	10	13	4
143	105	5	8	-6/17
143	105	9	12	-6/17
143	106	5	8	-33/2023
143	106	9	12	-33/2023
143	107	5	8	675/68782
143	107	9	12	675/68782
143	108	5	8	-302859/867616148
143	108	9	12	-302859/867616148
143	109	5	8	-12165471/29498949032
143	109	9	12	-12165471/29498949032
144	62	16	16	6
144	63	15	15	126/221
144	64	15	15	-16794/830297
144	65	15	15	-2947266/183495637
144	66	15	15	-1887567138/2149284396181
144	67	15	15	319924838646/474991851556001
144	74	8	16	4
144	74	12	16	4
144	74	14	16	4
144	74	16	16	2
144	75	7	15	252/323
144	75	11	15	252/323
144	75	13	15	252/323
144	75	15	15	-144/323
144	76	7	15	179604/1773593
144	76	11	15	179604/1773593
144	76	13	15	179604/1773593
144	76	15	15	131112/1773593
144	77	7	15	-61236/572870539
144	77	11	15	-61236/572870539
144	77	13	15	-61236/572870539
144	77	15	15	-2939328/572870539
144	78	7	15	-38840778828/9806970757141
144	78	11	15	-38840778828/9806970757141
144	78	13	15	-38840778828/9806970757141
144	78	15	15	-16822823904/9806970757141
144	79	7	15	-9034575732/10960732022687
144	79	11	15	-9034575732/10960732022687
144	79	13	15	-9034575732/10960732022687
144	79	15	15	2142200722176/3167651554556543
144	104	2	17	6
144	105	1	16	-12/119
144	106	1	16	-21768/240737
144	107	1	16	132240/28647703
144	108	1	16	709541088/180681062821
144	109	1	16	-7282771392/21501046475699
144	110	2	9	1
144	110	2	13	1
144	110	2	15	1
144	110	2	16	1
144	111	1	8	-9/272
144	111	1	12	-9/272
144	111	1	14	-9/272
144	111	1	15	-9/272
144	112	1	8	-17631/1257728
144	112	1	12	-17631/1257728
144	112	1	14	-17631/1257728
144	112	1	15	-17631/1257728
144	113	1	8	500823/342102016
144	113	1	12	500823/342102016
144	113	1	14	500823/342102016
144	113	1	15	500823/342102016
144	114	1	8	2768039973/4931742662656
144	114	1	12	2768039973/4931742662656
144	114	1	14	2768039973/4931742662656
144	114	1	15	2768039973/4931742662656
144	115	1	8	-8178660477/78907882602496
144	115	1	12	-8178660477/78907882602496
144	115	1	14	-8178660477/78907882602496
144	115	1	15	-8178660477/78907882602496
145	62	5	5	1
145	62	5	16	2
145	62	7	7	1
145	62	7	16	2
145	63	4	4	20/221
145	63	4	15	-48/221
145	63	6	6	20/221
145	63	6	15	-48/221
145	64	4	4	-3392/830297
145	64	4	15	-800/830297
145	64	6	6	-3392/830297
145	64	6	15	-800/830297
145	65	4	4	-475520/183495637
145	65	4	15	997632/183495637
145	65	6	6	-475520/183495637
145	65	6	15	997632/183495637
145	66	4	4	-217370624/2149284396181
145	66	4	15	-1266052608/2149284396181
145	66	6	6	-217370624/2149284396181
145	66	6	15	-1266052608/2149284396181
145	67	4	4	53158297600/474991851556001
145	67	4	15	-89374814208/474991851556001
145	67	6	6	53158297600/474991851556001
145	67	6	15	-89374814208/474991851556001
145	74	3	8	2/3
145	74	3	9	2/3
145	74	3	12	2/3
145	74	3	13	2/3
145	74	3	14	2/3
145	74	3	15	2/3
145	74	5	14	2/3
145	74	7	12	2/3
145	74	8	11	2/3
145	75	2	7	70/323
145	75	2	8	-28/323
145	75	2	11	70/323
145	75	2	12	-28/323
145	75	2	13	70/323
145	75	2	14	-28/323
145	75	4	13	11/323
145	75	6	11	11/323
145	75	7	10	11/323
145	76	2	7	110054/1773593
145	76	2	8	5096/1773593
145	76	2	11	110054/1773593
145	76	2	12	5096/1773593
145	76	2	13	110054/1773593
145	76	2	14	5096/1773593
145	76	4	13	-23621/3547186
145	76	6	11	-23621/3547186
145	76	7	10	-23621/3547186
145	77	2	7	8427510/572870539
145	77	2	8	1037232/572870539
145	77	2	11	8427510/572870539
145	77	2	12	1037232/572870539
145	77	2	13	8427510/572870539
145	77	2	14	1037232/572870539
145	77	4	13	-2745765/2291482156
145	77	6	11	-2745765/2291482156
145	77	7	10	-2745765/2291482156
145	78	2	7	23782303566/9806970757141
145	78	2	8	-205371936/576880632773
145	78	2	11	23782303566/9806970757141
145	78	2	12	-205371936/576880632773
145	78	2	13	23782303566/9806970757141
145	78	2	14	-205371936/576880632773
145	78	4	13	823726503/4615045062184
145	78	6	11	823726503/4615045062184
145	78	7	10	823726503/4615045062184
145	79	2	7	99538617150/3167651554556543
145	79	2	8	-122646460608/3167651554556543
145	79	2	11	99538617150/3167651554556543
145	79	2	12	-122646460608/3167651554556543
145	79	2	13	99538617150/3167651554556543
145	79	2	14	-122646460608/3167651554556543
145	79	4	13	3398411399031/50682424872904688
145	79	6	11	3398411399031/50682424872904688
145	79	7	10	3398411399031/50682424872904688
145	80	5	8	1/2
145	80	5	11	1/2
145	80	7	8	1/2
145	80	7	11	1/2
145	80	8	9	1/2
145	80	8	12	1/2
145	80	8	14	1/2
145	80	8	16	1/2
145	80	11	12	1/2
145	80	11	13	1/2
145	80	11	14	1/2
145	80	11	15	1/2
145	81	4	7	21/170
145	81	4	10	21/170
145	81	6	7	21/170
145	81	6	10	21/170
145	81	7	8	-63/680
145	81	7	11	21/170
145	81	7	13	21/170
145	81	7	15	-63/680
145	81	10	11	21/170
145	81	10	12	-63/680
145	81	10	13	21/170
145	81	10	14	-63/680
145	82	4	7	6027/245650
145	82	4	10	6027/245650
145	82	6	7	6027/245650
145	82	6	10	6027/245650
145	82	7	8	43953/3930400
145	82	7	11	6027/245650
145	82	7	13	6027/245650
145	82	7	15	43953/3930400
145	82	10	11	6027/245650
145	82	10	12	43953/3930400
145	82	10	13	6027/245650
145	82	10	14	43953/3930400
145	83	4	7	64827/20880250
145	83	4	10	64827/20880250
145	83	6	7	64827/20880250
145	83	6	10	64827/20880250
145	83	7	8	194481/1336336000
145	83	7	11	64827/20880250
145	83	7	13	64827/20880250
145	83	7	15	194481/1336336000
145	83	10	11	64827/20880250
145	83	10	12	194481/1336336000
145	83	10	13	64827/20880250
145	83	10	14	194481/1336336000
145	84	4	7	-11474379/94065526250
145	84	4	10	-11474379/94065526250
145	84	6	7	-11474379/94065526250
145	84	6	10	-11474379/94065526250
145	84	7	8	-10513448379/24080774720000
145	84	7	11	-11474379/94065526250
145	84	7	13	-11474379/94065526250
145	84	7	15	-10513448379/24080774720000
145	84	10	11	-11474379/94065526250
145	84	10	12	-10513448379/24080774720000
145	84	10	13	-11474379/94065526250
145	84	10	14	-10513448379/24080774720000
145	85	4	7	-1493419599/7995569731250
145	85	4	10	-1493419599/7995569731250
145	85	6	7	-1493419599/7995569731250
145	85	6	10	-1493419599/7995569731250
145	85	7	8	654505773957/8187463404800000
145	85	7	11	-1493419599/7995569731250
145	85	7	13	-1493419599/7995569731250
145	85	7	15	654505773957/8187463404800000
145	85	10	11	-1493419599/7995569731250
145	85	10	12	654505773957/8187463404800000
145	85	10	13	-1493419599/7995569731250
145	85	10	14	654505773957/8187463404800000
145	86	3	11	2
145	86	3	16	2
145	86	4	8	2
145	86	4	15	2
145	87	2	10	288/595
145	87	2	15	24/595
145	87	3	7	288/595
145	87	3	14	24/595
145	88	2	10	540384/6018425
145	88	2	15	-159744/6018425
145	88	3	7	540384/6018425
145	88	3	14	-159744/6018425
145	89	2	10	30398976/3580962875
145	89	2	15	-5868288/3580962875
145	89	3	7	30398976/3580962875
145	89	3	14	-5868288/3580962875
145	90	2	10	-11108150784/6642686133125
145	90	2	15	114476654592/112925664263125
145	90	3	7	-11108150784/6642686133125
145	90	3	14	114476654592/112925664263125
145	91	2	10	-61154976817152/67190770236559375
145	91	2	15	7168373489664/67190770236559375
145	91	3	7	-61154976817152/67190770236559375
145	91	3	14	7168373489664/67190770236559375
145	92	3	8	2
145	93	2	7	-120/1139
145	94	2	7	-507936/22054457
145	95	2	7	106116480/25120026523
145	96	2	7	1089700895232/1516420641113941
145	97	2	7	-465627058329600/1727203110228778799
145	104	2	3	1
145	104	2	4	1
145	105	1	2	36/119
145	105	1	3	36/119
145	106	1	2	55120/722211
145	106	1	3	55120/722211
145	107	1	2	398016/28647703
145	107	1	3	398016/28647703
145	108	1	2	125967616/180681062821
145	108	1	3	125967616/180681062821
145	109	1	2	-49499136/74398084691
145	109	1	3	-49499136/74398084691
146	62	5	13	1
146	62	5	16	1
146	62	7	15	1
146	62	7	16	1
146	62	13	16	1
146	62	15	16	1
146	63	4	12	32/221
146	63	4	15	54/221
146	63	6	14	32/221
146	63	6	15	54/221
146	63	12	15	-69/442
146	63	14	15	-69/442
146	64	4	12	7996/830297
146	64	4	15	40160/830297
146	64	6	14	7996/830297
146	64	6	15	40160/830297
146	64	12	15	43289/3321188
146	64	14	15	43289/3321188
146	65	4	12	-346496/183495637
146	65	4	15	1152144/183495637
146	65	6	14	-346496/183495637
146	65	6	15	1152144/183495637
146	65	12	15	2208483/1467965096
146	65	14	15	2208483/1467965096
146	66	4	12	-77812336/126428493893
146	66	4	15	-269109504/2149284396181
146	66	6	14	-77812336/126428493893
146	66	6	15	-269109504/2149284396181
146	66	12	15	-23819573547/34388550338896
146	66	14	15	-23819573547/34388550338896
146	67	4	12	-5662565888/474991851556001
146	67	4	15	-156516074496/474991851556001
146	67	6	14	-5662565888/474991851556001
146	67	6	15	-156516074496/474991851556001
146	67	12	15	744752613591/15199739249792032
146	67	14	15	744752613591/15199739249792032
146	74	5	8	1/3
146	74	5	12	1/3
146	74	7	8	1/3
146	74	7	14	1/3
146	74	8	13	1/3
146	74	8	15	1/3
146	74	9	12	1/3
146	74	9	14	1/3
146	74	11	12	1/3
146	74	11	14	1/3
146	74	12	15	1/3
146	74	13	14	1/3
146	75	4	7	49/646
146	75	4	11	49/646
146	75	6	7	49/646
146	75	6	13	49/646
146	75	7	12	-5/323
146	75	7	14	-5/323
146	75	8	11	-5/323
146	75	8	13	-5/323
146	75	10	11	49/646
146	75	10	13	49/646
146	75	11	14	-5/323
146	75	12	13	-5/323
146	76	4	7	94939/7094372
146	76	4	11	94939/7094372
146	76	6	7	94939/7094372
146	76	6	13	94939/7094372
146	76	7	12	-5603/1773593
146	76	7	14	-5603/1773593
146	76	8	11	-5603/1773593
146	76	8	13	-5603/1773593
146	76	10	11	94939/7094372
146	76	10	13	94939/7094372
146	76	11	14	-5603/1773593
146	76	12	13	-5603/1773593
146	77	4	7	5867505/4582964312
146	77	4	11	5867505/4582964312
146	77	6	7	5867505/4582964312
146	77	6	13	5867505/4582964312
146	77	7	12	290385/572870539
146	77	7	14	290385/572870539
146	77	8	11	290385/572870539
146	77	8	13	290385/572870539
146	77	10	11	5867505/4582964312
146	77	10	13	5867505/4582964312
146	77	11	14	290385/572870539
146	77	12	13	290385/572870539
146	78	4	7	-28376277129/156911532114256
146	78	4	11	-28376277129/156911532114256
146	78	6	7	-28376277129/156911532114256
146	78	6	13	-28376277129/156911532114256
146	78	7	12	800369343/9806970757141
146	78	7	14	800369343/9806970757141
146	78	8	11	800369343/9806970757141
146	78	8	13	800369343/9806970757141
146	78	10	11	-28376277129/156911532114256
146	78	10	13	-28376277129/156911532114256
146	78	11	14	800369343/9806970757141
146	78	12	13	800369343/9806970757141
146	79	4	7	-10681817456331/101364849745809376
146	79	4	11	-10681817456331/101364849745809376
146	79	6	7	-10681817456331/101364849745809376
146	79	6	13	-10681817456331/101364849745809376
146	79	7	12	-83721483225/3167651554556543
146	79	7	14	-83721483225/3167651554556543
146	79	8	11	-83721483225/3167651554556543
146	79	8	13	-83721483225/3167651554556543
146	79	10	11	-10681817456331/101364849745809376
146	79	10	13	-10681817456331/101364849745809376
146	79	11	14	-83721483225/3167651554556543
146	79	12	13	-83721483225/3167651554556543
146	80	5	9	1/4
146	80	5	13	1/4
146	80	7	9	1/4
146	80	7	15	1/4
146	80	12	13	1/4
146	80	12	16	1/4
146	80	14	15	1/4
146	80	14	16	1/4
146	81	4	8	21/680
146	81	4	12	21/680
146	81	6	8	21/680
146	81	6	14	21/680
146	81	11	12	21/680
146	81	11	15	21/680
146	81	13	14	21/680
146	81	13	15	21/680
146	82	4	8	2067/1965200
146	82	4	12	2067/1965200
146	82	6	8	2067/1965200
146	82	6	14	2067/1965200
146	82	11	12	2067/1965200
146	82	11	15	2067/1965200
146	82	13	14	2067/1965200
146	82	13	15	2067/1965200
146	83	4	8	-184653/334084000
146	83	4	12	-184653/334084000
146	83	6	8	-184653/334084000
146	83	6	14	-184653/334084000
146	83	11	12	-184653/334084000
146	83	11	15	-184653/334084000
146	83	13	14	-184653/334084000
146	83	13	15	-184653/334084000
146	84	4	8	-320900859/3010096840000
146	84	4	12	-320900859/3010096840000
146	84	6	8	-320900859/3010096840000
146	84	6	14	-320900859/3010096840000
146	84	11	12	-320900859/3010096840000
146	84	11	15	-320900859/3010096840000
146	84	13	14	-320900859/3010096840000
146	84	13	15	-320900859/3010096840000
146	85	4	8	4890773601/511716462800000
146	85	4	12	4890773601/511716462800000
146	85	6	8	4890773601/511716462800000
146	85	6	14	4890773601/511716462800000
146	85	11	12	4890773601/511716462800000
146	85	11	15	4890773601/511716462800000
146	85	13	14	4890773601/511716462800000
146	85	13	15	4890773601/511716462800000
146	86	3	15	1
146	86	3	17	1
146	86	4	16	1
146	86	4	17	1
146	86	8	14	1
146	86	8	16	1
146	86	11	14	1
146	86	11	15	1
146	87	2	14	138/595
146	87	2	16	-12/119
146	87	3	15	138/595
146	87	3	16	-12/119
146	87	7	13	9/34
146	87	7	15	-96/595
146	87	10	13	9/34
146	87	10	14	-96/595
146	88	2	14	247728/6018425
146	88	2	16	-2964/1203685
146	88	3	15	247728/6018425
146	88	3	16	-2964/1203685
146	88	7	13	39507/687820
146	88	7	15	80652/6018425
146	88	10	13	39507/687820
146	88	10	14	80652/6018425
146	89	2	14	13204944/3580962875
146	89	2	16	400464/143238515
146	89	3	15	13204944/3580962875
146	89	3	16	400464/143238515
146	89	7	13	199179/23385880
146	89	7	15	6853248/3580962875
146	89	10	13	199179/23385880
146	89	10	14	6853248/3580962875
146	90	2	14	-81595931904/112925664263125
146	90	2	16	-933574896/4517026570525
146	90	3	15	-81595931904/112925664263125
146	90	3	16	-933574896/4517026570525
146	90	7	13	88379181/1474947451600
146	90	7	15	-94253413104/112925664263125
146	90	10	13	88379181/1474947451600
146	90	10	14	-94253413104/112925664263125
146	91	2	14	-24904604984832/67190770236559375
146	91	2	16	-12162011328/107505232378495
146	91	3	15	-24904604984832/67190770236559375
146	91	3	16	-12162011328/107505232378495
146	91	7	13	-4348717551/10029642670880
146	91	7	15	3334581748224/67190770236559375
146	91	10	13	-4348717551/10029642670880
146	91	10	14	3334581748224/67190770236559375
146	92	3	13	1
146	92	3	15	1
146	92	4	8	1
146	92	4	15	1
146	92	6	8	1
146	92	6	13	1
146	93	2	12	-129/1139
146	93	2	14	-129/1139
146	93	3	7	246/1139
146	93	3	14	93/2278
146	93	5	7	246/1139
146	93	5	12	93/2278
146	94	2	12	-8151/22054457
146	94	2	14	-8151/22054457
146	94	3	7	737724/22054457
146	94	3	14	-1017159/88217828
146	94	5	7	737724/22054457
146	94	5	12	-1017159/88217828
146	95	2	12	76141863/25120026523
146	95	2	14	76141863/25120026523
146	95	3	7	38284488/25120026523
146	95	3	14	-311135499/200960212184
146	95	5	7	38284488/25120026523
146	95	5	12	-311135499/200960212184
146	96	2	12	-528290905707/1516420641113941
146	96	2	14	-528290905707/1516420641113941
146	96	3	7	-1538943062832/1516420641113941
146	96	3	14	9063513880533/24262730257823056
146	96	5	7	-1538943062832/1516420641113941
146	96	5	12	9063513880533/24262730257823056
146	97	2	12	-192783400152309/1727203110228778799
146	97	2	14	-192783400152309/1727203110228778799
146	97	3	7	-546953981009184/1727203110228778799
146	97	3	14	5182072889234913/55270499527320921568
146	97	5	7	-546953981009184/1727203110228778799
146	97	5	12	5182072889234913/55270499527320921568
146	104	2	7	1/2
146	104	2	8	1/2
146	104	2	11	1/2
146	104	2	12	1/2
146	104	3	8	1/2
146	104	3	12	1/2
146	104	4	7	1/2
146	104	4	11	1/2
146	105	1	6	37/238
146	105	1	7	37/238
146	105	1	10	37/238
146	105	1	11	37/238
146	105	2	7	-1/119
146	105	2	11	-1/119
146	105	3	6	-1/119
146	105	3	10	-1/119
146	106	1	6	59683/1444422
146	106	1	7	59683/1444422
146	106	1	10	59683/1444422
146	106	1	11	59683/1444422
146	106	2	7	-4966/722211
146	106	2	11	-4966/722211
146	106	3	6	-4966/722211
146	106	3	10	-4966/722211
146	107	1	6	486069/57295406
146	107	1	7	486069/57295406
146	107	1	10	486069/57295406
146	107	1	11	486069/57295406
146	107	2	7	10068/28647703
146	107	2	11	10068/28647703
146	107	3	6	10068/28647703
146	107	3	10	10068/28647703
146	108	1	6	320482053/361362125642
146	108	1	7	320482053/361362125642
146	108	1	10	320482053/361362125642
146	108	1	11	320482053/361362125642
146	108	2	7	49227624/180681062821
146	108	2	11	49227624/180681062821
146	108	3	6	49227624/180681062821
146	108	3	10	49227624/180681062821
146	109	1	6	-27655387189/129006278854194
146	109	1	7	-27655387189/129006278854194
146	109	1	10	-27655387189/129006278854194
146	109	1	11	-27655387189/129006278854194
146	109	2	7	-1519632368/64503139427097
146	109	2	11	-1519632368/64503139427097
146	109	3	6	-1519632368/64503139427097
146	109	3	10	-1519632368/64503139427097
147	62	13	13	1
147	62	13	16	2
147	62	15	15	1
147	62	15	16	2
147	63	12	12	41/884
147	63	12	15	87/221
147	63	14	14	41/884
147	63	14	15	87/221
147	64	12	12	-118271/13284752
147	64	12	15	91961/1660594
147	64	14	14	-118271/13284752
147	64	14	15	91961/1660594
147	65	12	12	-16890647/11743720768
147	65	12	15	1612719/733982548
147	65	14	14	-16890647/11743720768
147	65	14	15	1612719/733982548
147	66	12	12	118126253413/550216805422336
147	66	12	15	-24615641547/17194275169448
147	66	14	14	118126253413/550216805422336
147	66	14	15	-24615641547/17194275169448
147	67	12	12	34526501869741/486391655993345024
147	67	12	15	-3045434190813/7599869624896016
147	67	14	14	34526501869741/486391655993345024
147	67	14	15	-3045434190813/7599869624896016
147	74	8	9	2/3
147	74	8	17	2/3
147	74	12	13	2/3
147	74	12	17	2/3
147	74	14	15	2/3
147	74	14	17	2/3
147	75	7	8	28/323
147	75	7	16	-31/323
147	75	11	12	28/323
147	75	11	16	-31/323
147	75	13	14	28/323
147	75	13	16	-31/323
147	76	7	8	6578/1773593
147	76	7	16	22183/3547186
147	76	11	12	6578/1773593
147	76	11	16	22183/3547186
147	76	13	14	6578/1773593
147	76	13	16	22183/3547186
147	77	7	8	-850500/572870539
147	77	7	16	2926989/2291482156
147	77	11	12	-850500/572870539
147	77	11	16	2926989/2291482156
147	77	13	14	-850500/572870539
147	77	13	16	2926989/2291482156
147	78	7	8	-3226390218/9806970757141
147	78	7	16	-1875748833/4615045062184
147	78	11	12	-3226390218/9806970757141
147	78	11	16	-1875748833/4615045062184
147	78	13	14	-3226390218/9806970757141
147	78	13	16	-1875748833/4615045062184
147	79	7	8	61896005388/3167651554556543
147	79	7	16	311283829629/50682424872904688
147	79	11	12	61896005388/3167651554556543
147	79	11	16	311283829629/50682424872904688
147	79	13	14	61896005388/3167651554556543
147	79	13	16	311283829629/50682424872904688
147	86	14	15	2
147	86	14	16	2
147	87	13	14	6/17
147	87	13	15	6/17
147	88	13	14	6474/171955
147	88	13	15	6474/171955
147	89	13	14	-5994/2923235
147	89	13	15	-5994/2923235
147	90	13	14	-164770038/92184215725
147	90	13	15	-164770038/92184215725
147	91	13	14	-74798154/313426333465
147	91	13	15	-74798154/313426333465
147	92	4	16	2
147	92	4	17	2
147	92	6	16	2
147	92	6	17	2
147	92	8	16	2
147	93	3	15	594/1139
147	93	3	16	-12/67
147	93	5	15	594/1139
147	93	5	16	-12/67
147	93	7	15	-348/1139
147	94	3	15	2431482/22054457
147	94	3	16	-213888/22054457
147	94	5	15	2431482/22054457
147	94	5	16	-213888/22054457
147	94	7	15	461760/22054457
147	95	3	15	384981498/25120026523
147	95	3	16	8094816/1477648619
147	95	5	15	384981498/25120026523
147	95	5	16	8094816/1477648619
147	95	7	15	117186912/25120026523
147	96	3	15	-451177436934/1516420641113941
147	96	3	16	-233027311104/1516420641113941
147	96	5	15	-451177436934/1516420641113941
147	96	5	16	-233027311104/1516420641113941
147	96	7	15	-2363287269888/1516420641113941
147	97	3	15	-1564113365602326/1727203110228778799
147	97	3	16	-25887240271872/101600182954634047
147	97	5	15	-1564113365602326/1727203110228778799
147	97	5	16	-25887240271872/101600182954634047
147	97	7	15	36025417377792/1727203110228778799
147	104	2	15	1
147	104	2	16	1
147	104	3	15	1
147	104	4	16	1
147	105	1	14	38/119
147	105	1	15	38/119
147	105	2	14	-10/119
147	105	3	15	-10/119
147	106	1	14	63760/722211
147	106	1	15	63760/722211
147	106	2	14	-4784/722211
147	106	3	15	-4784/722211
147	107	1	14	557232/28647703
147	107	1	15	557232/28647703
147	107	2	14	81840/28647703
147	107	3	15	81840/28647703
147	108	1	14	463516416/180681062821
147	108	1	15	463516416/180681062821
147	108	2	14	1933056/180681062821
147	108	3	15	1933056/180681062821
147	109	1	14	-17590140416/64503139427097
147	109	1	15	-17590140416/64503139427097
147	109	2	14	-9685798400/64503139427097
147	109	3	15	-9685798400/64503139427097
147	110	3	8	1/6
147	110	3	12	1/6
147	110	3	14	1/6
147	110	4	7	1/6
147	110	4	11	1/6
147	110	4	14	1/6
147	110	5	6	1/6
147	110	5	10	1/6
147	110	6	11	1/6
147	110	6	12	1/6
147	110	7	10	1/6
147	110	8	10	1/6
147	111	2	7	1/272
147	111	2	11	1/272
147	111	2	13	1/272
147	111	3	6	1/272
147	111	3	10	1/272
147	111	3	13	1/272
147	111	4	5	1/272
147	111	4	9	1/272
147	111	5	10	1/272
147	111	5	11	1/272
147	111	6	9	1/272
147	111	7	9	1/272
147	112	2	7	-1361/628864
147	112	2	11	-1361/628864
147	112	2	13	-1361/628864
147	112	3	6	-1361/628864
147	112	3	10	-1361/628864
147	112	3	13	-1361/628864
147	112	4	5	-1361/628864
147	112	4	9	-1361/628864
147	112	5	10	-1361/628864
147	112	5	11	-1361/628864
147	112	6	9	-1361/628864
147	112	7	9	-1361/628864
147	113	2	7	-12555/85525504
147	113	2	11	-12555/85525504
147	113	2	13	-12555/85525504
147	113	3	6	-12555/85525504
147	113	3	10	-12555/85525504
147	113	3	13	-12555/85525504
147	113	4	5	-12555/85525504
147	113	4	9	-12555/85525504
147	113	5	10	-12555/85525504
147	113	5	11	-12555/85525504
147	113	6	9	-12555/85525504
147	113	7	9	-12555/85525504
147	114	2	7	49814271/616467832832
147	114	2	11	49814271/616467832832
147	114	2	13	49814271/616467832832
147	114	3	6	49814271/616467832832
147	114	3	10	49814271/616467832832
147	114	3	13	49814271/616467832832
147	114	4	5	49814271/616467832832
147	114	4	9	49814271/616467832832
147	114	5	10	49814271/616467832832
147	114	5	11	49814271/616467832832
147	114	6	9	49814271/616467832832
147	114	7	9	49814271/616467832832
147	115	2	7	787333581/83839625265152
147	115	2	11	787333581/83839625265152
147	115	2	13	787333581/83839625265152
147	115	3	6	787333581/83839625265152
147	115	3	10	787333581/83839625265152
147	115	3	13	787333581/83839625265152
147	115	4	5	787333581/83839625265152
147	115	4	9	787333581/83839625265152
147	115	5	10	787333581/83839625265152
147	115	5	11	787333581/83839625265152
147	115	6	9	787333581/83839625265152
147	115	7	9	787333581/83839625265152
148	62	9	16	4
148	63	8	15	-180/221
148	64	8	15	107124/830297
148	65	8	15	-2068740/183495637
148	66	8	15	-2807256204/2149284396181
148	67	8	15	338377815900/474991851556001
148	68	5	5	2/3
148	68	7	7	2/3
148	68	8	8	2/3
148	69	4	4	16/765
148	69	6	6	16/765
148	69	7	7	16/765
148	70	4	4	-21344/3316275
148	70	6	6	-21344/3316275
148	70	7	7	-21344/3316275
148	71	4	4	-547072/845650125
148	71	6	6	-547072/845650125
148	71	7	7	-547072/845650125
148	72	4	4	2018058752/11428961439375
148	72	6	6	2018058752/11428961439375
148	72	7	7	2018058752/11428961439375
148	73	4	4	93250932736/2914385167040625
148	73	6	6	93250932736/2914385167040625
148	73	7	7	93250932736/2914385167040625
148	74	5	14	4/3
148	74	7	12	4/3
148	74	8	11	4/3
148	75	4	13	174/323
148	75	6	11	174/323
148	75	7	10	174/323
148	76	4	13	363675/1773593
148	76	6	11	363675/1773593
148	76	7	10	363675/1773593
148	77	4	13	83255607/1145741078
148	77	6	11	83255607/1145741078
148	77	7	10	83255607/1145741078
148	78	4	13	923141474487/39227883028564
148	78	6	11	923141474487/39227883028564
148	78	7	10	923141474487/39227883028564
148	79	4	13	170792310997107/25341212436452344
148	79	6	11	170792310997107/25341212436452344
148	79	7	10	170792310997107/25341212436452344
148	80	9	9	1/2
148	80	13	13	1/2
148	80	15	15	1/2
148	80	16	16	1/2
148	81	8	8	-213/1360
148	81	12	12	-213/1360
148	81	14	14	-213/1360
148	81	15	15	-213/1360
148	82	8	8	700713/15721600
148	82	12	12	700713/15721600
148	82	14	14	700713/15721600
148	82	15	15	700713/15721600
148	83	8	8	-119193309/10690688000
148	83	12	12	-119193309/10690688000
148	83	14	14	-119193309/10690688000
148	83	15	15	-119193309/10690688000
148	84	8	8	881385061941/385292395520000
148	84	12	12	881385061941/385292395520000
148	84	14	14	881385061941/385292395520000
148	84	15	15	881385061941/385292395520000
148	85	8	8	-81356752362393/261998828953600000
148	85	12	12	-81356752362393/261998828953600000
148	85	14	14	-81356752362393/261998828953600000
148	85	15	15	-81356752362393/261998828953600000
148	86	7	11	4
148	86	8	12	4
148	87	6	10	684/595
148	87	7	11	684/595
148	88	6	10	1741428/6018425
148	88	7	11	1741428/6018425
148	89	6	10	213323868/3580962875
148	89	7	11	213323868/3580962875
148	90	6	10	922384189044/112925664263125
148	90	7	11	922384189044/112925664263125
148	91	6	10	-10198507865796/67190770236559375
148	91	7	11	-10198507865796/67190770236559375
148	92	3	9	4
148	93	2	8	-792/1139
148	94	2	8	1720368/22054457
148	95	2	8	33786720/25120026523
148	96	2	8	-4236846429888/1516420641113941
148	97	2	8	801774137881728/1727203110228778799
148	98	3	16	1
148	98	4	15	1
148	98	6	13	1
148	98	9	10	1
148	99	2	15	16/221
148	99	3	14	16/221
148	99	5	12	16/221
148	99	8	9	16/221
148	100	2	15	-5840/830297
148	100	3	14	-5840/830297
148	100	5	12	-5840/830297
148	100	8	9	-5840/830297
148	101	2	15	-419584/183495637
148	101	3	14	-419584/183495637
148	101	5	12	-419584/183495637
148	101	8	9	-419584/183495637
148	102	2	15	164229376/2149284396181
148	102	3	14	164229376/2149284396181
148	102	5	12	164229376/2149284396181
148	102	8	9	164229376/2149284396181
148	103	2	15	53610500096/474991851556001
148	103	3	14	53610500096/474991851556001
148	103	5	12	53610500096/474991851556001
148	103	8	9	53610500096/474991851556001
148	104	2	5	2
148	105	1	4	76/119
148	106	1	4	43608/240737
148	107	1	4	1240016/28647703
148	108	1	4	1372901024/180681062821
148	109	1	4	8929891776/21501046475699
149	62	9	16	2
149	62	16	17	2
149	63	8	15	66/221
149	63	15	16	-111/221
149	64	8	15	1242/48841
149	64	15	16	10449/97682
149	65	8	15	-20790/10793861
149	65	15	16	-744255/43175444
149	66	8	15	-131409702/126428493893
149	66	15	16	1247301909/1011427951144
149	67	8	15	-2620753542/27940697150353
149	67	15	16	166253183397/447051154405648
149	68	5	13	2/3
149	68	7	15	2/3
149	68	8	16	2/3
149	69	4	12	76/765
149	69	6	14	76/765
149	69	7	15	76/765
149	70	4	12	1448/195075
149	70	6	14	1448/195075
149	70	7	15	1448/195075
149	71	4	12	-54416/49744125
149	71	6	14	-54416/49744125
149	71	7	15	-54416/49744125
149	72	4	12	-281581664/672291849375
149	72	6	14	-281581664/672291849375
149	72	7	15	-281581664/672291849375
149	73	4	12	-3339606592/171434421590625
149	73	6	14	-3339606592/171434421590625
149	73	7	15	-3339606592/171434421590625
149	74	8	13	2/3
149	74	8	15	2/3
149	74	9	12	2/3
149	74	9	14	2/3
149	74	12	15	2/3
149	74	13	14	2/3
149	75	7	12	66/323
149	75	7	14	66/323
149	75	8	11	66/323
149	75	8	13	66/323
149	75	11	14	66/323
149	75	12	13	66/323
149	76	7	12	5850/104329
149	76	7	14	5850/104329
149	76	8	11	5850/104329
149	76	8	13	5850/104329
149	76	11	14	5850/104329
149	76	12	13	5850/104329
149	77	7	12	443718/33698267
149	77	7	14	443718/33698267
149	77	8	11	443718/33698267
149	77	8	13	443718/33698267
149	77	11	14	443718/33698267
149	77	12	13	443718/33698267
149	78	7	12	1369643742/576880632773
149	78	7	14	1369643742/576880632773
149	78	8	11	1369643742/576880632773
149	78	8	13	1369643742/576880632773
149	78	11	14	1369643742/576880632773
149	78	12	13	1369643742/576880632773
149	79	7	12	2200782474/10960732022687
149	79	7	14	2200782474/10960732022687
149	79	8	11	2200782474/10960732022687
149	79	8	13	2200782474/10960732022687
149	79	11	14	2200782474/10960732022687
149	79	12	13	2200782474/10960732022687
149	86	7	15	2
149	86	12	16	2
149	86	15	15	1
149	86	16	16	1
149	87	6	14	144/595
149	87	11	15	144/595
149	87	14	14	-162/595
149	87	15	15	-162/595
149	88	6	14	2808/354025
149	88	11	15	2808/354025
149	88	14	14	22464/354025
149	88	15	15	22464/354025
149	89	6	14	-886464/210644875
149	89	11	15	-886464/210644875
149	89	14	14	-2414448/210644875
149	89	15	15	-2414448/210644875
149	90	6	14	-5241871584/6642686133125
149	90	11	15	-5241871584/6642686133125
149	90	14	14	7143406848/6642686133125
149	90	15	15	7143406848/6642686133125
149	91	6	14	283581326592/3952398249209375
149	91	11	15	283581326592/3952398249209375
149	91	14	14	833163439104/3952398249209375
149	91	15	15	833163439104/3952398249209375
149	92	8	12	2
149	92	8	14	2
149	93	7	11	684/1139
149	93	7	13	684/1139
149	94	7	11	204984/1297321
149	94	7	13	204984/1297321
149	95	7	11	50306832/1477648619
149	95	7	13	50306832/1477648619
149	96	7	11	437670348192/89201214183173
149	96	7	13	437670348192/89201214183173
149	97	7	11	-8099468209728/101600182954634047
149	97	7	13	-8099468209728/101600182954634047
149	98	3	17	1/2
149	98	4	17	1/2
149	98	6	17	1/2
149	98	10	17	1/2
149	99	2	16	-9/221
149	99	3	16	-9/221
149	99	5	16	-9/221
149	99	9	16	-9/221
149	100	2	16	-150/48841
149	100	3	16	-150/48841
149	100	5	16	-150/48841
149	100	9	16	-150/48841
149	101	2	16	13932/10793861
149	101	3	16	13932/10793861
149	101	5	16	13932/10793861
149	101	9	16	13932/10793861
149	102	2	16	423144/126428493893
149	102	3	16	423144/126428493893
149	102	5	16	423144/126428493893
149	102	9	16	423144/126428493893
149	103	2	16	-103914576/1643570420609
149	103	3	16	-103914576/1643570420609
149	103	5	16	-103914576/1643570420609
149	103	9	16	-103914576/1643570420609
149	104	2	9	1
149	104	2	13	1
149	104	3	9	1
149	104	3	13	1
149	104	4	9	1
149	104	4	13	1
149	104	6	13	1
149	104	9	10	1
149	105	1	8	39/119
149	105	1	12	39/119
149	105	2	8	-18/119
149	105	2	12	-18/119
149	105	3	8	-18/119
149	105	3	12	-18/119
149	105	5	12	3/34
149	105	8	9	3/34
149	106	1	8	1353/14161
149	106	1	12	1353/14161
149	106	2	8	156/14161
149	106	2	12	156/14161
149	106	3	8	156/14161
149	106	3	12	156/14161
149	106	5	12	-33/8092
149	106	8	9	-33/8092
149	107	1	8	39663/1685159
149	107	1	12	39663/1685159
149	107	2	8	3240/1685159
149	107	2	12	3240/1685159
149	107	3	8	3240/1685159
149	107	3	12	3240/1685159
149	107	5	12	-675/275128
149	107	8	9	-675/275128
149	108	1	8	45672741/10628297813
149	108	1	12	45672741/10628297813
149	108	2	8	-7427376/10628297813
149	108	2	12	-7427376/10628297813
149	108	3	8	-7427376/10628297813
149	108	3	12	-7427376/10628297813
149	108	5	12	-302859/3470464592
149	108	8	9	-302859/3470464592
149	109	1	8	342181827/1264767439747
149	109	1	12	342181827/1264767439747
149	109	2	8	30489696/1264767439747
149	109	2	12	30489696/1264767439747
149	109	3	8	30489696/1264767439747
149	109	3	12	30489696/1264767439747
149	109	5	12	12165471/117995796128
149	109	8	9	12165471/117995796128
150	62	16	17	4
150	63	15	16	90/221
150	64	15	16	-831/830297
150	65	15	16	-3210435/366991274
150	66	15	16	-7821568251/8597137584724
150	67	15	16	980572961025/3799934812448008
150	68	13	13	2/3
150	68	15	15	2/3
150	68	16	16	2/3
150	69	12	12	46/765
150	69	14	14	46/765
150	69	15	15	46/765
150	70	12	12	-9134/3316275
150	70	14	14	-9134/3316275
150	70	15	15	-9134/3316275
150	71	12	12	-1457602/845650125
150	71	14	14	-1457602/845650125
150	71	15	15	-1457602/845650125
150	72	12	12	-748182358/11428961439375
150	72	14	14	-748182358/11428961439375
150	72	15	15	-748182358/11428961439375
150	73	12	12	217333050886/2914385167040625
150	73	14	14	217333050886/2914385167040625
150	73	15	15	217333050886/2914385167040625
150	74	8	17	4/3
150	74	12	17	4/3
150	74	14	17	4/3
150	75	7	16	90/323
150	75	11	16	90/323
150	75	13	16	90/323
150	76	7	16	77511/1773593
150	76	11	16	77511/1773593
150	76	13	16	77511/1773593
150	77	7	16	3507705/1145741078
150	77	11	16	3507705/1145741078
150	77	13	16	3507705/1145741078
150	78	7	16	-31638486033/39227883028564
150	78	11	16	-31638486033/39227883028564
150	78	13	16	-31638486033/39227883028564
150	79	7	16	-8031718844775/25341212436452344
150	79	11	16	-8031718844775/25341212436452344
150	79	13	16	-8031718844775/25341212436452344
150	92	12	16	4
150	92	14	16	4
150	92	16	16	2
150	93	11	15	828/1139
150	93	13	15	828/1139
150	93	15	15	-528/1139
150	94	11	15	1823508/22054457
150	94	13	15	1823508/22054457
150	94	15	15	1824552/22054457
150	95	11	15	-73886580/25120026523
150	95	13	15	-73886580/25120026523
150	95	15	15	-193862592/25120026523
150	96	11	15	-327292478604/89201214183173
150	96	13	15	-327292478604/89201214183173
150	96	15	15	-1991060722656/1516420641113941
150	97	11	15	-987443517365172/1727203110228778799
150	97	13	15	-987443517365172/1727203110228778799
150	97	15	15	1239940352293632/1727203110228778799
150	104	2	17	2
150	104	6	17	2
150	104	10	17	2
150	105	1	16	80/119
150	105	5	16	-2/17
150	105	9	16	-2/17
150	106	1	16	48072/240737
150	106	5	16	-666/34391
150	106	9	16	-666/34391
150	107	1	16	1416640/28647703
150	107	5	16	2474/584647
150	107	9	16	2474/584647
150	108	1	16	1573629728/180681062821
150	108	5	16	1753466/3687368629
150	108	9	16	1753466/3687368629
150	109	1	16	5918265600/21501046475699
150	109	5	16	-15121818/62685266693
150	109	9	16	-15121818/62685266693
150	110	3	9	1/3
150	110	3	13	1/3
150	110	3	15	1/3
150	110	4	9	1/3
150	110	4	13	1/3
150	110	4	16	1/3
150	110	6	9	1/3
150	110	6	15	1/3
150	110	6	16	1/3
150	110	10	13	1/3
150	110	10	15	1/3
150	110	10	16	1/3
150	111	2	8	-21/544
150	111	2	12	-21/544
150	111	2	14	-21/544
150	111	3	8	-21/544
150	111	3	12	-21/544
150	111	3	15	-21/544
150	111	5	8	-21/544
150	111	5	14	-21/544
150	111	5	15	-21/544
150	111	9	12	-21/544
150	111	9	14	-21/544
150	111	9	15	-21/544
150	112	2	8	795/5030912
150	112	2	12	795/5030912
150	112	2	14	795/5030912
150	112	3	8	795/5030912
150	112	3	12	795/5030912
150	112	3	15	795/5030912
150	112	5	8	795/5030912
150	112	5	14	795/5030912
150	112	5	15	795/5030912
150	112	9	12	795/5030912
150	112	9	14	795/5030912
150	112	9	15	795/5030912
150	113	2	8	2683611/2736816128
150	113	2	12	2683611/2736816128
150	113	2	14	2683611/2736816128
150	113	3	8	2683611/2736816128
150	113	3	12	2683611/2736816128
150	113	3	15	2683611/2736816128
150	113	5	8	2683611/2736816128
150	113	5	14	2683611/2736816128
150	113	5	15	2683611/2736816128
150	113	9	12	2683611/2736816128
150	113	9	14	2683611/2736816128
150	113	9	15	2683611/2736816128
150	114	2	8	-9942950313/78907882602496
150	114	2	12	-9942950313/78907882602496
150	114	2	14	-9942950313/78907882602496
150	114	3	8	-9942950313/78907882602496
150	114	3	12	-9942950313/78907882602496
150	114	3	15	-9942950313/78907882602496
150	114	5	8	-9942950313/78907882602496
150	114	5	14	-9942950313/78907882602496
150	114	5	15	-9942950313/78907882602496
150	114	9	12	-9942950313/78907882602496
150	114	9	14	-9942950313/78907882602496
150	114	9	15	-9942950313/78907882602496
150	115	2	8	-1426244445801/42925888135757824
150	115	2	12	-1426244445801/42925888135757824
150	115	2	14	-1426244445801/42925888135757824
150	115	3	8	-1426244445801/42925888135757824
150	115	3	12	-1426244445801/42925888135757824
150	115	3	15	-1426244445801/42925888135757824
150	115	5	8	-1426244445801/42925888135757824
150	115	5	14	-1426244445801/42925888135757824
150	115	5	15	-1426244445801/42925888135757824
150	115	9	12	-1426244445801/42925888135757824
150	115	9	14	-1426244445801/42925888135757824
150	115	9	15	-1426244445801/42925888135757824
151	62	5	7	12
151	63	4	6	-384/221
151	64	4	6	89088/830297
151	65	4	6	4816896/183495637
151	66	4	6	-16910647296/2149284396181
151	67	4	6	-4555014144/474991851556001
151	80	5	14	3
151	80	7	12	3
151	81	4	13	18/85
151	81	6	11	18/85
151	82	4	13	-2484/122825
151	82	6	11	-2484/122825
151	83	4	13	-66744/10440125
151	83	6	11	-66744/10440125
151	84	4	13	10034928/47032763125
151	84	6	11	10034928/47032763125
151	85	4	13	1206080928/3997784865625
151	85	6	11	1206080928/3997784865625
151	86	3	4	12
151	87	2	3	2304/595
151	88	2	3	6552576/6018425
151	89	2	3	886505472/3580962875
151	90	2	3	4051446792192/112925664263125
151	91	2	3	-134768876322816/67190770236559375
152	62	5	7	2
152	62	5	15	2
152	62	7	13	2
152	63	4	6	92/221
152	63	4	14	-40/221
152	63	6	12	-40/221
152	64	4	6	52704/830297
152	64	4	14	-5640/830297
152	64	6	12	-5640/830297
152	65	4	6	654304/183495637
152	65	4	14	882400/183495637
152	65	6	12	882400/183495637
152	66	4	6	-3212190208/2149284396181
152	66	4	14	-493208800/2149284396181
152	66	6	12	-493208800/2149284396181
152	67	4	6	-238275560448/474991851556001
152	67	4	14	-90768720000/474991851556001
152	67	6	12	-90768720000/474991851556001
152	74	5	7	2/3
152	74	5	11	2/3
152	74	7	11	2/3
152	75	4	6	-21/323
152	75	4	10	-21/323
152	75	6	10	-21/323
152	76	4	6	-5629/3547186
152	76	4	10	-5629/3547186
152	76	6	10	-5629/3547186
152	77	4	6	3897747/2291482156
152	77	4	10	3897747/2291482156
152	77	6	10	3897747/2291482156
152	78	4	6	-9410464953/78455766057128
152	78	4	10	-9410464953/78455766057128
152	78	6	10	-9410464953/78455766057128
152	79	4	6	-3296657377881/50682424872904688
152	79	4	10	-3296657377881/50682424872904688
152	79	6	10	-3296657377881/50682424872904688
152	80	5	15	1/2
152	80	5	16	1/2
152	80	7	13	1/2
152	80	7	16	1/2
152	80	9	12	1/2
152	80	9	14	1/2
152	80	12	15	1/2
152	80	13	14	1/2
152	81	4	14	-9/340
152	81	4	15	-9/340
152	81	6	12	-9/340
152	81	6	15	-9/340
152	81	8	11	-9/340
152	81	8	13	-9/340
152	81	11	14	-9/340
152	81	12	13	-9/340
152	82	4	14	-4173/982600
152	82	4	15	-4173/982600
152	82	6	12	-4173/982600
152	82	6	15	-4173/982600
152	82	8	11	-4173/982600
152	82	8	13	-4173/982600
152	82	11	14	-4173/982600
152	82	12	13	-4173/982600
152	83	4	14	137457/167042000
152	83	4	15	137457/167042000
152	83	6	12	137457/167042000
152	83	6	15	137457/167042000
152	83	8	11	137457/167042000
152	83	8	13	137457/167042000
152	83	11	14	137457/167042000
152	83	12	13	137457/167042000
152	84	4	14	140177061/1505048420000
152	84	4	15	140177061/1505048420000
152	84	6	12	140177061/1505048420000
152	84	6	15	140177061/1505048420000
152	84	8	11	140177061/1505048420000
152	84	8	13	140177061/1505048420000
152	84	11	14	140177061/1505048420000
152	84	12	13	140177061/1505048420000
152	85	4	14	-10383862149/255858231400000
152	85	4	15	-10383862149/255858231400000
152	85	6	12	-10383862149/255858231400000
152	85	6	15	-10383862149/255858231400000
152	85	8	11	-10383862149/255858231400000
152	85	8	13	-10383862149/255858231400000
152	85	11	14	-10383862149/255858231400000
152	85	12	13	-10383862149/255858231400000
152	86	3	5	2
152	86	3	8	2
152	86	4	5	2
152	86	4	11	2
152	86	5	8	2
152	86	5	11	2
152	86	5	14	2
152	87	2	4	48/119
152	87	2	7	372/595
152	87	3	4	48/119
152	87	3	10	372/595
152	87	4	7	-27/119
152	87	4	10	-27/119
152	87	4	13	3/34
152	88	2	4	13368/240737
152	88	2	7	1020864/6018425
152	88	3	4	13368/240737
152	88	3	10	1020864/6018425
152	88	4	7	-39/481474
152	88	4	10	-39/481474
152	88	4	13	-6033/275128
152	89	2	4	22464/28647703
152	89	2	7	132071904/3580962875
152	89	3	4	22464/28647703
152	89	3	10	132071904/3580962875
152	89	4	7	672381/114590812
152	89	4	10	672381/114590812
152	89	4	13	-60723/18708704
152	90	2	4	-366837984/180681062821
152	90	2	7	555817324032/112925664263125
152	90	3	4	-366837984/180681062821
152	90	3	10	555817324032/112925664263125
152	90	4	7	-1012191147/1445448502568
152	90	4	10	-1012191147/1445448502568
152	90	4	13	315455877/471983184512
152	91	2	4	-10329368832/21501046475699
152	91	2	7	-27761633998848/67190770236559375
152	91	3	4	-10329368832/21501046475699
152	91	3	10	-27761633998848/67190770236559375
152	91	4	7	-71021733687/344016743611184
152	91	4	10	-71021733687/344016743611184
152	91	4	13	6112140687/32094856546816
152	92	3	4	2
152	92	3	6	2
152	93	2	3	690/1139
152	93	2	5	690/1139
152	94	2	3	3451890/22054457
152	94	2	5	3451890/22054457
152	95	2	3	780379650/25120026523
152	95	2	5	780379650/25120026523
152	96	2	3	4602537081450/1516420641113941
152	96	2	5	4602537081450/1516420641113941
152	97	2	3	-1393342480923750/1727203110228778799
152	97	2	5	-1393342480923750/1727203110228778799
153	62	5	15	2
153	62	7	13	2
153	62	13	15	2
153	63	4	14	116/221
153	63	6	12	116/221
153	63	12	14	-167/442
153	64	4	14	97112/830297
153	64	6	12	97112/830297
153	64	12	14	336001/6642376
153	65	4	14	3629872/183495637
153	65	6	12	3629872/183495637
153	65	12	14	-9982759/5871860384
153	66	4	14	3265332896/2149284396181
153	66	6	12	3265332896/2149284396181
153	66	12	14	-352405364507/275108402711168
153	67	4	14	-213554661824/474991851556001
153	67	6	12	-213554661824/474991851556001
153	67	12	14	4737798461389/14305636940980736
153	80	5	17	1/2
153	80	7	17	1/2
153	80	12	17	1/2
153	80	14	17	1/2
153	81	4	16	-3/34
153	81	6	16	-3/34
153	81	11	16	-3/34
153	81	13	16	-3/34
153	82	4	16	258/24565
153	82	6	16	258/24565
153	82	11	16	258/24565
153	82	13	16	258/24565
153	83	4	16	-27/417605
153	83	6	16	-27/417605
153	83	11	16	-27/417605
153	83	13	16	-27/417605
153	84	4	16	-590328/1881310525
153	84	6	16	-590328/1881310525
153	84	11	16	-590328/1881310525
153	84	13	16	-590328/1881310525
153	85	4	16	397224/6396455785
153	85	6	16	397224/6396455785
153	85	11	16	397224/6396455785
153	85	13	16	397224/6396455785
153	86	3	9	2
153	86	4	13	2
153	86	9	14	2
153	86	13	14	2
153	87	2	8	228/595
153	87	3	12	228/595
153	87	8	13	-3/34
153	87	12	13	-3/34
153	88	2	8	302424/6018425
153	88	3	12	302424/6018425
153	88	8	13	-26517/1375640
153	88	12	13	-26517/1375640
153	89	2	8	2684016/3580962875
153	89	3	12	2684016/3580962875
153	89	8	13	270783/93543520
153	89	12	13	270783/93543520
153	90	2	8	-184421160288/112925664263125
153	90	3	12	-184421160288/112925664263125
153	90	8	13	6039202941/11799579612800
153	90	12	13	6039202941/11799579612800
153	91	2	8	-24922259381952/67190770236559375
153	91	3	12	-24922259381952/67190770236559375
153	91	8	13	-24288281163/160474282734080
153	91	12	13	-24288281163/160474282734080
153	92	4	5	2
153	92	4	11	2
153	92	5	11	2
153	92	6	7	2
153	92	6	11	2
153	92	7	11	2
153	93	3	4	393/1139
153	93	3	10	792/1139
153	93	4	10	-168/1139
153	93	5	6	393/1139
153	93	5	10	792/1139
153	93	6	10	-168/1139
153	94	3	4	1557921/44108914
153	94	3	10	4797888/22054457
153	94	4	10	-293952/22054457
153	94	5	6	1557921/44108914
153	94	5	10	4797888/22054457
153	94	6	10	-293952/22054457
153	95	3	4	-226958679/100480106092
153	95	3	10	1477149696/25120026523
153	95	4	10	114379776/25120026523
153	95	5	6	-226958679/100480106092
153	95	5	10	1477149696/25120026523
153	95	6	10	114379776/25120026523
153	96	3	4	-20687463149787/12131365128911528
153	96	3	10	18973899012096/1516420641113941
153	96	4	10	174356084736/1516420641113941
153	96	5	6	-20687463149787/12131365128911528
153	96	5	10	18973899012096/1516420641113941
153	96	6	10	174356084736/1516420641113941
153	97	3	4	-5740722724359987/27635249763660460784
153	97	3	10	2516936669356032/1727203110228778799
153	97	4	10	-378488540602368/1727203110228778799
153	97	5	6	-5740722724359987/27635249763660460784
153	97	5	10	2516936669356032/1727203110228778799
153	97	6	10	-378488540602368/1727203110228778799
153	98	7	8	1/2
153	98	7	11	1/2
153	98	8	12	1/2
153	98	11	12	1/2
153	99	6	7	-21/442
153	99	6	10	-21/442
153	99	7	11	-21/442
153	99	10	11	-21/442
153	100	6	7	-12037/4981782
153	100	6	10	-12037/4981782
153	100	7	11	-12037/4981782
153	100	10	11	-12037/4981782
153	101	6	7	567651/366991274
153	101	6	10	567651/366991274
153	101	7	11	567651/366991274
153	101	10	11	567651/366991274
153	102	6	7	-246635723/4298568792362
153	102	6	10	-246635723/4298568792362
153	102	7	11	-246635723/4298568792362
153	102	10	11	-246635723/4298568792362
153	103	6	7	-72367361241/949983703112002
153	103	6	10	-72367361241/949983703112002
153	103	7	11	-72367361241/949983703112002
153	103	10	11	-72367361241/949983703112002
154	62	5	9	4
154	62	7	9	4
154	63	4	8	-240/221
154	63	6	8	-240/221
154	64	4	8	12736/48841
154	64	6	8	12736/48841
154	65	4	8	-564480/10793861
154	65	6	8	-564480/10793861
154	66	4	8	948483072/126428493893
154	66	6	8	948483072/126428493893
154	67	4	8	-6129561600/27940697150353
154	67	6	8	-6129561600/27940697150353
154	68	5	7	4/3
154	68	5	8	4/3
154	68	7	8	4/3
154	69	4	6	-208/765
154	69	4	7	-208/765
154	69	6	7	-208/765
154	70	4	6	2752/65025
154	70	4	7	2752/65025
154	70	6	7	2752/65025
154	71	4	6	-163072/49744125
154	71	4	7	-163072/49744125
154	71	6	7	-163072/49744125
154	72	4	6	-400534528/672291849375
154	72	4	7	-400534528/672291849375
154	72	6	7	-400534528/672291849375
154	73	4	6	14999375872/57144807196875
154	73	4	7	14999375872/57144807196875
154	73	6	7	14999375872/57144807196875
154	80	5	14	1
154	80	7	12	1
154	81	4	13	36/85
154	81	6	11	36/85
154	82	4	13	1236/7225
154	82	6	11	1236/7225
154	83	4	13	40176/614125
154	83	6	11	40176/614125
154	84	4	13	64842768/2766633125
154	84	6	11	64842768/2766633125
154	85	4	13	1820190528/235163815625
154	85	6	11	1820190528/235163815625
154	86	3	12	4
154	86	4	7	4
154	86	7	12	4
154	87	2	11	912/595
154	87	3	6	912/595
154	87	6	11	348/595
154	88	2	11	194496/354025
154	88	3	6	194496/354025
154	88	6	11	16836/354025
154	89	2	11	38216448/210644875
154	89	3	6	38216448/210644875
154	89	6	11	-873828/210644875
154	90	2	11	21037003776/390746243125
154	90	3	6	21037003776/390746243125
154	90	6	11	-13294635948/6642686133125
154	91	2	11	54069979631616/3952398249209375
154	91	3	6	54069979631616/3952398249209375
154	91	6	11	-628478905716/3952398249209375
154	98	3	6	1
154	98	3	10	1
154	98	4	6	1
154	98	4	10	1
154	99	2	5	84/221
154	99	2	9	84/221
154	99	3	5	84/221
154	99	3	9	84/221
154	100	2	5	19504/146523
154	100	2	9	19504/146523
154	100	3	5	19504/146523
154	100	3	9	19504/146523
154	101	2	5	452928/10793861
154	101	2	9	452928/10793861
154	101	3	5	452928/10793861
154	101	3	9	452928/10793861
154	102	2	5	1441223936/126428493893
154	102	2	9	1441223936/126428493893
154	102	3	5	1441223936/126428493893
154	102	3	9	1441223936/126428493893
154	103	2	5	67183076352/27940697150353
154	103	2	9	67183076352/27940697150353
154	103	3	5	67183076352/27940697150353
154	103	3	9	67183076352/27940697150353
155	62	5	9	1
155	62	5	17	1
155	62	7	9	1
155	62	7	17	1
155	63	4	8	18/221
155	63	4	16	-48/221
155	63	6	8	18/221
155	63	6	16	-48/221
155	64	4	8	-2656/830297
155	64	4	16	31004/830297
155	64	6	8	-2656/830297
155	64	6	16	31004/830297
155	65	4	8	-341712/183495637
155	65	4	16	-704448/183495637
155	65	6	8	-341712/183495637
155	65	6	16	-704448/183495637
155	66	4	8	-146711808/2149284396181
155	66	4	16	-598793328/2149284396181
155	66	6	8	-146711808/2149284396181
155	66	6	16	-598793328/2149284396181
155	67	4	8	30455129088/474991851556001
155	67	4	16	6175201536/27940697150353
155	67	6	8	30455129088/474991851556001
155	67	6	16	6175201536/27940697150353
155	68	5	15	1/3
155	68	5	16	1/3
155	68	7	13	1/3
155	68	7	16	1/3
155	68	8	13	1/3
155	68	8	15	1/3
155	69	4	14	-22/765
155	69	4	15	-22/765
155	69	6	12	-22/765
155	69	6	15	-22/765
155	69	7	12	-22/765
155	69	7	14	-22/765
155	70	4	14	-1444/1105425
155	70	4	15	-1444/1105425
155	70	6	12	-1444/1105425
155	70	6	15	-1444/1105425
155	70	7	12	-1444/1105425
155	70	7	14	-1444/1105425
155	71	4	14	647944/845650125
155	71	4	15	647944/845650125
155	71	6	12	647944/845650125
155	71	6	15	647944/845650125
155	71	7	12	647944/845650125
155	71	7	14	647944/845650125
155	72	4	14	-302287664/11428961439375
155	72	4	15	-302287664/11428961439375
155	72	6	12	-302287664/11428961439375
155	72	6	15	-302287664/11428961439375
155	72	7	12	-302287664/11428961439375
155	72	7	14	-302287664/11428961439375
155	73	4	14	-29979293344/971461722346875
155	73	4	15	-29979293344/971461722346875
155	73	6	12	-29979293344/971461722346875
155	73	6	15	-29979293344/971461722346875
155	73	7	12	-29979293344/971461722346875
155	73	7	14	-29979293344/971461722346875
155	74	5	9	1/3
155	74	5	13	1/3
155	74	7	9	1/3
155	74	7	15	1/3
155	74	11	13	1/3
155	74	11	15	1/3
155	75	4	8	-25/323
155	75	4	12	-25/323
155	75	6	8	-25/323
155	75	6	14	-25/323
155	75	10	12	-25/323
155	75	10	14	-25/323
155	76	4	8	25909/1773593
155	76	4	12	25909/1773593
155	76	6	8	25909/1773593
155	76	6	14	25909/1773593
155	76	10	12	25909/1773593
155	76	10	14	25909/1773593
155	77	4	8	-1048275/572870539
155	77	4	12	-1048275/572870539
155	77	6	8	-1048275/572870539
155	77	6	14	-1048275/572870539
155	77	10	12	-1048275/572870539
155	77	10	14	-1048275/572870539
155	78	4	8	-207932913/9806970757141
155	78	4	12	-207932913/9806970757141
155	78	6	8	-207932913/9806970757141
155	78	6	14	-207932913/9806970757141
155	78	10	12	-207932913/9806970757141
155	78	10	14	-207932913/9806970757141
155	79	4	8	260874529875/3167651554556543
155	79	4	12	260874529875/3167651554556543
155	79	6	8	260874529875/3167651554556543
155	79	6	14	260874529875/3167651554556543
155	79	10	12	260874529875/3167651554556543
155	79	10	14	260874529875/3167651554556543
155	80	5	15	1/4
155	80	5	16	1/4
155	80	7	13	1/4
155	80	7	16	1/4
155	80	9	12	1/4
155	80	9	14	1/4
155	80	12	15	1/4
155	80	13	14	1/4
155	81	4	14	3/40
155	81	4	15	3/40
155	81	6	12	3/40
155	81	6	15	3/40
155	81	8	11	3/40
155	81	8	13	3/40
155	81	11	14	3/40
155	81	12	13	3/40
155	82	4	14	39507/1965200
155	82	4	15	39507/1965200
155	82	6	12	39507/1965200
155	82	6	15	39507/1965200
155	82	8	11	39507/1965200
155	82	8	13	39507/1965200
155	82	11	14	39507/1965200
155	82	12	13	39507/1965200
155	83	4	14	90261/19652000
155	83	4	15	90261/19652000
155	83	6	12	90261/19652000
155	83	6	15	90261/19652000
155	83	8	11	90261/19652000
155	83	8	13	90261/19652000
155	83	11	14	90261/19652000
155	83	12	13	90261/19652000
155	84	4	14	2399377221/3010096840000
155	84	4	15	2399377221/3010096840000
155	84	6	12	2399377221/3010096840000
155	84	6	15	2399377221/3010096840000
155	84	8	11	2399377221/3010096840000
155	84	8	13	2399377221/3010096840000
155	84	11	14	2399377221/3010096840000
155	84	12	13	2399377221/3010096840000
155	85	4	14	1802562903/30100968400000
155	85	4	15	1802562903/30100968400000
155	85	6	12	1802562903/30100968400000
155	85	6	15	1802562903/30100968400000
155	85	8	11	1802562903/30100968400000
155	85	8	13	1802562903/30100968400000
155	85	11	14	1802562903/30100968400000
155	85	12	13	1802562903/30100968400000
155	86	3	13	1
155	86	3	16	1
155	86	4	9	1
155	86	4	15	1
155	86	7	8	1
155	86	7	16	1
155	86	8	9	1
155	86	11	12	1
155	86	11	13	1
155	86	12	15	1
155	87	2	12	156/595
155	87	2	15	222/595
155	87	3	8	156/595
155	87	3	14	222/595
155	87	6	7	129/595
155	87	6	15	-12/595
155	87	7	8	-249/1190
155	87	10	11	129/595
155	87	10	12	-249/1190
155	87	11	14	-12/595
155	88	2	12	347772/6018425
155	88	2	15	771888/6018425
155	88	3	8	347772/6018425
155	88	3	14	771888/6018425
155	88	6	7	216957/6018425
155	88	6	15	-63492/6018425
155	88	7	8	790257/24073700
155	88	10	11	216957/6018425
155	88	10	12	790257/24073700
155	88	11	14	-63492/6018425
155	89	2	12	33679152/3580962875
155	89	2	15	142081776/3580962875
155	89	3	8	33679152/3580962875
155	89	3	14	142081776/3580962875
155	89	6	7	10974933/3580962875
155	89	6	15	2344464/3580962875
155	89	7	8	-65421513/28647703000
155	89	10	11	10974933/3580962875
155	89	10	12	-65421513/28647703000
155	89	11	14	2344464/3580962875
155	90	2	12	62442162576/112925664263125
155	90	2	15	1194150802176/112925664263125
155	90	3	8	62442162576/112925664263125
155	90	3	14	1194150802176/112925664263125
155	90	6	7	-60303529539/112925664263125
155	90	6	15	36131911056/112925664263125
155	90	7	8	-1110696272379/1806810628210000
155	90	10	11	-60303529539/112925664263125
155	90	10	12	-1110696272379/1806810628210000
155	90	11	14	36131911056/112925664263125
155	91	2	12	-18911347401024/67190770236559375
155	91	2	15	146903388728832/67190770236559375
155	91	3	8	-18911347401024/67190770236559375
155	91	3	14	146903388728832/67190770236559375
155	91	6	7	-17595821676051/67190770236559375
155	91	6	15	-2287798852032/67190770236559375
155	91	7	8	516206251498851/2150104647569900000
155	91	10	11	-17595821676051/67190770236559375
155	91	10	12	516206251498851/2150104647569900000
155	91	11	14	-2287798852032/67190770236559375
155	92	3	12	1
155	92	3	14	1
155	92	5	8	1
155	92	5	14	1
155	92	7	8	1
155	92	7	12	1
155	93	2	11	411/1139
155	93	2	13	411/1139
155	93	4	7	-174/1139
155	93	4	13	213/2278
155	93	6	7	-174/1139
155	93	6	11	213/2278
155	94	2	11	2619201/22054457
155	94	2	13	2619201/22054457
155	94	4	7	262236/22054457
155	94	4	13	-238551/88217828
155	94	6	7	262236/22054457
155	94	6	11	-238551/88217828
155	95	2	11	868972779/25120026523
155	95	2	13	868972779/25120026523
155	95	4	7	42225624/25120026523
155	95	4	13	-480996387/200960212184
155	95	6	7	42225624/25120026523
155	95	6	11	-480996387/200960212184
155	96	2	11	12721866256197/1516420641113941
155	96	2	13	12721866256197/1516420641113941
155	96	4	7	-1031092316208/1516420641113941
155	96	4	13	-3536805717963/24262730257823056
155	96	6	7	-1031092316208/1516420641113941
155	96	6	11	-3536805717963/24262730257823056
155	97	2	11	2455941174073191/1727203110228778799
155	97	2	13	2455941174073191/1727203110228778799
155	97	4	7	62128271565216/1727203110228778799
155	97	4	13	4997252470729113/55270499527320921568
155	97	6	7	62128271565216/1727203110228778799
155	97	6	11	4997252470729113/55270499527320921568
155	98	3	7	1/4
155	98	3	11	1/4
155	98	4	8	1/4
155	98	4	12	1/4
155	98	6	7	1/4
155	98	6	8	1/4
155	98	10	11	1/4
155	98	10	12	1/4
155	99	2	6	25/442
155	99	2	10	25/442
155	99	3	7	25/442
155	99	3	11	25/442
155	99	5	6	25/442
155	99	5	7	25/442
155	99	9	10	25/442
155	99	9	11	25/442
155	100	2	6	23711/2490891
155	100	2	10	23711/2490891
155	100	3	7	23711/2490891
155	100	3	11	23711/2490891
155	100	5	6	23711/2490891
155	100	5	7	23711/2490891
155	100	9	10	23711/2490891
155	100	9	11	23711/2490891
155	101	2	6	123050/183495637
155	101	2	10	123050/183495637
155	101	3	7	123050/183495637
155	101	3	11	123050/183495637
155	101	5	6	123050/183495637
155	101	5	7	123050/183495637
155	101	9	10	123050/183495637
155	101	9	11	123050/183495637
155	102	2	6	-489043916/2149284396181
155	102	2	10	-489043916/2149284396181
155	102	3	7	-489043916/2149284396181
155	102	3	11	-489043916/2149284396181
155	102	5	6	-489043916/2149284396181
155	102	5	7	-489043916/2149284396181
155	102	9	10	-489043916/2149284396181
155	102	9	11	-489043916/2149284396181
155	103	2	6	-129740437000/1424975554668003
155	103	2	10	-129740437000/1424975554668003
155	103	3	7	-129740437000/1424975554668003
155	103	3	11	-129740437000/1424975554668003
155	103	5	6	-129740437000/1424975554668003
155	103	5	7	-129740437000/1424975554668003
155	103	9	10	-129740437000/1424975554668003
155	103	9	11	-129740437000/1424975554668003
155	104	3	6	1/2
155	104	3	10	1/2
155	104	4	6	1/2
155	104	4	10	1/2
155	105	2	5	3/17
155	105	2	9	3/17
155	105	3	5	3/17
155	105	3	9	3/17
155	106	2	5	5798/103173
155	106	2	9	5798/103173
155	106	3	5	5798/103173
155	106	3	9	5798/103173
155	107	2	5	9084/584647
155	107	2	9	9084/584647
155	107	3	5	9084/584647
155	107	3	9	9084/584647
155	108	2	5	12622184/3687368629
155	108	2	9	12622184/3687368629
155	108	3	5	12622184/3687368629
155	108	3	9	12622184/3687368629
155	109	2	5	27562992/62685266693
155	109	2	9	27562992/62685266693
155	109	3	5	27562992/62685266693
155	109	3	9	27562992/62685266693
156	62	5	17	2
156	62	7	17	2
156	63	4	16	60/221
156	63	6	16	60/221
156	64	4	16	13336/830297
156	64	6	16	13336/830297
156	65	4	16	-635760/183495637
156	65	6	16	-635760/183495637
156	66	4	16	-2140131168/2149284396181
156	66	6	16	-2140131168/2149284396181
156	67	4	16	-2078395200/474991851556001
156	67	6	16	-2078395200/474991851556001
156	68	13	15	2/3
156	68	13	16	2/3
156	68	15	16	2/3
156	69	12	14	-74/765
156	69	12	15	-74/765
156	69	14	15	-74/765
156	70	12	14	6662/1105425
156	70	12	15	6662/1105425
156	70	14	15	6662/1105425
156	71	12	14	1225958/845650125
156	71	12	15	1225958/845650125
156	71	14	15	1225958/845650125
156	72	12	14	-5010994198/11428961439375
156	72	12	15	-5010994198/11428961439375
156	72	14	15	-5010994198/11428961439375
156	73	12	14	266955962/971461722346875
156	73	12	15	266955962/971461722346875
156	73	14	15	266955962/971461722346875
156	80	5	17	1/2
156	80	7	17	1/2
156	80	12	17	1/2
156	80	14	17	1/2
156	81	4	16	3/34
156	81	6	16	3/34
156	81	11	16	3/34
156	81	13	16	3/34
156	82	4	16	258/24565
156	82	6	16	258/24565
156	82	11	16	258/24565
156	82	13	16	258/24565
156	83	4	16	27/417605
156	83	6	16	27/417605
156	83	11	16	27/417605
156	83	13	16	27/417605
156	84	4	16	-590328/1881310525
156	84	6	16	-590328/1881310525
156	84	11	16	-590328/1881310525
156	84	13	16	-590328/1881310525
156	85	4	16	-397224/6396455785
156	85	6	16	-397224/6396455785
156	85	11	16	-397224/6396455785
156	85	13	16	-397224/6396455785
156	86	3	17	2
156	86	4	17	2
156	87	2	16	60/119
156	87	3	16	60/119
156	88	2	16	125112/1203685
156	88	3	16	125112/1203685
156	89	2	16	416016/28647703
156	89	3	16	416016/28647703
156	90	2	16	82604448/4517026570525
156	90	3	16	82604448/4517026570525
156	91	2	16	-15027861312/21501046475699
156	91	3	16	-15027861312/21501046475699
156	92	11	12	2
156	92	11	13	2
156	92	11	14	2
156	92	11	15	2
156	92	12	15	2
156	92	13	14	2
156	93	10	11	552/1139
156	93	10	12	-24/67
156	93	10	13	552/1139
156	93	10	14	-24/67
156	93	11	14	-57/1139
156	93	12	13	-57/1139
156	94	10	11	2056128/22054457
156	94	10	12	881088/22054457
156	94	10	13	2056128/22054457
156	94	10	14	881088/22054457
156	94	11	14	-1012479/44108914
156	94	12	13	-1012479/44108914
156	95	10	11	272802816/25120026523
156	95	10	12	2239488/1477648619
156	95	10	13	272802816/25120026523
156	95	10	14	2239488/1477648619
156	95	11	14	179430471/100480106092
156	95	12	13	179430471/100480106092
156	96	10	11	-1192985708544/1516420641113941
156	96	10	12	-2661612079104/1516420641113941
156	96	10	13	-1192985708544/1516420641113941
156	96	10	14	-2661612079104/1516420641113941
156	96	11	14	9166450371813/12131365128911528
156	96	12	13	9166450371813/12131365128911528
156	97	10	11	-1292881344749568/1727203110228778799
156	97	10	12	26898787639296/101600182954634047
156	97	10	13	-1292881344749568/1727203110228778799
156	97	10	14	26898787639296/101600182954634047
156	97	11	14	-2819866613514237/27635249763660460784
156	97	12	13	-2819866613514237/27635249763660460784
156	104	6	7	1
156	104	6	8	1
156	104	7	8	1
156	104	10	11	1
156	104	10	12	1
156	104	11	12	1
156	105	5	6	7/34
156	105	5	7	7/34
156	105	6	7	-29/238
156	105	9	10	7/34
156	105	9	11	7/34
156	105	10	11	-29/238
156	106	5	6	12181/412692
156	106	5	7	12181/412692
156	106	6	7	5707/2888844
156	106	9	10	12181/412692
156	106	9	11	12181/412692
156	106	10	11	5707/2888844
156	107	5	6	519/668168
156	107	5	7	519/668168
156	107	6	7	663723/229181624
156	107	9	10	519/668168
156	107	9	11	519/668168
156	107	10	11	663723/229181624
156	108	5	6	-58914603/58997898064
156	108	5	7	-58914603/58997898064
156	108	6	7	-1294894827/2890897005136
156	108	9	10	-58914603/58997898064
156	108	9	11	-58914603/58997898064
156	108	10	11	-1294894827/2890897005136
156	109	5	6	-224403073/859683657504
156	109	5	7	-224403073/859683657504
156	109	6	7	-10367506931/121417674215712
156	109	9	10	-224403073/859683657504
156	109	9	11	-224403073/859683657504
156	109	10	11	-10367506931/121417674215712
157	62	13	15	6
157	63	12	14	435/442
157	64	12	14	651075/6642376
157	65	12	14	-27742125/5871860384
157	66	12	14	-1089030980625/275108402711168
157	67	12	14	-121442206790625/243195827996672512
157	86	14	17	6
157	87	13	16	-27/34
157	88	13	16	9477/275128
157	89	13	16	264627/18708704
157	90	13	16	-1502423073/471983184512
157	91	13	16	-6261969303/32094856546816
157	92	4	13	6
157	92	6	15	6
157	93	3	12	1485/1139
157	93	5	14	1485/1139
157	94	3	12	9240075/44108914
157	94	5	14	9240075/44108914
157	95	3	12	1350199125/100480106092
157	95	5	14	1350199125/100480106092
157	96	3	12	-59627225030625/12131365128911528
157	96	5	14	-59627225030625/12131365128911528
157	97	3	12	-50261037557259375/27635249763660460784
157	97	5	14	-50261037557259375/27635249763660460784
157	104	7	11	3
157	104	8	12	3
157	105	6	10	-45/238
157	105	7	11	-45/238
157	106	6	10	-26325/962948
157	106	7	11	-26325/962948
157	107	6	10	1528875/229181624
157	107	7	11	1528875/229181624
157	108	6	10	1718769375/2890897005136
157	108	7	11	1718769375/2890897005136
157	109	6	10	-255926840625/688033487222368
157	109	7	11	-255926840625/688033487222368
158	62	9	13	2
158	62	9	15	2
158	63	8	12	-75/221
158	63	8	14	-75/221
158	64	8	12	66245/1660594
158	64	8	14	66245/1660594
158	65	8	12	-561375/733982548
158	65	8	14	-561375/733982548
158	66	8	12	-16276612275/17194275169448
158	66	8	14	-16276612275/17194275169448
158	67	8	12	1517821790625/7599869624896016
158	67	8	14	1517821790625/7599869624896016
158	68	5	7	2/3
158	68	5	8	2/3
158	68	7	8	2/3
158	69	4	6	76/765
158	69	4	7	76/765
158	69	6	7	76/765
158	70	4	6	2944/368475
158	70	4	7	2944/368475
158	70	6	7	2944/368475
158	71	4	6	-710752/845650125
158	71	4	7	-710752/845650125
158	71	6	7	-710752/845650125
158	72	4	6	-4321904128/11428961439375
158	72	4	7	-4321904128/11428961439375
158	72	6	7	-4321904128/11428961439375
158	73	4	6	-8641693696/323820574115625
158	73	4	7	-8641693696/323820574115625
158	73	6	7	-8641693696/323820574115625
158	86	5	7	2
158	86	5	9	2
158	86	5	12	2
158	86	5	13	2
158	86	5	14	2
158	86	7	13	2
158	86	9	12	2
158	87	4	6	57/119
158	87	4	8	-111/238
158	87	4	11	57/119
158	87	4	12	-111/238
158	87	4	13	27/34
158	87	6	12	3/595
158	87	8	11	3/595
158	88	4	6	45741/481474
158	88	4	8	171489/1925896
158	88	4	11	45741/481474
158	88	4	12	171489/1925896
158	88	4	13	81327/275128
158	88	6	12	-237147/12036850
158	88	8	11	-237147/12036850
158	89	4	6	1525149/114590812
158	89	4	8	-10606383/916726496
158	89	4	11	1525149/114590812
158	89	4	12	-10606383/916726496
158	89	4	13	1902933/18708704
158	89	6	12	-2135241/14323851500
158	89	8	11	-2135241/14323851500
158	90	4	6	514875933/1445448502568
158	90	4	8	990679653/23127176041088
158	90	4	11	514875933/1445448502568
158	90	4	12	990679653/23127176041088
158	90	4	13	14925548997/471983184512
158	90	6	12	506122530381/903405314105000
158	90	8	11	506122530381/903405314105000
158	91	4	6	-158435459163/344016743611184
158	91	4	8	5137882065909/11008535795557888
158	91	4	11	-158435459163/344016743611184
158	91	4	12	5137882065909/11008535795557888
158	91	4	13	273153126663/32094856546816
158	91	6	12	7598628605943/1075052323784950000
158	91	8	11	7598628605943/1075052323784950000
158	92	4	7	2
158	92	5	6	2
158	92	5	7	2
158	93	3	6	795/1139
158	93	4	5	795/1139
158	93	4	6	-327/1139
158	94	3	6	9835905/44108914
158	94	4	5	9835905/44108914
158	94	4	6	909273/44108914
158	95	3	6	6374997675/100480106092
158	95	4	5	6374997675/100480106092
158	95	4	6	296839809/100480106092
158	96	3	6	184740235222725/12131365128911528
158	96	4	5	184740235222725/12131365128911528
158	96	4	6	-13162247893899/12131365128911528
158	97	3	6	1390844784616875/521419806861518128
158	97	4	5	1390844784616875/521419806861518128
158	97	4	6	1321973127402093/27635249763660460784
158	98	3	8	1/2
158	98	3	12	1/2
158	98	4	7	1/2
158	98	4	11	1/2
158	98	6	11	1/2
158	98	6	12	1/2
158	98	7	10	1/2
158	98	8	10	1/2
158	99	2	7	38/221
158	99	2	11	38/221
158	99	3	6	38/221
158	99	3	10	38/221
158	99	5	10	38/221
158	99	5	11	38/221
158	99	6	9	38/221
158	99	7	9	38/221
158	100	2	7	132598/2490891
158	100	2	11	132598/2490891
158	100	3	6	132598/2490891
158	100	3	10	132598/2490891
158	100	5	10	132598/2490891
158	100	5	11	132598/2490891
158	100	6	9	132598/2490891
158	100	7	9	132598/2490891
158	101	2	7	2614856/183495637
158	101	2	11	2614856/183495637
158	101	3	6	2614856/183495637
158	101	3	10	2614856/183495637
158	101	5	10	2614856/183495637
158	101	5	11	2614856/183495637
158	101	6	9	2614856/183495637
158	101	7	9	2614856/183495637
158	102	2	7	6467211848/2149284396181
158	102	2	11	6467211848/2149284396181
158	102	3	6	6467211848/2149284396181
158	102	3	10	6467211848/2149284396181
158	102	5	10	6467211848/2149284396181
158	102	5	11	6467211848/2149284396181
158	102	6	9	6467211848/2149284396181
158	102	7	9	6467211848/2149284396181
158	103	2	7	501042210464/1424975554668003
158	103	2	11	501042210464/1424975554668003
158	103	3	6	501042210464/1424975554668003
158	103	3	10	501042210464/1424975554668003
158	103	5	10	501042210464/1424975554668003
158	103	5	11	501042210464/1424975554668003
158	103	6	9	501042210464/1424975554668003
158	103	7	9	501042210464/1424975554668003
159	62	9	13	1
159	62	9	15	1
159	62	13	17	1
159	62	15	17	1
159	63	8	12	81/442
159	63	8	14	81/442
159	63	12	16	-237/884
159	63	14	16	-237/884
159	64	8	12	82469/3321188
159	64	8	14	82469/3321188
159	64	12	16	838601/13284752
159	64	14	16	838601/13284752
159	65	8	12	1970973/1467965096
159	65	8	14	1970973/1467965096
159	65	12	16	-143635509/11743720768
159	65	14	16	-143635509/11743720768
159	66	8	12	-14257783827/34388550338896
159	66	8	14	-14257783827/34388550338896
159	66	12	16	887467997493/550216805422336
159	66	14	16	887467997493/550216805422336
159	67	8	12	-1965970823859/15199739249792032
159	67	8	14	-1965970823859/15199739249792032
159	67	12	16	2462091634863/486391655993345024
159	67	14	16	2462091634863/486391655993345024
159	68	5	15	1/3
159	68	5	16	1/3
159	68	7	13	1/3
159	68	7	16	1/3
159	68	8	13	1/3
159	68	8	15	1/3
159	69	4	14	4/45
159	69	4	15	4/45
159	69	6	12	4/45
159	69	6	15	4/45
159	69	7	12	4/45
159	69	7	14	4/45
159	70	4	14	7492/368475
159	70	4	15	7492/368475
159	70	6	12	7492/368475
159	70	6	15	7492/368475
159	70	7	12	7492/368475
159	70	7	14	7492/368475
159	71	4	14	180272/49744125
159	71	4	15	180272/49744125
159	71	6	12	180272/49744125
159	71	6	15	180272/49744125
159	71	7	12	180272/49744125
159	71	7	14	180272/49744125
159	72	4	14	3950121616/11428961439375
159	72	4	15	3950121616/11428961439375
159	72	6	12	3950121616/11428961439375
159	72	6	15	3950121616/11428961439375
159	72	7	12	3950121616/11428961439375
159	72	7	14	3950121616/11428961439375
159	73	4	14	-371818048/6349423021875
159	73	4	15	-371818048/6349423021875
159	73	6	12	-371818048/6349423021875
159	73	6	15	-371818048/6349423021875
159	73	7	12	-371818048/6349423021875
159	73	7	14	-371818048/6349423021875
159	86	7	9	1
159	86	7	17	1
159	86	9	14	1
159	86	12	13	1
159	86	12	17	1
159	86	13	14	1
159	87	6	8	87/1190
159	87	6	16	-39/238
159	87	8	13	21/68
159	87	11	12	87/1190
159	87	11	16	-39/238
159	87	12	13	21/68
159	88	6	8	-106107/24073700
159	88	6	16	82329/4814740
159	88	8	13	235563/2751280
159	88	11	12	-106107/24073700
159	88	11	16	82329/4814740
159	88	12	13	235563/2751280
159	89	6	8	-50083029/28647703000
159	89	6	16	451737/1145908120
159	89	8	13	545697/26726720
159	89	11	12	-50083029/28647703000
159	89	11	16	451737/1145908120
159	89	12	13	545697/26726720
159	90	6	8	-17388932499/1806810628210000
159	90	6	16	-41603868891/72272425128400
159	90	8	13	89432837181/23599159225600
159	90	11	12	-17388932499/1806810628210000
159	90	11	16	-41603868891/72272425128400
159	90	12	13	89432837181/23599159225600
159	91	6	8	138352258781307/2150104647569900000
159	91	6	16	295885010889/3440167436111840
159	91	8	13	16530632523/45849795066880
159	91	11	12	138352258781307/2150104647569900000
159	91	11	16	295885010889/3440167436111840
159	91	12	13	16530632523/45849795066880
159	92	4	9	1
159	92	4	15	1
159	92	5	12	1
159	92	5	13	1
159	92	6	9	1
159	92	6	13	1
159	92	7	14	1
159	92	7	15	1
159	92	9	12	1
159	92	9	14	1
159	93	3	8	249/1139
159	93	3	14	897/2278
159	93	4	11	615/2278
159	93	4	12	-507/2278
159	93	5	8	249/1139
159	93	5	12	897/2278
159	93	6	13	615/2278
159	93	6	14	-507/2278
159	93	8	11	3/1139
159	93	8	13	3/1139
159	94	3	8	829299/22054457
159	94	3	14	12779481/88217828
159	94	4	11	5530953/88217828
159	94	4	12	3470961/88217828
159	94	5	8	829299/22054457
159	94	5	12	12779481/88217828
159	94	6	13	5530953/88217828
159	94	6	14	3470961/88217828
159	94	8	11	-224565/22054457
159	94	8	13	-224565/22054457
159	95	3	8	94585887/25120026523
159	95	3	14	9850618089/200960212184
159	95	4	11	2295923535/200960212184
159	95	4	12	-848321019/200960212184
159	95	5	8	94585887/25120026523
159	95	5	12	9850618089/200960212184
159	95	6	13	2295923535/200960212184
159	95	6	14	-848321019/200960212184
159	95	8	11	-2022003/25120026523
159	95	8	13	-2022003/25120026523
159	96	3	8	-512572207707/1516420641113941
159	96	3	14	360584732753973/24262730257823056
159	96	4	11	28051203384981/24262730257823056
159	96	4	12	-6670637694747/24262730257823056
159	96	5	8	-512572207707/1516420641113941
159	96	5	12	360584732753973/24262730257823056
159	96	6	13	28051203384981/24262730257823056
159	96	6	14	-6670637694747/24262730257823056
159	96	8	11	26696502693/89201214183173
159	96	8	13	26696502693/89201214183173
159	97	3	8	-410446315487691/1727203110228778799
159	97	3	14	212001194050046037/55270499527320921568
159	97	4	11	-9186087717290925/55270499527320921568
159	97	4	12	13469553070364313/55270499527320921568
159	97	5	8	-410446315487691/1727203110228778799
159	97	5	12	212001194050046037/55270499527320921568
159	97	6	13	-9186087717290925/55270499527320921568
159	97	6	14	13469553070364313/55270499527320921568
159	97	8	11	6814038740103/1727203110228778799
159	97	8	13	6814038740103/1727203110228778799
159	98	3	9	1/4
159	98	3	13	1/4
159	98	4	9	1/4
159	98	4	13	1/4
159	98	6	15	1/4
159	98	6	16	1/4
159	98	7	9	1/4
159	98	7	15	1/4
159	98	8	9	1/4
159	98	8	16	1/4
159	98	10	15	1/4
159	98	10	16	1/4
159	98	11	13	1/4
159	98	11	15	1/4
159	98	12	13	1/4
159	98	12	16	1/4
159	99	2	8	21/442
159	99	2	12	21/442
159	99	3	8	21/442
159	99	3	12	21/442
159	99	5	14	21/442
159	99	5	15	21/442
159	99	6	8	-10/221
159	99	6	14	-10/221
159	99	7	8	-10/221
159	99	7	15	-10/221
159	99	9	14	21/442
159	99	9	15	21/442
159	99	10	12	-10/221
159	99	10	14	-10/221
159	99	11	12	-10/221
159	99	11	15	-10/221
159	100	2	8	15224/2490891
159	100	2	12	15224/2490891
159	100	3	8	15224/2490891
159	100	3	12	15224/2490891
159	100	5	14	15224/2490891
159	100	5	15	15224/2490891
159	100	6	8	13133/2490891
159	100	6	14	13133/2490891
159	100	7	8	13133/2490891
159	100	7	15	13133/2490891
159	100	9	14	15224/2490891
159	100	9	15	15224/2490891
159	100	10	12	13133/2490891
159	100	10	14	13133/2490891
159	100	11	12	13133/2490891
159	100	11	15	13133/2490891
159	101	2	8	9660/183495637
159	101	2	12	9660/183495637
159	101	3	8	9660/183495637
159	101	3	12	9660/183495637
159	101	5	14	9660/183495637
159	101	5	15	9660/183495637
159	101	6	8	18680/183495637
159	101	6	14	18680/183495637
159	101	7	8	18680/183495637
159	101	7	15	18680/183495637
159	101	9	14	9660/183495637
159	101	9	15	9660/183495637
159	101	10	12	18680/183495637
159	101	10	14	18680/183495637
159	101	11	12	18680/183495637
159	101	11	15	18680/183495637
159	102	2	8	-446666048/2149284396181
159	102	2	12	-446666048/2149284396181
159	102	3	8	-446666048/2149284396181
159	102	3	12	-446666048/2149284396181
159	102	5	14	-446666048/2149284396181
159	102	5	15	-446666048/2149284396181
159	102	6	8	-444606044/2149284396181
159	102	6	14	-444606044/2149284396181
159	102	7	8	-444606044/2149284396181
159	102	7	15	-444606044/2149284396181
159	102	9	14	-446666048/2149284396181
159	102	9	15	-446666048/2149284396181
159	102	10	12	-444606044/2149284396181
159	102	10	14	-444606044/2149284396181
159	102	11	12	-444606044/2149284396181
159	102	11	15	-444606044/2149284396181
159	103	2	8	-21318888192/474991851556001
159	103	2	12	-21318888192/474991851556001
159	103	3	8	-21318888192/474991851556001
159	103	3	12	-21318888192/474991851556001
159	103	5	14	-21318888192/474991851556001
159	103	5	15	-21318888192/474991851556001
159	103	6	8	50557546400/1424975554668003
159	103	6	14	50557546400/1424975554668003
159	103	7	8	50557546400/1424975554668003
159	103	7	15	50557546400/1424975554668003
159	103	9	14	-21318888192/474991851556001
159	103	9	15	-21318888192/474991851556001
159	103	10	12	50557546400/1424975554668003
159	103	10	14	50557546400/1424975554668003
159	103	11	12	50557546400/1424975554668003
159	103	11	15	50557546400/1424975554668003
159	104	5	7	1/2
159	104	5	8	1/2
159	104	5	11	1/2
159	104	5	12	1/2
159	104	6	11	1/2
159	104	6	12	1/2
159	104	7	10	1/2
159	104	8	10	1/2
159	105	4	6	-13/238
159	105	4	7	-13/238
159	105	4	10	-13/238
159	105	4	11	-13/238
159	105	5	10	13/68
159	105	5	11	13/68
159	105	6	9	13/68
159	105	7	9	13/68
159	106	4	6	793/1444422
159	106	4	7	793/1444422
159	106	4	10	793/1444422
159	106	4	11	793/1444422
159	106	5	10	55861/825384
159	106	5	11	55861/825384
159	106	6	9	55861/825384
159	106	7	9	55861/825384
159	107	4	6	64389/57295406
159	107	4	7	64389/57295406
159	107	4	10	64389/57295406
159	107	4	11	64389/57295406
159	107	5	10	203307/9354352
159	107	5	11	203307/9354352
159	107	6	9	203307/9354352
159	107	7	9	203307/9354352
159	108	4	6	-53215227/361362125642
159	108	4	7	-53215227/361362125642
159	108	4	10	-53215227/361362125642
159	108	4	11	-53215227/361362125642
159	108	5	10	720158517/117995796128
159	108	5	11	720158517/117995796128
159	108	6	9	720158517/117995796128
159	108	7	9	720158517/117995796128
159	109	4	6	-3833956139/129006278854194
159	109	4	7	-3833956139/129006278854194
159	109	4	10	-3833956139/129006278854194
159	109	4	11	-3833956139/129006278854194
159	109	5	10	16625716211/12035571205056
159	109	5	11	16625716211/12035571205056
159	109	6	9	16625716211/12035571205056
159	109	7	9	16625716211/12035571205056
160	62	13	17	2
160	62	15	17	2
160	63	12	16	75/442
160	63	14	16	75/442
160	64	12	16	-37495/6642376
160	64	14	16	-37495/6642376
160	65	12	16	-22780125/5871860384
160	65	14	16	-22780125/5871860384
160	66	12	16	-50121787275/275108402711168
160	66	14	16	-50121787275/275108402711168
160	67	12	16	32181468834375/243195827996672512
160	67	14	16	32181468834375/243195827996672512
160	68	13	15	2/3
160	68	13	16	2/3
160	68	15	16	2/3
160	69	12	14	106/765
160	69	12	15	106/765
160	69	14	15	106/765
160	70	12	14	23302/1105425
160	70	12	15	23302/1105425
160	70	14	15	23302/1105425
160	71	12	14	991418/845650125
160	71	12	15	991418/845650125
160	71	14	15	991418/845650125
160	72	12	14	-5699740438/11428961439375
160	72	12	15	-5699740438/11428961439375
160	72	14	15	-5699740438/11428961439375
160	73	12	14	-3049421746/18329466459375
160	73	12	15	-3049421746/18329466459375
160	73	14	15	-3049421746/18329466459375
160	86	14	17	2
160	87	13	16	15/34
160	88	13	16	20631/275128
160	89	13	16	125145/18708704
160	90	13	16	-502440651/471983184512
160	91	13	16	-17924516325/32094856546816
160	92	4	17	2
160	92	6	17	2
160	92	12	13	2
160	92	12	17	2
160	92	14	15	2
160	92	14	17	2
160	93	3	16	600/1139
160	93	5	16	600/1139
160	93	11	12	345/1139
160	93	11	16	-264/1139
160	93	13	14	345/1139
160	93	13	16	-264/1139
160	94	3	16	2545440/22054457
160	94	5	16	2545440/22054457
160	94	11	12	994305/44108914
160	94	11	16	77856/22054457
160	94	13	14	994305/44108914
160	94	13	16	77856/22054457
160	95	3	16	454896000/25120026523
160	95	5	16	454896000/25120026523
160	95	11	12	-367057575/100480106092
160	95	11	16	125566848/25120026523
160	95	13	14	-367057575/100480106092
160	95	13	16	125566848/25120026523
160	96	3	16	1060966771200/1516420641113941
160	96	5	16	1060966771200/1516420641113941
160	96	11	12	-16655926261275/12131365128911528
160	96	11	16	-1112536954368/1516420641113941
160	96	13	14	-16655926261275/12131365128911528
160	96	13	16	-1112536954368/1516420641113941
160	97	3	16	-1197282643200000/1727203110228778799
160	97	5	16	-1197282643200000/1727203110228778799
160	97	11	12	-1551414243211875/27635249763660460784
160	97	11	16	-231347413592064/1727203110228778799
160	97	13	14	-1551414243211875/27635249763660460784
160	97	13	16	-231347413592064/1727203110228778799
160	104	6	15	1
160	104	6	16	1
160	104	7	15	1
160	104	8	16	1
160	104	10	15	1
160	104	10	16	1
160	104	11	15	1
160	104	12	16	1
160	105	5	14	4/17
160	105	5	15	4/17
160	105	6	14	-20/119
160	105	7	15	-20/119
160	105	9	14	4/17
160	105	9	15	4/17
160	105	10	14	-20/119
160	105	11	15	-20/119
160	106	5	14	4432/103173
160	106	5	15	4432/103173
160	106	6	14	11440/722211
160	106	7	15	11440/722211
160	106	9	14	4432/103173
160	106	9	15	4432/103173
160	106	10	14	11440/722211
160	106	11	15	11440/722211
160	107	5	14	2496/584647
160	107	5	15	2496/584647
160	107	6	14	43200/28647703
160	107	7	15	43200/28647703
160	107	9	14	2496/584647
160	107	9	15	2496/584647
160	107	10	14	43200/28647703
160	107	11	15	43200/28647703
160	108	5	14	-2255616/3687368629
160	108	5	15	-2255616/3687368629
160	108	6	14	-155462400/180681062821
160	108	7	15	-155462400/180681062821
160	108	9	14	-2255616/3687368629
160	108	9	15	-2255616/3687368629
160	108	10	14	-155462400/180681062821
160	108	11	15	-155462400/180681062821
160	109	5	14	-69993472/188055800079
160	109	5	15	-69993472/188055800079
160	109	6	14	5256320000/64503139427097
160	109	7	15	5256320000/64503139427097
160	109	9	14	-69993472/188055800079
160	109	9	15	-69993472/188055800079
160	109	10	14	5256320000/64503139427097
160	109	11	15	5256320000/64503139427097
160	110	5	7	1/6
160	110	5	8	1/6
160	110	5	11	1/6
160	110	5	12	1/6
160	110	7	8	1/6
160	110	7	11	1/6
160	110	7	14	1/6
160	110	8	12	1/6
160	110	8	14	1/6
160	110	11	12	1/6
160	110	11	14	1/6
160	110	12	14	1/6
160	111	4	6	-1/68
160	111	4	7	-1/68
160	111	4	10	-1/68
160	111	4	11	-1/68
160	111	6	7	-1/68
160	111	6	10	-1/68
160	111	6	13	-1/68
160	111	7	11	-1/68
160	111	7	13	-1/68
160	111	10	11	-1/68
160	111	10	13	-1/68
160	111	11	13	-1/68
160	112	4	6	-29/39304
160	112	4	7	-29/39304
160	112	4	10	-29/39304
160	112	4	11	-29/39304
160	112	6	7	-29/39304
160	112	6	10	-29/39304
160	112	6	13	-29/39304
160	112	7	11	-29/39304
160	112	7	13	-29/39304
160	112	10	11	-29/39304
160	112	10	13	-29/39304
160	112	11	13	-29/39304
160	113	4	6	567/1336336
160	113	4	7	567/1336336
160	113	4	10	567/1336336
160	113	4	11	567/1336336
160	113	6	7	567/1336336
160	113	6	10	567/1336336
160	113	6	13	567/1336336
160	113	7	11	567/1336336
160	113	7	13	567/1336336
160	113	10	11	567/1336336
160	113	10	13	567/1336336
160	113	11	13	567/1336336
160	114	4	6	-31833/2408077472
160	114	4	7	-31833/2408077472
160	114	4	10	-31833/2408077472
160	114	4	11	-31833/2408077472
160	114	6	7	-31833/2408077472
160	114	6	10	-31833/2408077472
160	114	6	13	-31833/2408077472
160	114	7	11	-31833/2408077472
160	114	7	13	-31833/2408077472
160	114	10	11	-31833/2408077472
160	114	10	13	-31833/2408077472
160	114	11	13	-31833/2408077472
160	115	4	6	-1520181/81874634048
160	115	4	7	-1520181/81874634048
160	115	4	10	-1520181/81874634048
160	115	4	11	-1520181/81874634048
160	115	6	7	-1520181/81874634048
160	115	6	10	-1520181/81874634048
160	115	6	13	-1520181/81874634048
160	115	7	11	-1520181/81874634048
160	115	7	13	-1520181/81874634048
160	115	10	11	-1520181/81874634048
160	115	10	13	-1520181/81874634048
160	115	11	13	-1520181/81874634048
161	62	9	9	4
161	63	8	8	-372/221
161	64	8	8	573156/830297
161	65	8	8	-50517972/183495637
161	66	8	8	228912854868/2149284396181
161	67	8	8	-18922855653252/474991851556001
161	68	5	9	8/3
161	68	7	9	8/3
161	68	8	9	8/3
161	69	4	8	-16/17
161	69	6	8	-16/17
161	69	7	8	-16/17
161	70	4	8	23456/73695
161	70	6	8	23456/73695
161	70	7	8	23456/73695
161	71	4	8	-42816/417605
161	71	6	8	-42816/417605
161	71	7	8	-42816/417605
161	72	4	8	58701696/1881310525
161	72	6	8	58701696/1881310525
161	72	7	8	58701696/1881310525
161	73	4	8	-56699136/6396455785
161	73	6	8	-56699136/6396455785
161	73	7	8	-56699136/6396455785
161	86	7	12	8
161	87	6	11	2376/595
161	88	6	11	11754504/6018425
161	89	6	11	3347387208/3580962875
161	90	6	11	49364079104808/112925664263125
161	91	6	11	13395728921527656/67190770236559375
161	98	3	14	2
161	98	4	14	2
161	98	5	6	2
161	98	5	10	2
161	98	5	14	2
161	99	2	13	12/13
161	99	3	13	12/13
161	99	4	5	12/13
161	99	4	9	12/13
161	99	4	13	114/221
161	100	2	13	343752/830297
161	100	3	13	343752/830297
161	100	4	5	343752/830297
161	100	4	9	343752/830297
161	100	4	13	100482/830297
161	101	2	13	1942704/10793861
161	101	3	13	1942704/10793861
161	101	4	5	1942704/10793861
161	101	4	9	1942704/10793861
161	101	4	13	4589298/183495637
161	102	2	13	162471051936/2149284396181
161	102	3	13	162471051936/2149284396181
161	102	4	5	162471051936/2149284396181
161	102	4	9	162471051936/2149284396181
161	102	4	13	9155185866/2149284396181
161	103	2	13	853464641472/27940697150353
161	103	3	13	853464641472/27940697150353
161	103	4	5	853464641472/27940697150353
161	103	4	9	853464641472/27940697150353
161	103	4	13	232136551674/474991851556001
162	62	9	9	2
162	63	8	8	-30/221
162	64	8	8	-5454/830297
162	65	8	8	474930/183495637
162	66	8	8	-73648278/2149284396181
162	67	8	8	-35882364150/474991851556001
162	68	5	17	4/3
162	68	7	17	4/3
162	68	8	17	4/3
162	69	4	16	-16/51
162	69	6	16	-16/51
162	69	7	16	-16/51
162	70	4	16	4544/73695
162	70	6	16	4544/73695
162	70	7	16	4544/73695
162	71	4	16	-11008/1252815
162	71	6	16	-11008/1252815
162	71	7	16	-11008/1252815
162	72	4	16	2077696/5643931575
162	72	6	16	2077696/5643931575
162	72	7	16	2077696/5643931575
162	73	4	16	4714496/19189367355
162	73	6	16	4714496/19189367355
162	73	7	16	4714496/19189367355
162	74	9	9	2/3
162	74	13	13	2/3
162	74	15	15	2/3
162	75	8	8	-72/323
162	75	12	12	-72/323
162	75	14	14	-72/323
162	76	8	8	122616/1773593
162	76	12	12	122616/1773593
162	76	14	14	122616/1773593
162	77	8	8	-11174112/572870539
162	77	12	12	-11174112/572870539
162	77	14	14	-11174112/572870539
162	78	8	8	47439144288/9806970757141
162	78	12	12	47439144288/9806970757141
162	78	14	14	47439144288/9806970757141
162	79	8	8	-182403778176/186332444385679
162	79	12	12	-182403778176/186332444385679
162	79	14	14	-182403778176/186332444385679
162	86	7	16	4
162	86	12	15	4
162	87	6	15	792/595
162	87	11	14	792/595
162	88	6	15	2454192/6018425
162	88	11	14	2454192/6018425
162	89	6	15	402104736/3580962875
162	89	11	14	402104736/3580962875
162	90	6	15	3001012317504/112925664263125
162	90	11	14	3001012317504/112925664263125
162	91	6	15	19158982482816/3952398249209375
162	91	11	14	19158982482816/3952398249209375
162	92	8	9	4
162	93	7	8	-1152/1139
162	94	7	8	4829760/22054457
162	95	7	8	-924162048/25120026523
162	96	7	8	4896154543104/1516420641113941
162	97	7	8	991694949285888/1727203110228778799
162	98	3	15	1
162	98	4	16	1
162	98	6	9	1
162	98	10	13	1
162	99	2	14	4/13
162	99	3	15	4/13
162	99	5	8	4/13
162	99	9	12	4/13
162	100	2	14	69872/830297
162	100	3	15	69872/830297
162	100	5	8	69872/830297
162	100	9	12	69872/830297
162	101	2	14	209600/10793861
162	101	3	15	209600/10793861
162	101	5	8	209600/10793861
162	101	9	12	209600/10793861
162	102	2	14	7105785088/2149284396181
162	102	3	15	7105785088/2149284396181
162	102	5	8	7105785088/2149284396181
162	102	9	12	7105785088/2149284396181
162	103	2	14	5157704704/27940697150353
162	103	3	15	5157704704/27940697150353
162	103	5	8	5157704704/27940697150353
162	103	9	12	5157704704/27940697150353
162	104	3	14	2
162	104	4	14	2
162	104	5	14	2
162	105	2	13	96/119
162	105	3	13	96/119
162	105	4	13	36/119
162	106	2	13	73632/240737
162	106	3	13	73632/240737
162	106	4	13	6312/240737
162	107	2	13	3082752/28647703
162	107	3	13	3082752/28647703
162	107	4	13	-55728/28647703
162	108	2	13	6218850816/180681062821
162	108	3	13	6218850816/180681062821
162	108	4	13	-195921504/180681062821
162	109	2	13	207335448576/21501046475699
162	109	3	13	207335448576/21501046475699
162	109	4	13	-2173189824/21501046475699
163	62	9	17	2
163	63	8	16	-141/221
163	64	8	16	315981/1660594
163	65	8	16	-38350449/733982548
163	66	8	16	221416227837/17194275169448
163	67	8	16	-20603733217641/7599869624896016
163	68	5	9	2/3
163	68	7	9	2/3
163	68	8	9	2/3
163	68	9	13	2/3
163	68	9	15	2/3
163	68	9	16	2/3
163	69	8	12	-2/17
163	69	8	14	-2/17
163	69	8	15	-2/17
163	70	4	8	-376/73695
163	70	6	8	-376/73695
163	70	7	8	-376/73695
163	70	8	12	1154/73695
163	70	8	14	1154/73695
163	70	8	15	1154/73695
163	71	8	12	-402/417605
163	71	8	14	-402/417605
163	71	8	15	-402/417605
163	72	4	8	212064/1881310525
163	72	6	8	212064/1881310525
163	72	7	8	212064/1881310525
163	72	8	12	-365106/1881310525
163	72	8	14	-365106/1881310525
163	72	8	15	-365106/1881310525
163	73	8	12	427518/6396455785
163	73	8	14	427518/6396455785
163	73	8	15	427518/6396455785
163	86	7	13	2
163	86	9	9	1
163	86	9	12	2
163	86	13	13	1
163	87	6	12	423/595
163	87	8	8	-837/2380
163	87	8	11	423/595
163	87	12	12	-837/2380
163	88	6	12	2864133/12036850
163	88	8	8	11199033/96294800
163	88	8	11	2864133/12036850
163	88	12	12	11199033/96294800
163	89	6	12	1061227899/14323851500
163	89	8	8	-8183979261/229181624000
163	89	8	11	1061227899/14323851500
163	89	12	12	-8183979261/229181624000
163	90	6	12	19021360291821/903405314105000
163	90	8	8	288436062572181/28908970051360000
163	90	8	11	19021360291821/903405314105000
163	90	12	12	288436062572181/28908970051360000
163	91	6	12	5676010048546443/1075052323784950000
163	91	8	8	-168297008745015657/68803348722236800000
163	91	8	11	5676010048546443/1075052323784950000
163	91	12	12	-168297008745015657/68803348722236800000
163	92	5	9	2
163	92	5	14	2
163	92	7	9	2
163	92	7	12	2
163	93	4	8	-666/1139
163	93	4	13	1017/1139
163	93	6	8	-666/1139
163	93	6	11	1017/1139
163	94	4	8	3430134/22054457
163	94	4	13	16902729/44108914
163	94	6	8	3430134/22054457
163	94	6	11	16902729/44108914
163	95	4	8	-915733350/25120026523
163	95	4	13	15806581137/100480106092
163	95	6	8	-915733350/25120026523
163	95	6	11	15806581137/100480106092
163	96	4	8	10685978027946/1516420641113941
163	96	4	13	744296796491157/12131365128911528
163	96	6	8	10685978027946/1516420641113941
163	96	6	11	744296796491157/12131365128911528
163	97	4	8	-1589363166293586/1727203110228778799
163	97	4	13	622209507460260237/27635249763660460784
163	97	6	8	-1589363166293586/1727203110228778799
163	97	6	11	622209507460260237/27635249763660460784
163	98	3	16	1/2
163	98	4	15	1/2
163	98	5	7	1/2
163	98	5	8	1/2
163	98	5	11	1/2
163	98	5	12	1/2
163	98	5	15	1/2
163	98	5	16	1/2
163	98	6	13	1/2
163	98	7	14	1/2
163	98	8	14	1/2
163	98	9	10	1/2
163	98	9	14	1/2
163	98	11	14	1/2
163	98	12	14	1/2
163	98	13	14	1/2
163	99	2	15	47/221
163	99	3	14	47/221
163	99	4	6	57/442
163	99	4	7	57/442
163	99	4	10	57/442
163	99	4	11	57/442
163	99	4	14	6/221
163	99	4	15	6/221
163	99	5	12	47/221
163	99	6	13	57/442
163	99	7	13	57/442
163	99	8	9	47/221
163	99	8	13	6/221
163	99	10	13	57/442
163	99	11	13	57/442
163	99	12	13	6/221
163	100	2	15	71440/830297
163	100	3	14	71440/830297
163	100	4	6	47901/1660594
163	100	4	7	47901/1660594
163	100	4	10	47901/1660594
163	100	4	11	47901/1660594
163	100	4	14	-2442/830297
163	100	4	15	-2442/830297
163	100	5	12	71440/830297
163	100	6	13	47901/1660594
163	100	7	13	47901/1660594
163	100	8	9	71440/830297
163	100	8	13	-2442/830297
163	100	10	13	47901/1660594
163	100	11	13	47901/1660594
163	100	12	13	-2442/830297
163	101	2	15	6026152/183495637
163	101	3	14	6026152/183495637
163	101	4	6	1894509/366991274
163	101	4	7	1894509/366991274
163	101	4	10	1894509/366991274
163	101	4	11	1894509/366991274
163	101	4	14	-117288/183495637
163	101	4	15	-117288/183495637
163	101	5	12	6026152/183495637
163	101	6	13	1894509/366991274
163	101	7	13	1894509/366991274
163	101	8	9	6026152/183495637
163	101	8	13	-117288/183495637
163	101	10	13	1894509/366991274
163	101	11	13	1894509/366991274
163	101	12	13	-117288/183495637
163	102	2	15	25113749888/2149284396181
163	102	3	14	25113749888/2149284396181
163	102	4	6	2419490493/4298568792362
163	102	4	7	2419490493/4298568792362
163	102	4	10	2419490493/4298568792362
163	102	4	11	2419490493/4298568792362
163	102	4	14	4904712/126428493893
163	102	4	15	4904712/126428493893
163	102	5	12	25113749888/2149284396181
163	102	6	13	2419490493/4298568792362
163	102	7	13	2419490493/4298568792362
163	102	8	9	25113749888/2149284396181
163	102	8	13	4904712/126428493893
163	102	10	13	2419490493/4298568792362
163	102	11	13	2419490493/4298568792362
163	102	12	13	4904712/126428493893
163	103	2	15	1806128164352/474991851556001
163	103	3	14	1806128164352/474991851556001
163	103	4	6	-39638202363/949983703112002
163	103	4	7	-39638202363/949983703112002
163	103	4	10	-39638202363/949983703112002
163	103	4	11	-39638202363/949983703112002
163	103	4	14	11269349856/474991851556001
163	103	4	15	11269349856/474991851556001
163	103	5	12	1806128164352/474991851556001
163	103	6	13	-39638202363/949983703112002
163	103	7	13	-39638202363/949983703112002
163	103	8	9	1806128164352/474991851556001
163	103	8	13	11269349856/474991851556001
163	103	10	13	-39638202363/949983703112002
163	103	11	13	-39638202363/949983703112002
163	103	12	13	11269349856/474991851556001
163	104	5	6	1
163	104	5	10	1
163	105	4	5	7/17
163	105	4	9	7/17
163	106	4	5	5549/34391
163	106	4	9	5549/34391
163	107	4	5	4985/83521
163	107	4	9	4985/83521
163	108	4	5	75958597/3687368629
163	108	4	9	75958597/3687368629
163	109	4	5	58315549/8955038099
163	109	4	9	58315549/8955038099
164	62	9	17	2
164	63	8	16	15/221
164	64	8	16	-24723/1660594
164	65	8	16	-1227285/733982548
164	66	8	16	5337898461/17194275169448
164	67	8	16	499736067075/7599869624896016
164	68	5	17	2/3
164	68	7	17	2/3
164	68	8	17	2/3
164	68	13	17	2/3
164	68	15	17	2/3
164	68	16	17	2/3
164	69	4	16	4/51
164	69	6	16	4/51
164	69	7	16	4/51
164	69	12	16	-8/51
164	69	14	16	-8/51
164	69	15	16	-8/51
164	70	4	16	64/24565
164	70	6	16	64/24565
164	70	7	16	64/24565
164	70	12	16	744/24565
164	70	14	16	744/24565
164	70	15	16	744/24565
164	71	4	16	-1568/1252815
164	71	6	16	-1568/1252815
164	71	7	16	-1568/1252815
164	71	12	16	-5024/1252815
164	71	14	16	-5024/1252815
164	71	15	16	-5024/1252815
164	72	4	16	-1311232/5643931575
164	72	6	16	-1311232/5643931575
164	72	7	16	-1311232/5643931575
164	72	12	16	189728/5643931575
164	72	14	16	189728/5643931575
164	72	15	16	189728/5643931575
164	73	4	16	120832/6396455785
164	73	6	16	120832/6396455785
164	73	7	16	120832/6396455785
164	73	12	16	1013376/6396455785
164	73	14	16	1013376/6396455785
164	73	15	16	1013376/6396455785
164	86	7	17	2
164	86	12	17	2
164	87	6	16	45/119
164	87	11	16	45/119
164	88	6	16	126009/2407370
164	88	11	16	126009/2407370
164	89	6	16	303993/114590812
164	89	11	16	303993/114590812
164	90	6	16	-36975243771/36136212564200
164	90	11	16	-36975243771/36136212564200
164	91	6	16	-369981351/1190369355056
164	91	11	16	-369981351/1190369355056
164	92	12	15	2
164	92	13	13	1
164	92	13	14	2
164	92	15	15	1
164	93	11	14	747/1139
164	93	12	12	-657/2278
164	93	12	13	747/1139
164	93	14	14	-657/2278
164	94	11	14	8603361/44108914
164	94	12	12	6455241/88217828
164	94	12	13	8603361/44108914
164	94	14	14	6455241/88217828
164	95	11	14	5107819419/100480106092
164	95	12	12	-3081104649/200960212184
164	95	12	13	5107819419/100480106092
164	95	14	14	-3081104649/200960212184
164	96	11	14	130913238955653/12131365128911528
164	96	12	12	53713091262933/24262730257823056
164	96	12	13	130913238955653/12131365128911528
164	96	14	14	53713091262933/24262730257823056
164	97	11	14	40738671307797687/27635249763660460784
164	97	12	12	-38057335729461/3251205854548289504
164	97	12	13	40738671307797687/27635249763660460784
164	97	14	14	-38057335729461/3251205854548289504
164	98	3	17	1/2
164	98	4	17	1/2
164	98	6	17	1/2
164	98	10	17	1/2
164	99	2	16	30/221
164	99	3	16	30/221
164	99	5	16	30/221
164	99	9	16	30/221
164	100	2	16	25842/830297
164	100	3	16	25842/830297
164	100	5	16	25842/830297
164	100	9	16	25842/830297
164	101	2	16	979560/183495637
164	101	3	16	979560/183495637
164	101	5	16	979560/183495637
164	101	9	16	979560/183495637
164	102	2	16	799015752/2149284396181
164	102	3	16	799015752/2149284396181
164	102	5	16	799015752/2149284396181
164	102	9	16	799015752/2149284396181
164	103	2	16	-72138794400/474991851556001
164	103	3	16	-72138794400/474991851556001
164	103	5	16	-72138794400/474991851556001
164	103	9	16	-72138794400/474991851556001
164	104	6	9	1
164	104	7	9	1
164	104	7	14	1
164	104	8	9	1
164	104	8	14	1
164	104	9	14	1
164	104	10	13	1
164	104	11	13	1
164	104	11	14	1
164	104	12	13	1
164	104	12	14	1
164	104	13	14	1
164	105	5	8	9/34
164	105	6	8	-3/14
164	105	6	13	33/119
164	105	7	8	-3/14
164	105	7	13	33/119
164	105	8	13	3/119
164	105	9	12	9/34
164	105	10	12	-3/14
164	105	10	13	33/119
164	105	11	12	-3/14
164	105	11	13	33/119
164	105	12	13	3/119
164	106	5	8	8175/137564
164	106	6	8	33969/962948
164	106	6	13	15951/240737
164	106	7	8	33969/962948
164	106	7	13	15951/240737
164	106	8	13	-2409/240737
164	106	9	12	8175/137564
164	106	10	12	33969/962948
164	106	10	13	15951/240737
164	106	11	12	33969/962948
164	106	11	13	15951/240737
164	106	12	13	-2409/240737
164	107	5	8	47223/4677176
164	107	6	8	-40419/13481272
164	107	6	13	357291/28647703
164	107	7	8	-40419/13481272
164	107	7	13	357291/28647703
164	107	8	13	-22599/28647703
164	107	9	12	47223/4677176
164	107	10	12	-40419/13481272
164	107	10	13	357291/28647703
164	107	11	12	-40419/13481272
164	107	11	13	357291/28647703
164	107	12	13	-22599/28647703
164	108	5	8	44983269/58997898064
164	108	6	8	-1435665627/2890897005136
164	108	6	13	240363693/180681062821
164	108	7	8	-1435665627/2890897005136
164	108	7	13	240363693/180681062821
164	108	8	13	3047949/10628297813
164	108	9	12	44983269/58997898064
164	108	10	12	-1435665627/2890897005136
164	108	10	13	240363693/180681062821
164	108	11	12	-1435665627/2890897005136
164	108	11	13	240363693/180681062821
164	108	12	13	3047949/10628297813
164	109	5	8	-484530579/2005928534176
164	109	6	8	9917284977/40472558071904
164	109	6	13	-3789117387/21501046475699
164	109	7	8	9917284977/40472558071904
164	109	7	13	-3789117387/21501046475699
164	109	8	13	849675663/21501046475699
164	109	9	12	-484530579/2005928534176
164	109	10	12	9917284977/40472558071904
164	109	10	13	-3789117387/21501046475699
164	109	11	12	9917284977/40472558071904
164	109	11	13	-3789117387/21501046475699
164	109	12	13	849675663/21501046475699
165	62	17	17	2
165	63	16	16	-327/442
165	64	16	16	1729809/6642376
165	65	16	16	-508106007/5871860384
165	66	16	16	7379777324997/275108402711168
165	67	16	16	-6408696756483/841508055351808
165	68	9	13	4/3
165	68	9	15	4/3
165	68	9	16	4/3
165	69	8	12	4/17
165	69	8	14	4/17
165	69	8	15	4/17
165	70	8	12	2308/73695
165	70	8	14	2308/73695
165	70	8	15	2308/73695
165	71	8	12	804/417605
165	71	8	14	804/417605
165	71	8	15	804/417605
165	72	8	12	-730212/1881310525
165	72	8	14	-730212/1881310525
165	72	8	15	-730212/1881310525
165	73	8	12	-855036/6396455785
165	73	8	14	-855036/6396455785
165	73	8	15	-855036/6396455785
165	92	9	12	4
165	92	9	14	4
165	93	8	11	1620/1139
165	93	8	13	1620/1139
165	94	8	11	10473516/22054457
165	94	8	13	10473516/22054457
165	95	8	11	3690824940/25120026523
165	95	8	13	3690824940/25120026523
165	96	8	11	3677961102228/89201214183173
165	96	8	13	3677961102228/89201214183173
165	97	8	11	17429964310728900/1727203110228778799
165	97	8	13	17429964310728900/1727203110228778799
165	98	5	9	1
165	98	5	13	1
165	98	5	17	1
165	98	9	9	1/2
165	98	13	13	1/2
165	98	14	15	1
165	98	14	16	1
165	98	14	17	1
165	98	15	15	1/2
165	98	16	16	1/2
165	99	4	8	12/221
165	99	4	12	12/221
165	99	4	16	-33/221
165	99	8	8	-35/221
165	99	12	12	-35/221
165	99	13	14	12/221
165	99	13	15	12/221
165	99	13	16	-33/221
165	99	14	14	-35/221
165	99	15	15	-35/221
165	100	4	8	-4884/830297
165	100	4	12	-4884/830297
165	100	4	16	11181/830297
165	100	8	8	37984/830297
165	100	12	12	37984/830297
165	100	13	14	-4884/830297
165	100	13	15	-4884/830297
165	100	13	16	11181/830297
165	100	14	14	37984/830297
165	100	15	15	37984/830297
165	101	4	8	-234576/183495637
165	101	4	12	-234576/183495637
165	101	4	16	114939/183495637
165	101	8	8	-2145640/183495637
165	101	12	12	-2145640/183495637
165	101	13	14	-234576/183495637
165	101	13	15	-234576/183495637
165	101	13	16	114939/183495637
165	101	14	14	-2145640/183495637
165	101	15	15	-2145640/183495637
165	102	4	8	9809424/126428493893
165	102	4	12	9809424/126428493893
165	102	4	16	-986747427/2149284396181
165	102	8	8	5346055808/2149284396181
165	102	12	12	5346055808/2149284396181
165	102	13	14	9809424/126428493893
165	102	13	15	9809424/126428493893
165	102	13	16	-986747427/2149284396181
165	102	14	14	5346055808/2149284396181
165	102	15	15	5346055808/2149284396181
165	103	4	8	22538699712/474991851556001
165	103	4	12	22538699712/474991851556001
165	103	4	16	24557792787/474991851556001
165	103	8	8	-175382412800/474991851556001
165	103	12	12	-175382412800/474991851556001
165	103	13	14	22538699712/474991851556001
165	103	13	15	22538699712/474991851556001
165	103	13	16	24557792787/474991851556001
165	103	14	14	-175382412800/474991851556001
165	103	15	15	-175382412800/474991851556001
165	104	5	9	2
165	104	5	13	2
165	104	6	13	2
165	104	9	10	2
165	105	4	8	-66/119
165	105	4	12	-66/119
165	105	5	12	15/17
165	105	8	9	15/17
165	106	4	8	33078/240737
165	106	4	12	33078/240737
165	106	5	12	25647/68782
165	106	8	9	25647/68782
165	107	4	8	-831006/28647703
165	107	4	12	-831006/28647703
165	107	5	12	350865/2338588
165	107	8	9	350865/2338588
165	108	4	8	839969514/180681062821
165	108	4	12	839969514/180681062821
165	108	5	12	1681535781/29498949032
165	108	8	9	1681535781/29498949032
165	109	4	8	-6899089626/21501046475699
165	109	4	12	-6899089626/21501046475699
165	109	5	12	20260536075/1002964267088
165	109	8	9	20260536075/1002964267088
166	62	17	17	2
166	63	16	16	-15/442
166	64	16	16	-119727/6642376
166	65	16	16	5502465/5871860384
166	66	16	16	128591337861/275108402711168
166	67	16	16	-10083620832075/243195827996672512
166	68	13	17	4/3
166	68	15	17	4/3
166	68	16	17	4/3
166	69	12	16	8/51
166	69	14	16	8/51
166	69	15	16	8/51
166	70	12	16	304/73695
166	70	14	16	304/73695
166	70	15	16	304/73695
166	71	12	16	-3616/1252815
166	71	14	16	-3616/1252815
166	71	15	16	-3616/1252815
166	72	12	16	-2765504/5643931575
166	72	14	16	-2765504/5643931575
166	72	15	16	-2765504/5643931575
166	73	12	16	1117312/19189367355
166	73	14	16	1117312/19189367355
166	73	15	16	1117312/19189367355
166	92	12	17	4
166	92	14	17	4
166	93	11	16	1080/1139
166	93	13	16	1080/1139
166	94	11	16	4002048/22054457
166	94	13	16	4002048/22054457
166	95	11	16	564770880/25120026523
166	95	13	16	564770880/25120026523
166	96	11	16	-936681532416/1516420641113941
166	96	13	16	-936681532416/1516420641113941
166	97	11	16	-2021632175001600/1727203110228778799
166	97	13	16	-2021632175001600/1727203110228778799
166	104	6	17	2
166	104	10	17	2
166	104	14	15	2
166	104	14	16	2
166	104	14	17	2
166	104	15	15	1
166	104	16	16	1
166	105	5	16	10/17
166	105	9	16	10/17
166	105	13	14	36/119
166	105	13	15	36/119
166	105	13	16	-24/119
166	105	14	14	-30/119
166	105	15	15	-30/119
166	106	5	16	5158/34391
166	106	9	16	5158/34391
166	106	13	14	5472/240737
166	106	13	15	5472/240737
166	106	13	16	-648/240737
166	106	14	14	12528/240737
166	106	15	15	12528/240737
166	107	5	16	17870/584647
166	107	9	16	17870/584647
166	107	13	14	-101088/28647703
166	107	13	15	-101088/28647703
166	107	13	16	140832/28647703
166	107	14	14	-209520/28647703
166	107	15	15	-209520/28647703
166	108	5	16	13934138/3687368629
166	108	9	16	13934138/3687368629
166	108	13	14	-243730944/180681062821
166	108	13	15	-243730944/180681062821
166	108	13	16	-78192864/180681062821
166	108	14	14	5619456/180681062821
166	108	15	15	5619456/180681062821
166	109	5	16	-20791550/62685266693
166	109	9	16	-20791550/62685266693
166	109	13	14	-1283226624/21501046475699
166	109	13	15	-1283226624/21501046475699
166	109	13	16	-3669681024/21501046475699
166	109	14	14	7399641600/21501046475699
166	109	15	15	7399641600/21501046475699
166	110	5	9	1/3
166	110	5	13	1/3
166	110	7	9	1/3
166	110	7	15	1/3
166	110	8	9	1/3
166	110	8	16	1/3
166	110	11	13	1/3
166	110	11	15	1/3
166	110	12	13	1/3
166	110	12	16	1/3
166	110	14	15	1/3
166	110	14	16	1/3
166	111	4	8	-9/136
166	111	4	12	-9/136
166	111	6	8	-9/136
166	111	6	14	-9/136
166	111	7	8	-9/136
166	111	7	15	-9/136
166	111	10	12	-9/136
166	111	10	14	-9/136
166	111	11	12	-9/136
166	111	11	15	-9/136
166	111	13	14	-9/136
166	111	13	15	-9/136
166	112	4	8	2943/314432
166	112	4	12	2943/314432
166	112	6	8	2943/314432
166	112	6	14	2943/314432
166	112	7	8	2943/314432
166	112	7	15	2943/314432
166	112	10	12	2943/314432
166	112	10	14	2943/314432
166	112	11	12	2943/314432
166	112	11	15	2943/314432
166	112	13	14	2943/314432
166	112	13	15	2943/314432
166	113	4	8	-15309/42762752
166	113	4	12	-15309/42762752
166	113	6	8	-15309/42762752
166	113	6	14	-15309/42762752
166	113	7	8	-15309/42762752
166	113	7	15	-15309/42762752
166	113	10	12	-15309/42762752
166	113	10	14	-15309/42762752
166	113	11	12	-15309/42762752
166	113	11	15	-15309/42762752
166	113	13	14	-15309/42762752
166	113	13	15	-15309/42762752
166	114	4	8	-77688801/308233916416
166	114	4	12	-77688801/308233916416
166	114	6	8	-77688801/308233916416
166	114	6	14	-77688801/308233916416
166	114	7	8	-77688801/308233916416
166	114	7	15	-77688801/308233916416
166	114	10	12	-77688801/308233916416
166	114	10	14	-77688801/308233916416
166	114	11	12	-77688801/308233916416
166	114	11	15	-77688801/308233916416
166	114	13	14	-77688801/308233916416
166	114	13	15	-77688801/308233916416
166	115	4	8	2939400171/41919812632576
166	115	4	12	2939400171/41919812632576
166	115	6	8	2939400171/41919812632576
166	115	6	14	2939400171/41919812632576
166	115	7	8	2939400171/41919812632576
166	115	7	15	2939400171/41919812632576
166	115	10	12	2939400171/41919812632576
166	115	10	14	2939400171/41919812632576
166	115	11	12	2939400171/41919812632576
166	115	11	15	2939400171/41919812632576
166	115	13	14	2939400171/41919812632576
166	115	13	15	2939400171/41919812632576
167	68	9	9	12
167	69	8	8	-108/17
167	70	8	8	972/289
167	71	8	8	-8748/4913
167	72	8	8	78732/83521
167	73	8	8	-708588/1419857
167	98	5	14	18
167	99	4	13	2430/221
167	100	4	13	328050/48841
167	101	4	13	44286750/10793861
167	102	4	13	5978711250/2385443281
167	103	4	13	807126018750/527182965101
168	68	9	9	2
168	68	9	17	4
168	69	8	8	-6/17
168	69	8	16	-24/17
168	70	8	8	258/4913
168	70	8	16	2352/4913
168	71	8	8	-486/83521
168	71	8	16	-12960/83521
168	72	8	8	18954/75252421
168	72	8	16	3592512/75252421
168	73	8	8	93474/1279291157
168	73	8	16	-17656704/1279291157
168	92	9	9	6
168	93	8	8	-2808/1139
168	94	8	8	21689208/22054457
168	95	8	8	-9540988704/25120026523
168	96	8	8	214611540948576/1516420641113941
168	97	8	8	-87477220558286208/1727203110228778799
168	98	5	15	3
168	98	5	16	3
168	98	9	14	3
168	98	13	14	3
168	99	4	14	270/221
168	99	4	15	270/221
168	99	8	13	270/221
168	99	12	13	270/221
168	100	4	14	399060/830297
168	100	4	15	399060/830297
168	100	8	13	399060/830297
168	100	12	13	399060/830297
168	101	4	14	33388200/183495637
168	101	4	15	33388200/183495637
168	101	8	13	33388200/183495637
168	101	12	13	33388200/183495637
168	102	4	14	8339468400/126428493893
168	102	4	15	8339468400/126428493893
168	102	8	13	8339468400/126428493893
168	102	12	13	8339468400/126428493893
168	103	4	14	10802424060000/474991851556001
168	103	4	15	10802424060000/474991851556001
168	103	8	13	10802424060000/474991851556001
168	103	12	13	10802424060000/474991851556001
168	104	5	14	6
168	105	4	13	360/119
168	106	4	13	359640/240737
168	107	4	13	20671200/28647703
168	108	4	13	61492802400/180681062821
168	109	4	13	197879760000/1264767439747
169	68	9	17	4
169	68	17	17	2
169	69	16	16	-12/17
169	70	8	16	-144/4913
169	70	16	16	1152/4913
169	71	16	16	-6048/83521
169	72	8	16	46656/75252421
169	72	16	16	1534464/75252421
169	73	16	16	-6469632/1279291157
169	98	5	17	3
169	98	14	17	3
169	99	4	16	135/221
169	99	13	16	135/221
169	100	4	16	82215/830297
169	100	13	16	82215/830297
169	101	4	16	1804275/183495637
169	101	13	16	1804275/183495637
169	102	4	16	-1147026825/2149284396181
169	102	13	16	-1147026825/2149284396181
169	103	4	16	-12880063125/27940697150353
169	103	13	16	-12880063125/27940697150353
169	104	9	9	3
169	104	9	14	6
169	104	13	13	3
169	104	13	14	6
169	105	8	8	-243/238
169	105	8	13	270/119
169	105	12	12	-243/238
169	105	12	13	270/119
169	106	8	8	311931/962948
169	106	8	13	195210/240737
169	106	12	12	311931/962948
169	106	12	13	195210/240737
169	107	8	8	-21592251/229181624
169	107	8	13	7763850/28647703
169	107	12	12	-21592251/229181624
169	107	12	13	7763850/28647703
169	108	8	8	70578927423/2890897005136
169	108	8	13	15058479150/180681062821
169	108	12	12	70578927423/2890897005136
169	108	12	13	15058479150/180681062821
169	109	8	8	-3661619455503/688033487222368
169	109	8	13	493280583750/21501046475699
169	109	12	12	-3661619455503/688033487222368
169	109	12	13	493280583750/21501046475699
170	68	17	17	6
170	70	16	16	-288/4913
170	72	16	16	124416/75252421
170	104	14	17	18
170	105	13	16	540/119
170	106	13	16	230040/240737
170	107	13	16	4179600/28647703
170	108	13	16	1183312800/180681062821
170	109	13	16	-100689480000/21501046475699
170	110	9	9	3/2
170	110	13	13	3/2
170	110	15	15	3/2
170	110	16	16	3/2
170	111	8	8	-27/64
170	111	12	12	-27/64
170	111	14	14	-27/64
170	111	15	15	-27/64
170	112	8	8	1038339/10061824
170	112	12	12	1038339/10061824
170	112	14	14	1038339/10061824
170	112	15	15	1038339/10061824
170	113	8	8	-6545691/321978368
170	113	12	12	-6545691/321978368
170	113	14	14	-6545691/321978368
170	113	15	15	-6545691/321978368
170	114	8	8	396052291503/157815765204992
170	114	12	12	396052291503/157815765204992
170	114	14	14	396052291503/157815765204992
170	114	15	15	396052291503/157815765204992
170	115	8	8	769593706713/5050104486559744
170	115	12	12	769593706713/5050104486559744
170	115	14	14	769593706713/5050104486559744
170	115	15	15	769593706713/5050104486559744
171	74	16	16	20
171	75	15	15	840/323
171	76	15	15	125520/1773593
171	77	15	15	-34564320/572870539
171	78	15	15	-108746504640/9806970757141
171	79	15	15	4986632730240/3167651554556543
171	110	2	17	10
171	111	1	16	-15/68
171	112	1	16	-24195/157216
171	113	1	16	222345/21381376
171	114	1	16	1050332265/154116958208
171	115	1	16	-16464960315/20959906316288
172	74	3	16	16
172	75	2	15	-96/323
172	76	2	15	-413376/1773593
172	77	2	15	7558272/572870539
172	78	2	15	95901781248/9806970757141
172	79	2	15	-2973493587456/3167651554556543
172	80	8	8	6
172	80	11	11	6
172	81	7	7	81/85
172	81	10	10	81/85
172	82	7	7	16299/245650
172	82	10	10	16299/245650
172	83	7	7	-687447/41760500
172	83	10	10	-687447/41760500
172	84	7	7	-2096035137/376262105000
172	84	10	10	-2096035137/376262105000
172	85	7	7	-2465223579/63964557850000
172	85	10	10	-2465223579/63964557850000
172	110	2	2	2
172	111	1	1	39/68
172	112	1	1	20289/157216
172	113	1	1	356967/21381376
172	114	1	1	-329685147/154116958208
172	115	1	1	-39351133341/20959906316288
173	74	3	16	2
173	74	3	17	2
173	74	5	16	2
173	74	7	16	2
173	74	11	16	2
173	75	2	15	216/323
173	75	2	16	-78/323
173	75	4	15	-54/323
173	75	6	15	-54/323
173	75	10	15	-54/323
173	76	2	15	351432/1773593
173	76	2	16	6570/1773593
173	76	4	15	-20358/1773593
173	76	6	15	-20358/1773593
173	76	10	15	-20358/1773593
173	77	2	15	28203552/572870539
173	77	2	16	3265002/572870539
173	77	4	15	2987442/572870539
173	77	6	15	2987442/572870539
173	77	10	15	2987442/572870539
173	78	2	15	86885066016/9806970757141
173	78	2	16	-8495425638/9806970757141
173	78	4	15	-336802374/9806970757141
173	78	6	15	-336802374/9806970757141
173	78	10	15	-336802374/9806970757141
173	79	2	15	1289312712576/3167651554556543
173	79	2	16	-31272160374/186332444385679
173	79	4	15	-792988270974/3167651554556543
173	79	6	15	-792988270974/3167651554556543
173	79	10	15	-792988270974/3167651554556543
173	80	8	9	3/2
173	80	8	16	3/2
173	80	11	13	3/2
173	80	11	15	3/2
173	81	7	8	171/680
173	81	7	15	171/680
173	81	10	12	171/680
173	81	10	14	171/680
173	82	7	8	94419/3930400
173	82	7	15	94419/3930400
173	82	10	12	94419/3930400
173	82	10	14	94419/3930400
173	83	7	8	-2744037/1336336000
173	83	7	15	-2744037/1336336000
173	83	10	12	-2744037/1336336000
173	83	10	14	-2744037/1336336000
173	84	7	8	-29869827057/24080774720000
173	84	7	15	-29869827057/24080774720000
173	84	10	12	-29869827057/24080774720000
173	84	10	14	-29869827057/24080774720000
173	85	7	8	-1025804769129/8187463404800000
173	85	7	15	-1025804769129/8187463404800000
173	85	10	12	-1025804769129/8187463404800000
173	85	10	14	-1025804769129/8187463404800000
173	86	8	8	3
173	86	11	11	3
173	87	7	7	261/595
173	87	10	10	261/595
173	88	7	7	136539/6018425
173	88	10	10	136539/6018425
173	89	7	7	-31530627/3580962875
173	89	10	10	-31530627/3580962875
173	90	7	7	-258908854977/112925664263125
173	90	10	10	-258908854977/112925664263125
173	91	7	7	7625706285321/67190770236559375
173	91	10	10	7625706285321/67190770236559375
173	92	3	16	6
173	93	2	15	36/1139
173	94	2	15	-1906632/22054457
173	95	2	15	-34363440/25120026523
173	96	2	15	5452029904608/1516420641113941
173	97	2	15	163998112193856/1727203110228778799
173	110	2	3	1/2
173	110	2	4	1/2
173	110	2	6	1/2
173	110	2	10	1/2
173	111	1	2	81/544
173	111	1	3	81/544
173	111	1	5	81/544
173	111	1	9	81/544
173	112	1	2	92529/2515456
173	112	1	3	92529/2515456
173	112	1	5	92529/2515456
173	112	1	9	92529/2515456
173	113	1	2	4415553/684204032
173	113	1	3	4415553/684204032
173	113	1	5	4415553/684204032
173	113	1	9	4415553/684204032
173	114	1	2	2378579013/9863485325312
173	114	1	3	2378579013/9863485325312
173	114	1	5	2378579013/9863485325312
173	114	1	9	2378579013/9863485325312
173	115	1	2	-895318121259/2682868008484864
173	115	1	3	-895318121259/2682868008484864
173	115	1	5	-895318121259/2682868008484864
173	115	1	9	-895318121259/2682868008484864
174	74	5	16	4/3
174	74	7	16	4/3
174	74	9	16	4/3
174	74	11	16	4/3
174	74	13	16	4/3
174	74	15	16	4/3
174	75	4	15	116/323
174	75	6	15	116/323
174	75	8	15	-64/323
174	75	10	15	116/323
174	75	12	15	-64/323
174	75	14	15	-64/323
174	76	4	15	144508/1773593
174	76	6	15	144508/1773593
174	76	8	15	25168/1773593
174	76	10	15	144508/1773593
174	76	12	15	25168/1773593
174	76	14	15	25168/1773593
174	77	4	15	7864452/572870539
174	77	6	15	7864452/572870539
174	77	8	15	1389312/572870539
174	77	10	15	7864452/572870539
174	77	12	15	1389312/572870539
174	77	14	15	1389312/572870539
174	78	4	15	508415292/576880632773
174	78	6	15	508415292/576880632773
174	78	8	15	-8504813376/9806970757141
174	78	10	15	508415292/576880632773
174	78	12	15	-8504813376/9806970757141
174	78	14	15	-8504813376/9806970757141
174	79	4	15	-1305610960284/3167651554556543
174	79	6	15	-1305610960284/3167651554556543
174	79	8	15	93865430016/3167651554556543
174	79	10	15	-1305610960284/3167651554556543
174	79	12	15	93865430016/3167651554556543
174	79	14	15	93865430016/3167651554556543
174	80	9	9	1/2
174	80	13	13	1/2
174	80	15	15	1/2
174	80	16	16	1/2
174	81	8	8	27/1360
174	81	12	12	27/1360
174	81	14	14	27/1360
174	81	15	15	27/1360
174	82	8	8	-73047/15721600
174	82	12	12	-73047/15721600
174	82	14	14	-73047/15721600
174	82	15	15	-73047/15721600
174	83	8	8	-6586029/10690688000
174	83	12	12	-6586029/10690688000
174	83	14	14	-6586029/10690688000
174	83	15	15	-6586029/10690688000
174	84	8	8	46371899061/385292395520000
174	84	12	12	46371899061/385292395520000
174	84	14	14	46371899061/385292395520000
174	84	15	15	46371899061/385292395520000
174	85	8	8	7991111363607/261998828953600000
174	85	12	12	7991111363607/261998828953600000
174	85	14	14	7991111363607/261998828953600000
174	85	15	15	7991111363607/261998828953600000
174	86	8	16	4
174	86	11	15	4
174	87	7	15	456/595
174	87	10	14	456/595
174	88	7	15	584688/6018425
174	88	10	14	584688/6018425
174	89	7	15	-1526688/3580962875
174	89	10	14	-1526688/3580962875
174	90	7	15	-425943665856/112925664263125
174	90	10	14	-425943665856/112925664263125
174	91	7	15	-50732282911104/67190770236559375
174	91	10	14	-50732282911104/67190770236559375
174	92	3	17	4
174	92	8	8	2
174	93	2	16	-528/1139
174	93	7	7	264/1139
174	94	2	16	39936/22054457
174	94	7	7	19968/22054457
174	95	2	16	296980992/25120026523
174	95	7	7	-148490496/25120026523
174	96	2	16	-2300246802432/1516420641113941
174	96	7	7	-1150123401216/1516420641113941
174	97	2	16	-695338678222848/1727203110228778799
174	97	7	7	347669339111424/1727203110228778799
174	104	3	16	2
174	104	4	15	2
174	105	2	15	8/119
174	105	3	14	8/119
174	106	2	15	-18304/722211
174	106	3	14	-18304/722211
174	107	2	15	-77568/28647703
174	107	3	14	-77568/28647703
174	108	2	15	165371904/180681062821
174	108	3	14	165371904/180681062821
174	109	2	15	11252629504/64503139427097
174	109	3	14	11252629504/64503139427097
174	110	2	5	1/3
174	110	2	7	1/3
174	110	2	8	1/3
174	110	2	11	1/3
174	110	2	12	1/3
174	110	2	14	1/3
174	111	1	4	7/68
174	111	1	6	7/68
174	111	1	7	7/68
174	111	1	10	7/68
174	111	1	11	7/68
174	111	1	13	7/68
174	112	1	4	2143/78608
174	112	1	6	2143/78608
174	112	1	7	2143/78608
174	112	1	10	2143/78608
174	112	1	11	2143/78608
174	112	1	13	2143/78608
174	113	1	4	30051/5345344
174	113	1	6	30051/5345344
174	113	1	7	30051/5345344
174	113	1	10	30051/5345344
174	113	1	11	30051/5345344
174	113	1	13	30051/5345344
174	114	1	4	11906271/19264619776
174	114	1	6	11906271/19264619776
174	114	1	7	11906271/19264619776
174	114	1	10	11906271/19264619776
174	114	1	11	11906271/19264619776
174	114	1	13	11906271/19264619776
174	115	1	4	-161477253/1309994144768
174	115	1	6	-161477253/1309994144768
174	115	1	7	-161477253/1309994144768
174	115	1	10	-161477253/1309994144768
174	115	1	11	-161477253/1309994144768
174	115	1	13	-161477253/1309994144768
175	74	9	16	2
175	74	13	16	2
175	74	15	16	2
175	74	16	17	2
175	75	8	15	132/323
175	75	12	15	132/323
175	75	14	15	132/323
175	75	15	16	-138/323
175	76	8	15	108888/1773593
175	76	12	15	108888/1773593
175	76	14	15	108888/1773593
175	76	15	16	122658/1773593
175	77	8	15	2010096/572870539
175	77	12	15	2010096/572870539
175	77	14	15	2010096/572870539
175	77	15	16	-3051594/572870539
175	78	8	15	-13209316704/9806970757141
175	78	12	15	-13209316704/9806970757141
175	78	14	15	-13209316704/9806970757141
175	78	15	16	-682721622/576880632773
175	79	8	15	-1434977995968/3167651554556543
175	79	12	15	-1434977995968/3167651554556543
175	79	14	15	-1434977995968/3167651554556543
175	79	15	16	1621922795982/3167651554556543
175	86	15	15	3
175	86	16	16	3
175	87	14	14	144/595
175	87	15	15	144/595
175	88	14	14	-99216/6018425
175	88	15	15	-99216/6018425
175	89	14	14	-25567488/3580962875
175	89	15	15	-25567488/3580962875
175	90	14	14	-3533352192/112925664263125
175	90	15	15	-3533352192/112925664263125
175	91	14	14	21802603106304/67190770236559375
175	91	15	15	21802603106304/67190770236559375
175	92	8	16	6
175	93	7	15	1368/1139
175	94	7	15	3642912/22054457
175	95	7	15	73872000/25120026523
175	96	7	15	-511341175296/89201214183173
175	97	7	15	-2384480715835392/1727203110228778799
175	104	3	17	3
175	104	4	17	3
175	105	2	16	-36/119
175	105	3	16	-36/119
175	106	2	16	-2288/240737
175	106	3	16	-2288/240737
175	107	2	16	258624/28647703
175	107	3	16	258624/28647703
175	108	2	16	-106692864/180681062821
175	108	3	16	-106692864/180681062821
175	109	2	16	-8550798336/21501046475699
175	109	3	16	-8550798336/21501046475699
175	110	2	9	1/2
175	110	2	13	1/2
175	110	2	15	1/2
175	110	2	16	1/2
175	110	3	16	1/2
175	110	4	15	1/2
175	110	6	13	1/2
175	110	9	10	1/2
175	111	1	8	87/544
175	111	1	12	87/544
175	111	1	14	87/544
175	111	1	15	87/544
175	111	2	15	33/1088
175	111	3	14	33/1088
175	111	5	12	33/1088
175	111	8	9	33/1088
175	112	1	8	112161/2515456
175	112	1	12	112161/2515456
175	112	1	14	112161/2515456
175	112	1	15	112161/2515456
175	112	2	15	-47535/10061824
175	112	3	14	-47535/10061824
175	112	5	12	-47535/10061824
175	112	8	9	-47535/10061824
175	113	1	8	6884919/684204032
175	113	1	12	6884919/684204032
175	113	1	14	6884919/684204032
175	113	1	15	6884919/684204032
175	113	2	15	-5927823/5473632256
175	113	3	14	-5927823/5473632256
175	113	5	12	-5927823/5473632256
175	113	8	9	-5927823/5473632256
175	114	1	8	14328463653/9863485325312
175	114	1	12	14328463653/9863485325312
175	114	1	14	14328463653/9863485325312
175	114	1	15	14328463653/9863485325312
175	114	2	15	17457005061/157815765204992
175	114	3	14	17457005061/157815765204992
175	114	5	12	17457005061/157815765204992
175	114	8	9	17457005061/157815765204992
175	115	1	8	-204614664813/2682868008484864
175	115	1	12	-204614664813/2682868008484864
175	115	1	14	-204614664813/2682868008484864
175	115	1	15	-204614664813/2682868008484864
175	115	2	15	5255342873253/85851776271515648
175	115	3	14	5255342873253/85851776271515648
175	115	5	12	5255342873253/85851776271515648
175	115	8	9	5255342873253/85851776271515648
176	74	16	17	8
176	75	15	16	360/323
176	76	15	16	111240/1773593
176	77	15	16	-9768600/572870539
176	78	15	16	-45836458200/9806970757141
176	79	15	16	223106805000/3167651554556543
176	92	16	16	12
176	93	15	15	1656/1139
176	94	15	15	411696/22054457
176	95	15	15	-901811232/25120026523
176	96	15	15	-8065169828928/1516420641113941
176	97	15	15	114483837656448/101600182954634047
176	110	2	17	2
176	110	3	17	2
176	110	4	17	2
176	110	6	17	2
176	110	10	17	2
176	111	1	16	45/68
176	111	2	16	-21/136
176	111	3	16	-21/136
176	111	5	16	-21/136
176	111	9	16	-21/136
176	112	1	16	30105/157216
176	112	2	16	-9783/628864
176	112	3	16	-9783/628864
176	112	5	16	-9783/628864
176	112	9	16	-9783/628864
176	113	1	16	965925/21381376
176	113	2	16	931203/171051008
176	113	3	16	931203/171051008
176	113	5	16	931203/171051008
176	113	9	16	931203/171051008
176	114	1	16	1080760725/154116958208
176	114	2	16	439300341/2465871331328
176	114	3	16	439300341/2465871331328
176	114	5	16	439300341/2465871331328
176	114	9	16	439300341/2465871331328
176	115	1	16	-4588599375/20959906316288
176	115	2	16	-201039320601/670717002121216
176	115	3	16	-201039320601/670717002121216
176	115	5	16	-201039320601/670717002121216
176	115	9	16	-201039320601/670717002121216
177	74	3	3	12
177	75	2	2	792/323
177	76	2	2	560304/1773593
177	77	2	2	-6358176/572870539
177	78	2	2	-168791128128/9806970757141
177	79	2	2	-9807823605888/3167651554556543
177	80	8	11	18
177	81	7	10	-27/85
177	82	7	10	-63423/245650
177	83	7	10	579069/41760500
177	84	7	10	4014239229/376262105000
177	85	7	10	-62060282487/63964557850000
178	74	3	5	8/3
178	74	3	7	8/3
178	74	3	11	8/3
178	75	2	4	184/323
178	75	2	6	184/323
178	75	2	10	184/323
178	76	2	4	9048/104329
178	76	2	6	9048/104329
178	76	2	10	9048/104329
178	77	2	4	120888/33698267
178	77	2	6	120888/33698267
178	77	2	10	120888/33698267
178	78	2	4	-1555903944/576880632773
178	78	2	6	-1555903944/576880632773
178	78	2	10	-1555903944/576880632773
178	79	2	4	-150681034728/186332444385679
178	79	2	6	-150681034728/186332444385679
178	79	2	10	-150681034728/186332444385679
178	80	8	11	2
178	80	8	13	2
178	80	8	15	2
178	80	9	11	2
178	80	11	16	2
178	81	7	10	57/85
178	81	7	12	-33/170
178	81	7	14	-33/170
178	81	8	10	-33/170
178	81	10	15	-33/170
178	82	7	10	2889/14450
178	82	7	12	-351/57800
178	82	7	14	-351/57800
178	82	8	10	-351/57800
178	82	10	15	-351/57800
178	83	7	10	123633/2456500
178	83	7	12	106623/19652000
178	83	7	14	106623/19652000
178	83	8	10	106623/19652000
178	83	10	15	106623/19652000
178	84	7	10	207351333/22133065000
178	84	7	12	-118560267/354129040000
178	84	7	14	-118560267/354129040000
178	84	8	10	-118560267/354129040000
178	84	10	15	-118560267/354129040000
178	85	7	10	2206062621/3762621050000
178	85	7	12	-1587946437/7082580800000
178	85	7	14	-1587946437/7082580800000
178	85	8	10	-1587946437/7082580800000
178	85	10	15	-1587946437/7082580800000
178	86	8	11	8
178	87	7	10	24/595
178	88	7	10	-40248/354025
178	89	7	10	-362664/210644875
178	90	7	10	30976196904/6642686133125
178	91	7	10	465796499832/3952398249209375
178	92	3	3	4
178	93	2	2	840/1139
178	94	2	2	99216/1297321
178	95	2	2	-11581920/1477648619
178	96	2	2	-442243862208/89201214183173
178	97	2	2	-52998734678400/101600182954634047
179	74	3	9	4/3
179	74	3	13	4/3
179	74	3	15	4/3
179	74	5	5	2/3
179	74	7	7	2/3
179	74	11	11	2/3
179	75	2	8	96/323
179	75	2	12	96/323
179	75	2	14	96/323
179	75	4	4	1/19
179	75	6	6	1/19
179	75	10	10	1/19
179	76	2	8	89232/1773593
179	76	2	12	89232/1773593
179	76	2	14	89232/1773593
179	76	4	4	-13533/3547186
179	76	6	6	-13533/3547186
179	76	10	10	-13533/3547186
179	77	2	8	2353536/572870539
179	77	2	12	2353536/572870539
179	77	2	14	2353536/572870539
179	77	4	4	-210231/134793068
179	77	6	6	-210231/134793068
179	77	10	10	-210231/134793068
179	78	2	8	-8926956864/9806970757141
179	78	2	12	-8926956864/9806970757141
179	78	2	14	-8926956864/9806970757141
179	78	4	4	228796839/78455766057128
179	78	6	6	228796839/78455766057128
179	78	10	10	228796839/78455766057128
179	79	2	8	-1326013161984/3167651554556543
179	79	2	12	-1326013161984/3167651554556543
179	79	2	14	-1326013161984/3167651554556543
179	79	4	4	212892969141/2981319110170864
179	79	6	6	212892969141/2981319110170864
179	79	10	10	212892969141/2981319110170864
179	80	8	13	1
179	80	8	15	1
179	80	8	17	1
179	80	9	11	1
179	80	11	16	1
179	80	11	17	1
179	81	7	12	87/340
179	81	7	14	87/340
179	81	7	16	-3/17
179	81	8	10	87/340
179	81	10	15	87/340
179	81	10	16	-3/17
179	82	7	12	106353/1965200
179	82	7	14	106353/1965200
179	82	7	16	486/24565
179	82	8	10	106353/1965200
179	82	10	15	106353/1965200
179	82	10	16	486/24565
179	83	7	12	5369031/668168000
179	83	7	14	5369031/668168000
179	83	7	16	216/417605
179	83	8	10	5369031/668168000
179	83	10	15	5369031/668168000
179	83	10	16	216/417605
179	84	7	12	2378770821/12040387360000
179	84	7	14	2378770821/12040387360000
179	84	7	16	-1467396/1881310525
179	84	8	10	2378770821/12040387360000
179	84	10	15	2378770821/12040387360000
179	84	10	16	-1467396/1881310525
179	85	7	12	-1348670497293/4093731702400000
179	85	7	14	-1348670497293/4093731702400000
179	85	7	16	796068/6396455785
179	85	8	10	-1348670497293/4093731702400000
179	85	10	15	-1348670497293/4093731702400000
179	85	10	16	796068/6396455785
179	86	8	15	4
179	86	11	16	4
179	87	7	14	-216/595
179	87	10	15	-216/595
179	88	7	14	-114192/6018425
179	88	10	15	-114192/6018425
179	89	7	14	39914208/3580962875
179	89	10	15	39914208/3580962875
179	90	7	14	-39415502016/112925664263125
179	90	10	15	-39415502016/112925664263125
179	91	7	14	-34895103232896/67190770236559375
179	91	10	15	-34895103232896/67190770236559375
179	92	3	11	4
179	92	8	11	4
179	93	2	10	1104/1139
179	93	7	10	144/1139
179	94	2	10	3983616/22054457
179	94	7	10	-1108224/22054457
179	95	2	10	439091712/25120026523
179	95	7	10	-126033408/25120026523
179	96	2	10	-4846831976448/1516420641113941
179	96	7	10	2733333921792/1516420641113941
179	97	2	10	-3114872717377536/1727203110228778799
179	97	7	10	550294444376064/1727203110228778799
179	104	3	3	1
179	104	4	4	1
179	105	2	2	20/119
179	105	3	3	20/119
179	106	2	2	3328/240737
179	106	3	3	3328/240737
179	107	2	2	-72320/28647703
179	107	3	3	-72320/28647703
179	108	2	2	-188985344/180681062821
179	108	3	3	-188985344/180681062821
179	109	2	2	-58163200/1264767439747
179	109	3	3	-58163200/1264767439747
180	74	3	17	4
180	75	2	16	300/323
180	76	2	16	297684/1773593
180	77	2	16	9603900/572870539
180	78	2	16	-21495861324/9806970757141
180	79	2	16	-4342136746500/3167651554556543
180	80	8	17	3
180	80	11	17	3
180	81	7	16	9/17
180	81	10	16	9/17
180	82	7	16	1458/24565
180	82	10	16	1458/24565
180	83	7	16	-648/417605
180	83	10	16	-648/417605
180	84	7	16	-4402188/1881310525
180	84	10	16	-4402188/1881310525
180	85	7	16	-2388204/6396455785
180	85	10	16	-2388204/6396455785
180	92	11	11	6
180	92	11	16	12
180	93	10	10	936/1139
180	93	10	15	-1008/1139
180	94	10	10	687744/22054457
180	94	10	15	-2149632/22054457
180	95	10	10	-452604672/25120026523
180	95	10	15	783530496/25120026523
180	96	10	10	-5855429025792/1516420641113941
180	96	10	15	126243422208/89201214183173
180	97	10	10	656474387152896/1727203110228778799
180	97	10	15	-2975392451985408/1727203110228778799
180	110	3	3	1/2
180	110	4	4	1/2
180	110	6	6	1/2
180	110	10	10	1/2
180	111	2	2	87/1088
180	111	3	3	87/1088
180	111	5	5	87/1088
180	111	9	9	87/1088
180	112	2	2	57249/10061824
180	112	3	3	57249/10061824
180	112	5	5	57249/10061824
180	112	9	9	57249/10061824
180	113	2	2	-7447113/5473632256
180	113	3	3	-7447113/5473632256
180	113	5	5	-7447113/5473632256
180	113	9	9	-7447113/5473632256
180	114	2	2	-74382860763/157815765204992
180	114	3	3	-74382860763/157815765204992
180	114	5	5	-74382860763/157815765204992
180	114	9	9	-74382860763/157815765204992
180	115	2	2	-464741045613/85851776271515648
180	115	3	3	-464741045613/85851776271515648
180	115	5	5	-464741045613/85851776271515648
180	115	9	9	-464741045613/85851776271515648
181	74	5	7	4/3
181	74	5	11	4/3
181	74	7	11	4/3
181	75	4	6	110/323
181	75	4	10	110/323
181	75	6	10	110/323
181	76	4	6	128739/1773593
181	76	4	10	128739/1773593
181	76	6	10	128739/1773593
181	77	4	6	12815055/1145741078
181	77	4	10	12815055/1145741078
181	77	6	10	12815055/1145741078
181	78	4	6	19134414567/39227883028564
181	78	4	10	19134414567/39227883028564
181	78	6	10	19134414567/39227883028564
181	79	4	6	-9541337629725/25341212436452344
181	79	4	10	-9541337629725/25341212436452344
181	79	6	10	-9541337629725/25341212436452344
181	80	9	13	1
181	80	9	15	1
181	80	13	16	1
181	80	15	16	1
181	81	8	12	-123/680
181	81	8	14	-123/680
181	81	12	15	-123/680
181	81	14	15	-123/680
181	82	8	12	176553/7860800
181	82	8	14	176553/7860800
181	82	12	15	176553/7860800
181	82	14	15	176553/7860800
181	83	8	12	-1878579/5345344000
181	83	8	14	-1878579/5345344000
181	83	12	15	-1878579/5345344000
181	83	14	15	-1878579/5345344000
181	84	8	12	-123208664139/192646197760000
181	84	8	14	-123208664139/192646197760000
181	84	12	15	-123208664139/192646197760000
181	84	14	15	-123208664139/192646197760000
181	85	8	12	1069000678521/7705847910400000
181	85	8	14	1069000678521/7705847910400000
181	85	12	15	1069000678521/7705847910400000
181	85	14	15	1069000678521/7705847910400000
181	86	8	11	4
181	86	8	13	4
181	86	9	11	4
181	87	7	10	852/595
181	87	7	12	-162/595
181	87	8	10	-162/595
181	88	7	10	2802852/6018425
181	88	7	12	-170703/6018425
181	88	8	10	-170703/6018425
181	89	7	10	476773236/3580962875
181	89	7	12	59549823/7161925750
181	89	8	10	59549823/7161925750
181	90	7	10	3525540247764/112925664263125
181	90	7	12	166854882501/451702657052500
181	90	8	10	166854882501/451702657052500
181	91	7	10	325427009449572/67190770236559375
181	91	7	12	-214003398742101/537526161892475000
181	91	8	10	-214003398742101/537526161892475000
181	92	3	5	4
181	92	3	7	4
181	93	2	4	828/1139
181	93	2	6	828/1139
181	94	2	4	1833156/22054457
181	94	2	6	1833156/22054457
181	95	2	4	-67895172/25120026523
181	95	2	6	-67895172/25120026523
181	96	2	4	-5479632388332/1516420641113941
181	96	2	6	-5479632388332/1516420641113941
181	97	2	4	-990861675543252/1727203110228778799
181	97	2	6	-990861675543252/1727203110228778799
181	98	7	12	1
181	98	8	11	1
181	99	6	11	5/221
181	99	7	10	5/221
181	100	6	11	-11223/830297
181	100	7	10	-11223/830297
181	101	6	11	-172595/183495637
181	101	7	10	-172595/183495637
181	102	6	11	1129044661/2149284396181
181	102	7	10	1129044661/2149284396181
181	103	6	11	29758214025/474991851556001
181	103	7	10	29758214025/474991851556001
182	74	5	9	2/3
182	74	5	13	2/3
182	74	7	9	2/3
182	74	7	15	2/3
182	74	11	13	2/3
182	74	11	15	2/3
182	75	4	8	26/323
182	75	4	12	26/323
182	75	6	8	26/323
182	75	6	14	26/323
182	75	10	12	26/323
182	75	10	14	26/323
182	76	4	8	4394/1773593
182	76	4	12	4394/1773593
182	76	6	8	4394/1773593
182	76	6	14	4394/1773593
182	76	10	12	4394/1773593
182	76	10	14	4394/1773593
182	77	4	8	-830466/572870539
182	77	4	12	-830466/572870539
182	77	6	8	-830466/572870539
182	77	6	14	-830466/572870539
182	77	10	12	-830466/572870539
182	77	10	14	-830466/572870539
182	78	4	8	-152687106/576880632773
182	78	4	12	-152687106/576880632773
182	78	6	8	-152687106/576880632773
182	78	6	14	-152687106/576880632773
182	78	10	12	-152687106/576880632773
182	78	10	14	-152687106/576880632773
182	79	4	8	84670398306/3167651554556543
182	79	4	12	84670398306/3167651554556543
182	79	6	8	84670398306/3167651554556543
182	79	6	14	84670398306/3167651554556543
182	79	10	12	84670398306/3167651554556543
182	79	10	14	84670398306/3167651554556543
182	80	9	13	1/2
182	80	9	15	1/2
182	80	13	16	1/2
182	80	15	16	1/2
182	81	8	12	117/1360
182	81	8	14	117/1360
182	81	12	15	117/1360
182	81	14	15	117/1360
182	82	8	12	151593/15721600
182	82	8	14	151593/15721600
182	82	12	15	151593/15721600
182	82	14	15	151593/15721600
182	83	8	12	-1245699/10690688000
182	83	8	14	-1245699/10690688000
182	83	12	15	-1245699/10690688000
182	83	14	15	-1245699/10690688000
182	84	8	12	-125062307019/385292395520000
182	84	8	14	-125062307019/385292395520000
182	84	12	15	-125062307019/385292395520000
182	84	14	15	-125062307019/385292395520000
182	85	8	12	-14459059459143/261998828953600000
182	85	8	14	-14459059459143/261998828953600000
182	85	12	15	-14459059459143/261998828953600000
182	85	14	15	-14459059459143/261998828953600000
182	86	8	15	2
182	86	8	17	2
182	86	11	16	2
182	86	11	17	2
182	86	15	16	2
182	87	7	14	312/595
182	87	7	16	-39/119
182	87	10	15	312/595
182	87	10	16	-39/119
182	87	14	15	-156/595
182	88	7	14	685464/6018425
182	88	7	16	72501/2407370
182	88	10	15	685464/6018425
182	88	10	16	72501/2407370
182	88	14	15	64896/6018425
182	89	7	14	62640864/3580962875
182	89	7	16	1601613/572954060
182	89	10	15	62640864/3580962875
182	89	10	16	1601613/572954060
182	89	14	15	17083872/3580962875
182	90	7	14	59298119712/112925664263125
182	90	7	16	-56195795331/36136212564200
182	90	10	15	59298119712/112925664263125
182	90	10	16	-56195795331/36136212564200
182	90	14	15	-117263697408/112925664263125
182	91	7	14	-48415989368448/67190770236559375
182	91	7	16	247003782129/1720083718055920
182	91	10	15	-48415989368448/67190770236559375
182	91	10	16	247003782129/1720083718055920
182	91	14	15	-4865851201536/67190770236559375
182	92	3	13	2
182	92	3	15	2
182	92	8	13	2
182	92	8	15	2
182	93	2	12	546/1139
182	93	2	14	546/1139
182	93	7	12	-156/1139
182	93	7	14	-156/1139
182	94	2	12	1990482/22054457
182	94	2	14	1990482/22054457
182	94	7	12	-336648/22054457
182	94	7	14	-336648/22054457
182	95	2	12	246648402/25120026523
182	95	2	14	246648402/25120026523
182	95	7	12	111045168/25120026523
182	95	7	14	111045168/25120026523
182	96	2	12	-90737782902/89201214183173
182	96	2	14	-90737782902/89201214183173
182	96	7	12	344462111136/1516420641113941
182	96	7	14	344462111136/1516420641113941
182	97	2	12	-1313907281133174/1727203110228778799
182	97	2	14	-1313907281133174/1727203110228778799
182	97	7	12	-386925635318976/1727203110228778799
182	97	7	14	-386925635318976/1727203110228778799
182	104	3	7	1
182	104	3	11	1
182	104	4	8	1
182	104	4	12	1
182	104	7	12	1
182	104	8	11	1
182	105	2	6	26/119
182	105	2	10	26/119
182	105	3	7	26/119
182	105	3	11	26/119
182	105	6	11	13/238
182	105	7	10	13/238
182	106	2	6	25012/722211
182	106	2	10	25012/722211
182	106	3	7	25012/722211
182	106	3	11	25012/722211
182	106	6	11	-29237/2888844
182	106	7	10	-29237/2888844
182	107	2	6	52728/28647703
182	107	2	10	52728/28647703
182	107	3	7	52728/28647703
182	107	3	11	52728/28647703
182	107	6	11	-454779/229181624
182	107	7	10	-454779/229181624
182	108	2	6	-176849712/180681062821
182	108	2	10	-176849712/180681062821
182	108	3	7	-176849712/180681062821
182	108	3	11	-176849712/180681062821
182	108	6	11	780657813/2890897005136
182	108	7	10	780657813/2890897005136
182	109	2	6	-21113205152/64503139427097
182	109	2	10	-21113205152/64503139427097
182	109	3	7	-21113205152/64503139427097
182	109	3	11	-21113205152/64503139427097
182	109	6	11	236373663539/2064100461667104
182	109	7	10	236373663539/2064100461667104
183	74	5	15	4/3
183	74	7	13	4/3
183	74	9	11	4/3
183	75	4	14	-24/323
183	75	6	12	-24/323
183	75	8	10	-24/323
183	76	4	14	-18876/1773593
183	76	6	12	-18876/1773593
183	76	8	10	-18876/1773593
183	77	4	14	1283688/572870539
183	77	6	12	1283688/572870539
183	77	8	10	1283688/572870539
183	78	4	14	2065158828/9806970757141
183	78	6	12	2065158828/9806970757141
183	78	8	10	2065158828/9806970757141
183	79	4	14	-338874232824/3167651554556543
183	79	6	12	-338874232824/3167651554556543
183	79	8	10	-338874232824/3167651554556543
183	80	9	16	1
183	80	13	15	1
183	81	8	15	-93/680
183	81	12	14	-93/680
183	82	8	15	64233/7860800
183	82	12	14	64233/7860800
183	83	8	15	9427131/5345344000
183	83	12	14	9427131/5345344000
183	84	8	15	-98629583499/192646197760000
183	84	12	14	-98629583499/192646197760000
183	85	8	15	338559980607/130999414476800000
183	85	12	14	338559980607/130999414476800000
183	86	5	5	2
183	86	5	8	4
183	86	5	11	4
183	86	5	15	4
183	86	5	16	4
183	87	4	4	39/238
183	87	4	7	114/119
183	87	4	10	114/119
183	87	4	14	-36/119
183	87	4	15	-36/119
183	88	4	4	-20511/1925896
183	88	4	7	43641/240737
183	88	4	10	43641/240737
183	88	4	14	-6084/240737
183	88	4	15	-6084/240737
183	89	4	4	-4416633/916726496
183	89	4	7	1166049/57295406
183	89	4	10	1166049/57295406
183	89	4	14	263412/28647703
183	89	4	15	263412/28647703
183	90	4	4	-992848347/23127176041088
183	90	4	7	-1256318667/722724251284
183	90	4	10	-1256318667/722724251284
183	90	4	14	27401652/180681062821
183	90	4	15	27401652/180681062821
183	91	4	4	2396760154659/11008535795557888
183	91	4	7	-250986302163/172008371805592
183	91	4	10	-250986302163/172008371805592
183	91	4	14	-9339426036/21501046475699
183	91	4	15	-9339426036/21501046475699
183	92	3	8	4
183	93	2	7	1368/1139
183	94	2	7	6844032/22054457
183	95	2	7	1581747264/25120026523
183	96	2	7	10806529158144/1516420641113941
183	97	2	7	-1924169083932672/1727203110228778799
183	104	3	4	2
183	105	2	3	4/7
183	106	2	3	32864/240737
183	107	2	3	39968/1685159
183	108	2	3	227313152/180681062821
183	109	2	3	-1208851456/1264767439747
184	74	5	15	2/3
184	74	7	13	2/3
184	74	9	11	2/3
184	75	4	14	64/323
184	75	6	12	64/323
184	75	8	10	64/323
184	76	4	14	93314/1773593
184	76	6	12	93314/1773593
184	76	8	10	93314/1773593
184	77	4	14	6820416/572870539
184	77	6	12	6820416/572870539
184	77	8	10	6820416/572870539
184	78	4	14	20060676918/9806970757141
184	78	6	12	20060676918/9806970757141
184	78	8	10	20060676918/9806970757141
184	79	4	14	480126567744/3167651554556543
184	79	6	12	480126567744/3167651554556543
184	79	8	10	480126567744/3167651554556543
184	80	9	17	1/2
184	80	13	17	1/2
184	80	15	17	1/2
184	80	16	17	1/2
184	81	8	16	-9/68
184	81	12	16	-9/68
184	81	14	16	-9/68
184	81	15	16	-9/68
184	82	8	16	3003/98260
184	82	12	16	3003/98260
184	82	14	16	3003/98260
184	82	15	16	3003/98260
184	83	8	16	-4779/835210
184	83	12	16	-4779/835210
184	83	14	16	-4779/835210
184	83	15	16	-4779/835210
184	84	8	16	10383471/15050484200
184	84	12	16	10383471/15050484200
184	84	14	16	10383471/15050484200
184	84	15	16	10383471/15050484200
184	85	8	16	2754891/102343292560
184	85	12	16	2754891/102343292560
184	85	14	16	2754891/102343292560
184	85	15	16	2754891/102343292560
184	86	8	13	2
184	86	9	11	2
184	86	9	15	2
184	86	13	16	2
184	87	7	12	339/595
184	87	8	10	339/595
184	87	8	14	-222/595
184	87	12	15	-222/595
184	88	7	12	1707537/12036850
184	88	8	10	1707537/12036850
184	88	8	14	295854/6018425
184	88	12	15	295854/6018425
184	89	7	12	411985683/14323851500
184	89	8	10	411985683/14323851500
184	89	8	14	-5520474/3580962875
184	89	12	15	-5520474/3580962875
184	90	7	12	3450109569381/903405314105000
184	90	8	10	3450109569381/903405314105000
184	90	8	14	-140455454598/112925664263125
184	90	12	15	-140455454598/112925664263125
184	91	7	12	-123895026461601/1075052323784950000
184	91	8	10	-123895026461601/1075052323784950000
184	91	8	14	21013058009898/67190770236559375
184	91	12	15	21013058009898/67190770236559375
184	92	3	9	2
184	92	5	5	1
184	92	5	11	2
184	92	7	7	1
184	92	7	11	2
184	92	8	11	2
184	92	9	11	2
184	93	2	8	24/67
184	93	4	4	75/2278
184	93	4	10	636/1139
184	93	6	6	75/2278
184	93	6	10	636/1139
184	93	7	10	876/1139
184	93	8	10	-84/1139
184	94	2	8	943800/22054457
184	94	4	4	-846663/88217828
184	94	4	10	2967072/22054457
184	94	6	6	-846663/88217828
184	94	6	10	2967072/22054457
184	94	7	10	6051552/22054457
184	94	8	10	-411168/22054457
184	95	2	8	18144/1477648619
184	95	4	4	-204842925/200960212184
184	95	4	10	643881312/25120026523
184	95	6	6	-204842925/200960212184
184	95	6	10	643881312/25120026523
184	95	7	10	2237857632/25120026523
184	95	8	10	56845152/25120026523
184	96	2	8	-2115303514848/1516420641113941
184	96	4	4	6334150617621/24262730257823056
184	96	4	10	4275480070656/1516420641113941
184	96	6	6	6334150617621/24262730257823056
184	96	6	10	4275480070656/1516420641113941
184	96	7	10	38577124302336/1516420641113941
184	96	8	10	740213116416/1516420641113941
184	97	2	8	-27317217154176/101600182954634047
184	97	4	4	2788133435670375/55270499527320921568
184	97	4	10	-10976763921408/32588737928844883
184	97	6	6	2788133435670375/55270499527320921568
184	97	6	10	-10976763921408/32588737928844883
184	97	7	10	10253948199422976/1727203110228778799
184	97	8	10	-191503215719424/1727203110228778799
184	98	7	13	1/2
184	98	7	16	1/2
184	98	8	13	1/2
184	98	8	15	1/2
184	98	9	11	1/2
184	98	9	12	1/2
184	98	11	16	1/2
184	98	12	15	1/2
184	99	6	12	-7/221
184	99	6	15	-7/221
184	99	7	12	-7/221
184	99	7	14	-7/221
184	99	8	10	-7/221
184	99	8	11	-7/221
184	99	10	15	-7/221
184	99	11	14	-7/221
184	100	6	12	-10238/2490891
184	100	6	15	-10238/2490891
184	100	7	12	-10238/2490891
184	100	7	14	-10238/2490891
184	100	8	10	-10238/2490891
184	100	8	11	-10238/2490891
184	100	10	15	-10238/2490891
184	100	11	14	-10238/2490891
184	101	6	12	189980/183495637
184	101	6	15	189980/183495637
184	101	7	12	189980/183495637
184	101	7	14	189980/183495637
184	101	8	10	189980/183495637
184	101	8	11	189980/183495637
184	101	10	15	189980/183495637
184	101	11	14	189980/183495637
184	102	6	12	165034664/2149284396181
184	102	6	15	165034664/2149284396181
184	102	7	12	165034664/2149284396181
184	102	7	14	165034664/2149284396181
184	102	8	10	165034664/2149284396181
184	102	8	11	165034664/2149284396181
184	102	10	15	165034664/2149284396181
184	102	11	14	165034664/2149284396181
184	103	6	12	-76065841936/1424975554668003
184	103	6	15	-76065841936/1424975554668003
184	103	7	12	-76065841936/1424975554668003
184	103	7	14	-76065841936/1424975554668003
184	103	8	10	-76065841936/1424975554668003
184	103	8	11	-76065841936/1424975554668003
184	103	10	15	-76065841936/1424975554668003
184	103	11	14	-76065841936/1424975554668003
184	104	3	5	1
184	104	4	5	1
184	105	2	4	18/119
184	105	3	4	18/119
184	106	2	4	8320/722211
184	106	3	4	8320/722211
184	107	2	4	-48528/28647703
184	107	3	4	-48528/28647703
184	108	2	4	-119869184/180681062821
184	108	3	4	-119869184/180681062821
184	109	2	4	-692739072/21501046475699
184	109	3	4	-692739072/21501046475699
185	74	5	17	4/3
185	74	7	17	4/3
185	74	11	17	4/3
185	75	4	16	-82/323
185	75	6	16	-82/323
185	75	10	16	-82/323
185	76	4	16	60879/1773593
185	76	6	16	60879/1773593
185	76	10	16	60879/1773593
185	77	4	16	-1374525/1145741078
185	77	6	16	-1374525/1145741078
185	77	10	16	-1374525/1145741078
185	78	4	16	-34145439489/39227883028564
185	78	6	16	-34145439489/39227883028564
185	78	10	16	-34145439489/39227883028564
185	79	4	16	5799608221419/25341212436452344
185	79	6	16	5799608221419/25341212436452344
185	79	10	16	5799608221419/25341212436452344
185	80	9	16	1
185	80	13	15	1
185	81	8	15	147/680
185	81	12	14	147/680
185	82	8	15	288873/7860800
185	82	12	14	288873/7860800
185	83	8	15	19391211/5345344000
185	83	12	14	19391211/5345344000
185	84	8	15	-63135098379/192646197760000
185	84	12	14	-63135098379/192646197760000
185	85	8	15	-29537074533393/130999414476800000
185	85	12	14	-29537074533393/130999414476800000
185	86	8	9	4
185	86	11	13	4
185	87	7	8	342/595
185	87	10	12	342/595
185	88	7	8	222417/6018425
185	88	10	12	222417/6018425
185	89	7	8	-55907253/7161925750
185	89	10	12	-55907253/7161925750
185	90	7	8	-1104720455259/451702657052500
185	90	10	12	-1104720455259/451702657052500
185	91	7	8	-15615610460649/537526161892475000
185	91	10	12	-15615610460649/537526161892475000
185	92	3	16	4
185	92	5	16	4
185	92	7	16	4
185	93	2	15	96/67
185	93	4	15	-252/1139
185	93	6	15	-252/1139
185	94	2	15	10267920/22054457
185	94	4	15	-781740/22054457
185	94	6	15	-781740/22054457
185	95	2	15	195951744/1477648619
185	95	4	15	181755252/25120026523
185	95	6	15	181755252/25120026523
185	96	2	15	46687410690624/1516420641113941
185	96	4	15	1217806948404/1516420641113941
185	96	6	15	1217806948404/1516420641113941
185	97	2	15	468679180340736/101600182954634047
185	97	4	15	-648037095849612/1727203110228778799
185	97	6	15	-648037095849612/1727203110228778799
185	98	7	7	1/2
185	98	8	8	1/2
185	98	11	11	1/2
185	98	12	12	1/2
185	99	6	6	31/442
185	99	7	7	31/442
185	99	10	10	31/442
185	99	11	11	31/442
185	100	6	6	5001/1660594
185	100	7	7	5001/1660594
185	100	10	10	5001/1660594
185	100	11	11	5001/1660594
185	101	6	6	-547801/366991274
185	101	7	7	-547801/366991274
185	101	10	10	-547801/366991274
185	101	11	11	-547801/366991274
185	102	6	6	-1475622443/4298568792362
185	102	7	7	-1475622443/4298568792362
185	102	10	10	-1475622443/4298568792362
185	102	11	11	-1475622443/4298568792362
185	103	6	6	26072483691/949983703112002
185	103	7	7	26072483691/949983703112002
185	103	10	10	26072483691/949983703112002
185	103	11	11	26072483691/949983703112002
185	110	3	4	1/3
185	110	3	6	1/3
185	110	3	10	1/3
185	110	4	6	1/3
185	110	4	10	1/3
185	110	6	10	1/3
185	111	2	3	61/544
185	111	2	5	61/544
185	111	2	9	61/544
185	111	3	5	61/544
185	111	3	9	61/544
185	111	5	9	61/544
185	112	2	3	168843/5030912
185	112	2	5	168843/5030912
185	112	2	9	168843/5030912
185	112	3	5	168843/5030912
185	112	3	9	168843/5030912
185	112	5	9	168843/5030912
185	113	2	3	23238621/2736816128
185	113	2	5	23238621/2736816128
185	113	2	9	23238621/2736816128
185	113	3	5	23238621/2736816128
185	113	3	9	23238621/2736816128
185	113	5	9	23238621/2736816128
185	114	2	3	125780488119/78907882602496
185	114	2	5	125780488119/78907882602496
185	114	2	9	125780488119/78907882602496
185	114	3	5	125780488119/78907882602496
185	114	3	9	125780488119/78907882602496
185	114	5	9	125780488119/78907882602496
185	115	2	3	4483610547921/42925888135757824
185	115	2	5	4483610547921/42925888135757824
185	115	2	9	4483610547921/42925888135757824
185	115	3	5	4483610547921/42925888135757824
185	115	3	9	4483610547921/42925888135757824
185	115	5	9	4483610547921/42925888135757824
186	74	5	17	2/3
186	74	7	17	2/3
186	74	11	17	2/3
186	75	4	16	35/323
186	75	6	16	35/323
186	75	10	16	35/323
186	76	4	16	37167/3547186
186	76	6	16	37167/3547186
186	76	10	16	37167/3547186
186	77	4	16	-1412145/2291482156
186	77	6	16	-1412145/2291482156
186	77	10	16	-1412145/2291482156
186	78	4	16	-34929516897/78455766057128
186	78	6	16	-34929516897/78455766057128
186	78	10	16	-34929516897/78455766057128
186	79	4	16	-2615388298425/50682424872904688
186	79	6	16	-2615388298425/50682424872904688
186	79	10	16	-2615388298425/50682424872904688
186	80	9	17	1/2
186	80	13	17	1/2
186	80	15	17	1/2
186	80	16	17	1/2
186	81	8	16	3/68
186	81	12	16	3/68
186	81	14	16	3/68
186	81	15	16	3/68
186	82	8	16	-117/98260
186	82	12	16	-117/98260
186	82	14	16	-117/98260
186	82	15	16	-117/98260
186	83	8	16	-837/835210
186	83	12	16	-837/835210
186	83	14	16	-837/835210
186	83	15	16	-837/835210
186	84	8	16	-872289/15050484200
186	84	12	16	-872289/15050484200
186	84	14	16	-872289/15050484200
186	84	15	16	-872289/15050484200
186	85	8	16	3436263/102343292560
186	85	12	16	3436263/102343292560
186	85	14	16	3436263/102343292560
186	85	15	16	3436263/102343292560
186	86	8	17	2
186	86	11	17	2
186	87	7	16	45/119
186	87	10	16	45/119
186	88	7	16	116181/2407370
186	88	10	16	116181/2407370
186	89	7	16	38637/114590812
186	89	10	16	38637/114590812
186	90	7	16	-59591535651/36136212564200
186	90	10	16	-59591535651/36136212564200
186	91	7	16	-120609019359/344016743611184
186	91	10	16	-120609019359/344016743611184
186	92	3	17	2
186	92	11	13	2
186	92	11	15	2
186	92	11	16	2
186	92	11	17	2
186	92	13	16	2
186	92	15	16	2
186	93	2	16	540/1139
186	93	10	12	396/1139
186	93	10	14	396/1139
186	93	10	15	636/1139
186	93	10	16	-324/1139
186	93	12	15	-18/67
186	93	14	15	-18/67
186	94	2	16	1943136/22054457
186	94	10	12	797472/22054457
186	94	10	14	797472/22054457
186	94	10	15	2902752/22054457
186	94	10	16	356832/22054457
186	94	12	15	260442/22054457
186	94	14	15	260442/22054457
186	95	2	16	235496160/25120026523
186	95	10	12	-54144288/25120026523
186	95	10	14	-54144288/25120026523
186	95	10	15	582520032/25120026523
186	95	10	16	115683552/25120026523
186	95	12	15	7294374/1477648619
186	95	14	15	7294374/1477648619
186	96	2	16	-1546419091968/1516420641113941
186	96	10	12	-2615723103744/1516420641113941
186	96	10	14	-2615723103744/1516420641113941
186	96	10	15	2498466663936/1516420641113941
186	96	10	16	-1937393385984/1516420641113941
186	96	12	15	-1708317317574/1516420641113941
186	96	14	15	-1708317317574/1516420641113941
186	97	2	16	-1258447753036800/1727203110228778799
186	97	10	12	-22188889654272/101600182954634047
186	97	10	14	-22188889654272/101600182954634047
186	97	10	15	-22919845598208/32588737928844883
186	97	10	16	-39596214887424/1727203110228778799
186	97	12	15	-7157895491178/101600182954634047
186	97	14	15	-7157895491178/101600182954634047
186	104	7	7	1/2
186	104	7	16	1
186	104	8	8	1/2
186	104	8	15	1
186	104	11	11	1/2
186	104	11	16	1
186	104	12	12	1/2
186	104	12	15	1
186	105	6	6	27/476
186	105	6	15	-6/119
186	105	7	7	27/476
186	105	7	14	-6/119
186	105	10	10	27/476
186	105	10	15	-6/119
186	105	11	11	27/476
186	105	11	14	-6/119
186	106	6	6	-39/1925896
186	106	6	15	-2496/240737
186	106	7	7	-39/1925896
186	106	7	14	-2496/240737
186	106	10	10	-39/1925896
186	106	10	15	-2496/240737
186	106	11	11	-39/1925896
186	106	11	14	-2496/240737
186	107	6	6	-672381/458363248
186	107	6	15	52272/28647703
186	107	7	7	-672381/458363248
186	107	7	14	52272/28647703
186	107	10	10	-672381/458363248
186	107	10	15	52272/28647703
186	107	11	11	-672381/458363248
186	107	11	14	52272/28647703
186	108	6	6	-1012191147/5781794010272
186	108	6	15	3089664/10628297813
186	108	7	7	-1012191147/5781794010272
186	108	7	14	3089664/10628297813
186	108	10	10	-1012191147/5781794010272
186	108	10	15	3089664/10628297813
186	108	11	11	-1012191147/5781794010272
186	108	11	14	3089664/10628297813
186	109	6	6	71021733687/1376066974444736
186	109	6	15	-2259311616/21501046475699
186	109	7	7	71021733687/1376066974444736
186	109	7	14	-2259311616/21501046475699
186	109	10	10	71021733687/1376066974444736
186	109	10	15	-2259311616/21501046475699
186	109	11	11	71021733687/1376066974444736
186	109	11	14	-2259311616/21501046475699
186	110	3	5	1/6
186	110	3	7	1/6
186	110	3	11	1/6
186	110	4	5	1/6
186	110	4	8	1/6
186	110	4	12	1/6
186	110	6	7	1/6
186	110	6	8	1/6
186	110	6	14	1/6
186	110	10	11	1/6
186	110	10	12	1/6
186	110	10	14	1/6
186	111	2	4	9/272
186	111	2	6	9/272
186	111	2	10	9/272
186	111	3	4	9/272
186	111	3	7	9/272
186	111	3	11	9/272
186	111	5	6	9/272
186	111	5	7	9/272
186	111	5	13	9/272
186	111	9	10	9/272
186	111	9	11	9/272
186	111	9	13	9/272
186	112	2	4	2799/628864
186	112	2	6	2799/628864
186	112	2	10	2799/628864
186	112	3	4	2799/628864
186	112	3	7	2799/628864
186	112	3	11	2799/628864
186	112	5	6	2799/628864
186	112	5	7	2799/628864
186	112	5	13	2799/628864
186	112	9	10	2799/628864
186	112	9	11	2799/628864
186	112	9	13	2799/628864
186	113	2	4	3645/85525504
186	113	2	6	3645/85525504
186	113	2	10	3645/85525504
186	113	3	4	3645/85525504
186	113	3	7	3645/85525504
186	113	3	11	3645/85525504
186	113	5	6	3645/85525504
186	113	5	7	3645/85525504
186	113	5	13	3645/85525504
186	113	9	10	3645/85525504
186	113	9	11	3645/85525504
186	113	9	13	3645/85525504
186	114	2	4	-101273409/616467832832
186	114	2	6	-101273409/616467832832
186	114	2	10	-101273409/616467832832
186	114	3	4	-101273409/616467832832
186	114	3	7	-101273409/616467832832
186	114	3	11	-101273409/616467832832
186	114	5	6	-101273409/616467832832
186	114	5	7	-101273409/616467832832
186	114	5	13	-101273409/616467832832
186	114	9	10	-101273409/616467832832
186	114	9	11	-101273409/616467832832
186	114	9	13	-101273409/616467832832
186	115	2	4	-183465243/4931742662656
186	115	2	6	-183465243/4931742662656
186	115	2	10	-183465243/4931742662656
186	115	3	4	-183465243/4931742662656
186	115	3	7	-183465243/4931742662656
186	115	3	11	-183465243/4931742662656
186	115	5	6	-183465243/4931742662656
186	115	5	7	-183465243/4931742662656
186	115	5	13	-183465243/4931742662656
186	115	9	10	-183465243/4931742662656
186	115	9	11	-183465243/4931742662656
186	115	9	13	-183465243/4931742662656
187	74	9	9	4/3
187	74	13	13	4/3
187	74	15	15	4/3
187	75	8	8	8/323
187	75	12	12	8/323
187	75	14	14	8/323
187	76	8	8	-23504/1773593
187	76	12	12	-23504/1773593
187	76	14	14	-23504/1773593
187	77	8	8	-432864/572870539
187	77	12	12	-432864/572870539
187	77	14	14	-432864/572870539
187	78	8	8	3715512768/9806970757141
187	78	12	12	3715512768/9806970757141
187	78	14	14	3715512768/9806970757141
187	79	8	8	6882136704/186332444385679
187	79	12	12	6882136704/186332444385679
187	79	14	14	6882136704/186332444385679
187	86	15	16	8
187	87	14	15	1056/595
187	88	14	15	1832064/6018425
187	89	14	15	99906048/3580962875
187	90	14	15	-465292449792/112925664263125
187	91	14	15	-151874542854144/67190770236559375
187	92	8	17	8
187	93	7	16	-1536/1139
187	94	7	16	2955264/22054457
187	95	7	16	222953472/25120026523
187	96	7	16	-9566997184512/1516420641113941
187	97	7	16	1265069765689344/1727203110228778799
187	104	3	15	4
187	104	4	16	4
187	105	2	14	128/119
187	105	3	15	128/119
187	106	2	14	173056/722211
187	106	3	15	173056/722211
187	107	2	14	1081344/28647703
187	107	3	15	1081344/28647703
187	108	2	14	209977344/180681062821
187	108	3	15	209977344/180681062821
187	109	2	14	-105503522816/64503139427097
187	109	3	15	-105503522816/64503139427097
187	110	5	14	2/3
187	110	7	12	2/3
187	110	8	11	2/3
187	111	4	13	1/17
187	111	6	11	1/17
187	111	7	10	1/17
187	112	4	13	-29/9826
187	112	6	11	-29/9826
187	112	7	10	-29/9826
187	113	4	13	-567/334084
187	113	6	11	-567/334084
187	113	7	10	-567/334084
187	114	4	13	-31833/602019368
187	114	6	11	-31833/602019368
187	114	7	10	-31833/602019368
187	115	4	13	1520181/20468658512
187	115	6	11	1520181/20468658512
187	115	7	10	1520181/20468658512
188	74	9	13	2/3
188	74	9	15	2/3
188	74	13	15	2/3
188	75	8	12	-2/19
188	75	8	14	-2/19
188	75	12	14	-2/19
188	76	8	12	17888/1773593
188	76	8	14	17888/1773593
188	76	12	14	17888/1773593
188	77	8	12	15876/33698267
188	77	8	14	15876/33698267
188	77	12	14	15876/33698267
188	78	8	12	-3709237536/9806970757141
188	78	8	14	-3709237536/9806970757141
188	78	12	14	-3709237536/9806970757141
188	79	8	12	8539155648/186332444385679
188	79	8	14	8539155648/186332444385679
188	79	12	14	8539155648/186332444385679
188	86	5	9	2
188	86	5	13	2
188	86	5	15	2
188	86	5	16	2
188	86	5	17	2
188	86	9	16	2
188	86	13	15	2
188	87	4	8	57/238
188	87	4	12	57/238
188	87	4	14	66/119
188	87	4	15	66/119
188	87	4	16	-93/238
188	87	8	15	-138/595
188	87	12	14	-138/595
188	88	4	8	14241/1925896
188	88	4	12	14241/1925896
188	88	4	14	31902/240737
188	88	4	15	31902/240737
188	88	4	16	106041/1925896
188	88	8	15	33774/6018425
188	88	12	14	33774/6018425
188	89	4	8	-3861351/916726496
188	89	4	12	-3861351/916726496
188	89	4	14	714582/28647703
188	89	4	15	714582/28647703
188	89	4	16	-2237301/916726496
188	89	8	15	15347394/3580962875
188	89	12	14	15347394/3580962875
188	90	4	8	-17718143067/23127176041088
188	90	4	12	-17718143067/23127176041088
188	90	4	14	480727386/180681062821
188	90	4	15	480727386/180681062821
188	90	4	16	-30221076267/23127176041088
188	90	8	15	-79253746758/112925664263125
188	90	12	14	-79253746758/112925664263125
188	91	4	8	828748395837/11008535795557888
188	91	4	12	828748395837/11008535795557888
188	91	4	14	-7578234774/21501046475699
188	91	4	15	-7578234774/21501046475699
188	91	4	16	4174875021087/11008535795557888
188	91	8	15	-5990842478898/67190770236559375
188	91	12	14	-5990842478898/67190770236559375
188	92	5	8	2
188	92	5	15	2
188	92	7	8	2
188	92	7	13	2
188	93	4	7	456/1139
188	93	4	14	-105/1139
188	93	6	7	456/1139
188	93	6	12	-105/1139
188	94	4	7	1277016/22054457
188	94	4	14	-793455/44108914
188	94	6	7	1277016/22054457
188	94	6	12	-793455/44108914
188	95	4	7	67519008/25120026523
188	95	4	14	289297575/100480106092
188	95	6	7	67519008/25120026523
188	95	6	12	289297575/100480106092
188	96	4	7	-2155419276768/1516420641113941
188	96	4	14	5329731046725/12131365128911528
188	96	6	7	-2155419276768/1516420641113941
188	96	6	12	5329731046725/12131365128911528
188	97	4	7	-736622668923264/1727203110228778799
188	97	4	14	-3955732294618125/27635249763660460784
188	97	6	7	-736622668923264/1727203110228778799
188	97	6	12	-3955732294618125/27635249763660460784
188	98	7	8	1/2
188	98	7	11	1/2
188	98	8	12	1/2
188	98	11	12	1/2
188	99	6	7	57/442
188	99	6	10	57/442
188	99	7	11	57/442
188	99	10	11	57/442
188	100	6	7	133979/4981782
188	100	6	10	133979/4981782
188	100	7	11	133979/4981782
188	100	10	11	133979/4981782
188	101	6	7	1340241/366991274
188	101	6	10	1340241/366991274
188	101	7	11	1340241/366991274
188	101	10	11	1340241/366991274
188	102	6	7	-407062379/4298568792362
188	102	6	10	-407062379/4298568792362
188	102	7	11	-407062379/4298568792362
188	102	10	11	-407062379/4298568792362
188	103	6	7	-208917192243/949983703112002
188	103	6	10	-208917192243/949983703112002
188	103	7	11	-208917192243/949983703112002
188	103	10	11	-208917192243/949983703112002
188	104	3	8	1
188	104	3	12	1
188	104	4	7	1
188	104	4	11	1
188	105	2	7	40/119
188	105	2	11	40/119
188	105	3	6	40/119
188	105	3	10	40/119
188	106	2	7	73060/722211
188	106	2	11	73060/722211
188	106	3	6	73060/722211
188	106	3	10	73060/722211
188	107	2	7	746400/28647703
188	107	2	11	746400/28647703
188	107	3	6	746400/28647703
188	107	3	10	746400/28647703
188	108	2	7	931107600/180681062821
188	108	2	11	931107600/180681062821
188	108	3	6	931107600/180681062821
188	108	3	10	931107600/180681062821
188	109	2	7	30869360000/64503139427097
188	109	2	11	30869360000/64503139427097
188	109	3	6	30869360000/64503139427097
188	109	3	10	30869360000/64503139427097
189	74	9	13	2/3
189	74	9	15	2/3
189	74	13	15	2/3
189	75	8	12	42/323
189	75	8	14	42/323
189	75	12	14	42/323
189	76	8	12	33696/1773593
189	76	8	14	33696/1773593
189	76	12	14	33696/1773593
189	77	8	12	700812/572870539
189	77	8	14	700812/572870539
189	77	12	14	700812/572870539
189	78	8	12	-3062709792/9806970757141
189	78	8	14	-3062709792/9806970757141
189	78	12	14	-3062709792/9806970757141
189	79	8	12	-357895516608/3167651554556543
189	79	8	14	-357895516608/3167651554556543
189	79	12	14	-357895516608/3167651554556543
189	86	9	15	2
189	86	13	16	2
189	86	15	17	2
189	86	16	17	2
189	87	8	14	198/595
189	87	12	15	198/595
189	87	14	16	-54/119
189	87	15	16	-54/119
189	88	8	14	208494/6018425
189	88	12	15	208494/6018425
189	88	14	16	98982/1203685
189	88	15	16	98982/1203685
189	89	8	14	-4057614/3580962875
189	89	12	15	-4057614/3580962875
189	89	14	16	-1325322/143238515
189	89	15	16	-1325322/143238515
189	90	8	14	-145659698118/112925664263125
189	90	12	15	-145659698118/112925664263125
189	90	14	16	-2175247062/4517026570525
189	90	15	16	-2175247062/4517026570525
189	91	8	14	-12351710269602/67190770236559375
189	91	12	15	-12351710269602/67190770236559375
189	91	14	16	55351705914/107505232378495
189	91	15	16	55351705914/107505232378495
189	92	5	13	2
189	92	7	15	2
189	92	8	13	2
189	92	8	15	2
189	93	4	12	297/1139
189	93	6	14	297/1139
189	93	7	12	648/1139
189	93	7	14	648/1139
189	94	4	12	544401/44108914
189	94	6	14	544401/44108914
189	94	7	12	3091608/22054457
189	94	7	14	3091608/22054457
189	95	4	12	-405673191/100480106092
189	95	6	14	-405673191/100480106092
189	95	7	12	692211744/25120026523
189	95	7	14	692211744/25120026523
189	96	4	12	-11571091051707/12131365128911528
189	96	6	14	-11571091051707/12131365128911528
189	96	7	12	4941705938976/1516420641113941
189	96	7	14	4941705938976/1516420641113941
189	97	4	12	1012955539826637/27635249763660460784
189	97	6	14	1012955539826637/27635249763660460784
189	97	7	12	-512336945999232/1727203110228778799
189	97	7	14	-512336945999232/1727203110228778799
189	98	7	17	1/2
189	98	8	17	1/2
189	98	11	17	1/2
189	98	12	17	1/2
189	99	6	16	-33/442
189	99	7	16	-33/442
189	99	10	16	-33/442
189	99	11	16	-33/442
189	100	6	16	8217/1660594
189	100	7	16	8217/1660594
189	100	10	16	8217/1660594
189	100	11	16	8217/1660594
189	101	6	16	408375/366991274
189	101	7	16	408375/366991274
189	101	10	16	408375/366991274
189	101	11	16	408375/366991274
189	102	6	16	-1542942027/4298568792362
189	102	7	16	-1542942027/4298568792362
189	102	10	16	-1542942027/4298568792362
189	102	11	16	-1542942027/4298568792362
189	103	6	16	3421597707/949983703112002
189	103	7	16	3421597707/949983703112002
189	103	10	16	3421597707/949983703112002
189	103	11	16	3421597707/949983703112002
189	104	3	9	1
189	104	3	13	1
189	104	4	9	1
189	104	4	13	1
189	104	7	11	1
189	104	7	13	1
189	104	8	12	1
189	104	8	13	1
189	104	9	11	1
189	104	9	12	1
189	105	2	8	24/119
189	105	2	12	24/119
189	105	3	8	24/119
189	105	3	12	24/119
189	105	6	10	69/238
189	105	6	12	-9/238
189	105	7	11	69/238
189	105	7	12	-9/238
189	105	8	10	-9/238
189	105	8	11	-9/238
189	106	2	8	7020/240737
189	106	2	12	7020/240737
189	106	3	8	7020/240737
189	106	3	12	7020/240737
189	106	6	10	69849/962948
189	106	6	12	-9711/962948
189	106	7	11	69849/962948
189	106	7	12	-9711/962948
189	106	8	10	-9711/962948
189	106	8	11	-9711/962948
189	107	2	8	35424/28647703
189	107	2	12	35424/28647703
189	107	3	8	35424/28647703
189	107	3	12	35424/28647703
189	107	6	10	3289437/229181624
189	107	6	12	286983/229181624
189	107	7	11	3289437/229181624
189	107	7	12	286983/229181624
189	107	8	10	286983/229181624
189	107	8	11	286983/229181624
189	108	2	8	-139655664/180681062821
189	108	2	12	-139655664/180681062821
189	108	3	8	-139655664/180681062821
189	108	3	12	-139655664/180681062821
189	108	6	10	4742359893/2890897005136
189	108	6	12	826800453/2890897005136
189	108	7	11	4742359893/2890897005136
189	108	7	12	826800453/2890897005136
189	108	8	10	826800453/2890897005136
189	108	8	11	826800453/2890897005136
189	109	2	8	-284508288/1264767439747
189	109	2	12	-284508288/1264767439747
189	109	3	8	-284508288/1264767439747
189	109	3	12	-284508288/1264767439747
189	109	6	10	-139596559191/688033487222368
189	109	6	12	-45561348909/688033487222368
189	109	7	11	-139596559191/688033487222368
189	109	7	12	-45561348909/688033487222368
189	109	8	10	-45561348909/688033487222368
189	109	8	11	-45561348909/688033487222368
190	74	9	17	2/3
190	74	13	17	2/3
190	74	15	17	2/3
190	75	8	16	-56/323
190	75	12	16	-56/323
190	75	14	16	-56/323
190	76	8	16	69290/1773593
190	76	12	16	69290/1773593
190	76	14	16	69290/1773593
190	77	8	16	-4026456/572870539
190	77	12	16	-4026456/572870539
190	77	14	16	-4026456/572870539
190	78	8	16	7485356934/9806970757141
190	78	12	16	7485356934/9806970757141
190	78	14	16	7485356934/9806970757141
190	79	8	16	195762113064/3167651554556543
190	79	12	16	195762113064/3167651554556543
190	79	14	16	195762113064/3167651554556543
190	86	9	9	1
190	86	9	16	2
190	86	13	13	1
190	86	13	15	2
190	87	8	8	3/2380
190	87	8	15	282/595
190	87	12	12	3/2380
190	87	12	14	282/595
190	88	8	8	-944007/96294800
190	88	8	15	557934/6018425
190	88	12	12	-944007/96294800
190	88	12	14	557934/6018425
190	89	8	8	-8496981/229181624000
190	89	8	15	45387054/3580962875
190	89	12	12	-8496981/229181624000
190	89	12	14	45387054/3580962875
190	90	8	8	8020240837461/28908970051360000
190	90	8	15	28786152762/112925664263125
190	90	12	12	8020240837461/28908970051360000
190	90	12	14	28786152762/112925664263125
190	91	8	8	120330633545343/68803348722236800000
190	91	8	15	-30727322278398/67190770236559375
190	91	12	12	120330633545343/68803348722236800000
190	91	12	14	-30727322278398/67190770236559375
190	92	5	16	2
190	92	5	17	2
190	92	7	16	2
190	92	7	17	2
190	92	8	9	2
190	92	9	16	2
190	93	4	15	678/1139
190	93	4	16	-444/1139
190	93	6	15	678/1139
190	93	6	16	-444/1139
190	93	7	8	228/1139
190	93	8	15	-264/1139
190	94	4	15	3455466/22054457
190	94	4	16	1223808/22054457
190	94	6	15	3455466/22054457
190	94	6	16	1223808/22054457
190	94	7	8	-9984/22054457
190	94	8	15	140568/22054457
190	95	4	15	865050030/25120026523
190	95	4	16	-71064864/25120026523
190	95	6	15	865050030/25120026523
190	95	6	16	-71064864/25120026523
190	95	7	8	-104159520/25120026523
190	95	8	15	100732896/25120026523
190	96	4	15	8204738639706/1516420641113941
190	96	4	16	-1785852458496/1516420641113941
190	96	6	15	8204738639706/1516420641113941
190	96	6	16	-1785852458496/1516420641113941
190	96	7	8	-644264492544/1516420641113941
190	96	8	15	-1037784501216/1516420641113941
190	97	4	15	295354096417998/1727203110228778799
190	97	4	16	628671871051776/1727203110228778799
190	97	6	15	295354096417998/1727203110228778799
190	97	6	16	628671871051776/1727203110228778799
190	97	7	8	203584011061248/1727203110228778799
190	97	8	15	-127794303863424/1727203110228778799
190	98	7	9	1/2
190	98	7	15	1/2
190	98	8	9	1/2
190	98	8	16	1/2
190	98	11	13	1/2
190	98	11	15	1/2
190	98	12	13	1/2
190	98	12	16	1/2
190	99	6	8	19/221
190	99	6	14	19/221
190	99	7	8	19/221
190	99	7	15	19/221
190	99	10	12	19/221
190	99	10	14	19/221
190	99	11	12	19/221
190	99	11	15	19/221
190	100	6	8	22210/2490891
190	100	6	14	22210/2490891
190	100	7	8	22210/2490891
190	100	7	15	22210/2490891
190	100	10	12	22210/2490891
190	100	10	14	22210/2490891
190	100	11	12	22210/2490891
190	100	11	15	22210/2490891
190	101	6	8	-88844/183495637
190	101	6	14	-88844/183495637
190	101	7	8	-88844/183495637
190	101	7	15	-88844/183495637
190	101	10	12	-88844/183495637
190	101	10	14	-88844/183495637
190	101	11	12	-88844/183495637
190	101	11	15	-88844/183495637
190	102	6	8	-870196312/2149284396181
190	102	6	14	-870196312/2149284396181
190	102	7	8	-870196312/2149284396181
190	102	7	15	-870196312/2149284396181
190	102	10	12	-870196312/2149284396181
190	102	10	14	-870196312/2149284396181
190	102	11	12	-870196312/2149284396181
190	102	11	15	-870196312/2149284396181
190	103	6	8	-74460172208/1424975554668003
190	103	6	14	-74460172208/1424975554668003
190	103	7	8	-74460172208/1424975554668003
190	103	7	15	-74460172208/1424975554668003
190	103	10	12	-74460172208/1424975554668003
190	103	10	14	-74460172208/1424975554668003
190	103	11	12	-74460172208/1424975554668003
190	103	11	15	-74460172208/1424975554668003
190	104	3	16	1
190	104	4	15	1
190	104	5	15	1
190	104	5	16	1
190	105	2	15	46/119
190	105	3	14	46/119
190	105	4	14	-2/119
190	105	4	15	-2/119
190	106	2	15	100048/722211
190	106	3	14	100048/722211
190	106	4	14	-7664/722211
190	106	4	15	-7664/722211
190	107	2	15	1292784/28647703
190	107	3	14	1292784/28647703
190	107	4	14	15600/28647703
190	107	4	15	15600/28647703
190	108	2	15	2331332352/180681062821
190	108	3	14	2331332352/180681062821
190	108	4	14	58583808/180681062821
190	108	4	15	58583808/180681062821
190	109	2	15	193537653248/64503139427097
190	109	3	14	193537653248/64503139427097
190	109	4	14	-1823888896/64503139427097
190	109	4	15	-1823888896/64503139427097
190	110	3	8	1/6
190	110	3	12	1/6
190	110	3	14	1/6
190	110	4	7	1/6
190	110	4	11	1/6
190	110	4	14	1/6
190	110	5	6	1/6
190	110	5	10	1/6
190	110	6	11	1/6
190	110	6	12	1/6
190	110	7	10	1/6
190	110	8	10	1/6
190	111	2	7	1/16
190	111	2	11	1/16
190	111	2	13	1/16
190	111	3	6	1/16
190	111	3	10	1/16
190	111	3	13	1/16
190	111	4	5	1/16
190	111	4	9	1/16
190	111	5	10	1/16
190	111	5	11	1/16
190	111	6	9	1/16
190	111	7	9	1/16
190	112	2	7	13615/628864
190	112	2	11	13615/628864
190	112	2	13	13615/628864
190	112	3	6	13615/628864
190	112	3	10	13615/628864
190	112	3	13	13615/628864
190	112	4	5	13615/628864
190	112	4	9	13615/628864
190	112	5	10	13615/628864
190	112	5	11	13615/628864
190	112	6	9	13615/628864
190	112	7	9	13615/628864
190	113	2	7	34101/5030912
190	113	2	11	34101/5030912
190	113	2	13	34101/5030912
190	113	3	6	34101/5030912
190	113	3	10	34101/5030912
190	113	3	13	34101/5030912
190	113	4	5	34101/5030912
190	113	4	9	34101/5030912
190	113	5	10	34101/5030912
190	113	5	11	34101/5030912
190	113	6	9	34101/5030912
190	113	7	9	34101/5030912
190	114	2	7	1136245887/616467832832
190	114	2	11	1136245887/616467832832
190	114	2	13	1136245887/616467832832
190	114	3	6	1136245887/616467832832
190	114	3	10	1136245887/616467832832
190	114	3	13	1136245887/616467832832
190	114	4	5	1136245887/616467832832
190	114	4	9	1136245887/616467832832
190	114	5	10	1136245887/616467832832
190	114	5	11	1136245887/616467832832
190	114	6	9	1136245887/616467832832
190	114	7	9	1136245887/616467832832
190	115	2	7	1958710221/4931742662656
190	115	2	11	1958710221/4931742662656
190	115	2	13	1958710221/4931742662656
190	115	3	6	1958710221/4931742662656
190	115	3	10	1958710221/4931742662656
190	115	3	13	1958710221/4931742662656
190	115	4	5	1958710221/4931742662656
190	115	4	9	1958710221/4931742662656
190	115	5	10	1958710221/4931742662656
190	115	5	11	1958710221/4931742662656
190	115	6	9	1958710221/4931742662656
190	115	7	9	1958710221/4931742662656
191	74	9	17	2/3
191	74	13	17	2/3
191	74	15	17	2/3
191	75	8	16	20/323
191	75	12	16	20/323
191	75	14	16	20/323
191	76	8	16	-1846/1773593
191	76	12	16	-1846/1773593
191	76	14	16	-1846/1773593
191	77	8	16	-778140/572870539
191	77	12	16	-778140/572870539
191	77	14	16	-778140/572870539
191	78	8	16	-1002092634/9806970757141
191	78	12	16	-1002092634/9806970757141
191	78	14	16	-1002092634/9806970757141
191	79	8	16	136057824900/3167651554556543
191	79	12	16	136057824900/3167651554556543
191	79	14	16	136057824900/3167651554556543
191	86	15	17	2
191	86	16	17	2
191	87	14	16	30/119
191	87	15	16	30/119
191	88	14	16	11622/1203685
191	88	15	16	11622/1203685
191	89	14	16	-124902/28647703
191	89	15	16	-124902/28647703
191	90	14	16	-4054784022/4517026570525
191	90	15	16	-4054784022/4517026570525
191	91	14	16	1414406934/21501046475699
191	91	15	16	1414406934/21501046475699
191	92	8	17	2
191	92	13	13	1
191	92	13	16	2
191	92	15	15	1
191	92	15	16	2
191	92	16	17	2
191	93	7	16	420/1139
191	93	12	12	147/2278
191	93	12	15	498/1139
191	93	14	14	147/2278
191	93	14	15	498/1139
191	93	15	16	-444/1139
191	94	7	16	989664/22054457
191	94	12	12	-652119/88217828
191	94	12	15	1598298/22054457
191	94	14	14	-652119/88217828
191	94	14	15	1598298/22054457
191	94	15	16	1165920/22054457
191	95	7	16	-6259680/25120026523
191	95	12	12	-395586261/200960212184
191	95	12	15	144127674/25120026523
191	95	14	14	-395586261/200960212184
191	95	14	15	144127674/25120026523
191	95	15	16	-32511456/25120026523
191	96	7	16	-2474649543168/1516420641113941
191	96	12	12	2769162368373/24262730257823056
191	96	12	15	-1953767068614/1516420641113941
191	96	14	14	2769162368373/24262730257823056
191	96	14	15	-1953767068614/1516420641113941
191	96	15	16	-2442602469888/1516420641113941
191	97	7	16	-538297019366400/1727203110228778799
191	97	12	12	307095838717311/3251205854548289504
191	97	12	15	-990245834627382/1727203110228778799
191	97	14	14	307095838717311/3251205854548289504
191	97	14	15	-990245834627382/1727203110228778799
191	97	15	16	686307673875456/1727203110228778799
191	104	3	17	1
191	104	4	17	1
191	104	7	15	1
191	104	7	17	1
191	104	8	16	1
191	104	8	17	1
191	104	11	15	1
191	104	11	17	1
191	104	12	16	1
191	104	12	17	1
191	105	2	16	30/119
191	105	3	16	30/119
191	105	6	14	22/119
191	105	6	16	-1/7
191	105	7	15	22/119
191	105	7	16	-1/7
191	105	10	14	22/119
191	105	10	16	-1/7
191	105	11	15	22/119
191	105	11	16	-1/7
191	106	2	16	37024/722211
191	106	3	16	37024/722211
191	106	6	14	15808/722211
191	106	6	16	5863/722211
191	106	7	15	15808/722211
191	106	7	16	5863/722211
191	106	10	14	15808/722211
191	106	10	16	5863/722211
191	106	11	15	15808/722211
191	106	11	16	5863/722211
191	107	2	16	192720/28647703
191	107	3	16	192720/28647703
191	107	6	14	-14256/28647703
191	107	6	16	3963/1685159
191	107	7	15	-14256/28647703
191	107	7	16	3963/1685159
191	107	10	14	-14256/28647703
191	107	10	16	3963/1685159
191	107	11	15	-14256/28647703
191	107	11	16	3963/1685159
191	108	2	16	-38177024/180681062821
191	108	3	16	-38177024/180681062821
191	108	6	14	-165526272/180681062821
191	108	6	16	-117871587/180681062821
191	108	7	15	-165526272/180681062821
191	108	7	16	-117871587/180681062821
191	108	10	14	-165526272/180681062821
191	108	10	16	-117871587/180681062821
191	108	11	15	-165526272/180681062821
191	108	11	16	-117871587/180681062821
191	109	2	16	-8626713600/21501046475699
191	109	3	16	-8626713600/21501046475699
191	109	6	14	-10162392064/64503139427097
191	109	6	16	-47970983/3794302319241
191	109	7	15	-10162392064/64503139427097
191	109	7	16	-47970983/3794302319241
191	109	10	14	-10162392064/64503139427097
191	109	10	16	-47970983/3794302319241
191	109	11	15	-10162392064/64503139427097
191	109	11	16	-47970983/3794302319241
191	110	3	9	1/6
191	110	3	13	1/6
191	110	3	15	1/6
191	110	4	9	1/6
191	110	4	13	1/6
191	110	4	16	1/6
191	110	5	15	1/6
191	110	5	16	1/6
191	110	6	9	1/6
191	110	6	15	1/6
191	110	6	16	1/6
191	110	7	13	1/6
191	110	7	16	1/6
191	110	8	13	1/6
191	110	8	15	1/6
191	110	9	11	1/6
191	110	9	12	1/6
191	110	9	14	1/6
191	110	10	13	1/6
191	110	10	15	1/6
191	110	10	16	1/6
191	110	11	16	1/6
191	110	12	15	1/6
191	110	13	14	1/6
191	111	2	8	43/1088
191	111	2	12	43/1088
191	111	2	14	43/1088
191	111	3	8	43/1088
191	111	3	12	43/1088
191	111	3	15	43/1088
191	111	4	14	-1/272
191	111	4	15	-1/272
191	111	5	8	43/1088
191	111	5	14	43/1088
191	111	5	15	43/1088
191	111	6	12	-1/272
191	111	6	15	-1/272
191	111	7	12	-1/272
191	111	7	14	-1/272
191	111	8	10	-1/272
191	111	8	11	-1/272
191	111	8	13	-1/272
191	111	9	12	43/1088
191	111	9	14	43/1088
191	111	9	15	43/1088
191	111	10	15	-1/272
191	111	11	14	-1/272
191	111	12	13	-1/272
191	112	2	8	74011/10061824
191	112	2	12	74011/10061824
191	112	2	14	74011/10061824
191	112	3	8	74011/10061824
191	112	3	12	74011/10061824
191	112	3	15	74011/10061824
191	112	4	14	-1217/628864
191	112	4	15	-1217/628864
191	112	5	8	74011/10061824
191	112	5	14	74011/10061824
191	112	5	15	74011/10061824
191	112	6	12	-1217/628864
191	112	6	15	-1217/628864
191	112	7	12	-1217/628864
191	112	7	14	-1217/628864
191	112	8	10	-1217/628864
191	112	8	11	-1217/628864
191	112	8	13	-1217/628864
191	112	9	12	74011/10061824
191	112	9	14	74011/10061824
191	112	9	15	74011/10061824
191	112	10	15	-1217/628864
191	112	11	14	-1217/628864
191	112	12	13	-1217/628864
191	113	2	8	4313115/5473632256
191	113	2	12	4313115/5473632256
191	113	2	14	4313115/5473632256
191	113	3	8	4313115/5473632256
191	113	3	12	4313115/5473632256
191	113	3	15	4313115/5473632256
191	113	4	14	11259/85525504
191	113	4	15	11259/85525504
191	113	5	8	4313115/5473632256
191	113	5	14	4313115/5473632256
191	113	5	15	4313115/5473632256
191	113	6	12	11259/85525504
191	113	6	15	11259/85525504
191	113	7	12	11259/85525504
191	113	7	14	11259/85525504
191	113	8	10	11259/85525504
191	113	8	11	11259/85525504
191	113	8	13	11259/85525504
191	113	9	12	4313115/5473632256
191	113	9	14	4313115/5473632256
191	113	9	15	4313115/5473632256
191	113	10	15	11259/85525504
191	113	11	14	11259/85525504
191	113	12	13	11259/85525504
191	114	2	8	-13078357929/157815765204992
191	114	2	12	-13078357929/157815765204992
191	114	2	14	-13078357929/157815765204992
191	114	3	8	-13078357929/157815765204992
191	114	3	12	-13078357929/157815765204992
191	114	3	15	-13078357929/157815765204992
191	114	4	14	39806559/616467832832
191	114	4	15	39806559/616467832832
191	114	5	8	-13078357929/157815765204992
191	114	5	14	-13078357929/157815765204992
191	114	5	15	-13078357929/157815765204992
191	114	6	12	39806559/616467832832
191	114	6	15	39806559/616467832832
191	114	7	12	39806559/616467832832
191	114	7	14	39806559/616467832832
191	114	8	10	39806559/616467832832
191	114	8	11	39806559/616467832832
191	114	8	13	39806559/616467832832
191	114	9	12	-13078357929/157815765204992
191	114	9	14	-13078357929/157815765204992
191	114	9	15	-13078357929/157815765204992
191	114	10	15	39806559/616467832832
191	114	11	14	39806559/616467832832
191	114	12	13	39806559/616467832832
191	115	2	8	-5185685560617/85851776271515648
191	115	2	12	-5185685560617/85851776271515648
191	115	2	14	-5185685560617/85851776271515648
191	115	3	8	-5185685560617/85851776271515648
191	115	3	12	-5185685560617/85851776271515648
191	115	3	15	-5185685560617/85851776271515648
191	115	4	14	-633096621/83839625265152
191	115	4	15	-633096621/83839625265152
191	115	5	8	-5185685560617/85851776271515648
191	115	5	14	-5185685560617/85851776271515648
191	115	5	15	-5185685560617/85851776271515648
191	115	6	12	-633096621/83839625265152
191	115	6	15	-633096621/83839625265152
191	115	7	12	-633096621/83839625265152
191	115	7	14	-633096621/83839625265152
191	115	8	10	-633096621/83839625265152
191	115	8	11	-633096621/83839625265152
191	115	8	13	-633096621/83839625265152
191	115	9	12	-5185685560617/85851776271515648
191	115	9	14	-5185685560617/85851776271515648
191	115	9	15	-5185685560617/85851776271515648
191	115	10	15	-633096621/83839625265152
191	115	11	14	-633096621/83839625265152
191	115	12	13	-633096621/83839625265152
192	74	17	17	2
192	75	16	16	-213/323
192	76	16	16	712449/3547186
192	77	16	16	-126692613/2291482156
192	78	16	16	1037038292037/78455766057128
192	79	16	16	-126910749559113/50682424872904688
192	92	9	16	12
192	93	8	15	3240/1139
192	94	8	15	12382416/22054457
192	95	8	15	1999092960/25120026523
192	96	8	15	4401667334592/1516420641113941
192	97	8	15	-245859817622400/101600182954634047
192	98	9	9	3/2
192	98	13	13	3/2
192	98	15	15	3/2
192	98	16	16	3/2
192	99	8	8	12/221
192	99	12	12	12/221
192	99	14	14	12/221
192	99	15	15	12/221
192	100	8	8	-11784/830297
192	100	12	12	-11784/830297
192	100	14	14	-11784/830297
192	100	15	15	-11784/830297
192	101	8	8	-308928/183495637
192	101	12	12	-308928/183495637
192	101	14	14	-308928/183495637
192	101	15	15	-308928/183495637
192	102	8	8	812427648/2149284396181
192	102	12	12	812427648/2149284396181
192	102	14	14	812427648/2149284396181
192	102	15	15	812427648/2149284396181
192	103	8	8	2329476096/27940697150353
192	103	12	12	2329476096/27940697150353
192	103	14	14	2329476096/27940697150353
192	103	15	15	2329476096/27940697150353
192	104	5	17	6
192	105	4	16	-132/119
192	106	4	16	34920/240737
192	107	4	16	-132528/28647703
192	108	4	16	-644215584/180681062821
192	109	4	16	19233010368/21501046475699
192	110	3	16	1
192	110	4	15	1
192	110	6	13	1
192	110	9	10	1
192	111	2	15	225/544
192	111	3	14	225/544
192	111	5	12	225/544
192	111	8	9	225/544
192	112	2	15	811089/5030912
192	112	3	14	811089/5030912
192	112	5	12	811089/5030912
192	112	8	9	811089/5030912
192	113	2	15	160203825/2736816128
192	113	3	14	160203825/2736816128
192	113	5	12	160203825/2736816128
192	113	8	9	160203825/2736816128
192	114	2	15	1533781110789/78907882602496
192	114	3	14	1533781110789/78907882602496
192	114	5	12	1533781110789/78907882602496
192	114	8	9	1533781110789/78907882602496
192	115	2	15	245356501825125/42925888135757824
192	115	3	14	245356501825125/42925888135757824
192	115	5	12	245356501825125/42925888135757824
192	115	8	9	245356501825125/42925888135757824
193	74	17	17	2
193	75	16	16	15/323
193	76	16	16	-70047/3547186
193	77	16	16	-3266865/2291482156
193	78	16	16	43873722981/78455766057128
193	79	16	16	3552069516075/50682424872904688
193	92	16	17	12
193	93	15	16	2160/1139
193	94	15	16	3483648/22054457
193	95	15	16	-498286080/25120026523
193	96	15	16	-13528621596672/1516420641113941
193	97	15	16	-1023377935564800/1727203110228778799
193	104	15	15	3
193	104	16	16	3
193	105	14	14	36/119
193	105	15	15	36/119
193	106	14	14	-1728/240737
193	106	15	15	-1728/240737
193	107	14	14	-238464/28647703
193	107	15	15	-238464/28647703
193	108	14	14	-112472064/180681062821
193	108	15	15	-112472064/180681062821
193	109	14	14	7178305536/21501046475699
193	109	15	15	7178305536/21501046475699
193	110	3	17	1
193	110	4	17	1
193	110	5	17	1
193	110	6	17	1
193	110	7	17	1
193	110	8	17	1
193	110	10	17	1
193	110	11	17	1
193	110	12	17	1
193	110	14	17	1
193	111	2	16	75/272
193	111	3	16	75/272
193	111	4	16	-9/68
193	111	5	16	75/272
193	111	6	16	-9/68
193	111	7	16	-9/68
193	111	9	16	75/272
193	111	10	16	-9/68
193	111	11	16	-9/68
193	111	13	16	-9/68
193	112	2	16	80073/1257728
193	112	3	16	80073/1257728
193	112	4	16	405/78608
193	112	5	16	80073/1257728
193	112	6	16	405/78608
193	112	7	16	405/78608
193	112	9	16	80073/1257728
193	112	10	16	405/78608
193	112	11	16	405/78608
193	112	13	16	405/78608
193	113	2	16	3672675/342102016
193	113	3	16	3672675/342102016
193	113	4	16	13851/5345344
193	113	5	16	3672675/342102016
193	113	6	16	13851/5345344
193	113	7	16	13851/5345344
193	113	9	16	3672675/342102016
193	113	10	16	13851/5345344
193	113	11	16	13851/5345344
193	113	13	16	13851/5345344
193	114	2	16	2866345461/4931742662656
193	114	3	16	2866345461/4931742662656
193	114	4	16	-10622259/19264619776
193	114	5	16	2866345461/4931742662656
193	114	6	16	-10622259/19264619776
193	114	7	16	-10622259/19264619776
193	114	9	16	2866345461/4931742662656
193	114	10	16	-10622259/19264619776
193	114	11	16	-10622259/19264619776
193	114	13	16	-10622259/19264619776
193	115	2	16	-522921389625/1341434004242432
193	115	3	16	-522921389625/1341434004242432
193	115	4	16	-60289029/1309994144768
193	115	5	16	-522921389625/1341434004242432
193	115	6	16	-60289029/1309994144768
193	115	7	16	-60289029/1309994144768
193	115	9	16	-522921389625/1341434004242432
193	115	10	16	-60289029/1309994144768
193	115	11	16	-60289029/1309994144768
193	115	13	16	-60289029/1309994144768
194	80	17	17	2
194	81	16	16	-12/17
194	82	16	16	1152/4913
194	83	16	16	-6048/83521
194	84	16	16	1534464/75252421
194	85	16	16	-6469632/1279291157
194	92	9	11	16
194	93	8	10	5760/1139
194	94	8	10	32163840/22054457
194	95	8	10	9356083200/25120026523
194	96	8	10	120256325222400/1516420641113941
194	97	8	10	20475728363520000/1727203110228778799
194	98	9	13	4
194	98	15	16	4
194	99	8	12	-176/221
194	99	14	15	-176/221
194	100	8	12	98368/830297
194	100	14	15	98368/830297
194	101	8	12	-1399552/183495637
194	101	14	15	-1399552/183495637
194	102	8	12	-4488621056/2149284396181
194	102	14	15	-4488621056/2149284396181
194	103	8	12	359909986304/474991851556001
194	103	14	15	359909986304/474991851556001
194	104	5	5	4
194	105	4	4	-8/119
194	106	4	4	-8688/240737
194	107	4	4	53216/28647703
194	108	4	4	169294144/180681062821
194	109	4	4	-1768460928/21501046475699
195	80	17	17	2
195	82	16	16	-96/4913
195	84	16	16	41472/75252421
195	92	11	17	16
195	93	10	16	3840/1139
195	94	10	16	11550720/22054457
195	95	10	16	796262400/25120026523
195	96	10	16	-18040120934400/1516420641113941
195	97	10	16	-7243227463680000/1727203110228778799
195	104	15	16	8
195	105	14	15	-128/119
195	106	14	15	32768/722211
195	107	14	15	589824/28647703
195	108	14	15	-830472192/180681062821
195	109	14	15	-21206401024/64503139427097
195	110	5	5	2/3
195	110	7	7	2/3
195	110	8	8	2/3
195	110	11	11	2/3
195	110	12	12	2/3
195	110	14	14	2/3
195	111	4	4	1/17
195	111	6	6	1/17
195	111	7	7	1/17
195	111	10	10	1/17
195	111	11	11	1/17
195	111	13	13	1/17
195	112	4	4	-29/9826
195	112	6	6	-29/9826
195	112	7	7	-29/9826
195	112	10	10	-29/9826
195	112	11	11	-29/9826
195	112	13	13	-29/9826
195	113	4	4	-567/334084
195	113	6	6	-567/334084
195	113	7	7	-567/334084
195	113	10	10	-567/334084
195	113	11	11	-567/334084
195	113	13	13	-567/334084
195	114	4	4	-31833/602019368
195	114	6	6	-31833/602019368
195	114	7	7	-31833/602019368
195	114	10	10	-31833/602019368
195	114	11	11	-31833/602019368
195	114	13	13	-31833/602019368
195	115	4	4	1520181/20468658512
195	115	6	6	1520181/20468658512
195	115	7	7	1520181/20468658512
195	115	10	10	1520181/20468658512
195	115	11	11	1520181/20468658512
195	115	13	13	1520181/20468658512
196	86	5	17	10
196	87	4	16	375/238
196	88	4	16	268125/1925896
196	89	4	16	-11390625/916726496
196	90	4	16	-153716484375/23127176041088
196	91	4	16	-6496611328125/11008535795557888
196	92	13	15	10
196	93	12	14	-75/67
196	94	12	14	502125/44108914
196	95	12	14	143218125/5910594476
196	96	12	14	-39407304684375/12131365128911528
196	97	12	14	-1096890942234375/1625602927274144752
196	104	7	8	5
196	104	11	12	5
196	105	6	7	275/238
196	105	10	11	275/238
196	106	6	7	596375/2888844
196	106	10	11	596375/2888844
196	107	6	7	4516875/229181624
196	107	10	11	4516875/229181624
196	108	6	7	-8765184375/2890897005136
196	108	10	11	-8765184375/2890897005136
196	109	6	7	-3576267921875/2064100461667104
196	109	10	11	-3576267921875/2064100461667104
197	86	9	13	12
197	87	8	12	-999/595
197	88	8	12	2933739/24073700
197	89	8	12	835650513/57295406000
197	90	8	12	-40512561105537/7227242512840000
197	91	8	12	5197440321814221/17200837180559200000
197	92	5	7	12
197	93	4	6	2862/1139
197	94	4	6	8999019/22054457
197	95	4	6	1807400223/50240053046
197	96	4	6	-28189592228097/6065682564455764
197	97	4	6	-651717261926793/260709903430759064
197	98	7	12	3
197	98	8	11	3
197	99	6	11	249/221
197	99	7	10	249/221
197	100	6	11	323259/830297
197	100	7	10	323259/830297
197	101	6	11	22169217/183495637
197	101	7	10	22169217/183495637
197	102	6	11	69130388703/2149284396181
197	102	7	10	69130388703/2149284396181
197	103	6	11	3119329577229/474991851556001
197	103	7	10	3119329577229/474991851556001
198	86	9	13	2
198	86	9	17	2
198	86	13	17	2
198	87	8	12	507/1190
198	87	8	16	-123/238
198	87	12	16	-123/238
198	88	8	12	3511353/48147400
198	88	8	16	1114269/9629480
198	88	12	16	1114269/9629480
198	89	8	12	909757251/114590812000
198	89	8	16	-94817871/4583632480
198	89	12	16	-94817871/4583632480
198	90	8	12	-4007778372459/14454485025680000
198	90	8	16	1290821069709/578179401027200
198	90	12	16	1290821069709/578179401027200
198	91	8	12	-12299087794807593/34401674361118400000
198	91	8	16	9873467078733/55042678977789440
198	91	12	16	9873467078733/55042678977789440
198	92	5	9	2
198	92	5	15	2
198	92	7	9	2
198	92	7	13	2
198	92	9	13	2
198	92	9	15	2
198	93	4	8	138/1139
198	93	4	14	699/1139
198	93	6	8	138/1139
198	93	6	12	699/1139
198	93	8	12	-354/1139
198	93	8	14	-354/1139
198	94	4	8	-248970/22054457
198	94	4	14	7484529/44108914
198	94	6	8	-248970/22054457
198	94	6	12	7484529/44108914
198	94	8	12	654342/22054457
198	94	8	14	654342/22054457
198	95	4	8	-73875402/25120026523
198	95	4	14	4082965947/100480106092
198	95	6	8	-73875402/25120026523
198	95	6	12	4082965947/100480106092
198	95	8	12	29620242/25120026523
198	95	8	14	29620242/25120026523
198	96	4	8	178396723242/1516420641113941
198	96	4	14	93503244983013/12131365128911528
198	96	6	8	178396723242/1516420641113941
198	96	6	12	93503244983013/12131365128911528
198	96	8	12	-1564841661174/1516420641113941
198	96	8	14	-1564841661174/1516420641113941
198	97	4	8	193337240246658/1727203110228778799
198	97	4	14	22854616147518759/27635249763660460784
198	97	6	8	193337240246658/1727203110228778799
198	97	6	12	22854616147518759/27635249763660460784
198	97	8	12	222186987455526/1727203110228778799
198	97	8	14	222186987455526/1727203110228778799
198	98	7	13	1/2
198	98	7	16	1/2
198	98	8	13	1/2
198	98	8	15	1/2
198	98	9	11	1/2
198	98	9	12	1/2
198	98	9	15	1/2
198	98	9	16	1/2
198	98	11	16	1/2
198	98	12	15	1/2
198	98	13	15	1/2
198	98	13	16	1/2
198	99	6	12	32/221
198	99	6	15	32/221
198	99	7	12	32/221
198	99	7	14	32/221
198	99	8	10	32/221
198	99	8	11	32/221
198	99	8	14	-9/221
198	99	8	15	-9/221
198	99	10	15	32/221
198	99	11	14	32/221
198	99	12	14	-9/221
198	99	12	15	-9/221
198	100	6	12	91162/2490891
198	100	6	15	91162/2490891
198	100	7	12	91162/2490891
198	100	7	14	91162/2490891
198	100	8	10	91162/2490891
198	100	8	11	91162/2490891
198	100	8	14	-5024/2490891
198	100	8	15	-5024/2490891
198	100	10	15	91162/2490891
198	100	11	14	91162/2490891
198	100	12	14	-5024/2490891
198	100	12	15	-5024/2490891
198	101	6	12	1377920/183495637
198	101	6	15	1377920/183495637
198	101	7	12	1377920/183495637
198	101	7	14	1377920/183495637
198	101	8	10	1377920/183495637
198	101	8	11	1377920/183495637
198	101	8	14	189576/183495637
198	101	8	15	189576/183495637
198	101	10	15	1377920/183495637
198	101	11	14	1377920/183495637
198	101	12	14	189576/183495637
198	101	12	15	189576/183495637
198	102	6	12	2142709064/2149284396181
198	102	6	15	2142709064/2149284396181
198	102	7	12	2142709064/2149284396181
198	102	7	14	2142709064/2149284396181
198	102	8	10	2142709064/2149284396181
198	102	8	11	2142709064/2149284396181
198	102	8	14	-55967104/2149284396181
198	102	8	15	-55967104/2149284396181
198	102	10	15	2142709064/2149284396181
198	102	11	14	2142709064/2149284396181
198	102	12	14	-55967104/2149284396181
198	102	12	15	-55967104/2149284396181
198	103	6	12	-55831704064/1424975554668003
198	103	6	15	-55831704064/1424975554668003
198	103	7	12	-55831704064/1424975554668003
198	103	7	14	-55831704064/1424975554668003
198	103	8	10	-55831704064/1424975554668003
198	103	8	11	-55831704064/1424975554668003
198	103	8	14	-18935622144/474991851556001
198	103	8	15	-18935622144/474991851556001
198	103	10	15	-55831704064/1424975554668003
198	103	11	14	-55831704064/1424975554668003
198	103	12	14	-18935622144/474991851556001
198	103	12	15	-18935622144/474991851556001
198	104	5	7	1
198	104	5	8	1
198	104	5	11	1
198	104	5	12	1
198	104	7	12	1
198	104	8	11	1
198	105	4	6	29/119
198	105	4	7	29/119
198	105	4	10	29/119
198	105	4	11	29/119
198	105	6	11	97/238
198	105	7	10	97/238
198	106	4	6	35737/722211
198	106	4	7	35737/722211
198	106	4	10	35737/722211
198	106	4	11	35737/722211
198	106	6	11	451243/2888844
198	106	7	10	451243/2888844
198	107	4	6	207147/28647703
198	107	4	7	207147/28647703
198	107	4	10	207147/28647703
198	107	4	11	207147/28647703
198	107	6	11	12739689/229181624
198	107	7	10	12739689/229181624
198	108	4	6	50689413/180681062821
198	108	4	7	50689413/180681062821
198	108	4	10	50689413/180681062821
198	108	4	11	50689413/180681062821
198	108	6	11	52043475573/2890897005136
198	108	7	10	52043475573/2890897005136
198	109	4	6	-14769007973/64503139427097
198	109	4	7	-14769007973/64503139427097
198	109	4	10	-14769007973/64503139427097
198	109	4	11	-14769007973/64503139427097
198	109	6	11	621235747183/121417674215712
198	109	7	10	621235747183/121417674215712
199	86	9	17	2
199	86	13	17	2
199	87	8	16	45/238
199	87	12	16	45/238
199	88	8	16	-21411/9629480
199	88	12	16	-21411/9629480
199	89	8	16	-3676347/916726496
199	89	12	16	-3676347/916726496
199	90	8	16	-193665308211/578179401027200
199	90	12	16	-193665308211/578179401027200
199	91	8	16	1330798079601/11008535795557888
199	91	12	16	1330798079601/11008535795557888
199	92	5	17	2
199	92	7	17	2
199	92	13	15	2
199	92	13	17	2
199	92	15	17	2
199	93	4	16	360/1139
199	93	6	16	360/1139
199	93	12	14	549/1139
199	93	12	16	-504/1139
199	93	14	16	-504/1139
199	94	4	16	638496/22054457
199	94	6	16	638496/22054457
199	94	12	14	4197609/44108914
199	94	12	16	1696032/22054457
199	94	14	16	1696032/22054457
199	95	4	16	-51788160/25120026523
199	95	6	16	-51788160/25120026523
199	95	12	14	1287510957/100480106092
199	95	12	16	-193995648/25120026523
199	95	14	16	-193995648/25120026523
199	96	4	16	-1914691696128/1516420641113941
199	96	6	16	-1914691696128/1516420641113941
199	96	12	14	797014881333/12131365128911528
199	96	12	16	-65877898752/89201214183173
199	96	14	16	-65877898752/89201214183173
199	97	4	16	-222351261235200/1727203110228778799
199	97	6	16	-222351261235200/1727203110228778799
199	97	12	14	-15098545008136791/27635249763660460784
199	97	12	16	880550337816576/1727203110228778799
199	97	14	16	880550337816576/1727203110228778799
199	98	7	17	1/2
199	98	8	17	1/2
199	98	11	17	1/2
199	98	12	17	1/2
199	99	6	16	45/442
199	99	7	16	45/442
199	99	10	16	45/442
199	99	11	16	45/442
199	100	6	16	24441/1660594
199	100	7	16	24441/1660594
199	100	10	16	24441/1660594
199	100	11	16	24441/1660594
199	101	6	16	201285/366991274
199	101	7	16	201285/366991274
199	101	10	16	201285/366991274
199	101	11	16	201285/366991274
199	102	6	16	-1837411371/4298568792362
199	102	7	16	-1837411371/4298568792362
199	102	10	16	-1837411371/4298568792362
199	102	11	16	-1837411371/4298568792362
199	103	6	16	-114077400975/949983703112002
199	103	7	16	-114077400975/949983703112002
199	103	10	16	-114077400975/949983703112002
199	103	11	16	-114077400975/949983703112002
199	104	7	9	1
199	104	7	16	1
199	104	8	9	1
199	104	8	15	1
199	104	9	15	1
199	104	9	16	1
199	104	11	13	1
199	104	11	16	1
199	104	12	13	1
199	104	12	15	1
199	104	13	15	1
199	104	13	16	1
199	105	6	8	33/238
199	105	6	15	36/119
199	105	7	8	33/238
199	105	7	14	36/119
199	105	8	14	-12/119
199	105	8	15	-12/119
199	105	10	12	33/238
199	105	10	15	36/119
199	105	11	12	33/238
199	105	11	14	36/119
199	105	12	14	-12/119
199	105	12	15	-12/119
199	106	6	8	7761/962948
199	106	6	15	19344/240737
199	106	7	8	7761/962948
199	106	7	14	19344/240737
199	106	8	14	-240/240737
199	106	8	15	-240/240737
199	106	10	12	7761/962948
199	106	10	15	19344/240737
199	106	11	12	7761/962948
199	106	11	14	19344/240737
199	106	12	14	-240/240737
199	106	12	15	-240/240737
199	107	6	8	-453519/229181624
199	107	6	15	502848/28647703
199	107	7	8	-453519/229181624
199	107	7	14	502848/28647703
199	107	8	14	67392/28647703
199	107	8	15	67392/28647703
199	107	10	12	-453519/229181624
199	107	10	15	502848/28647703
199	107	11	12	-453519/229181624
199	107	11	14	502848/28647703
199	107	12	14	67392/28647703
199	107	12	15	67392/28647703
199	108	6	8	-1614474747/2890897005136
199	108	6	15	470562048/180681062821
199	108	7	8	-1614474747/2890897005136
199	108	7	14	470562048/180681062821
199	108	8	14	-39377664/180681062821
199	108	8	15	-39377664/180681062821
199	108	10	12	-1614474747/2890897005136
199	108	10	15	470562048/180681062821
199	108	11	12	-1614474747/2890897005136
199	108	11	14	470562048/180681062821
199	108	12	14	-39377664/180681062821
199	108	12	15	-39377664/180681062821
199	109	6	8	126235989/40472558071904
199	109	6	15	-282921984/21501046475699
199	109	7	8	126235989/40472558071904
199	109	7	14	-282921984/21501046475699
199	109	8	14	-1664105472/21501046475699
199	109	8	15	-1664105472/21501046475699
199	109	10	12	126235989/40472558071904
199	109	10	15	-282921984/21501046475699
199	109	11	12	126235989/40472558071904
199	109	11	14	-282921984/21501046475699
199	109	12	14	-1664105472/21501046475699
199	109	12	15	-1664105472/21501046475699
199	110	5	7	1/6
199	110	5	8	1/6
199	110	5	11	1/6
199	110	5	12	1/6
199	110	7	8	1/6
199	110	7	11	1/6
199	110	7	14	1/6
199	110	8	12	1/6
199	110	8	14	1/6
199	110	11	12	1/6
199	110	11	14	1/6
199	110	12	14	1/6
199	111	4	6	3/68
199	111	4	7	3/68
199	111	4	10	3/68
199	111	4	11	3/68
199	111	6	7	3/68
199	111	6	10	3/68
199	111	6	13	3/68
199	111	7	11	3/68
199	111	7	13	3/68
199	111	10	11	3/68
199	111	10	13	3/68
199	111	11	13	3/68
199	112	4	6	387/39304
199	112	4	7	387/39304
199	112	4	10	387/39304
199	112	4	11	387/39304
199	112	6	7	387/39304
199	112	6	10	387/39304
199	112	6	13	387/39304
199	112	7	11	387/39304
199	112	7	13	387/39304
199	112	10	11	387/39304
199	112	10	13	387/39304
199	112	11	13	387/39304
199	113	4	6	2187/1336336
199	113	4	7	2187/1336336
199	113	4	10	2187/1336336
199	113	4	11	2187/1336336
199	113	6	7	2187/1336336
199	113	6	10	2187/1336336
199	113	6	13	2187/1336336
199	113	7	11	2187/1336336
199	113	7	13	2187/1336336
199	113	10	11	2187/1336336
199	113	10	13	2187/1336336
199	113	11	13	2187/1336336
199	114	4	6	255879/2408077472
199	114	4	7	255879/2408077472
199	114	4	10	255879/2408077472
199	114	4	11	255879/2408077472
199	114	6	7	255879/2408077472
199	114	6	10	255879/2408077472
199	114	6	13	255879/2408077472
199	114	7	11	255879/2408077472
199	114	7	13	255879/2408077472
199	114	10	11	255879/2408077472
199	114	10	13	255879/2408077472
199	114	11	13	255879/2408077472
199	115	4	6	-3785697/81874634048
199	115	4	7	-3785697/81874634048
199	115	4	10	-3785697/81874634048
199	115	4	11	-3785697/81874634048
199	115	6	7	-3785697/81874634048
199	115	6	10	-3785697/81874634048
199	115	6	13	-3785697/81874634048
199	115	7	11	-3785697/81874634048
199	115	7	13	-3785697/81874634048
199	115	10	11	-3785697/81874634048
199	115	10	13	-3785697/81874634048
199	115	11	13	-3785697/81874634048
200	86	17	17	2
200	87	16	16	-9/14
200	88	16	16	364689/1925896
200	89	16	16	-2683449/53925088
200	90	16	16	256070299077/23127176041088
200	91	16	16	-1177420978989/647560929150464
200	92	9	13	4
200	92	9	15	4
200	93	8	12	900/1139
200	93	8	14	900/1139
200	94	8	12	2646540/22054457
200	94	8	14	2646540/22054457
200	95	8	12	237289500/25120026523
200	95	8	14	237289500/25120026523
200	96	8	12	-2151810513900/1516420641113941
200	96	8	14	-2151810513900/1516420641113941
200	97	8	12	-1123308071887500/1727203110228778799
200	97	8	14	-1123308071887500/1727203110228778799
200	98	9	13	1
200	98	9	17	1
200	98	13	17	1
200	98	15	16	1
200	98	15	17	1
200	98	16	17	1
200	99	8	12	2/13
200	99	8	16	-48/221
200	99	12	16	-48/221
200	99	14	15	2/13
200	99	14	16	-48/221
200	99	15	16	-48/221
200	100	8	12	11072/830297
200	100	8	16	30588/830297
200	100	12	16	30588/830297
200	100	14	15	11072/830297
200	100	14	16	30588/830297
200	100	15	16	30588/830297
200	101	8	12	-12176/10793861
200	101	8	16	-644544/183495637
200	101	12	16	-644544/183495637
200	101	14	15	-12176/10793861
200	101	14	16	-644544/183495637
200	101	15	16	-644544/183495637
200	102	8	12	-1287490304/2149284396181
200	102	8	16	-49464432/126428493893
200	102	12	16	-49464432/126428493893
200	102	14	15	-1287490304/2149284396181
200	102	14	16	-49464432/126428493893
200	102	15	16	-49464432/126428493893
200	103	8	12	-1480035328/27940697150353
200	103	8	16	114316261632/474991851556001
200	103	12	16	114316261632/474991851556001
200	103	14	15	-1480035328/27940697150353
200	103	14	16	114316261632/474991851556001
200	103	15	16	114316261632/474991851556001
200	104	5	9	2
200	104	5	13	2
200	104	7	13	2
200	104	8	13	2
200	104	9	11	2
200	104	9	12	2
200	104	9	13	2
200	105	4	8	18/119
200	105	4	12	18/119
200	105	6	12	75/119
200	105	7	12	75/119
200	105	8	10	75/119
200	105	8	11	75/119
200	105	8	12	-39/119
200	106	4	8	-1866/240737
200	106	4	12	-1866/240737
200	106	6	12	86385/481474
200	106	7	12	86385/481474
200	106	8	10	86385/481474
200	106	8	11	86385/481474
200	106	8	12	16617/481474
200	107	4	8	-99954/28647703
200	107	4	12	-99954/28647703
200	107	6	12	5092875/114590812
200	107	7	12	5092875/114590812
200	107	8	10	5092875/114590812
200	107	8	11	5092875/114590812
200	107	8	12	72657/114590812
200	108	4	8	-11129238/180681062821
200	108	4	12	-11129238/180681062821
200	108	6	12	12748551525/1445448502568
200	108	7	12	12748551525/1445448502568
200	108	8	10	12748551525/1445448502568
200	108	8	11	12748551525/1445448502568
200	108	8	12	-1616375979/1445448502568
200	109	4	8	2643617898/21501046475699
200	109	4	12	2643617898/21501046475699
200	109	6	12	360258384375/344016743611184
200	109	7	12	360258384375/344016743611184
200	109	8	10	360258384375/344016743611184
200	109	8	11	360258384375/344016743611184
200	109	8	12	59367315501/344016743611184
201	86	17	17	2
201	87	16	16	15/238
201	88	16	16	-37167/1925896
201	89	16	16	-1787265/916726496
201	90	16	16	12235732101/23127176041088
201	91	16	16	1061592000075/11008535795557888
201	92	13	17	4
201	92	15	17	4
201	93	12	16	600/1139
201	93	14	16	600/1139
201	94	12	16	549120/22054457
201	94	14	16	549120/22054457
201	95	12	16	-211896000/25120026523
201	95	14	16	-211896000/25120026523
201	96	12	16	-178169932800/89201214183173
201	96	14	16	-178169932800/89201214183173
201	97	12	16	142716556800000/1727203110228778799
201	97	14	16	142716556800000/1727203110228778799
201	104	7	17	2
201	104	8	17	2
201	104	11	17	2
201	104	12	17	2
201	104	15	16	2
201	104	15	17	2
201	104	16	17	2
201	105	6	16	50/119
201	105	7	16	50/119
201	105	10	16	50/119
201	105	11	16	50/119
201	105	14	15	52/119
201	105	14	16	-44/119
201	105	15	16	-44/119
201	106	6	16	46670/722211
201	106	7	16	46670/722211
201	106	10	16	46670/722211
201	106	11	16	46670/722211
201	106	14	15	51872/722211
201	106	14	16	32288/722211
201	106	15	16	32288/722211
201	107	6	16	104250/28647703
201	107	7	16	104250/28647703
201	107	10	16	104250/28647703
201	107	11	16	104250/28647703
201	107	14	15	153504/28647703
201	107	14	16	13728/28647703
201	107	15	16	13728/28647703
201	108	6	16	-281780550/180681062821
201	108	7	16	-281780550/180681062821
201	108	10	16	-281780550/180681062821
201	108	11	16	-281780550/180681062821
201	108	14	15	-254550528/180681062821
201	108	14	16	-308279808/180681062821
201	108	15	16	-308279808/180681062821
201	109	6	16	-117481250/223194254073
201	109	7	16	-117481250/223194254073
201	109	10	16	-117481250/223194254073
201	109	11	16	-117481250/223194254073
201	109	14	15	-2234565632/3794302319241
201	109	14	16	20394564608/64503139427097
201	109	15	16	20394564608/64503139427097
201	110	5	9	1/3
201	110	5	13	1/3
201	110	7	9	1/3
201	110	7	15	1/3
201	110	8	9	1/3
201	110	8	16	1/3
201	110	9	13	1/3
201	110	9	15	1/3
201	110	9	16	1/3
201	110	11	13	1/3
201	110	11	15	1/3
201	110	12	13	1/3
201	110	12	16	1/3
201	110	13	15	1/3
201	110	13	16	1/3
201	110	14	15	1/3
201	110	14	16	1/3
201	110	15	16	1/3
201	111	4	8	7/136
201	111	4	12	7/136
201	111	6	8	7/136
201	111	6	14	7/136
201	111	7	8	7/136
201	111	7	15	7/136
201	111	8	12	-19/544
201	111	8	14	-19/544
201	111	8	15	-19/544
201	111	10	12	7/136
201	111	10	14	7/136
201	111	11	12	7/136
201	111	11	15	7/136
201	111	12	14	-19/544
201	111	12	15	-19/544
201	111	13	14	7/136
201	111	13	15	7/136
201	111	14	15	-19/544
201	112	4	8	1279/314432
201	112	4	12	1279/314432
201	112	6	8	1279/314432
201	112	6	14	1279/314432
201	112	7	8	1279/314432
201	112	7	15	1279/314432
201	112	8	12	-1109/5030912
201	112	8	14	-1109/5030912
201	112	8	15	-1109/5030912
201	112	10	12	1279/314432
201	112	10	14	1279/314432
201	112	11	12	1279/314432
201	112	11	15	1279/314432
201	112	12	14	-1109/5030912
201	112	12	15	-1109/5030912
201	112	13	14	1279/314432
201	112	13	15	1279/314432
201	112	14	15	-1109/5030912
201	113	4	8	-24381/42762752
201	113	4	12	-24381/42762752
201	113	6	8	-24381/42762752
201	113	6	14	-24381/42762752
201	113	7	8	-24381/42762752
201	113	7	15	-24381/42762752
201	113	8	12	2288493/2736816128
201	113	8	14	2288493/2736816128
201	113	8	15	2288493/2736816128
201	113	10	12	-24381/42762752
201	113	10	14	-24381/42762752
201	113	11	12	-24381/42762752
201	113	11	15	-24381/42762752
201	113	12	14	2288493/2736816128
201	113	12	15	2288493/2736816128
201	113	13	14	-24381/42762752
201	113	13	15	-24381/42762752
201	113	14	15	2288493/2736816128
201	114	4	8	-72494433/308233916416
201	114	4	12	-72494433/308233916416
201	114	6	8	-72494433/308233916416
201	114	6	14	-72494433/308233916416
201	114	7	8	-72494433/308233916416
201	114	7	15	-72494433/308233916416
201	114	8	12	-6709572873/78907882602496
201	114	8	14	-6709572873/78907882602496
201	114	8	15	-6709572873/78907882602496
201	114	10	12	-72494433/308233916416
201	114	10	14	-72494433/308233916416
201	114	11	12	-72494433/308233916416
201	114	11	15	-72494433/308233916416
201	114	12	14	-6709572873/78907882602496
201	114	12	15	-6709572873/78907882602496
201	114	13	14	-72494433/308233916416
201	114	13	15	-72494433/308233916416
201	114	14	15	-6709572873/78907882602496
201	115	4	8	-541956933/41919812632576
201	115	4	12	-541956933/41919812632576
201	115	6	8	-541956933/41919812632576
201	115	6	14	-541956933/41919812632576
201	115	7	8	-541956933/41919812632576
201	115	7	15	-541956933/41919812632576
201	115	8	12	-1196804408319/42925888135757824
201	115	8	14	-1196804408319/42925888135757824
201	115	8	15	-1196804408319/42925888135757824
201	115	10	12	-541956933/41919812632576
201	115	10	14	-541956933/41919812632576
201	115	11	12	-541956933/41919812632576
201	115	11	15	-541956933/41919812632576
201	115	12	14	-1196804408319/42925888135757824
201	115	12	15	-1196804408319/42925888135757824
201	115	13	14	-541956933/41919812632576
201	115	13	15	-541956933/41919812632576
201	115	14	15	-1196804408319/42925888135757824
202	92	9	9	4
202	92	9	17	8
202	93	8	8	-264/1139
202	93	8	16	-2496/1139
202	94	8	8	-424176/22054457
202	94	8	16	11798016/22054457
202	95	8	8	123086304/25120026523
202	95	8	16	-2781941760/25120026523
202	96	8	8	238147760448/1516420641113941
202	96	8	16	26037708816384/1516420641113941
202	97	8	8	-16474653182592/101600182954634047
202	97	8	16	-1761501852205056/1727203110228778799
202	98	9	15	2
202	98	9	16	2
202	98	13	15	2
202	98	13	16	2
202	99	8	14	120/221
202	99	8	15	120/221
202	99	12	14	120/221
202	99	12	15	120/221
202	100	8	14	320608/2490891
202	100	8	15	320608/2490891
202	100	12	14	320608/2490891
202	100	12	15	320608/2490891
202	101	8	14	4548480/183495637
202	101	8	15	4548480/183495637
202	101	12	14	4548480/183495637
202	101	12	15	4548480/183495637
202	102	8	14	6659820032/2149284396181
202	102	8	15	6659820032/2149284396181
202	102	12	14	6659820032/2149284396181
202	102	12	15	6659820032/2149284396181
202	103	8	14	-176793600/1643570420609
202	103	8	15	-176793600/1643570420609
202	103	12	14	-176793600/1643570420609
202	103	12	15	-176793600/1643570420609
202	104	5	15	4
202	104	5	16	4
202	105	4	14	160/119
202	105	4	15	160/119
202	106	4	14	301312/722211
202	106	4	15	301312/722211
202	107	4	14	3348480/28647703
202	107	4	15	3348480/28647703
202	108	4	14	5128667136/180681062821
202	108	4	15	5128667136/180681062821
202	109	4	14	350575001600/64503139427097
202	109	4	15	350575001600/64503139427097
202	110	5	14	2/3
202	110	7	12	2/3
202	110	8	11	2/3
202	111	4	13	5/17
202	111	6	11	5/17
202	111	7	10	5/17
202	112	4	13	1219/9826
202	112	6	11	1219/9826
202	112	7	10	1219/9826
202	113	4	13	16605/334084
202	113	6	11	16605/334084
202	113	7	10	16605/334084
202	114	4	13	11282247/602019368
202	114	6	11	11282247/602019368
202	114	7	10	11282247/602019368
202	115	4	13	7896825/1204038736
202	115	6	11	7896825/1204038736
202	115	7	10	7896825/1204038736
203	92	9	17	4
203	92	17	17	2
203	93	8	16	360/1139
203	93	16	16	-684/1139
203	94	8	16	-288576/22054457
203	94	16	16	3557088/22054457
203	95	8	16	-177059520/25120026523
203	95	16	16	-929457504/25120026523
203	96	8	16	-340364104704/1516420641113941
203	96	16	16	9834914225664/1516420641113941
203	97	8	16	24137089689600/101600182954634047
203	97	16	16	-888741872077824/1727203110228778799
203	98	9	17	1
203	98	13	17	1
203	98	15	17	1
203	98	16	17	1
203	99	8	16	30/221
203	99	12	16	30/221
203	99	14	16	30/221
203	99	15	16	30/221
203	100	8	16	6252/830297
203	100	12	16	6252/830297
203	100	14	16	6252/830297
203	100	15	16	6252/830297
203	101	8	16	-355320/183495637
203	101	12	16	-355320/183495637
203	101	14	16	-355320/183495637
203	101	15	16	-355320/183495637
203	102	8	16	-1122930864/2149284396181
203	102	12	16	-1122930864/2149284396181
203	102	14	16	-1122930864/2149284396181
203	102	15	16	-1122930864/2149284396181
203	103	8	16	2936930400/474991851556001
203	103	12	16	2936930400/474991851556001
203	103	14	16	2936930400/474991851556001
203	103	15	16	2936930400/474991851556001
203	104	5	17	2
203	104	9	9	1
203	104	9	15	2
203	104	9	16	2
203	104	9	17	2
203	104	13	13	1
203	104	13	15	2
203	104	13	16	2
203	104	13	17	2
203	105	4	16	40/119
203	105	8	8	3/238
203	105	8	14	60/119
203	105	8	15	60/119
203	105	8	16	-54/119
203	105	12	12	3/238
203	105	12	14	60/119
203	105	12	15	60/119
203	105	12	16	-54/119
203	106	4	16	8728/240737
203	106	8	8	-9591/962948
203	106	8	14	25728/240737
203	106	8	15	25728/240737
203	106	8	16	19914/240737
203	106	12	12	-9591/962948
203	106	12	14	25728/240737
203	106	12	15	25728/240737
203	106	12	16	19914/240737
203	107	4	16	-20320/28647703
203	107	8	8	-87237/229181624
203	107	8	14	479520/28647703
203	107	8	15	479520/28647703
203	107	8	16	-274590/28647703
203	107	12	12	-87237/229181624
203	107	12	14	479520/28647703
203	107	12	15	479520/28647703
203	107	12	16	-274590/28647703
203	108	4	16	-224584672/180681062821
203	108	8	8	826695477/2890897005136
203	108	8	14	172067328/180681062821
203	108	8	15	172067328/180681062821
203	108	8	16	-64966374/180681062821
203	108	12	12	826695477/2890897005136
203	108	12	14	172067328/180681062821
203	108	12	15	172067328/180681062821
203	108	12	16	-64966374/180681062821
203	109	4	16	-4209507200/21501046475699
203	109	8	8	12678429663/688033487222368
203	109	8	14	-9907660800/21501046475699
203	109	8	15	-9907660800/21501046475699
203	109	8	16	10548071586/21501046475699
203	109	12	12	12678429663/688033487222368
203	109	12	14	-9907660800/21501046475699
203	109	12	15	-9907660800/21501046475699
203	109	12	16	10548071586/21501046475699
203	110	5	15	1/3
203	110	5	16	1/3
203	110	7	13	1/3
203	110	7	16	1/3
203	110	8	13	1/3
203	110	8	15	1/3
203	110	9	11	1/3
203	110	9	12	1/3
203	110	9	14	1/3
203	110	11	16	1/3
203	110	12	15	1/3
203	110	13	14	1/3
203	111	4	14	15/136
203	111	4	15	15/136
203	111	6	12	15/136
203	111	6	15	15/136
203	111	7	12	15/136
203	111	7	14	15/136
203	111	8	10	15/136
203	111	8	11	15/136
203	111	8	13	15/136
203	111	10	15	15/136
203	111	11	14	15/136
203	111	12	13	15/136
203	112	4	14	10431/314432
203	112	4	15	10431/314432
203	112	6	12	10431/314432
203	112	6	15	10431/314432
203	112	7	12	10431/314432
203	112	7	14	10431/314432
203	112	8	10	10431/314432
203	112	8	11	10431/314432
203	112	8	13	10431/314432
203	112	10	15	10431/314432
203	112	11	14	10431/314432
203	112	12	13	10431/314432
203	113	4	14	375435/42762752
203	113	4	15	375435/42762752
203	113	6	12	375435/42762752
203	113	6	15	375435/42762752
203	113	7	12	375435/42762752
203	113	7	14	375435/42762752
203	113	8	10	375435/42762752
203	113	8	11	375435/42762752
203	113	8	13	375435/42762752
203	113	10	15	375435/42762752
203	113	11	14	375435/42762752
203	113	12	13	375435/42762752
203	114	4	14	588698847/308233916416
203	114	4	15	588698847/308233916416
203	114	6	12	588698847/308233916416
203	114	6	15	588698847/308233916416
203	114	7	12	588698847/308233916416
203	114	7	14	588698847/308233916416
203	114	8	10	588698847/308233916416
203	114	8	11	588698847/308233916416
203	114	8	13	588698847/308233916416
203	114	10	15	588698847/308233916416
203	114	11	14	588698847/308233916416
203	114	12	13	588698847/308233916416
203	115	4	14	11620023075/41919812632576
203	115	4	15	11620023075/41919812632576
203	115	6	12	11620023075/41919812632576
203	115	6	15	11620023075/41919812632576
203	115	7	12	11620023075/41919812632576
203	115	7	14	11620023075/41919812632576
203	115	8	10	11620023075/41919812632576
203	115	8	11	11620023075/41919812632576
203	115	8	13	11620023075/41919812632576
203	115	10	15	11620023075/41919812632576
203	115	11	14	11620023075/41919812632576
203	115	12	13	11620023075/41919812632576
204	92	17	17	6
204	93	16	16	360/1139
204	94	16	16	-1118592/22054457
204	95	16	16	-245410560/25120026523
204	96	16	16	1680493879296/1516420641113941
204	97	16	16	827520277708800/1727203110228778799
204	104	15	17	6
204	104	16	17	6
204	105	14	16	120/119
204	105	15	16	120/119
204	106	14	16	23552/240737
204	106	15	16	23552/240737
204	107	14	16	-218880/28647703
204	107	15	16	-218880/28647703
204	108	14	16	-882745344/180681062821
204	108	15	16	-882745344/180681062821
204	109	14	16	-11208294400/21501046475699
204	109	15	16	-11208294400/21501046475699
204	110	5	17	1
204	110	7	17	1
204	110	8	17	1
204	110	9	9	1/2
204	110	9	17	1
204	110	11	17	1
204	110	12	17	1
204	110	13	13	1/2
204	110	13	17	1
204	110	14	17	1
204	110	15	15	1/2
204	110	15	17	1
204	110	16	16	1/2
204	110	16	17	1
204	111	4	16	15/68
204	111	6	16	15/68
204	111	7	16	15/68
204	111	8	8	39/1088
204	111	8	16	-3/16
204	111	10	16	15/68
204	111	11	16	15/68
204	111	12	12	39/1088
204	111	12	16	-3/16
204	111	13	16	15/68
204	111	14	14	39/1088
204	111	14	16	-3/16
204	111	15	15	39/1088
204	111	15	16	-3/16
204	112	4	16	2901/78608
204	112	6	16	2901/78608
204	112	7	16	2901/78608
204	112	8	8	-33279/10061824
204	112	8	16	29433/1257728
204	112	10	16	2901/78608
204	112	11	16	2901/78608
204	112	12	12	-33279/10061824
204	112	12	16	29433/1257728
204	112	13	16	2901/78608
204	112	14	14	-33279/10061824
204	112	14	16	29433/1257728
204	112	15	15	-33279/10061824
204	112	15	16	29433/1257728
204	113	4	16	15795/5345344
204	113	6	16	15795/5345344
204	113	7	16	15795/5345344
204	113	8	8	-5910489/5473632256
204	113	8	16	405/20123648
204	113	10	16	15795/5345344
204	113	11	16	15795/5345344
204	113	12	12	-5910489/5473632256
204	113	12	16	405/20123648
204	113	13	16	15795/5345344
204	113	14	14	-5910489/5473632256
204	113	14	16	405/20123648
204	113	15	15	-5910489/5473632256
204	113	15	16	405/20123648
204	114	4	16	-12815091/19264619776
204	114	6	16	-12815091/19264619776
204	114	7	16	-12815091/19264619776
204	114	8	8	4955226597/157815765204992
204	114	8	16	-4165566507/4931742662656
204	114	10	16	-12815091/19264619776
204	114	11	16	-12815091/19264619776
204	114	12	12	4955226597/157815765204992
204	114	12	16	-4165566507/4931742662656
204	114	13	16	-12815091/19264619776
204	114	14	14	4955226597/157815765204992
204	114	14	16	-4165566507/4931742662656
204	114	15	15	4955226597/157815765204992
204	114	15	16	-4165566507/4931742662656
204	115	4	16	-392309325/1309994144768
204	115	6	16	-392309325/1309994144768
204	115	7	16	-392309325/1309994144768
204	115	8	8	4359462860259/85851776271515648
204	115	8	16	13347725697/78907882602496
204	115	10	16	-392309325/1309994144768
204	115	11	16	-392309325/1309994144768
204	115	12	12	4359462860259/85851776271515648
204	115	12	16	13347725697/78907882602496
204	115	13	16	-392309325/1309994144768
204	115	14	14	4359462860259/85851776271515648
204	115	14	16	13347725697/78907882602496
204	115	15	15	4359462860259/85851776271515648
204	115	15	16	13347725697/78907882602496
205	98	17	17	6
205	99	16	16	-378/221
205	100	16	16	354294/830297
205	101	16	16	-15951978/183495637
205	102	16	16	25198845822/2149284396181
205	103	16	16	126133269822/474991851556001
205	104	9	13	24
205	105	8	12	540/119
205	106	8	12	152118/240737
205	107	8	12	973215/28647703
205	108	8	12	-4219621857/361362125642
205	109	8	12	-315671525325/86004185902796
206	98	17	17	2
206	99	16	16	30/221
206	100	16	16	-11694/830297
206	101	16	16	-755730/183495637
206	102	16	16	391019562/2149284396181
206	103	16	16	93056052150/474991851556001
206	104	9	17	8
206	104	13	17	8
206	104	17	17	4
206	105	8	16	120/119
206	105	12	16	120/119
206	105	16	16	-128/119
206	106	8	16	9768/240737
206	106	12	16	9768/240737
206	106	16	16	59216/240737
206	107	8	16	-478440/28647703
206	107	12	16	-478440/28647703
206	107	16	16	-1228288/28647703
206	108	8	16	-637405848/180681062821
206	108	12	16	-637405848/180681062821
206	108	16	16	631394368/180681062821
206	109	8	16	4826741400/21501046475699
206	109	12	16	4826741400/21501046475699
206	109	16	16	20907415552/21501046475699
206	110	9	13	4/3
206	110	9	15	4/3
206	110	9	16	4/3
206	110	13	15	4/3
206	110	13	16	4/3
206	110	15	16	4/3
206	111	8	12	45/136
206	111	8	14	45/136
206	111	8	15	45/136
206	111	12	14	45/136
206	111	12	15	45/136
206	111	14	15	45/136
206	112	8	12	85419/1257728
206	112	8	14	85419/1257728
206	112	8	15	85419/1257728
206	112	12	14	85419/1257728
206	112	12	15	85419/1257728
206	112	14	15	85419/1257728
206	113	8	12	6710445/684204032
206	113	8	14	6710445/684204032
206	113	8	15	6710445/684204032
206	113	12	14	6710445/684204032
206	113	12	15	6710445/684204032
206	113	14	15	6710445/684204032
206	114	8	12	4879155447/19726970650624
206	114	8	14	4879155447/19726970650624
206	114	8	15	4879155447/19726970650624
206	114	12	14	4879155447/19726970650624
206	114	12	15	4879155447/19726970650624
206	114	14	15	4879155447/19726970650624
206	115	8	12	-4006355075775/10731472033939456
206	115	8	14	-4006355075775/10731472033939456
206	115	8	15	-4006355075775/10731472033939456
206	115	12	14	-4006355075775/10731472033939456
206	115	12	15	-4006355075775/10731472033939456
206	115	14	15	-4006355075775/10731472033939456
207	104	17	17	12
207	105	16	16	120/119
207	106	16	16	-14544/240737
207	107	16	16	-844320/28647703
207	108	16	16	-87286848/180681062821
207	109	16	16	28351497600/21501046475699
207	110	9	17	4
207	110	13	17	4
207	110	15	17	4
207	110	16	17	4
207	110	17	17	2
207	111	8	16	45/68
207	111	12	16	45/68
207	111	14	16	45/68
207	111	15	16	45/68
207	111	16	16	-33/68
207	112	8	16	19449/314432
207	112	12	16	19449/314432
207	112	14	16	19449/314432
207	112	15	16	19449/314432
207	112	16	16	14769/157216
207	113	8	16	-472635/85525504
207	113	12	16	-472635/85525504
207	113	14	16	-472635/85525504
207	113	15	16	-472635/85525504
207	113	16	16	-240273/21381376
207	114	8	16	-3930606891/1232935665664
207	114	12	16	-3930606891/1232935665664
207	114	14	16	-3930606891/1232935665664
207	114	15	16	-3930606891/1232935665664
207	114	16	16	-101882043/154116958208
207	115	8	16	-6050390175/19726970650624
207	115	12	16	-6050390175/19726970650624
207	115	14	16	-6050390175/19726970650624
207	115	15	16	-6050390175/19726970650624
207	115	16	16	15233477787/20959906316288
208	110	17	17	30
208	111	16	16	225/68
208	112	16	16	-3105/157216
208	113	16	16	-1860975/21381376
208	114	16	16	-1448448885/154116958208
208	115	16	16	66681721125/20959906316288
