# constraint	block	row	column	exact scalar coefficient
1	1	1	1	-1
1	2	1	1	1
1	3	1	1	1
1	4	1	1	1
1	5	1	1	1
1	6	1	1	1
1	7	1	1	1
1	8	3	3	1
2	2	1	1	2
2	3	1	1	-5/26
2	4	1	1	-593/16224
2	5	1	1	305/21632
2	6	1	1	3201/2249728
2	7	1	1	-7285975/4562448384
2	8	1	1	2
2	8	1	3	4
2	9	1	1	2679/1352
2	10	1	1	7177041/3655808
2	11	1	1	19227292839/9885304832
2	12	1	1	51509917515681/26729864265728
2	13	1	1	137995069024509399/72277552974528512
2	14	3	3	1
2	14	3	6	2
2	14	6	6	1
3	2	1	1	2
3	3	1	1	7/13
3	4	1	1	379/4056
3	5	1	1	-7/2704
3	6	1	1	-1143/140608
3	7	1	1	-306187/142576512
3	8	2	2	2
3	8	2	3	4
3	9	2	2	627/338
3	10	2	2	393129/228488
3	11	2	2	246491883/154457888
3	12	2	2	154550410641/104413532288
3	13	2	2	96903107471907/70583547826688
3	20	5	5	1
3	20	5	6	2
3	20	6	6	1
4	8	1	1	6
4	9	1	1	-855/1352
4	10	1	1	-1822689/18279040
4	11	1	1	450574569/9885304832
4	12	1	1	13561790616747/4945024889159680
4	13	1	1	-13449162255697395/2674269460057554944
4	14	1	1	3
4	14	1	3	6
4	14	1	6	6
4	15	1	1	3591/1222
4	16	1	1	4298427/1493284
4	17	1	1	5145217119/1824793048
4	18	1	1	6158824891443/2229897104656
4	19	1	1	7372113395057271/2724934261889632
4	26	3	3	1
4	26	3	6	2
4	26	3	11	2
4	26	6	6	1
4	26	6	11	2
4	26	11	11	1
5	8	1	1	2
5	8	1	2	4
5	9	1	1	703/1352
5	9	1	2	-95/338
5	10	1	1	10614483/127953280
5	10	1	2	-1354833/15994160
5	11	1	1	-1934080243/345985669120
5	11	1	2	89228731/4324820864
5	12	1	1	-282928075487569/34615174224117760
5	12	1	2	5131927209767/1081724194503680
5	13	1	1	-896066902283559/505942870821699584
5	13	1	2	-691515358597365/292498222193795072
5	14	2	2	1
5	14	2	3	2
5	14	2	6	2
5	14	3	4	2
5	14	4	4	1
5	14	4	6	2
5	15	2	2	1691/1833
5	15	3	3	1691/1833
5	16	2	2	2859481/3359889
5	16	3	3	2859481/3359889
5	17	2	2	4835382371/6158676537
5	17	3	3	4835382371/6158676537
5	18	2	2	8176631589361/11288854092321
5	18	3	3	8176631589361/11288854092321
5	19	2	2	13826684017609451/20692469551224393
5	19	3	3	13826684017609451/20692469551224393
5	20	1	1	1
5	20	1	5	2
5	20	1	6	2
5	21	1	1	1691/1716
5	22	1	1	2859481/2944656
5	23	1	1	4835382371/5053029696
5	24	1	1	8176631589361/8670998958336
5	25	1	1	13826684017609451/14879434212504576
5	32	3	3	1
5	32	3	10	2
5	32	3	11	2
5	32	10	10	1
5	32	10	11	2
5	32	11	11	1
6	8	1	2	4
6	8	2	2	2
6	9	1	2	399/338
6	9	2	2	-57/169
6	10	1	2	4051503/15994160
6	10	2	2	74727/7997080
6	11	1	2	57595023/3089157760
6	11	2	2	39075723/2703013040
6	12	1	2	-13981813896537/1081724194503680
6	12	2	2	-444502646109/135215524312960
6	13	1	2	-251529542432109/41785460313399296
6	13	2	2	-6365300271003/9140569443556096
6	14	3	5	2
6	14	5	5	1
6	14	5	6	2
6	15	4	4	513/611
6	16	4	4	263169/373321
6	17	4	4	135005697/228099131
6	18	4	4	69257922561/139368569041
6	19	4	4	35529314273793/85154195684051
6	20	2	2	1
6	20	2	5	2
6	20	2	6	2
6	20	3	3	1
6	20	3	5	2
6	20	3	6	2
6	21	2	2	513/572
6	21	3	3	513/572
6	22	2	2	263169/327184
6	22	3	3	263169/327184
6	23	2	2	135005697/187149248
6	23	3	3	135005697/187149248
6	24	2	2	69257922561/107049369856
6	24	3	3	69257922561/107049369856
6	25	2	2	35529314273793/61232239557632
6	25	3	3	35529314273793/61232239557632
6	38	7	7	1
6	38	7	10	2
6	38	7	11	2
6	38	10	10	1
6	38	10	11	2
6	38	11	11	1
7	8	2	2	6
7	9	2	2	399/338
7	10	2	2	146205/1599416
7	11	2	2	-5782137/154457888
7	12	2	2	-387759058215/27043104862592
7	13	2	2	710286330843/2611591269587456
7	20	4	4	3
7	20	4	5	6
7	20	4	6	6
7	21	4	4	380/143
7	22	4	4	144400/61347
7	23	4	4	54872000/26317863
7	24	4	4	20851360000/11290363227
7	25	4	4	7923516800000/4843565824383
7	44	9	9	1
7	44	9	10	2
7	44	9	11	2
7	44	10	10	1
7	44	10	11	2
7	44	11	11	1
8	14	1	1	12
8	15	1	1	-855/611
8	16	1	1	-8665083/50771656
8	17	1	1	12131067465/124085927264
8	18	1	1	1572010224921/1213064024932864
8	19	1	1	-1797750570206025/174395792760936448
8	26	1	1	4
8	26	1	3	8
8	26	1	6	8
8	26	1	11	8
8	27	1	1	703/182
8	28	1	1	494209/132496
8	29	1	1	347428927/96457088
8	30	1	1	244242535681/70220760064
8	31	1	1	171702502583743/51120713326592
8	50	3	3	1
8	50	3	6	2
8	50	3	11	2
8	50	3	20	2
8	50	6	6	1
8	50	6	11	2
8	50	6	20	2
8	50	11	11	1
8	50	11	20	2
8	50	20	20	1
9	14	1	1	2
9	14	1	2	4
9	14	1	4	4
9	15	1	1	304/611
9	15	1	2	-190/611
9	15	1	3	-190/611
9	16	1	1	1801751/25385828
9	16	1	2	-1033543/12692914
9	16	1	3	-1033543/12692914
9	17	1	1	-33403330/3877685227
9	17	1	2	352861255/15510740908
9	17	1	3	352861255/15510740908
9	18	1	1	-3637644729839/454899009349824
9	18	1	2	958897878049/227449504674912
9	18	1	3	958897878049/227449504674912
9	19	1	1	-2678968267169/2043700696417224
9	19	1	2	-718661054783275/277943294712742464
9	19	1	3	-718661054783275/277943294712742464
9	20	1	1	2
9	21	1	1	-95/429
9	22	1	1	-1595981/50059152
9	23	1	1	688060585/42950752416
9	24	1	1	388219351987/589627929166848
9	25	1	1	-891677110553825/505900763225155584
9	26	2	2	2/3
9	26	2	3	4/3
9	26	2	6	4/3
9	26	2	11	4/3
9	26	3	4	4/3
9	26	3	7	4/3
9	26	4	4	2/3
9	26	4	6	4/3
9	26	4	11	4/3
9	26	6	7	4/3
9	26	7	7	2/3
9	26	7	11	4/3
9	27	2	2	1501/2457
9	27	3	3	1501/2457
9	27	5	5	1501/2457
9	28	2	2	2253001/4024566
9	28	3	3	2253001/4024566
9	28	5	5	2253001/4024566
9	29	2	2	3381754501/6592239108
9	29	3	3	3381754501/6592239108
9	29	5	5	3381754501/6592239108
9	30	2	2	5076013506001/10798087658904
9	30	3	3	5076013506001/10798087658904
9	30	5	5	5076013506001/10798087658904
9	31	2	2	7619096272507501/17687267585284752
9	31	3	3	7619096272507501/17687267585284752
9	31	5	5	7619096272507501/17687267585284752
9	32	1	1	2
9	32	1	3	4
9	32	1	10	4
9	32	1	11	4
9	33	1	1	4503/2314
9	34	1	1	20277009/10709192
9	35	1	1	91307371527/49562140576
9	36	1	1	411157093986081/229373586585728
9	37	1	1	1851440394219322743/1061540958718749184
9	56	3	3	1
9	56	3	6	2
9	56	3	19	2
9	56	3	20	2
9	56	6	6	1
9	56	6	19	2
9	56	6	20	2
9	56	19	19	1
9	56	19	20	2
9	56	20	20	1
10	14	1	2	2
10	14	1	4	2
10	14	1	5	2
10	14	2	2	1
10	14	4	4	1
10	15	1	2	703/1222
10	15	1	3	703/1222
10	15	1	4	-95/1222
10	15	2	2	-1273/7332
10	15	3	3	-1273/7332
10	16	1	2	699979/5973136
10	16	1	3	699979/5973136
10	16	1	4	-270389/5973136
10	16	2	2	645107/107516448
10	16	3	3	645107/107516448
10	17	1	2	86540003/14598344384
10	17	1	3	86540003/14598344384
10	17	1	4	80490365/14598344384
10	17	2	2	5788070035/788310596736
10	17	3	3	5788070035/788310596736
10	18	1	2	-2987367961471/428140244093952
10	18	1	3	-2987367961471/428140244093952
10	18	1	4	1228877117057/428140244093952
10	18	2	2	-41767170120229/23119573181073408
10	18	3	3	-41767170120229/23119573181073408
10	19	1	2	-2933146086621173/1046374756565618688
10	19	1	3	-2933146086621173/1046374756565618688
10	19	1	4	-642325893932075/1046374756565618688
10	19	2	2	-55596497854144799/169512710563630227456
10	19	3	3	-55596497854144799/169512710563630227456
10	20	1	2	2
10	20	1	3	2
10	21	1	2	-95/572
10	21	1	3	-95/572
10	22	1	2	-49457/1308736
10	22	1	3	-49457/1308736
10	23	1	2	17524745/1497193984
10	23	1	3	17524745/1497193984
10	24	1	2	35561082233/20553479012352
10	24	1	3	35561082233/20553479012352
10	25	1	2	-30039599750675/23513179990130688
10	25	1	3	-30039599750675/23513179990130688
10	26	3	5	2/3
10	26	3	8	2/3
10	26	3	9	2/3
10	26	5	5	1/3
10	26	5	6	2/3
10	26	5	11	2/3
10	26	6	8	2/3
10	26	6	9	2/3
10	26	8	8	1/3
10	26	8	11	2/3
10	26	9	9	1/3
10	26	9	11	2/3
10	27	4	4	5491/19656
10	27	6	6	5491/19656
10	27	7	7	5491/19656
10	28	4	4	30151081/128786112
10	28	6	6	30151081/128786112
10	28	7	7	30151081/128786112
10	29	4	4	165559585771/843806605824
10	29	6	6	165559585771/843806605824
10	29	7	7	165559585771/843806605824
10	30	4	4	909087685468561/5528620881358848
10	30	6	6	909087685468561/5528620881358848
10	30	7	7	909087685468561/5528620881358848
10	31	4	4	4991800480907868451/36223524014663172096
10	31	6	6	4991800480907868451/36223524014663172096
10	31	7	7	4991800480907868451/36223524014663172096
10	32	3	4	2
10	32	3	6	2
10	32	4	4	1
10	32	4	10	2
10	32	4	11	2
10	32	6	6	1
10	32	6	10	2
10	32	6	11	2
10	33	3	3	16473/18512
10	33	5	5	16473/18512
10	34	3	3	271359729/342694144
10	34	5	5	271359729/342694144
10	35	3	3	4470108815817/6343953993728
10	35	5	5	4470108815817/6343953993728
10	36	3	3	73636102522953441/117439276331892736
10	36	5	5	73636102522953441/117439276331892736
10	37	3	3	1213007516860612033593/2174035883455998328832
10	37	5	5	1213007516860612033593/2174035883455998328832
10	38	1	1	1
10	38	1	7	2
10	38	1	10	2
10	38	1	11	2
10	39	1	1	5491/5616
10	40	1	1	30151081/31539456
10	41	1	1	165559585771/177125584896
10	42	1	1	909087685468561/994737284775936
10	43	1	1	4991800480907868451/5586444591301656576
10	62	3	3	1
10	62	3	14	2
10	62	3	19	2
10	62	3	20	2
10	62	14	14	1
10	62	14	19	2
10	62	14	20	2
10	62	19	19	1
10	62	19	20	2
10	62	20	20	1
11	14	1	5	6
11	15	1	4	1197/611
11	16	1	4	13031739/25385828
11	17	1	4	2640666987/31021481816
11	18	1	4	-769141900863/151633003116608
11	19	1	4	-1742469510777093/185295529808494976
11	20	2	2	3
11	20	3	3	3
11	21	2	2	-171/286
11	21	3	3	-171/286
11	22	2	2	575073/11124256
11	22	3	3	575073/11124256
11	23	2	2	52780005/3181537216
11	23	3	3	52780005/3181537216
11	24	2	2	-102593773719/14558714300416
11	24	3	3	-102593773719/14558714300416
11	25	2	2	473531648859/4163792289918976
11	25	3	3	473531648859/4163792289918976
11	26	3	10	2
11	26	6	10	2
11	26	10	10	1
11	26	10	11	2
11	27	8	8	19/26
11	28	8	8	361/676
11	29	8	8	6859/17576
11	30	8	8	130321/456976
11	31	8	8	2476099/11881376
11	38	5	5	3
11	38	5	7	6
11	38	5	10	6
11	38	5	11	6
11	39	5	5	133/52
11	40	5	5	17689/8112
11	41	5	5	2352637/1265472
11	42	5	5	312900721/197413632
11	43	5	5	41615795893/30796526592
11	68	11	11	1
11	68	11	14	2
11	68	11	19	2
11	68	11	20	2
11	68	14	14	1
11	68	14	19	2
11	68	14	20	2
11	68	19	19	1
11	68	19	20	2
11	68	20	20	1
12	14	2	2	3
12	14	4	4	3
12	15	2	2	703/1222
12	15	3	3	703/1222
12	16	2	2	5859391/152314968
12	16	3	3	5859391/152314968
12	17	2	2	-11267711417/558386672688
12	17	3	3	-11267711417/558386672688
12	18	2	2	-56664961194749/8188182168296832
12	18	3	3	-56664961194749/8188182168296832
12	19	2	2	11589552782405473/30017875828976186112
12	19	3	3	11589552782405473/30017875828976186112
12	20	1	4	6
12	21	1	4	-95/286
12	22	1	4	-2254445/16686384
12	23	1	4	700818325/28633834944
12	24	1	4	1643044813675/196542643055616
12	25	1	4	-951916142245625/337267175483437056
12	32	3	8	6
12	32	8	8	3
12	32	8	10	6
12	32	8	11	6
12	33	7	7	12255/4628
12	34	7	7	50061675/21418384
12	35	7	7	204501942375/99124281152
12	36	7	7	835390434601875/458747173171456
12	37	7	7	3412569925348659375/2123081917437498368
12	44	1	1	1
12	44	1	9	2
12	44	1	10	2
12	44	1	11	2
12	45	1	1	817/832
12	46	1	1	667489/692224
12	47	1	1	545338513/575930368
12	48	1	1	445541565121/479174066176
12	49	1	1	364007458703857/398672823058432
12	74	3	3	1
12	74	3	18	2
12	74	3	19	2
12	74	3	20	2
12	74	18	18	1
12	74	18	19	2
12	74	18	20	2
12	74	19	19	1
12	74	19	20	2
12	74	20	20	1
13	14	2	4	8
13	15	2	3	-760/1833
13	16	2	3	-782648/4393701
13	17	2	3	3132916840/104697501129
13	18	2	3	161694998824/14762347659189
13	19	2	3	-1189770026478200/351771982370814681
13	20	1	1	4
13	21	1	1	437/429
13	22	1	1	1912217/12514788
13	23	1	1	-330500915/21475376208
13	24	1	1	-612126989791/36851745572928
13	25	1	1	-11426446627003/3719858553126144
13	32	2	2	4
13	32	2	3	8
13	32	2	10	8
13	32	2	11	8
13	33	2	2	4256/1157
13	34	2	2	4528384/1338649
13	35	2	2	4818200576/1548816893
13	36	2	2	5126565412864/1791981145201
13	37	2	2	5454665599287296/2073322184997557
13	80	9	9	1
13	80	9	10	2
13	80	9	13	2
13	80	9	20	2
13	80	10	10	1
13	80	10	13	2
13	80	10	20	2
13	80	13	13	1
13	80	13	20	2
13	80	20	20	1
14	14	2	4	2
14	14	2	5	2
14	14	4	5	2
14	15	2	3	2299/3666
14	15	2	4	-361/1222
14	15	3	4	-361/1222
14	16	2	3	139237339/913889808
14	16	2	4	-65341/101543312
14	16	3	4	-65341/101543312
14	17	2	3	134042617951/6700640072256
14	17	2	4	3269884211/248171854528
14	17	3	4	3269884211/248171854528
14	18	2	3	-788070894358469/196516372039123968
14	18	2	4	-15043261499807/7278384149597184
14	18	3	4	-15043261499807/7278384149597184
14	19	2	3	-4659611031133720211/1440858039790856933376
14	19	2	4	-800487029545549/1046374756565618688
14	19	3	4	-800487029545549/1046374756565618688
14	20	1	2	2
14	20	1	3	2
14	20	2	3	2
14	21	1	2	323/572
14	21	1	3	323/572
14	21	2	3	-19/572
14	22	1	2	2494871/22248512
14	22	1	3	2494871/22248512
14	22	2	3	-1040041/22248512
14	23	1	2	7414579/1497193984
14	23	1	3	7414579/1497193984
14	23	2	3	59748749/25452297728
14	24	1	2	-2356402680167/349409143209984
14	24	1	3	-2356402680167/349409143209984
14	24	2	3	1080068258713/349409143209984
14	25	1	2	-60737487753193/23513179990130688
14	25	1	3	-60737487753193/23513179990130688
14	25	2	3	-104334722444567/399724059832221696
14	32	3	5	2
14	32	3	7	2
14	32	5	5	1
14	32	5	10	2
14	32	5	11	2
14	32	7	7	1
14	32	7	10	2
14	32	7	11	2
14	33	4	4	15105/18512
14	33	6	6	15105/18512
14	34	4	4	228161025/342694144
14	34	6	6	228161025/342694144
14	35	4	4	3446372282625/6343953993728
14	35	6	6	3446372282625/6343953993728
14	36	4	4	52057453329050625/117439276331892736
14	36	6	6	52057453329050625/117439276331892736
14	37	4	4	786327832535309690625/2174035883455998328832
14	37	6	6	786327832535309690625/2174035883455998328832
14	38	2	2	1
14	38	2	7	2
14	38	2	10	2
14	38	2	11	2
14	38	3	3	1
14	38	3	7	2
14	38	3	10	2
14	38	3	11	2
14	39	2	2	5035/5616
14	39	3	3	5035/5616
14	40	2	2	25351225/31539456
14	40	3	3	25351225/31539456
14	41	2	2	127643417875/177125584896
14	41	3	3	127643417875/177125584896
14	42	2	2	642684609000625/994737284775936
14	42	3	3	642684609000625/994737284775936
14	43	2	2	3235917006318146875/5586444591301656576
14	43	3	3	3235917006318146875/5586444591301656576
14	86	9	9	1
14	86	9	12	2
14	86	9	19	2
14	86	9	20	2
14	86	12	12	1
14	86	12	19	2
14	86	12	20	2
14	86	19	19	1
14	86	19	20	2
14	86	20	20	1
15	14	2	5	2
15	14	4	5	2
15	15	2	4	266/611
15	15	3	4	266/611
15	16	2	4	329954/6346457
15	16	3	4	329954/6346457
15	17	2	4	-28327670/3877685227
15	17	3	4	-28327670/3877685227
15	18	2	4	-36097092506/7107797021091
15	18	3	4	-36097092506/7107797021091
15	19	2	4	-2663306940994/4342863979886601
15	19	3	4	-2663306940994/4342863979886601
15	20	1	4	2
15	20	2	2	1
15	20	2	4	2
15	20	3	3	1
15	20	3	4	2
15	21	1	4	266/429
15	21	2	2	95/572
15	21	2	4	-38/143
15	21	3	3	95/572
15	21	3	4	-38/143
15	22	1	4	458470/3128697
15	22	2	2	26353/5562128
15	22	2	4	-3610/347633
15	22	3	3	26353/5562128
15	22	3	4	-3610/347633
15	23	1	4	22950214/1342211013
15	23	2	2	-21640145/3181537216
15	23	2	4	672182/49711519
15	23	3	3	-21640145/3181537216
15	23	3	4	672182/49711519
15	24	1	4	-2830832762/575808524577
15	24	2	2	-8415217933/5459517862656
15	24	2	4	-26846126/21326241651
15	24	3	3	-8415217933/5459517862656
15	24	3	4	-26846126/21326241651
15	25	1	4	-815780528738/247021857043533
15	25	2	2	961159729325/3122844217439232
15	25	2	4	-2976270998/3049652556093
15	25	3	3	961159729325/3122844217439232
15	25	3	4	-2976270998/3049652556093
15	32	3	9	2
15	32	9	9	1
15	32	9	10	2
15	32	9	11	2
15	33	8	8	912/1157
15	34	8	8	831744/1338649
15	35	8	8	758550528/1548816893
15	36	8	8	691798081536/1791981145201
15	37	8	8	630919850360832/2073322184997557
15	38	6	6	1
15	38	6	7	2
15	38	6	10	2
15	38	6	11	2
15	38	7	8	2
15	38	8	8	1
15	38	8	10	2
15	38	8	11	2
15	39	6	6	304/351
15	39	7	7	304/351
15	40	6	6	92416/123201
15	40	7	7	92416/123201
15	41	6	6	28094464/43243551
15	41	7	7	28094464/43243551
15	42	6	6	8540717056/15178486401
15	42	7	7	8540717056/15178486401
15	43	6	6	2596377985024/5327648726751
15	43	7	7	2596377985024/5327648726751
15	44	2	2	1/3
15	44	2	9	2/3
15	44	2	10	2/3
15	44	2	11	2/3
15	44	3	3	1/3
15	44	3	9	2/3
15	44	3	10	2/3
15	44	3	11	2/3
15	44	5	5	1/3
15	44	5	9	2/3
15	44	5	10	2/3
15	44	5	11	2/3
15	45	2	2	19/65
15	45	3	3	19/65
15	45	5	5	19/65
15	46	2	2	1083/4225
15	46	3	3	1083/4225
15	46	5	5	1083/4225
15	47	2	2	61731/274625
15	47	3	3	61731/274625
15	47	5	5	61731/274625
15	48	2	2	3518667/17850625
15	48	3	3	3518667/17850625
15	48	5	5	3518667/17850625
15	49	2	2	200564019/1160290625
15	49	3	3	200564019/1160290625
15	49	5	5	200564019/1160290625
15	92	11	11	1
15	92	11	18	2
15	92	11	19	2
15	92	11	20	2
15	92	18	18	1
15	92	18	19	2
15	92	18	20	2
15	92	19	19	1
15	92	19	20	2
15	92	20	20	1
16	14	5	5	4
16	15	4	4	-627/611
16	16	4	4	9548811/50771656
16	17	4	4	-1199865447/124085927264
16	18	4	4	-10142371138149/1213064024932864
16	19	4	4	9231523963316523/2964728476935919616
16	20	2	3	8
16	21	2	3	399/143
16	22	2	3	347643/427856
16	23	2	3	1090231191/6363074432
16	24	2	3	23015600847/2239802200064
16	25	2	3	-21411612976383/1959431665844224
16	38	4	4	4
16	38	4	7	8
16	38	4	10	8
16	38	4	11	8
16	39	4	4	475/156
16	40	4	4	225625/97344
16	41	4	4	107171875/60742656
16	42	4	4	50906640625/37903417344
16	43	4	4	24180654296875/23651732422656
16	98	9	9	1
16	98	9	16	2
16	98	9	19	2
16	98	9	20	2
16	98	16	16	1
16	98	16	19	2
16	98	16	20	2
16	98	19	19	1
16	98	19	20	2
16	98	20	20	1
17	14	5	5	2
17	15	4	4	133/611
17	16	4	4	-433561/25385828
17	17	4	4	-332970155/31021481816
17	18	4	4	-119306138759/454899009349824
17	19	4	4	437132129400449/555886589425484928
17	20	2	4	4
17	20	3	4	4
17	20	4	4	2
17	21	2	4	133/143
17	21	3	4	133/143
17	21	4	4	-361/858
17	22	2	4	359195/2781064
17	22	3	4	359195/2781064
17	22	4	4	2250835/50059152
17	23	2	4	-16660511/1590768608
17	23	3	4	-16660511/1590768608
17	23	4	4	761465603/85901504832
17	24	2	4	-122167987919/10919035725312
17	24	3	4	-122167987919/10919035725312
17	24	4	4	-2924629086293/589627929166848
17	25	2	4	-12387103708231/6245688434878464
17	25	3	4	-12387103708231/6245688434878464
17	25	4	4	409156568634689/1011801526450311168
17	38	7	9	4
17	38	9	9	2
17	38	9	10	4
17	38	9	11	4
17	39	8	8	1159/702
17	40	8	8	1343281/985608
17	41	8	8	1556862679/1383793632
17	42	8	8	1804403844961/1942846259328
17	43	8	8	2091304056309799/2727756148096512
17	44	4	4	2/3
17	44	4	9	4/3
17	44	4	10	4/3
17	44	4	11	4/3
17	44	6	6	2/3
17	44	6	9	4/3
17	44	6	10	4/3
17	44	6	11	4/3
17	44	7	7	2/3
17	44	7	9	4/3
17	44	7	10	4/3
17	44	7	11	4/3
17	45	4	4	1159/2080
17	45	6	6	1159/2080
17	45	7	7	1159/2080
17	46	4	4	4029843/8652800
17	46	6	6	4029843/8652800
17	46	7	7	4029843/8652800
17	47	4	4	14011764111/35995648000
17	47	6	6	14011764111/35995648000
17	47	7	7	14011764111/35995648000
17	48	4	4	48718903813947/149741895680000
17	48	6	6	48718903813947/149741895680000
17	48	7	7	48718903813947/149741895680000
17	49	4	4	169395628561093719/622926286028800000
17	49	6	6	169395628561093719/622926286028800000
17	49	7	7	169395628561093719/622926286028800000
17	104	15	15	1
17	104	15	18	2
17	104	15	19	2
17	104	15	20	2
17	104	18	18	1
17	104	18	19	2
17	104	18	20	2
17	104	19	19	1
17	104	19	20	2
17	104	20	20	1
18	20	4	4	12
18	21	4	4	266/143
18	22	4	4	41515/2085798
18	23	4	4	-143414831/1789614684
18	24	4	4	-90647768933/6141957595488
18	25	4	4	22461627518323/5269799616928704
18	44	8	8	4
18	44	8	9	8
18	44	8	10	8
18	44	8	11	8
18	45	8	8	893/260
18	46	8	8	797449/270400
18	47	8	8	712121957/281216000
18	48	8	8	635924907601/292464640000
18	49	8	8	567880942487693/304163225600000
18	110	17	17	1
18	110	17	18	2
18	110	17	19	2
18	110	17	20	2
18	110	18	18	1
18	110	18	19	2
18	110	18	20	2
18	110	19	19	1
18	110	19	20	2
18	110	20	20	1
19	26	1	1	20
19	27	1	1	-475/182
19	28	1	1	-312265/1457456
19	29	1	1	183306775/1061027968
19	30	1	1	-5678998217/772428360704
19	31	1	1	-9466312184425/562327846592512
19	50	1	1	5
19	50	1	3	10
19	50	1	6	10
19	50	1	11	10
19	50	1	20	10
19	51	1	1	2280/481
19	52	1	1	1039680/231361
19	53	1	1	474094080/111284641
19	54	1	1	216186900480/53527912321
19	55	1	1	98581226618880/25746925826401
20	26	1	1	2
20	26	1	2	4
20	26	1	4	4
20	26	1	7	4
20	27	1	1	171/364
20	27	1	2	-95/273
20	27	1	3	-95/273
20	27	1	5	-95/273
20	28	1	1	499985/8744736
20	28	1	2	-249451/3279276
20	28	1	3	-249451/3279276
20	28	1	5	-249451/3279276
20	29	1	1	-24507207/2122055936
20	29	1	2	89955785/3580969392
20	29	1	3	89955785/3580969392
20	29	1	5	89955785/3580969392
20	30	1	1	-58049273993/7724283607040
20	30	1	2	66417706687/19552092880320
20	30	1	3	66417706687/19552092880320
20	30	1	5	66417706687/19552092880320
20	31	1	1	-66163841379/86511976398848
20	31	1	2	-11948997607765/4270177085061888
20	31	1	3	-11948997607765/4270177085061888
20	31	1	5	-11948997607765/4270177085061888
20	32	1	1	6
20	33	1	1	-855/1157
20	34	1	1	-9230409/117801112
20	35	1	1	14003368695/272591773168
20	36	1	1	-45130672767357/88308830835505280
20	37	1	1	-217988949770493255/40869326910671843584
20	50	2	2	1/2
20	50	2	3	1
20	50	2	6	1
20	50	2	11	1
20	50	2	20	1
20	50	3	4	1
20	50	3	7	1
20	50	3	12	1
20	50	4	4	1/2
20	50	4	6	1
20	50	4	11	1
20	50	4	20	1
20	50	6	7	1
20	50	6	12	1
20	50	7	7	1/2
20	50	7	11	1
20	50	7	20	1
20	50	11	12	1
20	50	12	12	1/2
20	50	12	20	1
20	51	2	2	437/962
20	51	3	3	437/962
20	51	5	5	437/962
20	51	9	9	437/962
20	52	2	2	190969/462722
20	52	3	3	190969/462722
20	52	5	5	190969/462722
20	52	9	9	190969/462722
20	53	2	2	83453453/222569282
20	53	3	3	83453453/222569282
20	53	5	5	83453453/222569282
20	53	9	9	83453453/222569282
20	54	2	2	36469158961/107055824642
20	54	3	3	36469158961/107055824642
20	54	5	5	36469158961/107055824642
20	54	9	9	36469158961/107055824642
20	55	2	2	15937022465957/51493851652802
20	55	3	3	15937022465957/51493851652802
20	55	5	5	15937022465957/51493851652802
20	55	9	9	15937022465957/51493851652802
20	56	1	1	3
20	56	1	3	6
20	56	1	6	6
20	56	1	19	6
20	56	1	20	6
20	57	1	1	11799/4108
20	58	1	1	46405467/16875664
20	59	1	1	182512701711/69325227712
20	60	1	1	717822455829363/284788035440896
20	61	1	1	2823195718776884679/1169909249591200768
21	26	1	2	4/3
21	26	1	4	4/3
21	26	1	5	4/3
21	26	1	7	4/3
21	26	1	8	4/3
21	26	1	9	4/3
21	26	2	2	2/3
21	26	4	4	2/3
21	26	7	7	2/3
21	27	1	2	304/819
21	27	1	3	304/819
21	27	1	4	-95/1638
21	27	1	5	304/819
21	27	1	6	-95/1638
21	27	1	7	-95/1638
21	27	2	2	-589/4914
21	27	3	3	-589/4914
21	27	5	5	-589/4914
21	28	1	2	695647/9837828
21	28	1	3	695647/9837828
21	28	1	4	-1184441/39351312
21	28	1	5	695647/9837828
21	28	1	6	-1184441/39351312
21	28	1	7	-1184441/39351312
21	28	2	2	463885/88540452
21	28	3	3	463885/88540452
21	28	5	5	463885/88540452
21	29	1	2	1021991/671431761
21	29	1	3	1021991/671431761
21	29	1	4	356427935/85943265408
21	29	1	5	1021991/671431761
21	29	1	6	356427935/85943265408
21	29	1	7	356427935/85943265408
21	29	2	2	357004091/72514630188
21	29	3	3	357004091/72514630188
21	29	5	5	357004091/72514630188
21	30	1	2	-287607109073/58656278640960
21	30	1	3	-287607109073/58656278640960
21	30	1	4	1775676665647/938500458255360
21	30	1	5	-287607109073/58656278640960
21	30	1	6	1775676665647/938500458255360
21	30	1	7	1775676665647/938500458255360
21	30	2	2	-1589409381631/1187789642479440
21	30	3	3	-1589409381631/1187789642479440
21	30	5	5	-1589409381631/1187789642479440
21	31	1	2	-1334164234883/800658203449104
21	31	1	3	-1334164234883/800658203449104
21	31	1	4	-190361339733965/409937000165941248
21	31	1	5	-1334164234883/800658203449104
21	31	1	6	-190361339733965/409937000165941248
21	31	1	7	-190361339733965/409937000165941248
21	31	2	2	-74722113585947/389119886876264544
21	31	3	3	-74722113585947/389119886876264544
21	31	5	5	-74722113585947/389119886876264544
21	32	1	4	4
21	32	1	6	4
21	33	1	3	-855/2314
21	33	1	5	-855/2314
21	34	1	3	-16441023/235602224
21	34	1	5	-16441023/235602224
21	35	1	3	55921804245/2180734185344
21	35	1	5	55921804245/2180734185344
21	36	1	3	1841783197193361/706470646684042240
21	36	1	5	1841783197193361/706470646684042240
21	37	1	3	-3576287858504101155/1307818461141498994688
21	37	1	5	-3576287858504101155/1307818461141498994688
21	38	1	1	2
21	39	1	1	-665/2808
21	40	1	1	-5038477/173467008
21	41	1	1	16521513365/974190716928
21	42	1	1	3477085608851/17407902483578880
21	43	1	1	-56156510737021795/30725445252159111168
21	50	3	5	1/3
21	50	3	8	1/3
21	50	3	9	1/3
21	50	3	13	1/3
21	50	3	14	1/3
21	50	3	16	1/3
21	50	5	5	1/6
21	50	5	6	1/3
21	50	5	11	1/3
21	50	5	20	1/3
21	50	6	8	1/3
21	50	6	9	1/3
21	50	6	13	1/3
21	50	6	14	1/3
21	50	6	16	1/3
21	50	8	8	1/6
21	50	8	11	1/3
21	50	8	20	1/3
21	50	9	9	1/6
21	50	9	11	1/3
21	50	9	20	1/3
21	50	11	13	1/3
21	50	11	14	1/3
21	50	11	16	1/3
21	50	13	13	1/6
21	50	13	20	1/3
21	50	14	14	1/6
21	50	14	20	1/3
21	50	16	16	1/6
21	50	16	20	1/3
21	51	4	4	2413/17316
21	51	6	6	2413/17316
21	51	7	7	2413/17316
21	51	10	10	2413/17316
21	51	11	11	2413/17316
21	51	13	13	2413/17316
21	52	4	4	5822569/49973976
21	52	6	6	5822569/49973976
21	52	7	7	5822569/49973976
21	52	10	10	5822569/49973976
21	52	11	11	5822569/49973976
21	52	13	13	5822569/49973976
21	53	4	4	14049858997/144224894736
21	53	6	6	14049858997/144224894736
21	53	7	7	14049858997/144224894736
21	53	10	10	14049858997/144224894736
21	53	11	11	14049858997/144224894736
21	53	13	13	14049858997/144224894736
21	54	4	4	33902309759761/416233046208096
21	54	6	6	33902309759761/416233046208096
21	54	7	7	33902309759761/416233046208096
21	54	10	10	33902309759761/416233046208096
21	54	11	11	33902309759761/416233046208096
21	54	13	13	33902309759761/416233046208096
21	55	4	4	81806273450303293/1201248571356565056
21	55	6	6	81806273450303293/1201248571356565056
21	55	7	7	81806273450303293/1201248571356565056
21	55	10	10	81806273450303293/1201248571356565056
21	55	11	11	81806273450303293/1201248571356565056
21	55	13	13	81806273450303293/1201248571356565056
21	56	3	7	2
21	56	3	11	2
21	56	6	7	2
21	56	6	11	2
21	56	7	7	1
21	56	7	19	2
21	56	7	20	2
21	56	11	11	1
21	56	11	19	2
21	56	11	20	2
21	57	5	5	7239/8216
21	57	9	9	7239/8216
21	58	5	5	52403121/67502656
21	58	9	9	52403121/67502656
21	59	5	5	379346192919/554601821696
21	59	9	9	379346192919/554601821696
21	60	5	5	2746087090540641/4556608567054336
21	60	9	9	2746087090540641/4556608567054336
21	61	5	5	19878924448423700199/37437095986918424576
21	61	9	9	19878924448423700199/37437095986918424576
21	62	1	1	2
21	62	1	3	4
21	62	1	14	4
21	62	1	19	4
21	62	1	20	4
21	63	1	1	7239/3757
21	64	1	1	52403121/28230098
21	65	1	1	379346192919/212120956372
21	66	1	1	2746087090540641/1593876866179208
21	67	1	1	19878924448423700199/11976390772470568912
22	26	1	5	2
22	26	1	8	2
22	26	1	9	2
22	26	1	10	2
22	27	1	4	703/1092
22	27	1	6	703/1092
22	27	1	7	703/1092
22	28	1	4	4314311/26234208
22	28	1	6	4314311/26234208
22	28	1	7	4314311/26234208
22	28	1	8	-13357/312312
22	29	1	4	1455445505/57295510272
22	29	1	6	1455445505/57295510272
22	29	1	7	1455445505/57295510272
22	30	1	4	-1583027040977/625666972170240
22	30	1	6	-1583027040977/625666972170240
22	30	1	7	-1583027040977/625666972170240
22	30	1	8	178409449/68966817920
22	31	1	4	-871556384554003/273291333443960832
22	31	1	6	-871556384554003/273291333443960832
22	31	1	7	-871556384554003/273291333443960832
22	32	4	4	3
22	32	6	6	3
22	33	3	3	-11457/18512
22	33	5	5	-11457/18512
22	34	3	3	224522145/3769635584
22	34	5	5	224522145/3769635584
22	35	3	3	84907471833/5367961071616
22	35	5	5	84907471833/5367961071616
22	36	3	3	-342964052920628253/45214121387778703360
22	36	5	5	-342964052920628253/45214121387778703360
22	37	3	3	58097422051117710003/167400763026111871320064
22	37	5	5	58097422051117710003/167400763026111871320064
22	38	1	5	6
22	39	1	5	-95/156
22	40	1	5	-141151/1606176
22	41	1	5	59090285/1503380736
22	42	1	5	95933067409/49250752911360
22	43	1	5	-35589329961355/9219740945006592
22	50	3	10	1/2
22	50	3	15	1/2
22	50	3	17	1/2
22	50	3	18	1/2
22	50	6	10	1/2
22	50	6	15	1/2
22	50	6	17	1/2
22	50	6	18	1/2
22	50	10	10	1/4
22	50	10	11	1/2
22	50	10	20	1/2
22	50	11	15	1/2
22	50	11	17	1/2
22	50	11	18	1/2
22	50	15	15	1/4
22	50	15	20	1/2
22	50	17	17	1/4
22	50	17	20	1/2
22	50	18	18	1/4
22	50	18	20	1/2
22	51	8	8	19/104
22	51	12	12	19/104
22	51	14	14	19/104
22	51	15	15	19/104
22	52	8	8	361/2704
22	52	12	12	361/2704
22	52	14	14	361/2704
22	52	15	15	361/2704
22	53	8	8	6859/70304
22	53	12	12	6859/70304
22	53	14	14	6859/70304
22	53	15	15	6859/70304
22	54	8	8	130321/1827904
22	54	12	12	130321/1827904
22	54	14	14	130321/1827904
22	54	15	15	130321/1827904
22	55	8	8	2476099/47525504
22	55	12	12	2476099/47525504
22	55	14	14	2476099/47525504
22	55	15	15	2476099/47525504
22	62	3	10	6
22	62	10	10	3
22	62	10	14	6
22	62	10	19	6
22	62	10	20	6
22	63	9	9	18981/7514
22	64	9	9	120092787/56460196
22	65	9	9	759827063349/424241912744
22	66	9	9	4807425829809123/3187753732358416
22	67	9	9	30416583225202321221/23952781544941137824
22	68	1	1	1
22	68	1	11	2
22	68	1	14	2
22	68	1	19	2
22	68	1	20	2
22	69	1	1	703/728
22	70	1	1	494209/529984
22	71	1	1	347428927/385828352
22	72	1	1	244242535681/280883040256
22	73	1	1	171702502583743/204482853306368
23	26	1	10	8
23	27	1	8	38/13
23	28	1	8	24187/26026
23	29	1	8	322373/1353352
23	30	1	8	132015173/3448340896
23	31	1	8	-562074473/179313726592
23	38	5	5	12
23	39	5	5	-38/13
23	40	5	5	10469/22308
23	41	5	5	6859/1740024
23	42	5	5	-115073443/3800212416
23	43	5	5	2334961357/296416568448
23	50	3	19	2
23	50	6	19	2
23	50	11	19	2
23	50	19	19	1
23	50	19	20	2
23	51	16	16	285/481
23	52	16	16	81225/231361
23	53	16	16	23149125/111284641
23	54	16	16	6597500625/53527912321
23	55	16	16	1880287678125/25746925826401
23	68	9	9	4
23	68	9	11	8
23	68	9	14	8
23	68	9	19	8
23	68	9	20	8
23	69	9	9	285/91
23	70	9	9	81225/33124
23	71	9	9	23149125/12057136
23	72	9	9	6597500625/4388797504
23	73	9	9	1880287678125/1597522291456
24	26	2	2	2
24	26	4	4	2
24	26	7	7	2
24	27	2	2	304/819
24	27	3	3	304/819
24	27	5	5	304/819
24	28	2	2	296381/14756742
24	28	3	3	296381/14756742
24	28	5	5	296381/14756742
24	29	2	2	-86944684/6042885849
24	29	3	3	-86944684/6042885849
24	29	5	5	-86944684/6042885849
24	30	2	2	-15638389679/3599362552968
24	30	3	3	-15638389679/3599362552968
24	30	5	5	-15638389679/3599362552968
24	31	2	2	1809708952229/4053332154961089
24	31	3	3	1809708952229/4053332154961089
24	31	5	5	1809708952229/4053332154961089
24	32	1	8	12
24	33	1	7	-855/1157
24	34	1	7	-15633105/58900556
24	35	1	7	14894147025/272591773168
24	36	1	7	12752687214765/802807553050048
24	37	1	7	-257512893599428875/40869326910671843584
24	44	1	1	2
24	45	1	1	-95/416
24	46	1	1	-120213/3807232
24	47	1	1	53122955/3167617024
24	48	1	1	48948697921/92241007738880
24	49	1	1	-2200967259615/1180684899057664
24	56	3	15	6
24	56	6	15	6
24	56	15	15	3
24	56	15	19	6
24	56	15	20	6
24	57	13	13	5415/2054
24	58	13	13	9774075/4218916
24	59	13	13	17642205375/8665653464
24	60	13	13	31844180701875/17799252215056
24	61	13	13	57478746166884375/36559664049725024
24	74	1	1	2
24	74	1	3	4
24	74	1	18	4
24	74	1	19	4
24	74	1	20	4
24	75	1	1	1083/559
24	76	1	1	1172889/624962
24	77	1	1	1270238787/698707516
24	78	1	1	1375668606321/781155002888
24	79	1	1	1489849100645643/873331293228784
25	26	2	4	8/3
25	26	2	7	8/3
25	26	4	7	8/3
25	27	2	3	-380/2457
25	27	2	5	-380/2457
25	27	3	5	-380/2457
25	28	2	3	-432478/7378371
25	28	2	5	-432478/7378371
25	28	3	5	-432478/7378371
25	29	2	3	15672815/1394512119
25	29	2	5	15672815/1394512119
25	29	3	5	15672815/1394512119
25	30	2	3	47391622613/13497609573630
25	30	2	5	47391622613/13497609573630
25	30	3	5	47391622613/13497609573630
25	31	2	3	-20669991612695/16213328619844356
25	31	2	5	-20669991612695/16213328619844356
25	31	3	5	-20669991612695/16213328619844356
25	32	1	1	4
25	32	1	2	8
25	33	1	1	1121/1157
25	33	1	2	-760/1157
25	34	1	1	22448785/176701668
25	34	1	2	-7127584/44175417
25	35	1	1	-5826192357/272591773168
25	35	1	2	828018480/17036985823
25	36	1	1	-63943487046141/4014037765250240
25	36	1	2	5548259147232/689912740902385
25	37	1	1	-19231025474912509/9431383133231963904
25	37	1	2	-18640469447840/3349212760380669
25	56	2	2	2
25	56	2	3	4
25	56	2	6	4
25	56	2	19	4
25	56	2	20	4
25	56	3	4	4
25	56	4	4	2
25	56	4	6	4
25	56	4	19	4
25	56	4	20	4
25	57	2	2	5624/3081
25	57	3	3	5624/3081
25	58	2	2	15814688/9492561
25	58	3	3	15814688/9492561
25	59	2	2	44470902656/29246580441
25	59	3	3	44470902656/29246580441
25	60	2	2	125052178268672/90108714338721
25	60	3	3	125052178268672/90108714338721
25	61	2	2	351646725291505664/277624948877599401
25	61	3	3	351646725291505664/277624948877599401
25	80	1	1	1
25	80	1	9	2
25	80	1	10	2
25	80	1	13	2
25	80	1	20	2
25	81	1	1	703/728
25	82	1	1	494209/529984
25	83	1	1	347428927/385828352
25	84	1	1	244242535681/280883040256
25	85	1	1	171702502583743/204482853306368
26	26	2	4	2/3
26	26	2	5	2/3
26	26	2	7	2/3
26	26	2	8	2/3
26	26	4	5	2/3
26	26	4	7	2/3
26	26	4	9	2/3
26	26	7	8	2/3
26	26	7	9	2/3
26	27	2	3	1007/4914
26	27	2	4	-19/189
26	27	2	5	1007/4914
26	27	2	6	-19/189
26	27	3	4	-19/189
26	27	3	5	1007/4914
26	27	3	7	-19/189
26	27	5	6	-19/189
26	27	5	7	-19/189
26	28	2	3	1414759/29513484
26	28	2	4	6137/59026968
26	28	2	5	1414759/29513484
26	28	2	6	6137/59026968
26	28	3	4	6137/59026968
26	28	3	5	1414759/29513484
26	28	3	7	6137/59026968
26	28	5	6	6137/59026968
26	28	5	7	6137/59026968
26	29	2	3	397335011/72514630188
26	29	2	4	100957621/22312193904
26	29	2	5	397335011/72514630188
26	29	2	6	100957621/22312193904
26	29	3	4	100957621/22312193904
26	29	3	5	397335011/72514630188
26	29	3	7	100957621/22312193904
26	29	5	6	100957621/22312193904
26	29	5	7	100957621/22312193904
26	30	2	3	-385218841283/237557928495888
26	30	2	4	-1420851939589/1900463427967104
26	30	2	5	-385218841283/237557928495888
26	30	2	6	-1420851939589/1900463427967104
26	30	3	4	-1420851939589/1900463427967104
26	30	3	5	-385218841283/237557928495888
26	30	3	7	-1420851939589/1900463427967104
26	30	5	6	-1420851939589/1900463427967104
26	30	5	7	-1420851939589/1900463427967104
26	31	2	3	-138147008151701/129706628958754848
26	31	2	4	-20819627227463/79819463974618368
26	31	2	5	-138147008151701/129706628958754848
26	31	2	6	-20819627227463/79819463974618368
26	31	3	4	-20819627227463/79819463974618368
26	31	3	5	-138147008151701/129706628958754848
26	31	3	7	-20819627227463/79819463974618368
26	31	5	6	-20819627227463/79819463974618368
26	31	5	7	-20819627227463/79819463974618368
26	32	1	4	2
26	32	1	5	2
26	32	1	6	2
26	32	1	7	2
26	32	4	6	2
26	33	1	3	2527/4628
26	33	1	4	-475/4628
26	33	1	5	2527/4628
26	33	1	6	-475/4628
26	33	3	5	-437/9256
26	34	1	3	142936867/1413613344
26	34	1	4	-60346565/1413613344
26	34	1	5	142936867/1413613344
26	34	1	6	-60346565/1413613344
26	34	3	5	-264866783/5654453376
26	35	1	3	6193244883/4361468370688
26	35	1	4	31022399625/4361468370688
26	35	1	5	6193244883/4361468370688
26	35	1	6	31022399625/4361468370688
26	35	3	5	117582760137/34891746965504
26	36	1	3	-2001609361860963/282588258673616896
26	36	1	4	708937436164845/282588258673616896
26	36	1	5	-2001609361860963/282588258673616896
26	36	1	6	708937436164845/282588258673616896
26	36	3	5	13984319828229357/4521412138777870336
26	37	1	3	-2561737271198804969/1120987252406999138304
26	37	1	4	-6045994563876083125/7846910766848993968128
26	37	1	5	-2561737271198804969/1120987252406999138304
26	37	1	6	-6045994563876083125/7846910766848993968128
26	37	3	5	-94820686376766850067/251101144539167806980096
26	38	1	2	2
26	38	1	3	2
26	39	1	2	-475/2808
26	39	1	3	-475/2808
26	40	1	2	-6658645/173467008
26	40	1	3	-6658645/173467008
26	41	1	2	11846350375/974190716928
26	41	1	3	11846350375/974190716928
26	42	1	2	67690349244845/38297385463873536
26	42	1	3	67690349244845/38297385463873536
26	43	1	2	-290461871295569375/215078116765113778176
26	43	1	3	-290461871295569375/215078116765113778176
26	56	3	8	1
26	56	3	9	1
26	56	3	12	1
26	56	3	13	1
26	56	6	8	1
26	56	6	9	1
26	56	6	12	1
26	56	6	13	1
26	56	8	8	1/2
26	56	8	19	1
26	56	8	20	1
26	56	9	9	1/2
26	56	9	19	1
26	56	9	20	1
26	56	12	12	1/2
26	56	12	19	1
26	56	12	20	1
26	56	13	13	1/2
26	56	13	19	1
26	56	13	20	1
26	57	6	6	20045/49296
26	57	7	7	20045/49296
26	57	10	10	20045/49296
26	57	11	11	20045/49296
26	58	6	6	401802025/1215047808
26	58	7	7	401802025/1215047808
26	58	10	10	401802025/1215047808
26	58	11	11	401802025/1215047808
26	59	6	6	8054121591125/29948498371584
26	59	7	7	8054121591125/29948498371584
26	59	10	10	8054121591125/29948498371584
26	59	11	11	8054121591125/29948498371584
26	60	6	6	161444867294100625/738170587862802432
26	60	7	7	161444867294100625/738170587862802432
26	60	10	10	161444867294100625/738170587862802432
26	60	11	11	161444867294100625/738170587862802432
26	61	6	6	3236162364910247028125/18194428649642354343936
26	61	7	7	3236162364910247028125/18194428649642354343936
26	61	10	10	3236162364910247028125/18194428649642354343936
26	61	11	11	3236162364910247028125/18194428649642354343936
26	62	3	4	2
26	62	3	6	2
26	62	4	4	1
26	62	4	14	2
26	62	4	19	2
26	62	4	20	2
26	62	6	6	1
26	62	6	14	2
26	62	6	19	2
26	62	6	20	2
26	63	3	3	20045/22542
26	63	5	5	20045/22542
26	64	3	3	401802025/508141764
26	64	5	5	401802025/508141764
26	65	3	3	8054121591125/11454531644088
26	65	5	5	8054121591125/11454531644088
26	66	3	3	161444867294100625/258208052321031696
26	66	5	5	161444867294100625/258208052321031696
26	67	3	3	3236162364910247028125/5820525915420696491232
26	67	5	5	3236162364910247028125/5820525915420696491232
26	86	1	1	1
26	86	1	9	2
26	86	1	12	2
26	86	1	19	2
26	86	1	20	2
26	87	1	1	4009/4134
26	88	1	1	16072081/17089956
26	89	1	1	64432972729/70649878104
26	90	1	1	258311787670561/292066596081936
26	91	1	1	1035571956771279049/1207403308202723424
27	26	2	5	2/3
27	26	2	8	2/3
27	26	4	5	2/3
27	26	4	9	2/3
27	26	7	8	2/3
27	26	7	9	2/3
27	27	2	4	703/4914
27	27	2	6	703/4914
27	27	3	4	703/4914
27	27	3	7	703/4914
27	27	5	6	703/4914
27	27	5	7	703/4914
27	28	2	4	951235/59026968
27	28	2	6	951235/59026968
27	28	3	4	951235/59026968
27	28	3	7	951235/59026968
27	28	5	6	951235/59026968
27	28	5	7	951235/59026968
27	29	2	4	-1624972549/580117041504
27	29	2	6	-1624972549/580117041504
27	29	3	4	-1624972549/580117041504
27	29	3	7	-1624972549/580117041504
27	29	5	6	-1624972549/580117041504
27	29	5	7	-1624972549/580117041504
27	30	2	4	-16281449921993/9502317139835520
27	30	2	6	-16281449921993/9502317139835520
27	30	3	4	-16281449921993/9502317139835520
27	30	3	7	-16281449921993/9502317139835520
27	30	5	6	-16281449921993/9502317139835520
27	30	5	7	-16281449921993/9502317139835520
27	31	2	4	-351804054304337/2075306063340077568
27	31	2	6	-351804054304337/2075306063340077568
27	31	3	4	-351804054304337/2075306063340077568
27	31	3	7	-351804054304337/2075306063340077568
27	31	5	6	-351804054304337/2075306063340077568
27	31	5	7	-351804054304337/2075306063340077568
27	32	1	8	2
27	32	1	9	2
27	32	4	4	1
27	32	4	8	2
27	32	6	6	1
27	32	6	8	2
27	33	1	7	703/1157
27	33	1	8	-95/2314
27	33	3	3	2945/18512
27	33	3	7	-1273/4628
27	33	5	5	2945/18512
27	33	5	7	-1273/4628
27	34	1	7	48817669/353403336
27	34	1	8	-8060047/176701668
27	34	3	3	23523121/11308906752
27	34	3	7	-12194219/1413613344
27	34	5	5	23523121/11308906752
27	34	5	7	-12194219/1413613344
27	35	1	7	3745075731/272591773168
27	35	1	8	387567795/136295886584
27	35	3	3	-492649698405/69783493931008
27	35	3	7	60907775961/4361468370688
27	35	5	5	-492649698405/69783493931008
27	35	5	7	60907775961/4361468370688
27	36	1	7	-71115035516337/12615547262215040
27	36	1	8	4628703615231/1576943407776880
27	36	3	3	-8787950784042537/6459160198254100480
27	36	3	7	-303682409939217/201848756195440640
27	36	5	5	-8787950784042537/6459160198254100480
27	36	5	7	-303682409939217/201848756195440640
27	37	1	7	-56292496821386909/17515425818859361536
27	37	1	8	-677121819871355/2189428227357420192
27	37	3	3	27308086177700663105/71743184154047944851456
27	37	3	7	-1108481043452145841/1120987252406999138304
27	37	5	5	27308086177700663105/71743184154047944851456
27	37	5	7	-1108481043452145841/1120987252406999138304
27	38	1	6	2
27	38	1	8	2
27	39	1	6	-95/702
27	39	1	7	-95/702
27	40	1	6	-227069/5420844
27	40	1	7	-227069/5420844
27	41	1	6	37072895/3805432488
27	41	1	7	37072895/3805432488
27	42	1	6	2822883181/1214278912080
27	42	1	7	2822883181/1214278912080
27	43	1	6	-2046780574885/1875332351816352
27	43	1	7	-2046780574885/1875332351816352
27	44	1	2	2/3
27	44	1	3	2/3
27	44	1	5	2/3
27	45	1	2	-19/312
27	45	1	3	-19/312
27	45	1	5	-19/312
27	46	1	2	-62453/5353920
27	46	1	3	-62453/5353920
27	46	1	5	-62453/5353920
27	47	1	2	130321/30933760
27	47	1	3	130321/30933760
27	47	1	5	130321/30933760
27	48	1	2	71285587/160855552000
27	48	1	3	71285587/160855552000
27	48	1	5	71285587/160855552000
27	49	1	2	-13492263451/30112159334400
27	49	1	3	-13492263451/30112159334400
27	49	1	5	-13492263451/30112159334400
27	56	3	16	1
27	56	3	17	1
27	56	6	16	1
27	56	6	17	1
27	56	16	16	1/2
27	56	16	19	1
27	56	16	20	1
27	56	17	17	1/2
27	56	17	19	1
27	56	17	20	1
27	57	14	14	9709/24648
27	57	15	15	9709/24648
27	58	14	14	94264681/303761952
27	58	15	15	94264681/303761952
27	59	14	14	915215787829/3743562296448
27	59	15	15	915215787829/3743562296448
27	60	14	14	8885830084031761/46135661741425152
27	60	15	15	8885830084031761/46135661741425152
27	61	14	14	86272524285864367549/568575895301323573248
27	61	15	15	86272524285864367549/568575895301323573248
27	62	3	12	2
27	62	3	15	2
27	62	12	12	1
27	62	12	14	2
27	62	12	19	2
27	62	12	20	2
27	62	14	15	2
27	62	15	15	1
27	62	15	19	2
27	62	15	20	2
27	63	11	11	9709/11271
27	63	13	13	9709/11271
27	64	11	11	94264681/127035441
27	64	13	13	94264681/127035441
27	65	11	11	915215787829/1431816455511
27	65	13	13	915215787829/1431816455511
27	66	11	11	8885830084031761/16138003270064481
27	66	13	13	8885830084031761/16138003270064481
27	67	11	11	86272524285864367549/181891434856896765351
27	67	13	13	86272524285864367549/181891434856896765351
27	74	3	4	2/3
27	74	3	6	2/3
27	74	3	10	2/3
27	74	4	4	1/3
27	74	4	18	2/3
27	74	4	19	2/3
27	74	4	20	2/3
27	74	6	6	1/3
27	74	6	18	2/3
27	74	6	19	2/3
27	74	6	20	2/3
27	74	10	10	1/3
27	74	10	18	2/3
27	74	10	19	2/3
27	74	10	20	2/3
27	75	3	3	9709/33540
27	75	5	5	9709/33540
27	75	9	9	9709/33540
27	76	3	3	94264681/374977200
27	76	5	5	94264681/374977200
27	76	9	9	94264681/374977200
27	77	3	3	915215787829/4192245096000
27	77	5	5	915215787829/4192245096000
27	77	9	9	915215787829/4192245096000
27	78	3	3	8885830084031761/46869300173280000
27	78	5	5	8885830084031761/46869300173280000
27	78	9	9	8885830084031761/46869300173280000
27	79	3	3	86272524285864367549/523998775937270400000
27	79	5	5	86272524285864367549/523998775937270400000
27	79	9	9	86272524285864367549/523998775937270400000
27	92	1	1	1
27	92	1	11	2
27	92	1	18	2
27	92	1	19	2
27	92	1	20	2
27	93	1	1	9709/9984
27	94	1	1	94264681/99680256
27	95	1	1	915215787829/995207675904
27	96	1	1	8885830084031761/9936153436225536
27	97	1	1	86272524285864367549/99202555907275751424
28	26	2	9	4/3
28	26	4	8	4/3
28	26	5	7	4/3
28	27	2	7	-95/2457
28	27	3	6	-95/2457
28	27	4	5	-95/2457
28	28	2	7	-2645047/88540452
28	28	3	6	-2645047/88540452
28	28	4	5	-2645047/88540452
28	29	2	7	772700645/290058520752
28	29	3	6	772700645/290058520752
28	29	4	5	772700645/290058520752
28	30	2	7	8944558768183/4751158569917760
28	30	3	6	8944558768183/4751158569917760
28	30	4	5	8944558768183/4751158569917760
28	31	2	7	-68957760066145/239458391923855104
28	31	3	6	-68957760066145/239458391923855104
28	31	4	5	-68957760066145/239458391923855104
28	32	1	2	4
28	32	2	2	2
28	32	2	4	4
28	32	2	6	4
28	33	1	2	1311/1157
28	33	2	2	-817/2314
28	33	2	3	-285/1157
28	33	2	5	-285/1157
28	34	1	2	6545291/29450278
28	34	2	2	763515/58900556
28	34	2	3	-2460937/29450278
28	34	2	5	-2460937/29450278
28	35	1	2	478476981/68147943292
28	35	2	2	2063674189/136295886584
28	35	2	3	1179370755/68147943292
28	35	2	5	1179370755/68147943292
28	36	1	2	-82160854510887/5519301927219080
28	36	2	2	-3855171069557/1003509441312560
28	36	2	3	25963841492073/5519301927219080
28	36	2	5	25963841492073/5519301927219080
28	37	1	2	-13751133983181369/2554332931916990224
28	37	2	2	-3418815760961697/5108665863833980448
28	37	2	3	-4841578982863215/2554332931916990224
28	37	2	5	-4841578982863215/2554332931916990224
28	38	1	1	2
28	39	1	1	1387/2808
28	40	1	1	11752355/173467008
28	41	1	1	-9800338111/974190716928
28	42	1	1	-1579575243115631/191486927319367680
28	43	1	1	-257034022990858273/215078116765113778176
28	56	3	5	2
28	56	5	5	1
28	56	5	6	2
28	56	5	19	2
28	56	5	20	2
28	57	4	4	3439/4108
28	58	4	4	11826721/16875664
28	59	4	4	40672093519/69325227712
28	60	4	4	139871329611841/284788035440896
28	61	4	4	481017502535121199/1169909249591200768
28	62	2	2	2
28	62	2	3	4
28	62	2	14	4
28	62	2	19	4
28	62	2	20	4
28	63	2	2	6878/3757
28	64	2	2	23653442/14115049
28	65	2	2	81344187038/53030239093
28	66	2	2	279742659223682/199234608272401
28	67	2	2	962035005070242398/748524423279410557
28	80	2	2	1/2
28	80	2	9	1
28	80	2	10	1
28	80	2	13	1
28	80	2	20	1
28	80	3	3	1/2
28	80	3	9	1
28	80	3	10	1
28	80	3	13	1
28	80	3	20	1
28	80	5	5	1/2
28	80	5	9	1
28	80	5	10	1
28	80	5	13	1
28	80	5	20	1
28	80	9	11	1
28	80	10	11	1
28	80	11	11	1/2
28	80	11	13	1
28	80	11	20	1
28	81	2	2	10317/23296
28	81	3	3	10317/23296
28	81	5	5	10317/23296
28	81	9	9	10317/23296
28	82	2	2	106440489/271351808
28	82	3	3	106440489/271351808
28	82	5	5	106440489/271351808
28	82	9	9	106440489/271351808
28	83	2	2	1098146525013/3160705859584
28	83	3	3	1098146525013/3160705859584
28	83	5	5	1098146525013/3160705859584
28	83	9	9	1098146525013/3160705859584
28	84	2	2	11329577698559121/36815901852434432
28	84	3	3	11329577698559121/36815901852434432
28	84	5	5	11329577698559121/36815901852434432
28	84	9	9	11329577698559121/36815901852434432
28	85	2	2	116887253116034451357/428831624777156263936
28	85	3	3	116887253116034451357/428831624777156263936
28	85	5	5	116887253116034451357/428831624777156263936
28	85	9	9	116887253116034451357/428831624777156263936
29	26	2	9	2/3
29	26	2	10	2/3
29	26	4	8	2/3
29	26	4	10	2/3
29	26	5	7	2/3
29	26	7	10	2/3
29	27	2	7	551/2457
29	27	2	8	-19/234
29	27	3	6	551/2457
29	27	3	8	-19/234
29	27	4	5	551/2457
29	27	5	8	-19/234
29	28	2	7	11015915/177080904
29	28	2	8	-361/108108
29	28	3	6	11015915/177080904
29	28	3	8	-361/108108
29	28	4	5	11015915/177080904
29	28	5	8	-361/108108
29	29	2	7	268330939/22312193904
29	29	2	8	198911/54810756
29	29	3	6	268330939/22312193904
29	29	3	8	198911/54810756
29	29	4	5	268330939/22312193904
29	29	5	8	198911/54810756
29	30	2	7	2824724225767/9502317139835520
29	30	2	8	-603777193/2094867094320
29	30	3	6	2824724225767/9502317139835520
29	30	3	8	-603777193/2094867094320
29	30	4	5	2824724225767/9502317139835520
29	30	5	8	-603777193/2094867094320
29	31	2	7	-2848634366508767/3112959095010116352
29	31	2	8	-7549625851/32679926671392
29	31	3	6	-2848634366508767/3112959095010116352
29	31	3	8	-7549625851/32679926671392
29	31	4	5	-2848634366508767/3112959095010116352
29	31	5	8	-7549625851/32679926671392
29	32	1	5	2
29	32	1	7	2
29	32	4	5	2
29	32	6	7	2
29	33	1	4	2907/4628
29	33	1	6	2907/4628
29	33	3	4	-3249/9256
29	33	5	6	-3249/9256
29	34	1	4	73101417/471204448
29	34	1	6	73101417/471204448
29	34	3	4	36693123/1884817792
29	34	5	6	36693123/1884817792
29	35	1	4	97064651511/4361468370688
29	35	1	6	97064651511/4361468370688
29	35	3	4	396873969597/34891746965504
29	35	5	6	396873969597/34891746965504
29	36	1	4	-4194252179417439/1412941293368084480
29	36	1	6	-4194252179417439/1412941293368084480
29	36	3	4	-76389316149221199/22607060693889351680
29	36	5	6	-76389316149221199/22607060693889351680
29	37	1	4	-7844473415303963289/2615636922282997989376
29	37	1	6	-7844473415303963289/2615636922282997989376
29	37	3	4	-1665696165706979649/6438490885619687358464
29	37	5	6	-1665696165706979649/6438490885619687358464
29	38	1	5	2
29	38	2	2	1
29	38	2	5	2
29	38	3	3	1
29	38	3	5	2
29	39	1	5	19/36
29	39	2	2	-1121/5616
29	39	2	5	-19/468
29	39	3	3	-1121/5616
29	39	3	5	-19/468
29	40	1	5	448001/4818528
29	40	2	2	5791523/346934016
29	40	2	5	-219127/4818528
29	40	3	3	5791523/346934016
29	40	3	5	-219127/4818528
29	41	1	5	34295/346934016
29	41	2	2	11514388493/1948381433856
29	41	2	5	12641137/4510142208
29	41	3	3	11514388493/1948381433856
29	41	3	5	12641137/4510142208
29	42	1	5	-977344815599/147752258734080
29	42	2	2	-930956529021839/382973854638735360
29	42	2	5	431091572641/147752258734080
29	42	3	3	-930956529021839/382973854638735360
29	42	3	5	431091572641/147752258734080
29	43	1	5	-4146047020273/2127632525770752
29	43	2	2	4875284900309507/430156233530227556352
29	43	2	5	-8404209327167/27659222835019776
29	43	3	3	4875284900309507/430156233530227556352
29	43	3	5	-8404209327167/27659222835019776
29	56	3	10	1
29	56	3	14	1
29	56	6	10	1
29	56	6	14	1
29	56	10	10	1/2
29	56	10	19	1
29	56	10	20	1
29	56	14	14	1/2
29	56	14	19	1
29	56	14	20	1
29	57	8	8	5871/16432
29	57	12	12	5871/16432
29	58	8	8	34468641/135005312
29	58	12	12	34468641/135005312
29	59	8	8	202365391311/1109203643392
29	59	12	12	202365391311/1109203643392
29	60	8	8	1188087212386881/9113217134108672
29	60	12	12	1188087212386881/9113217134108672
29	61	8	8	6975260023923378351/74874191973836849152
29	61	12	12	6975260023923378351/74874191973836849152
29	62	3	11	2
29	62	11	11	1
29	62	11	14	2
29	62	11	19	2
29	62	11	20	2
29	63	10	10	5871/7514
29	64	10	10	34468641/56460196
29	65	10	10	202365391311/424241912744
29	66	10	10	1188087212386881/3187753732358416
29	67	10	10	6975260023923378351/23952781544941137824
29	68	2	2	1/3
29	68	2	11	2/3
29	68	2	14	2/3
29	68	2	19	2/3
29	68	2	20	2/3
29	68	3	3	1/3
29	68	3	11	2/3
29	68	3	14	2/3
29	68	3	19	2/3
29	68	3	20	2/3
29	68	5	5	1/3
29	68	5	11	2/3
29	68	5	14	2/3
29	68	5	19	2/3
29	68	5	20	2/3
29	69	2	2	1957/6552
29	69	3	3	1957/6552
29	69	5	5	1957/6552
29	70	2	2	3829849/14309568
29	70	3	3	3829849/14309568
29	70	5	5	3829849/14309568
29	71	2	2	7495014493/31252096512
29	71	3	3	7495014493/31252096512
29	71	5	5	7495014493/31252096512
29	72	2	2	14667743362801/68254578782208
29	72	3	3	14667743362801/68254578782208
29	72	5	5	14667743362801/68254578782208
29	73	2	2	28704773761001557/149068000060342272
29	73	3	3	28704773761001557/149068000060342272
29	73	5	5	28704773761001557/149068000060342272
29	86	5	5	1
29	86	5	9	2
29	86	5	12	2
29	86	5	19	2
29	86	5	20	2
29	86	9	10	2
29	86	10	10	1
29	86	10	12	2
29	86	10	19	2
29	86	10	20	2
29	87	5	5	5871/6890
29	87	9	9	5871/6890
29	88	5	5	34468641/47472100
29	88	9	9	34468641/47472100
29	89	5	5	202365391311/327082769000
29	89	9	9	202365391311/327082769000
29	90	5	5	1188087212386881/2253600278410000
29	90	9	9	1188087212386881/2253600278410000
29	91	5	5	6975260023923378351/15527305918244900000
29	91	9	9	6975260023923378351/15527305918244900000
30	26	2	10	4/3
30	26	4	10	4/3
30	26	7	10	4/3
30	27	2	8	38/117
30	27	3	8	38/117
30	27	5	8	38/117
30	28	2	8	19133/351351
30	28	3	8	19133/351351
30	28	5	8	19133/351351
30	29	2	8	34295/27405378
30	29	3	8	34295/27405378
30	29	5	8	34295/27405378
30	30	2	8	-133057741/47610615780
30	30	3	8	-133057741/47610615780
30	30	5	8	-133057741/47610615780
30	31	2	8	-6940505497/8169981667848
30	31	3	8	-6940505497/8169981667848
30	31	5	8	-6940505497/8169981667848
30	32	1	9	4
30	33	1	8	1596/1157
30	34	1	8	5848200/14725139
30	35	1	8	1410429888/17036985823
30	36	1	8	3372177855456/689912740902385
30	37	1	8	-10743813369792/2073322184997557
30	38	5	5	2
30	38	5	6	4
30	38	5	8	4
30	39	5	5	19/78
30	39	5	6	-76/117
30	39	5	7	-76/117
30	40	5	5	-1805/133848
30	40	5	6	2888/150579
30	40	5	7	2888/150579
30	41	5	5	-253783/20880288
30	41	5	6	438976/17617743
30	41	5	7	438976/17617743
30	42	5	5	-7949581/10364215680
30	42	5	6	-404516384/72144657585
30	42	5	7	-404516384/72144657585
30	43	5	5	240181603/273615293952
30	43	5	6	-158470336/153471362499
30	43	5	7	-158470336/153471362499
30	44	2	2	2/3
30	44	3	3	2/3
30	44	5	5	2/3
30	45	2	2	-19/130
30	45	3	3	-19/130
30	45	5	5	-19/130
30	46	2	2	3249/185900
30	46	3	3	3249/185900
30	46	5	5	3249/185900
30	47	2	2	61731/24167000
30	47	3	3	61731/24167000
30	47	5	5	61731/24167000
30	48	2	2	-3518667/1999270000
30	48	3	3	-3518667/1999270000
30	48	5	5	-3518667/1999270000
30	49	2	2	601692057/2858956100000
30	49	3	3	601692057/2858956100000
30	49	5	5	601692057/2858956100000
30	56	3	18	2
30	56	6	18	2
30	56	18	18	1
30	56	18	19	2
30	56	18	20	2
30	57	16	16	684/1027
30	58	16	16	467856/1054729
30	59	16	16	320013504/1083206683
30	60	16	16	218889236736/1112453263441
30	61	16	16	149720237927424/1142489501553907
30	68	10	10	2/3
30	68	10	11	4/3
30	68	10	14	4/3
30	68	10	19	4/3
30	68	10	20	4/3
30	68	11	12	4/3
30	68	11	15	4/3
30	68	12	12	2/3
30	68	12	14	4/3
30	68	12	19	4/3
30	68	12	20	4/3
30	68	14	15	4/3
30	68	15	15	2/3
30	68	15	19	4/3
30	68	15	20	4/3
30	69	10	10	152/273
30	69	11	11	152/273
30	69	13	13	152/273
30	70	10	10	11552/24843
30	70	11	11	11552/24843
30	70	13	13	11552/24843
30	71	10	10	877952/2260713
30	71	11	11	877952/2260713
30	71	13	13	877952/2260713
30	72	10	10	66724352/205724883
30	72	11	11	66724352/205724883
30	72	13	13	66724352/205724883
30	73	10	10	5071050752/18720964353
30	73	11	11	5071050752/18720964353
30	73	13	13	5071050752/18720964353
30	92	9	9	2
30	92	9	11	4
30	92	9	18	4
30	92	9	19	4
30	92	9	20	4
30	93	9	9	171/104
30	94	9	9	29241/21632
30	95	9	9	5000211/4499456
30	96	9	9	855036081/935886848
30	97	9	9	146211169851/194664464384
31	26	5	5	4/3
31	26	8	8	4/3
31	26	9	9	4/3
31	27	4	4	-1691/4914
31	27	6	6	-1691/4914
31	27	7	7	-1691/4914
31	28	4	4	22357091/354161808
31	28	6	6	22357091/354161808
31	28	7	7	22357091/354161808
31	29	4	4	-541470037/178497551232
31	29	6	6	-541470037/178497551232
31	29	7	7	-541470037/178497551232
31	30	4	4	-44855777820229/15203707423736832
31	30	6	6	-44855777820229/15203707423736832
31	30	7	7	-44855777820229/15203707423736832
31	31	4	4	107860888135628039/99614691040323723264
31	31	6	6	107860888135628039/99614691040323723264
31	31	7	7	107860888135628039/99614691040323723264
31	32	4	6	8
31	33	3	5	6327/2314
31	34	3	5	363230619/471204448
31	35	3	5	1322415248013/8722936741376
31	36	3	5	4448904281949357/1130353034694467584
31	37	3	5	-19063842131324721897/1609622721404921839616
31	38	1	4	8
31	39	1	4	-95/234
31	40	1	4	-767125/4818528
31	41	1	4	237492875/9020284416
31	42	1	4	1029030906125/118201806987264
31	43	1	4	-590402593121875/221273782680158208
31	62	3	8	8
31	62	8	8	4
31	62	8	14	8
31	62	8	19	8
31	62	8	20	8
31	63	7	7	11400/3757
31	64	7	7	32490000/14115049
31	65	7	7	92596500000/53030239093
31	66	7	7	263900025000000/199234608272401
31	67	7	7	752115071250000000/748524423279410557
31	98	1	1	1
31	98	1	9	2
31	98	1	16	2
31	98	1	19	2
31	98	1	20	2
31	99	1	1	38/39
31	100	1	1	1444/1521
31	101	1	1	54872/59319
31	102	1	1	2085136/2313441
31	103	1	1	79235168/90224199
32	26	5	5	2/3
32	26	8	8	2/3
32	26	9	9	2/3
32	27	4	4	703/9828
32	27	6	6	703/9828
32	27	7	7	703/9828
32	28	4	4	-4449325/708323616
32	28	6	6	-4449325/708323616
32	28	7	7	-4449325/708323616
32	29	4	4	-100751851/27461161728
32	29	6	6	-100751851/27461161728
32	29	7	7	-100751851/27461161728
32	30	4	4	-7486440105113/152037074237368320
32	30	6	6	-7486440105113/152037074237368320
32	30	7	7	-7486440105113/152037074237368320
32	31	4	4	55873157273329829/199229382080647446528
32	31	6	6	55873157273329829/199229382080647446528
32	31	7	7	55873157273329829/199229382080647446528
32	32	4	8	4
32	32	6	8	4
32	32	8	8	2
32	33	3	7	2109/2314
32	33	5	7	2109/2314
32	33	7	7	-38/89
32	34	3	7	27978583/235602224
32	34	5	7	27978583/235602224
32	34	7	7	5500557/117801112
32	35	3	7	-29352287997/2180734185344
32	35	5	7	-29352287997/2180734185344
32	35	7	7	94496443/10484298968
32	36	3	7	-8000572693192119/706470646684042240
32	36	5	7	-8000572693192119/706470646684042240
32	36	7	7	-459851368564559/88308830835505280
32	37	3	7	-2213350483565801583/1307818461141498994688
32	37	5	7	-2213350483565801583/1307818461141498994688
32	37	7	7	715129795907613/1571897188871993984
32	38	1	9	4
32	39	1	8	-95/702
32	40	1	8	-2019073/21683376
32	41	1	8	45715235/4683609216
32	42	1	8	36403143685561/5983966478730240
32	43	1	8	-337289637377345/305508688586809344
32	44	1	4	4/3
32	44	1	6	4/3
32	44	1	7	4/3
32	45	1	4	-19/208
32	45	1	6	-19/208
32	45	1	7	-19/208
32	46	1	4	-762793/28554240
32	46	1	6	-762793/28554240
32	46	1	7	-762793/28554240
32	47	1	4	50269611/7919042560
32	47	1	6	50269611/7919042560
32	47	1	7	50269611/7919042560
32	48	1	4	1622453053107/1153012596736000
32	48	1	6	1622453053107/1153012596736000
32	48	1	7	1622453053107/1153012596736000
32	49	1	4	-131618778090399/191861296096870400
32	49	1	6	-131618778090399/191861296096870400
32	49	1	7	-131618778090399/191861296096870400
32	62	3	17	4
32	62	14	17	4
32	62	17	17	2
32	62	17	19	4
32	62	17	20	4
32	63	15	15	6194/3757
32	64	15	15	19182818/14115049
32	65	15	15	59409187346/53030239093
32	66	15	15	183990253210562/199234608272401
32	67	15	15	569817814193110514/748524423279410557
32	74	3	8	4/3
32	74	3	12	4/3
32	74	3	14	4/3
32	74	8	8	2/3
32	74	8	18	4/3
32	74	8	19	4/3
32	74	8	20	4/3
32	74	12	12	2/3
32	74	12	18	4/3
32	74	12	19	4/3
32	74	12	20	4/3
32	74	14	14	2/3
32	74	14	18	4/3
32	74	14	19	4/3
32	74	14	20	4/3
32	75	7	7	3097/5590
32	75	11	11	3097/5590
32	75	13	13	3097/5590
32	76	7	7	28774227/62496200
32	76	11	11	28774227/62496200
32	76	13	13	28774227/62496200
32	77	7	7	267341343057/698707516000
32	77	11	11	267341343057/698707516000
32	77	13	13	267341343057/698707516000
32	78	7	7	2483868418342587/7811550028880000
32	78	11	11	2483868418342587/7811550028880000
32	78	13	13	2483868418342587/7811550028880000
32	79	7	7	23077621474820975817/87333129322878400000
32	79	11	11	23077621474820975817/87333129322878400000
32	79	13	13	23077621474820975817/87333129322878400000
32	104	1	1	1
32	104	1	15	2
32	104	1	18	2
32	104	1	19	2
32	104	1	20	2
32	105	1	1	3097/3172
32	106	1	1	9591409/10061584
32	107	1	1	29704593673/31915344448
32	108	1	1	91995126605281/101235472589056
32	109	1	1	284908907096555257/321118919052485632
33	26	5	8	2/3
33	26	5	9	2/3
33	26	8	9	2/3
33	27	4	6	-893/9828
33	27	4	7	-893/9828
33	27	6	7	-893/9828
33	28	4	6	-30685/21464352
33	28	4	7	-30685/21464352
33	28	6	7	-30685/21464352
33	29	4	6	1670859259/421903302912
33	29	4	7	1670859259/421903302912
33	29	6	7	1670859259/421903302912
33	30	4	6	-6910323544363/13821552203397120
33	30	4	7	-6910323544363/13821552203397120
33	30	6	7	-6910323544363/13821552203397120
33	31	4	6	-1408754629906543/6037254002443862016
33	31	4	7	-1408754629906543/6037254002443862016
33	31	6	7	-1408754629906543/6037254002443862016
33	32	2	4	2
33	32	2	5	2
33	32	2	6	2
33	32	2	7	2
33	32	4	7	2
33	32	5	6	2
33	33	2	3	703/1157
33	33	2	4	-361/1157
33	33	2	5	703/1157
33	33	2	6	-361/1157
33	33	3	6	133/9256
33	33	4	5	133/9256
33	34	2	3	564604/4015947
33	34	2	4	1444/308919
33	34	2	5	564604/4015947
33	34	2	6	1444/308919
33	34	3	6	-22565749/514041216
33	34	4	5	-22565749/514041216
33	35	2	3	3806745/238279522
33	35	2	4	40269189/3097633786
33	35	2	5	3806745/238279522
33	35	2	6	40269189/3097633786
33	35	3	6	-3005949891/3171976996864
33	35	4	5	-3005949891/3171976996864
33	36	2	3	-575988976491/125438680164070
33	36	2	4	-313918658331/125438680164070
33	36	2	5	-575988976491/125438680164070
33	36	2	6	-313918658331/125438680164070
33	36	3	6	5599722864649971/2055187335808122880
33	36	4	5	5599722864649971/2055187335808122880
33	37	2	3	-522933867378667/174159063539794788
33	37	2	4	-113215489213571/174159063539794788
33	37	2	5	-522933867378667/174159063539794788
33	37	2	6	-113215489213571/174159063539794788
33	37	3	6	320247981163853471/3261053825183997493248
33	37	4	5	320247981163853471/3261053825183997493248
33	38	1	2	2
33	38	1	3	2
33	38	2	3	2
33	39	1	2	1577/2808
33	39	1	3	1577/2808
33	39	2	3	-437/2808
33	40	1	2	1724497/15769728
33	40	1	3	1724497/15769728
33	40	2	3	-571463/15769728
33	41	1	2	314821241/88562792448
33	41	1	3	314821241/88562792448
33	41	2	3	916094899/88562792448
33	42	1	2	-124166485084669/17407902483578880
33	42	1	3	-124166485084669/17407902483578880
33	42	2	3	28249189383731/17407902483578880
33	43	1	2	-3867936252991813/1504042774581215232
33	43	1	3	-3867936252991813/1504042774581215232
33	43	2	3	-123115507470539/115695598044708864
33	62	3	5	2
33	62	3	7	2
33	62	5	5	1
33	62	5	14	2
33	62	5	19	2
33	62	5	20	2
33	62	7	7	1
33	62	7	14	2
33	62	7	19	2
33	62	7	20	2
33	63	4	4	9196/11271
33	63	6	6	9196/11271
33	64	4	4	84566416/127035441
33	64	6	6	84566416/127035441
33	65	4	4	777672761536/1431816455511
33	65	6	6	777672761536/1431816455511
33	66	4	4	7151478715085056/16138003270064481
33	66	6	6	7151478715085056/16138003270064481
33	67	4	4	65764998263922174976/181891434856896765351
33	67	6	6	65764998263922174976/181891434856896765351
33	80	4	4	1/4
33	80	4	9	1/2
33	80	4	10	1/2
33	80	4	13	1/2
33	80	4	20	1/2
33	80	6	6	1/4
33	80	6	9	1/2
33	80	6	10	1/2
33	80	6	13	1/2
33	80	6	20	1/2
33	80	9	14	1/2
33	80	9	16	1/2
33	80	10	14	1/2
33	80	10	16	1/2
33	80	13	14	1/2
33	80	13	16	1/2
33	80	14	14	1/4
33	80	14	20	1/2
33	80	16	16	1/4
33	80	16	20	1/2
33	81	4	4	2299/11648
33	81	6	6	2299/11648
33	81	11	11	2299/11648
33	81	13	13	2299/11648
33	82	4	4	5285401/33918976
33	82	6	6	5285401/33918976
33	82	11	11	5285401/33918976
33	82	13	13	5285401/33918976
33	83	4	4	12151136899/98772058112
33	83	6	6	12151136899/98772058112
33	83	11	11	12151136899/98772058112
33	83	13	13	12151136899/98772058112
33	84	4	4	27935463730801/287624233222144
33	84	6	6	27935463730801/287624233222144
33	84	11	11	27935463730801/287624233222144
33	84	13	13	27935463730801/287624233222144
33	85	4	4	64223631117111499/837561767142883328
33	85	6	6	64223631117111499/837561767142883328
33	85	11	11	64223631117111499/837561767142883328
33	85	13	13	64223631117111499/837561767142883328
33	86	2	2	1
33	86	2	9	2
33	86	2	12	2
33	86	2	19	2
33	86	2	20	2
33	86	3	3	1
33	86	3	9	2
33	86	3	12	2
33	86	3	19	2
33	86	3	20	2
33	87	2	2	9196/10335
33	87	3	3	9196/10335
33	88	2	2	84566416/106812225
33	88	3	3	84566416/106812225
33	89	2	2	777672761536/1103904345375
33	89	3	3	777672761536/1103904345375
33	90	2	2	7151478715085056/11408851409450625
33	90	3	3	7151478715085056/11408851409450625
33	91	2	2	65764998263922174976/117910479316672209375
33	91	3	3	65764998263922174976/117910479316672209375
34	26	5	8	2/3
34	26	5	9	2/3
34	26	8	9	2/3
34	27	4	6	1501/9828
34	27	4	7	1501/9828
34	27	6	7	1501/9828
34	28	4	6	5161217/236107872
34	28	4	7	5161217/236107872
34	28	6	7	5161217/236107872
34	29	4	6	-4675718569/4640936332032
34	29	4	7	-4675718569/4640936332032
34	29	6	7	-4675718569/4640936332032
34	30	4	6	-4330493719919/2764310440679424
34	30	4	7	-4330493719919/2764310440679424
34	30	6	7	-4330493719919/2764310440679424
34	31	4	6	-21260364769951963/66409794026882482176
34	31	4	7	-21260364769951963/66409794026882482176
34	31	6	7	-21260364769951963/66409794026882482176
34	32	4	5	2
34	32	4	9	2
34	32	6	7	2
34	32	6	9	2
34	33	3	4	3515/9256
34	33	3	8	-19/89
34	33	5	6	3515/9256
34	33	5	8	-19/89
34	34	3	4	171252985/5654453376
34	34	3	8	-840769/44175417
34	34	5	6	171252985/5654453376
34	34	5	8	-840769/44175417
34	35	3	4	-353475306975/34891746965504
34	35	3	8	14362746/1310537371
34	35	5	6	-353475306975/34891746965504
34	35	5	8	14362746/1310537371
34	36	3	4	-17965132675105155/4521412138777870336
34	36	3	8	-1578317631/12543868016407
34	36	5	6	-17965132675105155/4521412138777870336
34	36	5	8	-1578317631/12543868016407
34	37	3	4	-5266929874386809875/251101144539167806980096
34	37	3	8	-30917688834649/36841340364187359
34	37	5	6	-5266929874386809875/251101144539167806980096
34	37	5	8	-30917688834649/36841340364187359
34	38	1	6	2
34	38	1	8	2
34	38	2	6	2
34	38	3	8	2
34	39	1	6	209/351
34	39	1	7	209/351
34	39	2	6	-95/351
34	39	3	7	-95/351
34	40	1	6	177973/1355211
34	40	1	7	177973/1355211
34	40	2	6	-12635/1355211
34	40	3	7	-12635/1355211
34	41	1	6	507566/43243551
34	41	1	7	507566/43243551
34	41	2	6	6516050/475679061
34	41	3	7	6516050/475679061
34	42	1	6	-6706448981/1168743452877
34	42	1	7	-6706448981/1168743452877
34	42	2	6	-147914335/106249404807
34	42	3	7	-147914335/106249404807
34	43	1	6	-111976625077/37293541087257
34	43	1	7	-111976625077/37293541087257
34	43	2	6	-398961451375/410228951959827
34	43	3	7	-398961451375/410228951959827
34	44	2	3	2/3
34	44	2	5	2/3
34	44	3	5	2/3
34	45	2	3	-19/780
34	45	2	5	-19/780
34	45	3	5	-19/780
34	46	2	3	-97831/6692400
34	46	2	5	-97831/6692400
34	46	3	5	-97831/6692400
34	47	2	3	322373/193336000
34	47	2	5	322373/193336000
34	47	3	5	322373/193336000
34	48	2	3	315767783/351871520000
34	48	2	5	315767783/351871520000
34	48	3	5	315767783/351871520000
34	49	2	3	-147305605609/823379356800000
34	49	2	5	-147305605609/823379356800000
34	49	3	5	-147305605609/823379356800000
34	62	3	13	2
34	62	3	16	2
34	62	13	13	1
34	62	13	14	2
34	62	13	19	2
34	62	13	20	2
34	62	14	16	2
34	62	16	16	1
34	62	16	19	2
34	62	16	20	2
34	63	12	12	8740/11271
34	63	14	14	8740/11271
34	64	12	12	76387600/127035441
34	64	14	14	76387600/127035441
34	65	12	12	667627624000/1431816455511
34	65	14	14	667627624000/1431816455511
34	66	12	12	5835065433760000/16138003270064481
34	66	14	14	5835065433760000/16138003270064481
34	67	12	12	50998471891062400000/181891434856896765351
34	67	14	14	50998471891062400000/181891434856896765351
34	86	9	15	2
34	86	12	15	2
34	86	15	15	1
34	86	15	19	2
34	86	15	20	2
34	87	13	13	1748/2067
34	88	13	13	3055504/4272489
34	89	13	13	5341020992/8831234763
34	90	13	13	9336104694016/18254162255121
34	91	13	13	16319511005139968/37731353381335107
34	92	3	3	1
34	92	3	11	2
34	92	3	18	2
34	92	3	19	2
34	92	3	20	2
34	92	5	5	1
34	92	5	11	2
34	92	5	18	2
34	92	5	19	2
34	92	5	20	2
34	93	3	3	2185/2496
34	93	5	5	2185/2496
34	94	3	3	4774225/6230016
34	94	5	5	4774225/6230016
34	95	3	3	10431681625/15550119936
34	95	5	5	10431681625/15550119936
34	96	3	3	22793224350625/38813099360256
34	96	5	5	22793224350625/38813099360256
34	97	3	3	49803195206115625/96877496003198976
34	97	5	5	49803195206115625/96877496003198976
35	26	5	10	2/3
35	26	8	10	2/3
35	26	9	10	2/3
35	27	4	8	-19/117
35	27	6	8	-19/117
35	27	7	8	-19/117
35	28	4	8	6137/216216
35	28	6	8	6137/216216
35	28	7	8	6137/216216
35	29	4	8	-322373/219243024
35	29	6	8	-322373/219243024
35	29	7	8	-322373/219243024
35	30	4	8	-18453323279/16758936754560
35	30	6	8	-18453323279/16758936754560
35	30	7	8	-18453323279/16758936754560
35	31	4	8	9461174279/23767219397376
35	31	6	8	9461174279/23767219397376
35	31	7	8	9461174279/23767219397376
35	32	4	7	2
35	32	5	5	1
35	32	5	6	2
35	32	7	7	1
35	33	3	6	6897/9256
35	33	4	4	-399/1424
35	33	4	5	6897/9256
35	33	6	6	-399/1424
35	34	3	6	456169347/1884817792
35	34	4	4	228869307/3769635584
35	34	4	5	456169347/1884817792
35	34	6	6	228869307/3769635584
35	35	3	6	201893149161/3171976996864
35	35	4	4	-37784742597/5367961071616
35	35	4	5	201893149161/3171976996864
35	35	6	6	-37784742597/5367961071616
35	36	3	6	241528491949477041/22607060693889351680
35	36	4	4	-5439852169296669/4110374671616245760
35	36	4	5	241528491949477041/22607060693889351680
35	36	6	6	-5439852169296669/4110374671616245760
35	37	3	6	-5419470837313531449/7609125592095994150912
35	37	4	4	1715842246732300539/1839568824462767816704
35	37	4	5	-5419470837313531449/7609125592095994150912
35	37	6	6	1715842246732300539/1839568824462767816704
35	38	1	4	2
35	38	2	4	2
35	38	2	5	2
35	38	3	4	2
35	38	3	5	2
35	38	4	5	2
35	39	1	4	589/936
35	39	2	4	-361/936
35	39	2	5	323/468
35	39	3	4	-361/936
35	39	3	5	323/468
35	39	4	5	19/156
35	40	1	4	3062363/19274112
35	40	2	4	679763/19274112
35	40	2	5	959177/4818528
35	40	3	4	679763/19274112
35	40	3	5	959177/4818528
35	40	4	5	-16967/535392
35	41	1	4	915793103/36081137664
35	41	2	4	298826053/36081137664
35	41	2	5	188080639/4510142208
35	41	3	4	298826053/36081137664
35	41	3	5	188080639/4510142208
35	41	4	5	-1118017/167042304
35	42	1	4	-314973997789/214912376340480
35	42	2	4	-8976510349679/2364036139745280
35	42	2	5	381548741281/147752258734080
35	42	3	4	-8976510349679/2364036139745280
35	42	3	5	381548741281/147752258734080
35	42	4	5	2408462401/1824101959680
35	43	1	4	-2311288258428343/885095130720632832
35	43	2	4	164253495491707/885095130720632832
35	43	2	5	-6415792881811/2514474803183616
35	43	3	4	164253495491707/885095130720632832
35	43	3	5	-6415792881811/2514474803183616
35	43	4	5	65104071007/113823962284032
35	62	3	9	2
35	62	9	9	1
35	62	9	14	2
35	62	9	19	2
35	62	9	20	2
35	63	8	8	4959/7514
35	64	8	8	24591681/56460196
35	65	8	8	121950146079/424241912744
35	66	8	8	604750774405761/3187753732358416
35	67	8	8	2998959090278168799/23952781544941137824
35	68	4	4	1/3
35	68	4	11	2/3
35	68	4	14	2/3
35	68	4	19	2/3
35	68	4	20	2/3
35	68	6	6	1/3
35	68	6	11	2/3
35	68	6	14	2/3
35	68	6	19	2/3
35	68	6	20	2/3
35	68	7	7	1/3
35	68	7	11	2/3
35	68	7	14	2/3
35	68	7	19	2/3
35	68	7	20	2/3
35	69	4	4	551/2184
35	69	6	6	551/2184
35	69	7	7	551/2184
35	70	4	4	303601/1589952
35	70	6	6	303601/1589952
35	70	7	7	303601/1589952
35	71	4	4	167284151/1157485056
35	71	6	6	167284151/1157485056
35	71	7	7	167284151/1157485056
35	72	4	4	92173567201/842649120768
35	72	6	6	92173567201/842649120768
35	72	7	7	92173567201/842649120768
35	73	4	4	50787635527751/613448559919104
35	73	6	6	50787635527751/613448559919104
35	73	7	7	50787635527751/613448559919104
35	86	6	6	1
35	86	6	9	2
35	86	6	12	2
35	86	6	19	2
35	86	6	20	2
35	86	9	13	2
35	86	12	13	2
35	86	13	13	1
35	86	13	19	2
35	86	13	20	2
35	87	6	6	4959/6890
35	87	11	11	4959/6890
35	88	6	6	24591681/47472100
35	88	11	11	24591681/47472100
35	89	6	6	121950146079/327082769000
35	89	11	11	121950146079/327082769000
35	90	6	6	604750774405761/2253600278410000
35	90	11	11	604750774405761/2253600278410000
35	91	6	6	2998959090278168799/15527305918244900000
35	91	11	11	2998959090278168799/15527305918244900000
35	98	2	2	1/4
35	98	2	9	1/2
35	98	2	16	1/2
35	98	2	19	1/2
35	98	2	20	1/2
35	98	3	3	1/4
35	98	3	9	1/2
35	98	3	16	1/2
35	98	3	19	1/2
35	98	3	20	1/2
35	98	5	5	1/4
35	98	5	9	1/2
35	98	5	16	1/2
35	98	5	19	1/2
35	98	5	20	1/2
35	98	9	10	1/2
35	98	10	10	1/4
35	98	10	16	1/2
35	98	10	19	1/2
35	98	10	20	1/2
35	99	2	2	551/2600
35	99	3	3	551/2600
35	99	5	5	551/2600
35	99	9	9	551/2600
35	100	2	2	303601/1690000
35	100	3	3	303601/1690000
35	100	5	5	303601/1690000
35	100	9	9	303601/1690000
35	101	2	2	167284151/1098500000
35	101	3	3	167284151/1098500000
35	101	5	5	167284151/1098500000
35	101	9	9	167284151/1098500000
35	102	2	2	92173567201/714025000000
35	102	3	3	92173567201/714025000000
35	102	5	5	92173567201/714025000000
35	102	9	9	92173567201/714025000000
35	103	2	2	50787635527751/464116250000000
35	103	3	3	50787635527751/464116250000000
35	103	5	5	50787635527751/464116250000000
35	103	9	9	50787635527751/464116250000000
36	26	5	10	2/3
36	26	8	10	2/3
36	26	9	10	2/3
36	27	4	8	19/234
36	27	6	8	19/234
36	27	7	8	19/234
36	28	4	8	-6137/2810808
36	28	6	8	-6137/2810808
36	28	7	8	-6137/2810808
36	29	4	8	-1406095/438486048
36	29	6	8	-1406095/438486048
36	29	7	8	-1406095/438486048
36	30	4	8	-5185602911/16758936754560
36	30	6	8	-5185602911/16758936754560
36	30	7	8	-5185602911/16758936754560
36	31	4	8	92202498463/522878826742272
36	31	6	8	92202498463/522878826742272
36	31	7	8	92202498463/522878826742272
36	32	4	9	2
36	32	6	9	2
36	33	3	8	1197/2314
36	33	5	8	1197/2314
36	34	3	8	5615355/58900556
36	34	5	8	5615355/58900556
36	35	3	8	649471851/136295886584
36	35	5	8	649471851/136295886584
36	36	3	8	-48500253846567/11038603854438160
36	36	5	8	-48500253846567/11038603854438160
36	37	3	8	-1192539818056689/729809409119140064
36	37	5	8	-1192539818056689/729809409119140064
36	38	1	9	2
36	38	5	6	2
36	38	5	8	2
36	38	5	9	2
36	38	6	6	1
36	38	8	8	1
36	39	1	8	931/1404
36	39	5	6	95/234
36	39	5	7	95/234
36	39	5	8	-19/117
36	39	6	6	-323/1404
36	39	7	7	-323/1404
36	40	1	8	7701935/43366752
36	40	5	6	24187/602316
36	40	5	7	24187/602316
36	40	5	8	-35017/1204632
36	40	6	6	344755/10841688
36	40	7	7	344755/10841688
36	41	1	8	3758505653/121773839616
36	41	5	6	-1268915/140941944
36	41	5	7	-1268915/140941944
36	41	5	8	2599561/281883888
36	41	6	6	18306671/7610864976
36	41	7	7	18306671/7610864976
36	42	1	8	-14078524328711/11967932957460480
36	42	5	6	-5224177927/1154314521360
36	42	5	7	-5224177927/1154314521360
36	42	5	8	789614939/839501470080
36	42	6	6	-44970779717/16999904769120
36	42	7	7	-44970779717/16999904769120
36	43	1	8	-279437139232517/87288196739088384
36	43	5	6	-15240389345/54021919599648
36	43	5	7	-15240389345/54021919599648
36	43	5	8	-348340083419/432175356797184
36	43	6	6	12489995526077/26254652925428928
36	43	7	7	12489995526077/26254652925428928
36	44	2	4	2/3
36	44	2	6	2/3
36	44	3	4	2/3
36	44	3	7	2/3
36	44	5	6	2/3
36	44	5	7	2/3
36	45	2	4	-57/520
36	45	2	6	-57/520
36	45	3	4	-57/520
36	45	3	7	-57/520
36	45	5	6	-57/520
36	45	5	7	-57/520
36	46	2	4	11191/2974400
36	46	2	6	11191/2974400
36	46	3	4	11191/2974400
36	46	3	7	11191/2974400
36	46	5	6	11191/2974400
36	46	5	7	11191/2974400
36	47	2	4	3148281/773344000
36	47	2	6	3148281/773344000
36	47	3	4	3148281/773344000
36	47	3	7	3148281/773344000
36	47	5	6	3148281/773344000
36	47	5	7	3148281/773344000
36	48	2	4	-5422265847/5629944320000
36	48	2	6	-5422265847/5629944320000
36	48	3	4	-5422265847/5629944320000
36	48	3	7	-5422265847/5629944320000
36	48	5	6	-5422265847/5629944320000
36	48	5	7	-5422265847/5629944320000
36	49	2	4	-455480887149/2927571046400000
36	49	2	6	-455480887149/2927571046400000
36	49	3	4	-455480887149/2927571046400000
36	49	3	7	-455480887149/2927571046400000
36	49	5	6	-455480887149/2927571046400000
36	49	5	7	-455480887149/2927571046400000
36	62	3	18	2
36	62	14	18	2
36	62	18	18	1
36	62	18	19	2
36	62	18	20	2
36	63	16	16	2679/3757
36	64	16	16	7177041/14115049
36	65	16	16	19227292839/53030239093
36	66	16	16	51509917515681/199234608272401
36	67	16	16	137995069024509399/748524423279410557
36	68	11	13	2/3
36	68	11	16	2/3
36	68	11	17	2/3
36	68	13	13	1/3
36	68	13	14	2/3
36	68	13	19	2/3
36	68	13	20	2/3
36	68	14	16	2/3
36	68	14	17	2/3
36	68	16	16	1/3
36	68	16	19	2/3
36	68	16	20	2/3
36	68	17	17	1/3
36	68	17	19	2/3
36	68	17	20	2/3
36	69	12	12	893/3276
36	69	14	14	893/3276
36	69	15	15	893/3276
36	70	12	12	797449/3577392
36	70	14	14	797449/3577392
36	70	15	15	797449/3577392
36	71	12	12	712121957/3906512064
36	71	14	14	712121957/3906512064
36	71	15	15	712121957/3906512064
36	72	12	12	635924907601/4265911173888
36	72	14	14	635924907601/4265911173888
36	72	15	15	635924907601/4265911173888
36	73	12	12	567880942487693/4658375001885696
36	73	14	14	567880942487693/4658375001885696
36	73	15	15	567880942487693/4658375001885696
36	92	11	12	2
36	92	11	14	2
36	92	12	12	1
36	92	12	18	2
36	92	12	19	2
36	92	12	20	2
36	92	14	14	1
36	92	14	18	2
36	92	14	19	2
36	92	14	20	2
36	93	11	11	2679/3328
36	93	13	13	2679/3328
36	94	11	11	7177041/11075584
36	94	13	13	7177041/11075584
36	95	11	11	19227292839/36859543552
36	95	13	13	19227292839/36859543552
36	96	11	11	51509917515681/122668560941056
36	96	13	13	51509917515681/122668560941056
36	97	11	11	137995069024509399/408240970811834368
36	97	13	13	137995069024509399/408240970811834368
36	104	5	5	1/2
36	104	5	15	1
36	104	5	18	1
36	104	5	19	1
36	104	5	20	1
36	104	9	9	1/2
36	104	9	15	1
36	104	9	18	1
36	104	9	19	1
36	104	9	20	1
36	105	5	5	2679/6344
36	105	9	9	2679/6344
36	106	5	5	7177041/20123168
36	106	9	9	7177041/20123168
36	107	5	5	19227292839/63830688896
36	107	9	9	19227292839/63830688896
36	108	5	5	51509917515681/202470945178112
36	108	9	9	51509917515681/202470945178112
36	109	5	5	137995069024509399/642237838104971264
36	109	9	9	137995069024509399/642237838104971264
37	26	10	10	2
37	27	8	8	-19/26
37	28	8	8	1805/7436
37	29	8	8	-6859/96668
37	30	8	8	2997383/175935760
37	31	8	8	-2476099/914865952
37	38	4	4	6
37	38	4	5	12
37	39	4	4	-209/104
37	39	4	5	133/26
37	40	4	4	419843/713856
37	40	4	5	179417/89232
37	41	4	4	-5672393/40495104
37	41	4	5	19829369/27840384
37	42	4	4	30195766663/1389791969280
37	42	4	5	9459089143/43430999040
37	43	4	4	1131577243/1212909355008
37	43	4	5	10798267739/208468795392
37	68	8	8	2
37	68	8	11	4
37	68	8	14	4
37	68	8	19	4
37	68	8	20	4
37	69	8	8	57/52
37	70	8	8	3249/5408
37	71	8	8	185193/562432
37	72	8	8	10556001/58492928
37	73	8	8	601692057/6083264512
37	98	4	4	3/2
37	98	4	9	3
37	98	4	16	3
37	98	4	19	3
37	98	4	20	3
37	98	9	14	3
37	98	14	14	3/2
37	98	14	16	3
37	98	14	19	3
37	98	14	20	3
37	99	4	4	1197/1300
37	99	13	13	1197/1300
37	100	4	4	477603/845000
37	100	13	13	477603/845000
37	101	4	4	190563597/549250000
37	101	13	13	190563597/549250000
37	102	4	4	76034875203/357012500000
37	102	13	13	76034875203/357012500000
37	103	4	4	30337915205997/232058125000000
37	103	13	13	30337915205997/232058125000000
38	26	10	10	2
38	28	8	8	-361/11154
38	30	8	8	130321/87967880
38	38	5	9	12
38	39	5	8	133/39
38	40	5	8	149093/200772
38	41	5	8	7730093/93961296
38	42	5	8	-4268403713/219869432640
38	43	5	8	-258551781481/20579778895104
38	44	4	4	2
38	44	6	6	2
38	44	7	7	2
38	45	4	4	-1083/2080
38	45	6	6	-1083/2080
38	45	7	7	-1083/2080
38	46	4	4	9262899/95180800
38	46	6	6	9262899/95180800
38	46	7	7	9262899/95180800
38	47	4	4	-165377349/30457856000
38	47	6	6	-165377349/30457856000
38	47	7	7	-165377349/30457856000
38	48	4	4	-7070715593829/1647160852480000
38	48	6	6	-7070715593829/1647160852480000
38	48	7	7	-7070715593829/1647160852480000
38	49	4	4	11396355024221127/6852189146316800000
38	49	6	6	11396355024221127/6852189146316800000
38	49	7	7	11396355024221127/6852189146316800000
38	68	11	18	4
38	68	14	18	4
38	68	18	18	2
38	68	18	19	4
38	68	18	20	4
38	69	16	16	19/13
38	70	16	16	361/338
38	71	16	16	6859/8788
38	72	16	16	130321/228488
38	73	16	16	2476099/5940688
38	104	13	13	3
38	104	13	15	6
38	104	13	18	6
38	104	13	19	6
38	104	13	20	6
38	105	13	13	3591/1586
38	106	13	13	4298427/2515396
38	107	13	13	5145217119/3989418056
38	108	13	13	6158824891443/6327217036816
38	109	13	13	7372113395057271/10034966220390176
39	32	8	8	12
39	33	7	7	2109/1157
39	34	7	7	115881/58900556
39	35	7	7	-22685916153/272591773168
39	36	7	7	-7945880013921/573433966464320
39	37	7	7	28408222986771471/5838475272953120512
39	44	1	8	8
39	45	1	8	-19/52
39	46	1	8	-222737/1189760
39	47	1	8	13450499/494940160
39	48	1	8	62708249743/5147377664000
39	49	1	8	-123193353547/38932892876800
39	74	3	16	8
39	74	16	16	4
39	74	16	18	8
39	74	16	19	8
39	74	16	20	8
39	75	15	15	9576/2795
39	76	15	15	22924944/7812025
39	77	15	15	54882315936/21834609875
39	78	15	15	131388264350784/61027734600625
39	79	15	15	314543504855776896/170572518208746875
39	110	1	1	1
39	110	1	17	2
39	110	1	18	2
39	110	1	19	2
39	110	1	20	2
39	111	1	1	1197/1222
39	112	1	1	1432809/1493284
39	113	1	1	1715072373/1824793048
39	114	1	1	2052941630481/2229897104656
39	115	1	1	2457371131685757/2724934261889632
40	32	2	2	6
40	32	2	8	12
40	33	2	2	1311/1157
40	33	2	7	-570/1157
40	34	2	2	982281/14725139
40	34	2	7	-4039590/14725139
40	35	2	2	-733096779/17036985823
40	35	2	7	603934950/17036985823
40	36	2	2	-1884602345793/137982548180477
40	36	2	7	2415654816990/137982548180477
40	37	2	2	14458934976699/12280446788062453
40	37	2	7	-49069472907750/12280446788062453
40	44	1	1	2
40	45	1	1	209/416
40	46	1	1	272555/3807232
40	47	1	1	-2723023/287965184
40	48	1	1	-783671128511/92241007738880
40	49	1	1	-1895154176521/1395354880704512
40	74	2	2	2
40	74	2	3	4
40	74	2	18	4
40	74	2	19	4
40	74	2	20	4
40	75	2	2	1026/559
40	76	2	2	526338/312481
40	77	2	2	270011394/174676879
40	78	2	2	138515845122/97644375361
40	79	2	2	71058628547586/54583205826799
40	80	7	7	3/2
40	80	7	9	3
40	80	7	10	3
40	80	7	13	3
40	80	7	20	3
40	80	9	12	3
40	80	10	12	3
40	80	12	12	3/2
40	80	12	13	3
40	80	12	20	3
40	81	7	7	7695/5824
40	81	10	10	7695/5824
40	82	7	7	19737675/16959488
40	82	10	10	19737675/16959488
40	83	7	7	50627136375/49386029056
40	83	10	10	50627136375/49386029056
40	84	7	7	129858604801875/143812116611072
40	84	10	10	129858604801875/143812116611072
40	85	7	7	333087321316809375/418780883571441664
40	85	10	10	333087321316809375/418780883571441664
41	32	2	5	2
41	32	2	7	2
41	32	2	8	2
41	32	2	9	2
41	32	5	8	2
41	32	7	8	2
41	33	2	4	969/2314
41	33	2	6	969/2314
41	33	2	7	1501/2314
41	33	2	8	-627/2314
41	33	4	7	-1083/4628
41	33	6	7	-1083/4628
41	34	2	4	203243/4530812
41	34	2	6	203243/4530812
41	34	2	7	759183/4530812
41	34	2	8	-359917/58900556
41	34	4	7	-7275233/471204448
41	34	6	7	-7275233/471204448
41	35	2	4	-1163814543/136295886584
41	35	2	6	-1163814543/136295886584
41	35	2	7	3621257063/136295886584
41	35	2	8	154018845/12390535144
41	35	4	7	3967883487/335497566976
41	35	6	7	3967883487/335497566976
41	36	2	4	-4843183571253/1003509441312560
41	36	2	6	-4843183571253/1003509441312560
41	36	2	7	-25415360802583/11038603854438160
41	36	2	8	-15992068231863/11038603854438160
41	36	4	7	-776094307143399/1412941293368084480
41	36	6	7	-776094307143399/1412941293368084480
41	37	2	4	-2098957346521533/5108665863833980448
41	37	2	6	-2098957346521533/5108665863833980448
41	37	2	7	-1498237297040577/464424169439452768
41	37	2	8	-363687883462521/464424169439452768
41	37	4	7	-2288763597107862999/2615636922282997989376
41	37	6	7	-2288763597107862999/2615636922282997989376
41	38	2	2	1
41	38	2	8	2
41	38	3	3	1
41	38	3	6	2
41	39	2	2	931/5616
41	39	2	7	-19/702
41	39	3	3	931/5616
41	39	3	6	-19/702
41	40	2	2	1372883/346934016
41	40	2	7	-253061/5420844
41	40	3	3	1372883/346934016
41	40	3	6	-253061/5420844
41	41	2	2	-13918536583/1948381433856
41	41	2	7	7249963/3805432488
41	41	3	3	-13918536583/1948381433856
41	41	3	6	7249963/3805432488
41	42	2	2	-596822784728399/382973854638735360
41	42	2	7	26171975467/8499952384560
41	42	3	3	-596822784728399/382973854638735360
41	42	3	6	26171975467/8499952384560
41	43	2	2	1658949502979573/4726991577255247872
41	43	2	7	-2765537640407/13127326462714464
41	43	3	3	1658949502979573/4726991577255247872
41	43	3	6	-2765537640407/13127326462714464
41	44	1	2	2/3
41	44	1	3	2/3
41	44	1	5	2/3
41	45	1	2	19/104
41	45	1	3	19/104
41	45	1	5	19/104
41	46	1	2	361/10560
41	46	1	3	361/10560
41	46	1	5	361/10560
41	47	1	2	20577/30933760
41	47	1	3	20577/30933760
41	47	1	5	20577/30933760
41	48	1	2	-2618279211/1125988864000
41	48	1	3	-2618279211/1125988864000
41	48	1	5	-2618279211/1125988864000
41	49	1	2	-18073046601/23420568371200
41	49	1	3	-18073046601/23420568371200
41	49	1	5	-18073046601/23420568371200
41	74	3	5	2/3
41	74	3	7	2/3
41	74	3	11	2/3
41	74	5	5	1/3
41	74	5	18	2/3
41	74	5	19	2/3
41	74	5	20	2/3
41	74	7	7	1/3
41	74	7	18	2/3
41	74	7	19	2/3
41	74	7	20	2/3
41	74	11	11	1/3
41	74	11	18	2/3
41	74	11	19	2/3
41	74	11	20	2/3
41	75	4	4	2983/11180
41	75	6	6	2983/11180
41	75	10	10	2983/11180
41	76	4	4	26694867/124992400
41	76	6	6	26694867/124992400
41	76	10	10	26694867/124992400
41	77	4	4	238892364783/1397415032000
41	77	6	6	238892364783/1397415032000
41	77	10	10	238892364783/1397415032000
41	78	4	4	2137847772443067/15623100057760000
41	78	6	6	2137847772443067/15623100057760000
41	78	10	10	2137847772443067/15623100057760000
41	79	4	4	19131599715593006583/174666258645756800000
41	79	6	6	19131599715593006583/174666258645756800000
41	79	10	10	19131599715593006583/174666258645756800000
41	80	8	8	1/4
41	80	8	9	1/2
41	80	8	10	1/2
41	80	8	13	1/2
41	80	8	20	1/2
41	80	9	15	1/2
41	80	9	17	1/2
41	80	9	18	1/2
41	80	10	15	1/2
41	80	10	17	1/2
41	80	10	18	1/2
41	80	13	15	1/2
41	80	13	17	1/2
41	80	13	18	1/2
41	80	15	15	1/4
41	80	15	20	1/2
41	80	17	17	1/4
41	80	17	20	1/2
41	80	18	18	1/4
41	80	18	20	1/2
41	81	8	8	8949/46592
41	81	12	12	8949/46592
41	81	14	14	8949/46592
41	81	15	15	8949/46592
41	82	8	8	80084601/542703616
41	82	12	12	80084601/542703616
41	82	14	14	80084601/542703616
41	82	15	15	80084601/542703616
41	83	8	8	716677094349/6321411719168
41	83	12	12	716677094349/6321411719168
41	83	14	14	716677094349/6321411719168
41	83	15	15	716677094349/6321411719168
41	84	8	8	6413543317329201/73631803704868864
41	84	12	12	6413543317329201/73631803704868864
41	84	14	14	6413543317329201/73631803704868864
41	84	15	15	6413543317329201/73631803704868864
41	85	8	8	57394799146779019749/857663249554312527872
41	85	12	12	57394799146779019749/857663249554312527872
41	85	14	14	57394799146779019749/857663249554312527872
41	85	15	15	57394799146779019749/857663249554312527872
41	86	7	7	1
41	86	7	9	2
41	86	7	12	2
41	86	7	19	2
41	86	7	20	2
41	86	9	11	2
41	86	11	11	1
41	86	11	12	2
41	86	11	19	2
41	86	11	20	2
41	87	7	7	2983/3445
41	87	10	10	2983/3445
41	88	7	7	8898289/11868025
41	88	10	10	8898289/11868025
41	89	7	7	26543596087/40885346125
41	89	10	10	26543596087/40885346125
41	90	7	7	79179547127521/140850017400625
41	90	10	10	79179547127521/140850017400625
41	91	7	7	236192589081395143/485228309945153125
41	91	10	10	236192589081395143/485228309945153125
41	92	2	2	1
41	92	2	11	2
41	92	2	18	2
41	92	2	19	2
41	92	2	20	2
41	93	2	2	2983/3328
41	94	2	2	8898289/11075584
41	95	2	2	26543596087/36859543552
41	96	2	2	79179547127521/122668560941056
41	97	2	2	236192589081395143/408240970811834368
42	32	5	5	1
42	32	5	8	2
42	32	7	7	1
42	32	7	8	2
42	32	8	9	2
42	33	4	4	1577/18512
42	33	4	7	2299/4628
42	33	6	6	1577/18512
42	33	6	7	2299/4628
42	33	7	8	-893/2314
42	34	4	4	-143605439/11308906752
42	34	4	7	117999709/1413613344
42	34	6	6	-143605439/11308906752
42	34	6	7	117999709/1413613344
42	34	7	8	469661/13592436
42	35	4	4	-312747292029/69783493931008
42	35	4	7	359665383/396497124608
42	35	6	6	-312747292029/69783493931008
42	35	6	7	359665383/396497124608
42	35	7	8	1190523489/136295886584
42	36	4	4	14023469935685121/45214121387778703360
42	36	4	7	-6935413235071719/1412941293368084480
42	36	6	6	14023469935685121/45214121387778703360
42	36	6	7	-6935413235071719/1412941293368084480
42	36	7	8	-42946120871223/11038603854438160
42	37	4	4	181242407728109219903/502202289078335613960192
42	37	4	7	-1018117364328025489/713355524258999451648
42	37	6	6	181242407728109219903/502202289078335613960192
42	37	6	7	-1018117364328025489/713355524258999451648
42	37	7	8	2434550818942393/15325997591501941344
42	38	2	6	2
42	38	2	9	2
42	38	3	8	2
42	38	3	9	2
42	39	2	6	323/702
42	39	2	8	-361/1404
42	39	3	7	323/702
42	39	3	8	-361/1404
42	40	2	6	336091/5420844
42	40	2	8	-468217/43366752
42	40	3	7	336091/5420844
42	40	3	8	-468217/43366752
42	41	2	6	-22504379/3805432488
42	41	2	8	1542088393/121773839616
42	41	3	7	-22504379/3805432488
42	41	3	8	1542088393/121773839616
42	42	2	6	-523935120103/93499476230160
42	42	2	8	-12957436362359/11967932957460480
42	42	3	7	-523935120103/93499476230160
42	42	3	8	-12957436362359/11967932957460480
42	43	2	6	-12105596012921/13127326462714464
42	43	2	8	-458439575368001/517014703762292736
42	43	3	7	-12105596012921/13127326462714464
42	43	3	8	-458439575368001/517014703762292736
42	44	1	4	2/3
42	44	1	6	2/3
42	44	1	7	2/3
42	44	2	7	2/3
42	44	3	6	2/3
42	44	4	5	2/3
42	45	1	4	19/96
42	45	1	6	19/96
42	45	1	7	19/96
42	45	2	7	19/1560
42	45	3	6	19/1560
42	45	4	5	19/1560
42	46	1	4	7530821/171325440
42	46	1	6	7530821/171325440
42	46	1	7	7530821/171325440
42	46	2	7	-390241/26769600
42	46	3	6	-390241/26769600
42	46	4	5	-390241/26769600
42	47	1	4	5192263/1218314240
42	47	1	6	5192263/1218314240
42	47	1	7	5192263/1218314240
42	47	2	7	-48013/59488000
42	47	3	6	-48013/59488000
42	47	4	5	-48013/59488000
42	48	1	4	-3963209263693/2306025193472000
42	48	1	6	-3963209263693/2306025193472000
42	48	1	7	-3963209263693/2306025193472000
42	48	2	7	5065968233/5629944320000
42	48	3	6	5065968233/5629944320000
42	48	4	5	5065968233/5629944320000
42	49	1	4	-253849909661603/265654102287974400
42	49	1	6	-253849909661603/265654102287974400
42	49	1	7	-253849909661603/265654102287974400
42	49	2	7	2213115001309/26348139417600000
42	49	3	6	2213115001309/26348139417600000
42	49	4	5	2213115001309/26348139417600000
42	74	3	9	2/3
42	74	3	13	2/3
42	74	3	15	2/3
42	74	9	9	1/3
42	74	9	18	2/3
42	74	9	19	2/3
42	74	9	20	2/3
42	74	13	13	1/3
42	74	13	18	2/3
42	74	13	19	2/3
42	74	13	20	2/3
42	74	15	15	1/3
42	74	15	18	2/3
42	74	15	19	2/3
42	74	15	20	2/3
42	75	8	8	8341/33540
42	75	12	12	8341/33540
42	75	14	14	8341/33540
42	76	8	8	69572281/374977200
42	76	12	12	69572281/374977200
42	76	14	14	69572281/374977200
42	77	8	8	580302395821/4192245096000
42	77	12	12	580302395821/4192245096000
42	77	14	14	580302395821/4192245096000
42	78	8	8	4840302283542961/46869300173280000
42	78	12	12	4840302283542961/46869300173280000
42	78	14	14	4840302283542961/46869300173280000
42	79	8	8	40372961347031837701/523998775937270400000
42	79	12	12	40372961347031837701/523998775937270400000
42	79	14	14	40372961347031837701/523998775937270400000
42	86	9	16	2
42	86	9	17	2
42	86	12	16	2
42	86	12	17	2
42	86	16	16	1
42	86	16	19	2
42	86	16	20	2
42	86	17	17	1
42	86	17	19	2
42	86	17	20	2
42	87	14	14	8341/10335
42	87	15	15	8341/10335
42	88	14	14	69572281/106812225
42	88	15	15	69572281/106812225
42	89	14	14	580302395821/1103904345375
42	89	15	15	580302395821/1103904345375
42	90	14	14	4840302283542961/11408851409450625
42	90	15	15	4840302283542961/11408851409450625
42	91	14	14	40372961347031837701/117910479316672209375
42	91	15	15	40372961347031837701/117910479316672209375
42	92	7	7	1
42	92	7	11	2
42	92	7	18	2
42	92	7	19	2
42	92	7	20	2
42	93	7	7	8341/9984
42	94	7	7	69572281/99680256
42	95	7	7	580302395821/995207675904
42	96	7	7	4840302283542961/9936153436225536
42	97	7	7	40372961347031837701/99202555907275751424
42	104	2	2	1/2
42	104	2	15	1
42	104	2	18	1
42	104	2	19	1
42	104	2	20	1
42	104	3	3	1/2
42	104	3	15	1
42	104	3	18	1
42	104	3	19	1
42	104	3	20	1
42	105	2	2	8341/19032
42	105	3	3	8341/19032
42	106	2	2	69572281/181108512
42	106	3	3	69572281/181108512
42	107	2	2	580302395821/1723428600192
42	107	3	3	580302395821/1723428600192
42	108	2	2	4840302283542961/16400146559427072
42	108	3	3	4840302283542961/16400146559427072
42	109	2	2	40372961347031837701/156063794659508017152
42	109	3	3	40372961347031837701/156063794659508017152
43	32	8	9	6
43	33	7	8	1197/1157
43	34	7	8	843657/14725139
43	35	7	8	-543171069/17036985823
43	36	7	8	-6475075644069/689912740902385
43	37	7	8	15202150948143/22806544034973127
43	38	6	6	3
43	38	8	8	3
43	39	6	6	95/234
43	39	7	7	95/234
43	40	6	6	-10469/903474
43	40	7	7	-10469/903474
43	41	6	6	-6207395/317119374
43	41	7	7	-6207395/317119374
43	42	6	6	-8301838663/3895811509590
43	42	7	7	-8301838663/3895811509590
43	43	6	6	358551515695/273485967973218
43	43	7	7	358551515695/273485967973218
43	44	1	8	2
43	44	2	8	2
43	44	3	8	2
43	44	5	8	2
43	45	1	8	133/208
43	45	2	8	-57/260
43	45	3	8	-57/260
43	45	5	8	-57/260
43	46	1	8	759183/4759040
43	46	2	8	-15523/743600
43	46	3	8	-15523/743600
43	46	5	8	-15523/743600
43	47	1	8	44123947/1979760640
43	47	2	8	1172889/96668000
43	47	3	8	1172889/96668000
43	47	5	8	1172889/96668000
43	48	1	8	-546644336279/144126574592000
43	48	2	8	-34013781/351871520000
43	48	3	8	-34013781/351871520000
43	48	5	8	-34013781/351871520000
43	49	1	8	-452687847477/131772868198400
43	49	2	8	-91791466029/91486595200000
43	49	3	8	-91791466029/91486595200000
43	49	5	8	-91791466029/91486595200000
43	74	3	17	2
43	74	17	17	1
43	74	17	18	2
43	74	17	19	2
43	74	17	20	2
43	75	16	16	2109/2795
43	76	16	16	4447881/7812025
43	77	16	16	9380581029/21834609875
43	78	16	16	19783645390161/61027734600625
43	79	16	16	41723708127849549/170572518208746875
43	92	11	16	6
43	92	16	16	3
43	92	16	18	6
43	92	16	19	6
43	92	16	20	6
43	93	15	15	2109/832
43	94	15	15	1482627/692224
43	95	15	15	1042286781/575930368
43	96	15	15	732727607043/479174066176
43	97	15	15	515107507751229/398672823058432
43	110	2	2	1/4
43	110	2	17	1/2
43	110	2	18	1/2
43	110	2	19	1/2
43	110	2	20	1/2
43	110	3	3	1/4
43	110	3	17	1/2
43	110	3	18	1/2
43	110	3	19	1/2
43	110	3	20	1/2
43	110	5	5	1/4
43	110	5	17	1/2
43	110	5	18	1/2
43	110	5	19	1/2
43	110	5	20	1/2
43	110	9	9	1/4
43	110	9	17	1/2
43	110	9	18	1/2
43	110	9	19	1/2
43	110	9	20	1/2
43	111	2	2	2109/9776
43	111	3	3	2109/9776
43	111	5	5	2109/9776
43	111	9	9	2109/9776
43	112	2	2	4447881/23892544
43	112	3	3	4447881/23892544
43	112	5	5	4447881/23892544
43	112	9	9	4447881/23892544
43	113	2	2	9380581029/58393377536
43	113	3	3	9380581029/58393377536
43	113	5	5	9380581029/58393377536
43	113	9	9	9380581029/58393377536
43	114	2	2	19783645390161/142713414697984
43	114	3	3	19783645390161/142713414697984
43	114	5	5	19783645390161/142713414697984
43	114	9	9	19783645390161/142713414697984
43	115	2	2	41723708127849549/348791585521872896
43	115	3	3	41723708127849549/348791585521872896
43	115	5	5	41723708127849549/348791585521872896
43	115	9	9	41723708127849549/348791585521872896
44	32	2	9	8
44	33	2	8	2128/1157
44	34	2	8	11482688/44175417
44	35	2	8	-258117888/17036985823
44	36	2	8	-1964498371584/98558962986055
44	37	2	8	-20375481921536/5263048623455337
44	38	6	8	8
44	39	6	7	-304/351
44	40	6	7	-115520/1355211
44	41	6	7	1755904/36590697
44	42	6	7	-133448704/834816752055
44	43	6	7	-233268334592/58604135994261
44	44	2	2	4/3
44	44	3	3	4/3
44	44	5	5	4/3
44	45	2	2	38/195
44	45	3	3	38/195
44	45	5	5	38/195
44	46	2	2	-722/418275
44	46	3	3	-722/418275
44	46	5	5	-722/418275
44	47	2	2	-27436/3020875
44	47	3	3	-27436/3020875
44	47	5	5	-27436/3020875
44	48	2	2	-260642/196356875
44	48	3	3	-260642/196356875
44	48	5	5	-260642/196356875
44	49	2	2	4952198/8836059375
44	49	3	3	4952198/8836059375
44	49	5	5	4952198/8836059375
44	80	9	19	2
44	80	10	19	2
44	80	13	19	2
44	80	19	19	1
44	80	19	20	2
44	81	16	16	19/26
44	82	16	16	361/676
44	83	16	16	6859/17576
44	84	16	16	130321/456976
44	85	16	16	2476099/11881376
44	92	10	10	4
44	92	10	11	8
44	92	10	18	8
44	92	10	19	8
44	92	10	20	8
44	93	10	10	133/39
44	94	10	10	17689/6084
44	95	10	10	2352637/949104
44	96	10	10	312900721/148060224
44	97	10	10	41615795893/23097394944
45	32	5	7	10
45	33	4	6	-9025/9256
45	34	4	6	-586940875/5654453376
45	35	4	6	1706309143125/34891746965504
45	36	4	6	482322500784375/645916019825410048
45	37	4	6	-10205619594908453125/2759353236694151725056
45	38	2	3	10
45	39	2	3	8075/2808
45	40	2	3	105547375/173467008
45	41	2	3	48025860625/974190716928
45	42	2	3	-13194593996875/497368642387968
45	43	2	3	-395726002451984375/30725445252159111168
45	86	4	4	5
45	86	4	9	10
45	86	4	12	10
45	86	4	19	10
45	86	4	20	10
45	87	4	4	16625/4134
45	88	4	4	55278125/17089956
45	89	4	4	183799765625/70649878104
45	90	4	4	611134220703125/292066596081936
45	91	4	4	2032021283837890625/1207403308202723424
46	32	5	7	2
46	32	5	9	2
46	32	7	9	2
46	33	4	6	4959/9256
46	33	4	8	-513/1157
46	33	6	8	-513/1157
46	34	4	6	18422913/171347072
46	34	4	8	83391/1338649
46	34	6	8	83391/1338649
46	35	4	6	30177384543/3171976996864
46	35	4	8	3333474/1548816893
46	35	6	8	3333474/1548816893
46	36	4	6	-6923485442645469/2055187335808122880
46	36	4	8	-247886571483/62719340082035
46	36	6	8	-247886571483/62719340082035
46	37	4	6	-12984916616023113063/7609125592095994150912
46	37	4	8	5415228513/6605942328167
46	37	6	8	5415228513/6605942328167
46	38	2	4	2
46	38	2	8	2
46	38	3	4	2
46	38	3	6	2
46	38	4	6	2
46	38	4	8	2
46	39	2	4	323/936
46	39	2	7	19/27
46	39	3	4	323/936
46	39	3	6	19/27
46	39	4	6	-19/117
46	39	4	7	-19/117
46	40	2	4	35017/1752192
46	40	2	7	25631/123201
46	40	3	4	35017/1752192
46	40	3	6	25631/123201
46	40	4	6	-361/13689
46	40	4	7	-361/13689
46	41	2	4	-33465061/3280103424
46	41	2	7	150898/3326427
46	41	3	4	-33465061/3280103424
46	41	3	6	150898/3326427
46	41	4	6	13718/1601613
46	41	4	7	13718/1601613
46	42	2	4	-661992756589/214912376340480
46	42	2	7	1850167237/531247024035
46	42	3	4	-661992756589/214912376340480
46	42	3	6	1850167237/531247024035
46	42	4	6	4821877/6558605235
46	42	4	7	4821877/6558605235
46	43	2	4	14733757204709/80463193701875712
46	43	2	7	-7321824743/2868733929789
46	43	3	4	14733757204709/80463193701875712
46	43	3	6	-7321824743/2868733929789
46	43	4	6	-106472257/153471362499
46	43	4	7	-106472257/153471362499
46	44	2	3	2/3
46	44	2	5	2/3
46	44	3	5	2/3
46	45	2	3	57/260
46	45	2	5	57/260
46	45	3	5	57/260
46	46	2	3	3971/67600
46	46	2	5	3971/67600
46	46	3	5	3971/67600
46	47	2	3	185193/17576000
46	47	2	5	185193/17576000
46	47	3	5	185193/17576000
46	48	2	3	-3518667/31988320000
46	48	2	5	-3518667/31988320000
46	48	3	5	-3518667/31988320000
46	49	2	3	-601692057/639766400000
46	49	2	5	-601692057/639766400000
46	49	3	5	-601692057/639766400000
46	86	8	8	1
46	86	8	9	2
46	86	8	12	2
46	86	8	19	2
46	86	8	20	2
46	86	9	14	2
46	86	12	14	2
46	86	14	14	1
46	86	14	19	2
46	86	14	20	2
46	87	8	8	2508/3445
46	87	12	12	2508/3445
46	88	8	8	6290064/11868025
46	88	12	12	6290064/11868025
46	89	8	8	15775480512/40885346125
46	89	12	12	15775480512/40885346125
46	90	8	8	39564905124096/140850017400625
46	90	12	12	39564905124096/140850017400625
46	91	8	8	99228782051232768/485228309945153125
46	91	12	12	99228782051232768/485228309945153125
46	92	4	4	1
46	92	4	11	2
46	92	4	18	2
46	92	4	19	2
46	92	4	20	2
46	92	6	6	1
46	92	6	11	2
46	92	6	18	2
46	92	6	19	2
46	92	6	20	2
46	93	4	4	627/832
46	93	6	6	627/832
46	94	4	4	393129/692224
46	94	6	6	393129/692224
46	95	4	4	246491883/575930368
46	95	6	6	246491883/575930368
46	96	4	4	154550410641/479174066176
46	96	6	6	154550410641/479174066176
46	97	4	4	96903107471907/398672823058432
46	97	6	6	96903107471907/398672823058432
46	98	6	6	1/4
46	98	6	9	1/2
46	98	6	16	1/2
46	98	6	19	1/2
46	98	6	20	1/2
46	98	7	7	1/4
46	98	7	9	1/2
46	98	7	16	1/2
46	98	7	19	1/2
46	98	7	20	1/2
46	98	9	11	1/2
46	98	9	12	1/2
46	98	11	11	1/4
46	98	11	16	1/2
46	98	11	19	1/2
46	98	11	20	1/2
46	98	12	12	1/4
46	98	12	16	1/2
46	98	12	19	1/2
46	98	12	20	1/2
46	99	6	6	209/975
46	99	7	7	209/975
46	99	10	10	209/975
46	99	11	11	209/975
46	100	6	6	174724/950625
46	100	7	7	174724/950625
46	100	10	10	174724/950625
46	100	11	11	174724/950625
46	101	6	6	146069264/926859375
46	101	7	7	146069264/926859375
46	101	10	10	146069264/926859375
46	101	11	11	146069264/926859375
46	102	6	6	122113904704/903687890625
46	102	7	7	122113904704/903687890625
46	102	10	10	122113904704/903687890625
46	102	11	11	122113904704/903687890625
46	103	6	6	102087224332544/881095693359375
46	103	7	7	102087224332544/881095693359375
46	103	10	10	102087224332544/881095693359375
46	103	11	11	102087224332544/881095693359375
47	32	5	9	2
47	32	7	9	2
47	33	4	8	665/2314
47	33	6	8	665/2314
47	34	4	8	629945/176701668
47	34	6	8	629945/176701668
47	35	4	8	-1407981225/136295886584
47	35	6	8	-1407981225/136295886584
47	36	4	8	-3991867112235/2207720770887632
47	36	6	8	-3991867112235/2207720770887632
47	37	4	8	984288660571625/2189428227357420192
47	37	6	8	984288660571625/2189428227357420192
47	38	2	9	2
47	38	3	9	2
47	38	6	8	2
47	38	6	9	2
47	38	8	9	2
47	39	2	8	665/1404
47	39	3	8	665/1404
47	39	6	7	361/702
47	39	6	8	-19/54
47	39	7	8	-19/54
47	40	2	8	3066695/43366752
47	40	3	8	3066695/43366752
47	40	6	7	492043/5420844
47	40	6	8	110827/5420844
47	40	7	8	110827/5420844
47	41	2	8	-351695225/121773839616
47	41	3	8	-351695225/121773839616
47	41	6	7	7688939/3805432488
47	41	6	8	3216871/292725576
47	41	7	8	3216871/292725576
47	42	2	8	-12515006471755/2393586591492096
47	42	3	8	-12515006471755/2393586591492096
47	42	6	7	-98586663611/18699895246032
47	42	6	8	-62680621691/18699895246032
47	42	7	8	-62680621691/18699895246032
47	43	2	8	-1092990644721125/960170164129972224
47	43	3	8	-1092990644721125/960170164129972224
47	43	6	7	-21982799493703/13127326462714464
47	43	6	8	-219919684883/1009794343285728
47	43	7	8	-219919684883/1009794343285728
47	44	2	4	2/3
47	44	2	6	2/3
47	44	3	4	2/3
47	44	3	7	2/3
47	44	4	6	2/3
47	44	4	7	2/3
47	44	5	6	2/3
47	44	5	7	2/3
47	44	6	7	2/3
47	45	2	4	209/1560
47	45	2	6	209/1560
47	45	3	4	209/1560
47	45	3	7	209/1560
47	45	4	6	-323/6240
47	45	4	7	-323/6240
47	45	5	6	209/1560
47	45	5	7	209/1560
47	45	6	7	-323/6240
47	46	2	4	346199/26769600
47	46	2	6	346199/26769600
47	46	3	4	346199/26769600
47	46	3	7	346199/26769600
47	46	4	6	-8542343/856627200
47	46	4	7	-8542343/856627200
47	46	5	6	346199/26769600
47	46	5	7	346199/26769600
47	46	6	7	-8542343/856627200
47	47	2	4	-212629/70304000
47	47	2	6	-212629/70304000
47	47	3	4	-212629/70304000
47	47	3	7	-212629/70304000
47	47	4	6	1166846221/395952128000
47	47	4	7	1166846221/395952128000
47	47	5	6	-212629/70304000
47	47	5	7	-212629/70304000
47	47	6	7	1166846221/395952128000
47	48	2	4	-8289327847/5629944320000
47	48	2	6	-8289327847/5629944320000
47	48	3	4	-8289327847/5629944320000
47	48	3	7	-8289327847/5629944320000
47	48	4	6	4020486125119/11530125967360000
47	48	4	7	4020486125119/11530125967360000
47	48	5	6	-8289327847/5629944320000
47	48	5	7	-8289327847/5629944320000
47	48	6	7	4020486125119/11530125967360000
47	49	2	4	-197515941131/2395285401600000
47	49	2	6	-197515941131/2395285401600000
47	49	3	4	-197515941131/2395285401600000
47	49	3	7	-197515941131/2395285401600000
47	49	4	6	-111732518775373733/431687916217958400000
47	49	4	7	-111732518775373733/431687916217958400000
47	49	5	6	-197515941131/2395285401600000
47	49	5	7	-197515941131/2395285401600000
47	49	6	7	-111732518775373733/431687916217958400000
47	86	9	18	2
47	86	12	18	2
47	86	18	18	1
47	86	18	19	2
47	86	18	20	2
47	87	16	16	1577/2067
47	88	16	16	2486929/4272489
47	89	16	16	3921887033/8831234763
47	90	16	16	6184815851041/18254162255121
47	91	16	16	9753454597091657/37731353381335107
47	92	11	13	2
47	92	11	15	2
47	92	13	13	1
47	92	13	18	2
47	92	13	19	2
47	92	13	20	2
47	92	15	15	1
47	92	15	18	2
47	92	15	19	2
47	92	15	20	2
47	93	12	12	7885/9984
47	93	14	14	7885/9984
47	94	12	12	62173225/99680256
47	94	14	14	62173225/99680256
47	95	12	12	490235879125/995207675904
47	95	14	14	490235879125/995207675904
47	96	12	12	3865509906900625/9936153436225536
47	96	14	14	3865509906900625/9936153436225536
47	97	12	12	30479545615911428125/99202555907275751424
47	97	14	14	30479545615911428125/99202555907275751424
47	104	6	6	1/2
47	104	6	15	1
47	104	6	18	1
47	104	6	19	1
47	104	6	20	1
47	104	7	7	1/2
47	104	7	15	1
47	104	7	18	1
47	104	7	19	1
47	104	7	20	1
47	104	10	10	1/2
47	104	10	15	1
47	104	10	18	1
47	104	10	19	1
47	104	10	20	1
47	104	11	11	1/2
47	104	11	15	1
47	104	11	18	1
47	104	11	19	1
47	104	11	20	1
47	105	6	6	7885/19032
47	105	7	7	7885/19032
47	105	10	10	7885/19032
47	105	11	11	7885/19032
47	106	6	6	62173225/181108512
47	106	7	7	62173225/181108512
47	106	10	10	62173225/181108512
47	106	11	11	62173225/181108512
47	107	6	6	490235879125/1723428600192
47	107	7	7	490235879125/1723428600192
47	107	10	10	490235879125/1723428600192
47	107	11	11	490235879125/1723428600192
47	108	6	6	3865509906900625/16400146559427072
47	108	7	7	3865509906900625/16400146559427072
47	108	10	10	3865509906900625/16400146559427072
47	108	11	11	3865509906900625/16400146559427072
47	109	6	6	30479545615911428125/156063794659508017152
47	109	7	7	30479545615911428125/156063794659508017152
47	109	10	10	30479545615911428125/156063794659508017152
47	109	11	11	30479545615911428125/156063794659508017152
48	32	9	9	2
48	33	8	8	-1425/2314
48	34	8	8	9288891/58900556
48	35	8	8	-3939981075/136295886584
48	36	8	8	13963235334777/11038603854438160
48	37	8	8	7984438554088575/5108665863833980448
48	38	4	4	2
48	38	4	6	4
48	38	4	8	4
48	38	4	9	4
48	39	4	4	19/312
48	39	4	6	133/117
48	39	4	7	133/117
48	39	4	8	-209/234
48	40	4	4	-71117/2141568
48	40	4	6	76171/301158
48	40	4	7	76171/301158
48	40	4	8	311543/2409264
48	41	4	4	-4204567/1336338432
48	41	4	6	2256611/70470972
48	41	4	7	2256611/70470972
48	41	4	8	500707/205006464
48	42	4	4	45101622001/29185631354880
48	42	4	6	-2546863303/577157260680
48	42	4	7	-2546863303/577157260680
48	42	4	8	-558279395159/73876129367040
48	43	4	4	928272182407/3642366793089024
48	43	4	6	-14428228873/3858708542832
48	43	4	7	-14428228873/3858708542832
48	43	4	8	2142783885313/1257237401591808
48	44	2	7	4/3
48	44	3	6	4/3
48	44	4	5	4/3
48	45	2	7	133/260
48	45	3	6	133/260
48	45	4	5	133/260
48	46	2	7	256671/1487200
48	46	3	6	256671/1487200
48	46	4	5	256671/1487200
48	47	2	7	18581031/386672000
48	47	3	6	18581031/386672000
48	47	4	5	18581031/386672000
48	48	2	7	25823497113/2814972160000
48	48	3	6	25823497113/2814972160000
48	48	4	5	25823497113/2814972160000
48	49	2	7	-601692057/209112217600000
48	49	3	6	-601692057/209112217600000
48	49	4	5	-601692057/209112217600000
48	92	8	8	2
48	92	8	11	4
48	92	8	18	4
48	92	8	19	4
48	92	8	20	4
48	93	8	8	171/128
48	94	8	8	29241/32768
48	95	8	8	5000211/8388608
48	96	8	8	855036081/2147483648
48	97	8	8	146211169851/549755813888
48	98	8	8	1/2
48	98	8	9	1
48	98	8	16	1
48	98	8	19	1
48	98	8	20	1
48	98	9	13	1
48	98	9	15	1
48	98	9	17	1
48	98	13	13	1/2
48	98	13	16	1
48	98	13	19	1
48	98	13	20	1
48	98	15	15	1/2
48	98	15	16	1
48	98	15	19	1
48	98	15	20	1
48	98	16	17	1
48	98	17	17	1/2
48	98	17	19	1
48	98	17	20	1
48	99	8	8	19/50
48	99	12	12	19/50
48	99	14	14	19/50
48	99	15	15	19/50
48	100	8	8	361/1250
48	100	12	12	361/1250
48	100	14	14	361/1250
48	100	15	15	361/1250
48	101	8	8	6859/31250
48	101	12	12	6859/31250
48	101	14	14	6859/31250
48	101	15	15	6859/31250
48	102	8	8	130321/781250
48	102	12	12	130321/781250
48	102	14	14	130321/781250
48	102	15	15	130321/781250
48	103	8	8	2476099/19531250
48	103	12	12	2476099/19531250
48	103	14	14	2476099/19531250
48	103	15	15	2476099/19531250
48	104	4	4	1
48	104	4	15	2
48	104	4	18	2
48	104	4	19	2
48	104	4	20	2
48	105	4	4	171/244
48	106	4	4	29241/59536
48	107	4	4	5000211/14526784
48	108	4	4	855036081/3544535296
48	109	4	4	146211169851/864866612224
49	32	9	9	2
49	33	8	8	133/1157
49	34	8	8	-1362775/44175417
49	35	8	8	-103564041/17036985823
49	36	8	8	871773597993/689912740902385
49	37	8	8	34234156026457/68419632104919381
49	38	6	9	4
49	38	8	9	4
49	39	6	8	266/351
49	39	7	8	266/351
49	40	6	8	83030/1355211
49	40	7	8	83030/1355211
49	41	6	8	-9314522/475679061
49	41	7	8	-9314522/475679061
49	42	6	8	-45478640654/5843717264385
49	42	7	8	-45478640654/5843717264385
49	43	6	8	-440745622/5327648726751
49	43	7	8	-440745622/5327648726751
49	44	2	8	4/3
49	44	3	8	4/3
49	44	4	4	2/3
49	44	4	8	4/3
49	44	5	8	4/3
49	44	6	6	2/3
49	44	6	8	4/3
49	44	7	7	2/3
49	44	7	8	4/3
49	45	2	8	133/390
49	45	3	8	133/390
49	45	4	4	437/6240
49	45	4	8	-361/1560
49	45	5	8	133/390
49	45	6	6	437/6240
49	45	6	8	-361/1560
49	45	7	7	437/6240
49	45	7	8	-361/1560
49	46	2	8	198911/3346200
49	46	3	8	198911/3346200
49	46	4	4	-5596583/856627200
49	46	4	8	1325953/107078400
49	46	5	8	198911/3346200
49	46	6	6	-5596583/856627200
49	46	6	8	1325953/107078400
49	46	7	7	-5596583/856627200
49	46	7	8	1325953/107078400
49	47	2	8	48013/48334000
49	47	3	8	48013/48334000
49	47	4	4	-1427227579/395952128000
49	47	4	8	185446783/24747008000
49	47	5	8	48013/48334000
49	47	6	6	-1427227579/395952128000
49	47	6	8	185446783/24747008000
49	47	7	7	-1427227579/395952128000
49	47	7	8	185446783/24747008000
49	48	2	8	-56950277/15994160000
49	48	3	8	-56950277/15994160000
49	48	4	4	-20858006371/1048193269760000
49	48	4	8	-783260617361/360316436480000
49	48	5	8	-56950277/15994160000
49	48	6	6	-20858006371/1048193269760000
49	48	6	8	-783260617361/360316436480000
49	48	7	7	-20858006371/1048193269760000
49	48	7	8	-783260617361/360316436480000
49	49	2	8	-64400858891/58812811200000
49	49	3	8	-64400858891/58812811200000
49	49	4	4	119778920075188067/431687916217958400000
49	49	4	8	-109369488441821/613193062809600000
49	49	5	8	-64400858891/58812811200000
49	49	6	6	119778920075188067/431687916217958400000
49	49	6	8	-109369488441821/613193062809600000
49	49	7	7	119778920075188067/431687916217958400000
49	49	7	8	-109369488441821/613193062809600000
49	92	11	17	4
49	92	17	17	2
49	92	17	18	4
49	92	17	19	4
49	92	17	20	4
49	93	16	16	1957/1248
49	94	16	16	3829849/3115008
49	95	16	16	7495014493/7775059968
49	96	16	16	14667743362801/19406549680128
49	97	16	16	28704773761001557/48438748001599488
49	104	14	14	1
49	104	14	15	2
49	104	14	18	2
49	104	14	19	2
49	104	14	20	2
49	104	15	16	2
49	104	16	16	1
49	104	16	18	2
49	104	16	19	2
49	104	16	20	2
49	105	14	14	1957/2379
49	105	15	15	1957/2379
49	106	14	14	3829849/5659641
49	106	15	15	3829849/5659641
49	107	14	14	7495014493/13464285939
49	107	15	15	7495014493/13464285939
49	108	14	14	14667743362801/32031536248881
49	108	15	15	14667743362801/32031536248881
49	109	14	14	28704773761001557/76203024736087899
49	109	15	15	28704773761001557/76203024736087899
49	110	4	4	1/6
49	110	4	17	1/3
49	110	4	18	1/3
49	110	4	19	1/3
49	110	4	20	1/3
49	110	6	6	1/6
49	110	6	17	1/3
49	110	6	18	1/3
49	110	6	19	1/3
49	110	6	20	1/3
49	110	7	7	1/6
49	110	7	17	1/3
49	110	7	18	1/3
49	110	7	19	1/3
49	110	7	20	1/3
49	110	10	10	1/6
49	110	10	17	1/3
49	110	10	18	1/3
49	110	10	19	1/3
49	110	10	20	1/3
49	110	11	11	1/6
49	110	11	17	1/3
49	110	11	18	1/3
49	110	11	19	1/3
49	110	11	20	1/3
49	110	13	13	1/6
49	110	13	17	1/3
49	110	13	18	1/3
49	110	13	19	1/3
49	110	13	20	1/3
49	111	4	4	1957/14664
49	111	6	6	1957/14664
49	111	7	7	1957/14664
49	111	10	10	1957/14664
49	111	11	11	1957/14664
49	111	13	13	1957/14664
49	112	4	4	3829849/35838816
49	112	6	6	3829849/35838816
49	112	7	7	3829849/35838816
49	112	10	10	3829849/35838816
49	112	11	11	3829849/35838816
49	112	13	13	3829849/35838816
49	113	4	4	7495014493/87590066304
49	113	6	6	7495014493/87590066304
49	113	7	7	7495014493/87590066304
49	113	10	10	7495014493/87590066304
49	113	11	11	7495014493/87590066304
49	113	13	13	7495014493/87590066304
49	114	4	4	14667743362801/214070122046976
49	114	6	6	14667743362801/214070122046976
49	114	7	7	14667743362801/214070122046976
49	114	10	10	14667743362801/214070122046976
49	114	11	11	14667743362801/214070122046976
49	114	13	13	14667743362801/214070122046976
49	115	4	4	28704773761001557/523187378282809344
49	115	6	6	28704773761001557/523187378282809344
49	115	7	7	28704773761001557/523187378282809344
49	115	10	10	28704773761001557/523187378282809344
49	115	11	11	28704773761001557/523187378282809344
49	115	13	13	28704773761001557/523187378282809344
50	38	4	9	8
50	38	9	9	4
50	39	4	8	133/117
50	39	8	8	-380/351
50	40	4	8	16967/1204632
50	40	8	8	1188773/5420844
50	41	4	8	-44988181/1127535552
50	41	8	8	-2846485/146362788
50	42	4	8	-255392539799/36938064683520
50	42	8	8	-2653199895839/373997904920640
50	43	4	8	1673577981407/987829386964992
50	43	8	8	94673137664705/26254652925428928
50	44	4	6	8/3
50	44	4	7	8/3
50	44	6	7	8/3
50	45	4	6	399/520
50	45	4	7	399/520
50	45	6	7	399/520
50	46	4	6	4069553/23795200
50	46	4	7	4069553/23795200
50	46	6	7	4069553/23795200
50	47	4	6	2036567421/98988032000
50	47	4	7	2036567421/98988032000
50	47	6	7	2036567421/98988032000
50	48	4	6	-10992326264001/2882531491840000
50	48	4	7	-10992326264001/2882531491840000
50	48	6	7	-10992326264001/2882531491840000
50	49	4	6	-371094177846807/131772868198400000
50	49	4	7	-371094177846807/131772868198400000
50	49	6	7	-371094177846807/131772868198400000
50	98	9	18	2
50	98	16	18	2
50	98	18	18	1
50	98	18	19	2
50	98	18	20	2
50	99	16	16	779/975
50	100	16	16	606841/950625
50	101	16	16	472729139/926859375
50	102	16	16	368255999281/903687890625
50	103	16	16	286871423439899/881095693359375
50	104	8	8	2
50	104	8	15	4
50	104	8	18	4
50	104	8	19	4
50	104	8	20	4
50	104	12	12	2
50	104	12	15	4
50	104	12	18	4
50	104	12	19	4
50	104	12	20	4
50	105	8	8	2337/1586
50	105	12	12	2337/1586
50	106	8	8	5461569/5030792
50	106	12	12	5461569/5030792
50	107	8	8	12763686753/15957672224
50	107	12	12	12763686753/15957672224
50	108	8	8	29828735941761/50617736294528
50	108	12	12	29828735941761/50617736294528
50	109	8	8	69709755895895457/160559459526242816
50	109	12	12	69709755895895457/160559459526242816
51	38	9	9	6
51	39	8	8	133/234
51	40	8	8	-247285/3613896
51	41	8	8	-11571133/390300768
51	42	8	8	21479376899/22666539692160
51	43	8	8	23449006659959/10001772543020544
51	44	4	8	4
51	44	6	8	4
51	44	7	8	4
51	44	8	8	2
51	45	4	8	399/520
51	45	6	8	399/520
51	45	7	8	399/520
51	45	8	8	-19/40
51	46	4	8	769291/11897600
51	46	6	8	769291/11897600
51	46	7	8	769291/11897600
51	46	8	8	425619/5948800
51	47	4	8	-476625051/24747008000
51	47	6	8	-476625051/24747008000
51	47	7	8	-476625051/24747008000
51	47	8	8	1241479/475904000
51	48	4	8	-2878488936243/360316436480000
51	48	6	8	-2878488936243/360316436480000
51	48	7	8	-2878488936243/360316436480000
51	48	8	8	-21267474953/4094504960000
51	49	4	8	-17870722075611/107065455411200000
51	49	6	8	-17870722075611/107065455411200000
51	49	7	8	-17870722075611/107065455411200000
51	49	8	8	4168767704697/3603164364800000
51	104	15	17	6
51	104	17	17	3
51	104	17	18	6
51	104	17	19	6
51	104	17	20	6
51	105	16	16	1938/793
51	106	16	16	1251948/628849
51	107	16	16	808758408/498677257
51	108	16	16	522457931568/395451064801
51	109	16	16	337507823792928/313592694387193
51	110	8	8	1/2
51	110	8	17	1
51	110	8	18	1
51	110	8	19	1
51	110	8	20	1
51	110	12	12	1/2
51	110	12	17	1
51	110	12	18	1
51	110	12	19	1
51	110	12	20	1
51	110	14	14	1/2
51	110	14	17	1
51	110	14	18	1
51	110	14	19	1
51	110	14	20	1
51	110	15	15	1/2
51	110	15	17	1
51	110	15	18	1
51	110	15	19	1
51	110	15	20	1
51	111	8	8	969/2444
51	111	12	12	969/2444
51	111	14	14	969/2444
51	111	15	15	969/2444
51	112	8	8	938961/2986568
51	112	12	12	938961/2986568
51	112	14	14	938961/2986568
51	112	15	15	938961/2986568
51	113	8	8	909853209/3649586096
51	113	12	12	909853209/3649586096
51	113	14	14	909853209/3649586096
51	113	15	15	909853209/3649586096
51	114	8	8	881647759521/4459794209312
51	114	12	12	881647759521/4459794209312
51	114	14	14	881647759521/4459794209312
51	114	15	15	881647759521/4459794209312
51	115	8	8	854316678975849/5449868523779264
51	115	12	12	854316678975849/5449868523779264
51	115	14	14	854316678975849/5449868523779264
51	115	15	15	854316678975849/5449868523779264
52	44	8	8	20
52	45	8	8	133/52
52	46	8	8	-65341/594880
52	47	8	8	-77829073/618675200
52	48	8	8	-47405957923/4503955456000
52	49	8	8	5895287158823/669159096320000
52	110	16	16	5
52	110	16	17	10
52	110	16	18	10
52	110	16	19	10
52	110	16	20	10
52	111	16	16	2565/611
52	112	16	16	1315845/373321
52	113	16	16	675028485/228099131
52	114	16	16	346289612805/139368569041
52	115	16	16	177646571368965/85154195684051
53	50	1	1	30
53	51	1	1	-4275/962
53	52	1	1	-9698265/59228416
53	53	1	1	13889475/51868672
53	54	1	1	-224984852293455/7454511181471744
53	55	1	1	-24849355473550125/1103267654857818112
54	50	1	1	2
54	50	1	2	4
54	50	1	4	4
54	50	1	7	4
54	50	1	12	4
54	51	1	1	209/481
54	51	1	2	-190/481
54	51	1	3	-190/481
54	51	1	5	-190/481
54	51	1	9	-190/481
54	52	1	1	609729/14807104
54	52	1	2	-499263/7403552
54	52	1	3	-499263/7403552
54	52	1	5	-499263/7403552
54	52	1	9	-499263/7403552
54	53	1	1	-201976973/14244434048
54	53	1	2	197161955/7122217024
54	53	1	3	197161955/7122217024
54	53	1	5	197161955/7122217024
54	53	1	9	197161955/7122217024
54	54	1	1	-3083303244337/465906948841984
54	54	1	2	500845366607/232953474420992
54	54	1	3	500845366607/232953474420992
54	54	1	5	500845366607/232953474420992
54	54	1	9	500845366607/232953474420992
54	55	1	1	-65283952171053/448202484785988608
54	55	1	2	-663679152683325/224101242392994304
54	55	1	3	-663679152683325/224101242392994304
54	55	1	5	-663679152683325/224101242392994304
54	55	1	9	-663679152683325/224101242392994304
54	56	1	1	12
54	57	1	1	-1710/1027
54	58	1	1	-14240367/135005312
54	59	1	1	29954041785/277300910848
54	60	1	1	-602630601604911/77462345639923712
54	61	1	1	-1609043229133941825/159107657944403304448
55	50	1	2	1
55	50	1	4	1
55	50	1	5	1
55	50	1	7	1
55	50	1	8	1
55	50	1	9	1
55	50	1	12	1
55	50	1	13	1
55	50	1	14	1
55	50	1	16	1
55	50	2	2	1/2
55	50	4	4	1/2
55	50	7	7	1/2
55	50	12	12	1/2
55	51	1	2	513/1924
55	51	1	3	513/1924
55	51	1	4	-95/1924
55	51	1	5	513/1924
55	51	1	6	-95/1924
55	51	1	7	-95/1924
55	51	1	9	513/1924
55	51	1	10	-95/1924
55	51	1	11	-95/1924
55	51	1	13	-95/1924
55	51	2	2	-361/3848
55	51	3	3	-361/3848
55	51	5	5	-361/3848
55	51	9	9	-361/3848
55	52	1	2	5496225/118456832
55	52	1	3	5496225/118456832
55	52	1	4	-2636383/118456832
55	52	1	5	5496225/118456832
55	52	1	6	-2636383/118456832
55	52	1	7	-2636383/118456832
55	52	1	9	5496225/118456832
55	52	1	10	-2636383/118456832
55	52	1	11	-2636383/118456832
55	52	1	13	-2636383/118456832
55	52	2	2	1245089/236913664
55	52	3	3	1245089/236913664
55	52	5	5	1245089/236913664
55	52	9	9	1245089/236913664
55	53	1	2	-181674333/227910944768
55	53	1	3	-181674333/227910944768
55	53	1	4	806241155/227910944768
55	53	1	5	-181674333/227910944768
55	53	1	6	806241155/227910944768
55	53	1	7	806241155/227910944768
55	53	1	9	-181674333/227910944768
55	53	1	10	806241155/227910944768
55	53	1	11	806241155/227910944768
55	53	1	13	806241155/227910944768
55	53	2	2	1662504997/455821889536
55	53	3	3	1662504997/455821889536
55	53	5	5	1662504997/455821889536
55	53	9	9	1662504997/455821889536
55	54	1	2	-56020060428273/14909022362943488
55	54	1	3	-56020060428273/14909022362943488
55	54	1	4	20373150609167/14909022362943488
55	54	1	5	-56020060428273/14909022362943488
55	54	1	6	20373150609167/14909022362943488
55	54	1	7	20373150609167/14909022362943488
55	54	1	9	-56020060428273/14909022362943488
55	54	1	10	20373150609167/14909022362943488
55	54	1	11	20373150609167/14909022362943488
55	54	1	13	20373150609167/14909022362943488
55	54	2	2	-33619202504497/29818044725886976
55	54	3	3	-33619202504497/29818044725886976
55	54	5	5	-33619202504497/29818044725886976
55	54	9	9	-33619202504497/29818044725886976
55	55	1	2	-29771899276132701/28684959026303270912
55	55	1	3	-29771899276132701/28684959026303270912
55	55	1	4	-11348997159699325/28684959026303270912
55	55	1	5	-29771899276132701/28684959026303270912
55	55	1	6	-11348997159699325/28684959026303270912
55	55	1	7	-11348997159699325/28684959026303270912
55	55	1	9	-29771899276132701/28684959026303270912
55	55	1	10	-11348997159699325/28684959026303270912
55	55	1	11	-11348997159699325/28684959026303270912
55	55	1	13	-11348997159699325/28684959026303270912
55	55	2	2	-6215050823864603/57369918052606541824
55	55	3	3	-6215050823864603/57369918052606541824
55	55	5	5	-6215050823864603/57369918052606541824
55	55	9	9	-6215050823864603/57369918052606541824
55	56	1	7	6
55	56	1	11	6
55	57	1	5	-2565/4108
55	57	1	9	-2565/4108
55	58	1	5	-7573419/83080192
55	58	1	9	-7573419/83080192
55	59	1	5	372540720555/8873629147136
55	59	1	9	372540720555/8873629147136
55	60	1	5	5033245989017709/2478795060477558784
55	60	1	9	5033245989017709/2478795060477558784
55	61	1	5	-87223695278240850975/20365780216883622969344
55	61	1	9	-87223695278240850975/20365780216883622969344
55	62	1	1	6
55	63	1	1	-5985/7514
55	64	1	1	-234814977/3613452544
55	65	1	1	2929876413345/54302964831232
55	66	1	1	-310445138565351/125548454689808384
55	67	1	1	-131402999726715624075/24527648302019725131776
56	50	1	5	1
56	50	1	8	1
56	50	1	9	1
56	50	1	10	1
56	50	1	13	1
56	50	1	14	1
56	50	1	15	1
56	50	1	16	1
56	50	1	17	1
56	50	1	18	1
56	51	1	4	152/481
56	51	1	6	152/481
56	51	1	7	152/481
56	51	1	10	152/481
56	51	1	11	152/481
56	51	1	13	152/481
56	52	1	4	144761/1850888
56	52	1	6	144761/1850888
56	52	1	7	144761/1850888
56	52	1	8	-1083/50024
56	52	1	10	144761/1850888
56	52	1	11	144761/1850888
56	52	1	12	-1083/50024
56	52	1	13	144761/1850888
56	52	1	14	-1083/50024
56	52	1	15	-1083/50024
56	53	1	4	1227761/111284641
56	53	1	6	1227761/111284641
56	53	1	7	1227761/111284641
56	53	1	10	1227761/111284641
56	53	1	11	1227761/111284641
56	53	1	13	1227761/111284641
56	54	1	4	-36098917/21537858212
56	54	1	6	-36098917/21537858212
56	54	1	7	-36098917/21537858212
56	54	1	8	3518667/2658800612
56	54	1	10	-36098917/21537858212
56	54	1	11	-36098917/21537858212
56	54	1	12	3518667/2658800612
56	54	1	13	-36098917/21537858212
56	54	1	14	3518667/2658800612
56	54	1	15	3518667/2658800612
56	55	1	4	-695768962406/437697739048817
56	55	1	6	-695768962406/437697739048817
56	55	1	7	-695768962406/437697739048817
56	55	1	10	-695768962406/437697739048817
56	55	1	11	-695768962406/437697739048817
56	55	1	13	-695768962406/437697739048817
56	56	7	7	3
56	56	11	11	3
56	57	5	5	-5301/8216
56	57	9	9	-5301/8216
56	58	5	5	4746789/67502656
56	58	9	9	4746789/67502656
56	59	5	5	7939779489/554601821696
56	59	9	9	7939779489/554601821696
56	60	5	5	-632667259098369/77462345639923712
56	60	9	9	-632667259098369/77462345639923712
56	61	5	5	437322614500563183/636430631777613217792
56	61	9	9	437322614500563183/636430631777613217792
56	62	1	10	12
56	63	1	9	-5130/3757
56	64	1	9	-4064499/28230098
56	65	1	9	17925756435/212120956372
56	66	1	9	-31636334997/199234608272401
56	67	1	9	-23397442455406275/2994097693117642228
56	68	1	1	2
56	69	1	1	-95/364
56	70	1	1	-6137/264992
56	71	1	1	3463795/192914176
56	72	1	1	-1538178763/2387505842176
56	73	1	1	-3163030765075/1738104253104128
57	50	1	10	2
57	50	1	15	2
57	50	1	17	2
57	50	1	18	2
57	50	1	19	2
57	51	1	8	19/26
57	51	1	12	19/26
57	51	1	14	19/26
57	51	1	15	19/26
57	51	1	16	95/962
57	52	1	8	371469/1600768
57	52	1	12	371469/1600768
57	52	1	14	371469/1600768
57	52	1	15	371469/1600768
57	52	1	16	-1781535/59228416
57	53	1	8	4931621/83239936
57	53	1	12	4931621/83239936
57	53	1	14	4931621/83239936
57	53	1	15	4931621/83239936
57	53	1	16	-562609475/113955472384
57	54	1	8	51034615847/5445223653376
57	54	1	12	51034615847/5445223653376
57	54	1	14	51034615847/5445223653376
57	54	1	15	51034615847/5445223653376
57	54	1	16	702752734475/573423937036288
57	55	1	8	-247741133247/283151629975552
57	55	1	12	-247741133247/283151629975552
57	55	1	14	-247741133247/283151629975552
57	55	1	15	-247741133247/283151629975552
57	55	1	16	5512859549008125/14342479513151635456
57	62	10	10	12
57	63	9	9	-11457/3757
57	64	9	9	963520191/1806726272
57	65	9	9	-344803994559/27151482415616
57	66	9	9	-24360321260510523/816064955483754496
57	67	9	9	116284028116146991317/12263824151009862565888
57	68	1	9	8
57	69	1	9	-95/91
57	70	1	9	-102885/2119936
57	71	1	9	84194225/1543313408
57	72	1	9	-172261555825/38200093474816
57	73	1	9	-112859044858125/27809668049666048
58	50	1	19	10
58	51	1	16	1995/481
58	52	1	16	23668965/14807104
58	53	1	16	615766725/1095725696
58	54	1	16	81265109798475/465906948841984
58	55	1	16	1535448934877445/34477114214306816
58	68	9	9	20
58	69	9	9	-570/91
58	70	9	9	1738215/1059968
58	71	9	9	-4629825/14839552
58	72	9	9	84184107975/4775011684352
58	73	9	9	1049952639465/66850163580928
59	50	2	2	3/2
59	50	4	4	3/2
59	50	7	7	3/2
59	50	12	12	3/2
59	51	2	2	513/1924
59	51	3	3	513/1924
59	51	5	5	513/1924
59	51	9	9	513/1924
59	52	2	2	603231/59228416
59	52	3	3	603231/59228416
59	52	5	5	603231/59228416
59	52	9	9	603231/59228416
59	53	2	2	-650583009/56977736192
59	53	3	3	-650583009/56977736192
59	53	5	5	-650583009/56977736192
59	53	9	9	-650583009/56977736192
59	54	2	2	-422970749847/143355984259072
59	54	3	3	-422970749847/143355984259072
59	54	5	5	-422970749847/143355984259072
59	54	9	9	-422970749847/143355984259072
59	55	2	2	883340298165339/1792809939143954432
59	55	3	3	883340298165339/1792809939143954432
59	55	5	5	883340298165339/1792809939143954432
59	55	9	9	883340298165339/1792809939143954432
59	56	1	15	18
59	57	1	13	-2565/2054
59	58	1	13	-103659345/270010624
59	59	1	13	101962635975/1109203643392
59	60	1	13	3340110571718175/154924691279847424
59	61	1	13	-6685989727485324375/636430631777613217792
59	74	1	1	6
59	75	1	1	-855/1118
59	76	1	1	-6033393/79995136
59	77	1	1	9603183015/178869124096
59	78	1	1	-1257504731127/1046026637713408
59	79	1	1	-169874951295437325/30405902305053343744
60	50	2	4	4/3
60	50	2	7	4/3
60	50	2	12	4/3
60	50	4	7	4/3
60	50	4	12	4/3
60	50	7	12	4/3
60	51	2	3	-380/4329
60	51	2	5	-380/4329
60	51	2	9	-380/4329
60	51	3	5	-380/4329
60	51	3	9	-380/4329
60	51	5	9	-380/4329
60	52	2	3	-59204/2082249
60	52	2	5	-59204/2082249
60	52	2	9	-59204/2082249
60	52	3	5	-59204/2082249
60	52	3	9	-59204/2082249
60	52	5	9	-59204/2082249
60	53	2	3	57478420/9014055921
60	53	2	5	57478420/9014055921
60	53	2	9	57478420/9014055921
60	53	3	5	57478420/9014055921
60	53	3	9	57478420/9014055921
60	53	5	9	57478420/9014055921
60	54	2	3	356879888228/221123805798051
60	54	2	5	356879888228/221123805798051
60	54	2	9	356879888228/221123805798051
60	54	3	5	356879888228/221123805798051
60	54	3	9	356879888228/221123805798051
60	54	5	9	356879888228/221123805798051
60	55	2	3	-76570637866100/106360550588862531
60	55	2	5	-76570637866100/106360550588862531
60	55	2	9	-76570637866100/106360550588862531
60	55	3	5	-76570637866100/106360550588862531
60	55	3	9	-76570637866100/106360550588862531
60	55	5	9	-76570637866100/106360550588862531
60	56	1	1	4
60	56	1	2	8
60	56	1	4	8
60	57	1	1	931/1027
60	57	1	2	-760/1027
60	57	1	3	-760/1027
60	58	1	1	410457/4218916
60	58	1	2	-155952/1054729
60	58	1	3	-155952/1054729
60	59	1	1	-35961737/1333177456
60	59	1	2	58164320/1083206683
60	59	1	3	58164320/1083206683
60	60	1	1	-17575755088063/1210349150623808
60	60	1	2	113371972024/18911705478497
60	60	1	3	113371972024/18911705478497
60	61	1	1	-321784860085521/382470331597123328
60	61	1	2	-116150337551400/19422321526416419
60	61	1	3	-116150337551400/19422321526416419
60	80	1	1	2
60	81	1	1	-95/364
60	82	1	1	-6137/264992
60	83	1	1	3463795/192914176
60	84	1	1	-1538178763/2387505842176
60	85	1	1	-3163030765075/1738104253104128
61	50	2	4	1/3
61	50	2	5	1/3
61	50	2	7	1/3
61	50	2	8	1/3
61	50	2	12	1/3
61	50	2	13	1/3
61	50	4	5	1/3
61	50	4	7	1/3
61	50	4	9	1/3
61	50	4	12	1/3
61	50	4	14	1/3
61	50	7	8	1/3
61	50	7	9	1/3
61	50	7	12	1/3
61	50	7	16	1/3
61	50	12	13	1/3
61	50	12	14	1/3
61	50	12	16	1/3
61	51	2	3	133/1332
61	51	2	4	-893/17316
61	51	2	5	133/1332
61	51	2	6	-893/17316
61	51	2	9	133/1332
61	51	2	10	-893/17316
61	51	3	4	-893/17316
61	51	3	5	133/1332
61	51	3	7	-893/17316
61	51	3	9	133/1332
61	51	3	11	-893/17316
61	51	5	6	-893/17316
61	51	5	7	-893/17316
61	51	5	9	133/1332
61	51	5	13	-893/17316
61	51	9	10	-893/17316
61	51	9	11	-893/17316
61	51	9	13	-893/17316
61	52	2	3	23717339/1066111488
61	52	2	4	336091/1066111488
61	52	2	5	23717339/1066111488
61	52	2	6	336091/1066111488
61	52	2	9	23717339/1066111488
61	52	2	10	336091/1066111488
61	52	3	4	336091/1066111488
61	52	3	5	23717339/1066111488
61	52	3	7	336091/1066111488
61	52	3	9	23717339/1066111488
61	52	3	11	336091/1066111488
61	52	5	6	336091/1066111488
61	52	5	7	336091/1066111488
61	52	5	9	23717339/1066111488
61	52	5	13	336091/1066111488
61	52	9	10	336091/1066111488
61	52	9	11	336091/1066111488
61	52	9	13	336091/1066111488
61	53	2	3	2943532991/1420060502016
61	53	2	4	42874641881/18460786526208
61	53	2	5	2943532991/1420060502016
61	53	2	6	42874641881/18460786526208
61	53	2	9	2943532991/1420060502016
61	53	2	10	42874641881/18460786526208
61	53	3	4	42874641881/18460786526208
61	53	3	5	2943532991/1420060502016
61	53	3	7	42874641881/18460786526208
61	53	3	9	2943532991/1420060502016
61	53	3	11	42874641881/18460786526208
61	53	5	6	42874641881/18460786526208
61	53	5	7	42874641881/18460786526208
61	53	5	9	2943532991/1420060502016
61	53	5	13	42874641881/18460786526208
61	53	9	10	42874641881/18460786526208
61	53	9	11	42874641881/18460786526208
61	53	9	13	42874641881/18460786526208
61	54	2	3	-3421956090460177/3622892434195267584
61	54	2	4	-1493171782324657/3622892434195267584
61	54	2	5	-3421956090460177/3622892434195267584
61	54	2	6	-1493171782324657/3622892434195267584
61	54	2	9	-3421956090460177/3622892434195267584
61	54	2	10	-1493171782324657/3622892434195267584
61	54	3	4	-1493171782324657/3622892434195267584
61	54	3	5	-3421956090460177/3622892434195267584
61	54	3	7	-1493171782324657/3622892434195267584
61	54	3	9	-3421956090460177/3622892434195267584
61	54	3	11	-1493171782324657/3622892434195267584
61	54	5	6	-1493171782324657/3622892434195267584
61	54	5	7	-1493171782324657/3622892434195267584
61	54	5	9	-3421956090460177/3622892434195267584
61	54	5	13	-1493171782324657/3622892434195267584
61	54	9	10	-1493171782324657/3622892434195267584
61	54	9	11	-1493171782324657/3622892434195267584
61	54	9	13	-1493171782324657/3622892434195267584
61	55	2	3	-273888703608105467/536188080260899602432
61	55	2	4	-303378929579998751/2323481681130564943872
61	55	2	5	-273888703608105467/536188080260899602432
61	55	2	6	-303378929579998751/2323481681130564943872
61	55	2	9	-273888703608105467/536188080260899602432
61	55	2	10	-303378929579998751/2323481681130564943872
61	55	3	4	-303378929579998751/2323481681130564943872
61	55	3	5	-273888703608105467/536188080260899602432
61	55	3	7	-303378929579998751/2323481681130564943872
61	55	3	9	-273888703608105467/536188080260899602432
61	55	3	11	-303378929579998751/2323481681130564943872
61	55	5	6	-303378929579998751/2323481681130564943872
61	55	5	7	-303378929579998751/2323481681130564943872
61	55	5	9	-273888703608105467/536188080260899602432
61	55	5	13	-303378929579998751/2323481681130564943872
61	55	9	10	-303378929579998751/2323481681130564943872
61	55	9	11	-303378929579998751/2323481681130564943872
61	55	9	13	-303378929579998751/2323481681130564943872
61	56	1	7	2
61	56	1	8	2
61	56	1	9	2
61	56	1	11	2
61	56	1	12	2
61	56	1	13	2
61	56	7	11	2
61	57	1	5	2147/4108
61	57	1	6	-475/4108
61	57	1	7	-475/4108
61	57	1	9	2147/4108
61	57	1	10	-475/4108
61	57	1	11	-475/4108
61	57	5	9	-133/2054
61	58	1	5	95175123/1080042496
61	58	1	6	-45112365/1080042496
61	58	1	7	-45112365/1080042496
61	58	1	9	95175123/1080042496
61	58	1	10	-45112365/1080042496
61	58	1	11	-45112365/1080042496
61	58	5	9	-50068173/1080042496
61	59	1	5	-20374186229/8873629147136
61	59	1	6	420971125/52506681344
61	59	1	7	420971125/52506681344
61	59	1	9	-20374186229/8873629147136
61	59	1	10	420971125/52506681344
61	59	1	11	420971125/52506681344
61	59	5	9	1583036623/341293428736
61	60	1	5	-1375144855214149/190676543113658368
61	60	1	6	5862687774442175/2478795060477558784
61	60	1	7	5862687774442175/2478795060477558784
61	60	1	9	-1375144855214149/190676543113658368
61	60	1	10	5862687774442175/2478795060477558784
61	60	1	11	5862687774442175/2478795060477558784
61	60	5	9	7466099176371083/2478795060477558784
61	61	1	5	-38260147030808321559/20365780216883622969344
61	61	1	6	-1356343729181503125/1566598478221817151488
61	61	1	7	-1356343729181503125/1566598478221817151488
61	61	1	9	-38260147030808321559/20365780216883622969344
61	61	1	10	-1356343729181503125/1566598478221817151488
61	61	1	11	-1356343729181503125/1566598478221817151488
61	61	5	9	-407457076883203263/783299239110908575744
61	62	1	4	4
61	62	1	6	4
61	63	1	3	-1425/3757
61	63	1	5	-1425/3757
61	64	1	3	-126463715/1806726272
61	64	1	5	-126463715/1806726272
61	65	1	3	725825381625/27151482415616
61	65	1	5	725825381625/27151482415616
61	66	1	3	158974244952675/62774227344904192
61	66	1	5	158974244952675/62774227344904192
61	67	1	3	-35379531741238396875/12263824151009862565888
61	67	1	5	-35379531741238396875/12263824151009862565888
61	86	1	1	2
61	87	1	1	-1045/4134
61	88	1	1	-28251499/1093757184
61	89	1	1	161603081365/9043184397312
61	90	1	1	-799658577384697/2542147652297170944
61	91	1	1	-39438283578535093175/21018476789193009364992
62	50	2	5	1/3
62	50	2	8	1/3
62	50	2	13	1/3
62	50	4	5	1/3
62	50	4	9	1/3
62	50	4	14	1/3
62	50	7	8	1/3
62	50	7	9	1/3
62	50	7	16	1/3
62	50	12	13	1/3
62	50	12	14	1/3
62	50	12	16	1/3
62	51	2	4	304/4329
62	51	2	6	304/4329
62	51	2	10	304/4329
62	51	3	4	304/4329
62	51	3	7	304/4329
62	51	3	11	304/4329
62	51	5	6	304/4329
62	51	5	7	304/4329
62	51	5	13	304/4329
62	51	9	10	304/4329
62	51	9	11	304/4329
62	51	9	13	304/4329
62	52	2	4	978671/133263936
62	52	2	6	978671/133263936
62	52	2	10	978671/133263936
62	52	3	4	978671/133263936
62	52	3	7	978671/133263936
62	52	3	11	978671/133263936
62	52	5	6	978671/133263936
62	52	5	7	978671/133263936
62	52	5	13	978671/133263936
62	52	9	10	978671/133263936
62	52	9	11	978671/133263936
62	52	9	13	978671/133263936
62	53	2	4	-57402971/36056223684
62	53	2	6	-57402971/36056223684
62	53	2	10	-57402971/36056223684
62	53	3	4	-57402971/36056223684
62	53	3	7	-57402971/36056223684
62	53	3	11	-57402971/36056223684
62	53	5	6	-57402971/36056223684
62	53	5	7	-57402971/36056223684
62	53	5	13	-57402971/36056223684
62	53	9	10	-57402971/36056223684
62	53	9	11	-57402971/36056223684
62	53	9	13	-57402971/36056223684
62	54	2	4	-48525125088133/56607694284301056
62	54	2	6	-48525125088133/56607694284301056
62	54	2	10	-48525125088133/56607694284301056
62	54	3	4	-48525125088133/56607694284301056
62	54	3	7	-48525125088133/56607694284301056
62	54	3	11	-48525125088133/56607694284301056
62	54	5	6	-48525125088133/56607694284301056
62	54	5	7	-48525125088133/56607694284301056
62	54	5	13	-48525125088133/56607694284301056
62	54	9	10	-48525125088133/56607694284301056
62	54	9	11	-48525125088133/56607694284301056
62	54	9	13	-48525125088133/56607694284301056
62	55	2	4	-3972041639147/63028474423029648
62	55	2	6	-3972041639147/63028474423029648
62	55	2	10	-3972041639147/63028474423029648
62	55	3	4	-3972041639147/63028474423029648
62	55	3	7	-3972041639147/63028474423029648
62	55	3	11	-3972041639147/63028474423029648
62	55	5	6	-3972041639147/63028474423029648
62	55	5	7	-3972041639147/63028474423029648
62	55	5	13	-3972041639147/63028474423029648
62	55	9	10	-3972041639147/63028474423029648
62	55	9	11	-3972041639147/63028474423029648
62	55	9	13	-3972041639147/63028474423029648
62	56	1	15	2
62	56	1	16	2
62	56	1	17	2
62	56	7	7	1
62	56	7	15	2
62	56	11	11	1
62	56	11	15	2
62	57	1	13	608/1027
62	57	1	14	-95/2054
62	57	1	15	-95/2054
62	57	5	5	95/632
62	57	5	13	-589/2054
62	57	9	9	95/632
62	57	9	13	-589/2054
62	58	1	13	17298759/135005312
62	58	1	14	-6215337/135005312
62	58	1	15	-6215337/135005312
62	58	5	5	-258837/270010624
62	58	5	13	-809001/135005312
62	58	9	9	-258837/270010624
62	58	9	13	-809001/135005312
62	59	1	13	87006415/8665653464
62	59	1	14	1798807045/554601821696
62	59	1	15	1798807045/554601821696
62	59	5	5	-1232939545/170646714368
62	59	5	13	7968271775/554601821696
62	59	9	9	-1232939545/170646714368
62	59	9	13	7968271775/554601821696
62	60	1	13	-243148079723245/38731172819961856
62	60	1	14	115506462802157/38731172819961856
62	60	1	15	115506462802157/38731172819961856
62	60	5	5	-172929410680811/154924691279847424
62	60	5	13	-70970183464195/38731172819961856
62	60	9	9	-172929410680811/154924691279847424
62	60	9	13	-70970183464195/38731172819961856
62	61	1	13	-7547858790376947/2486057155381301632
62	61	1	14	-56711062127952075/159107657944403304448
62	61	1	15	-56711062127952075/159107657944403304448
62	61	5	5	44458070255613525/97912404888863571968
62	61	5	13	-155704908464287233/159107657944403304448
62	61	9	9	44458070255613525/97912404888863571968
62	61	9	13	-155704908464287233/159107657944403304448
62	62	1	12	4
62	62	1	15	4
62	63	1	11	-1140/3757
62	63	1	13	-1140/3757
62	64	1	11	-18066967/225840784
62	64	1	13	-18066967/225840784
62	65	1	11	18410344785/848483825488
62	65	1	13	18410344785/848483825488
62	66	1	11	51854977549851/12751014929433664
62	66	1	13	51854977549851/12751014929433664
62	67	1	11	-115053759534447675/47905563089882275648
62	67	1	13	-115053759534447675/47905563089882275648
62	74	1	4	4/3
62	74	1	6	4/3
62	74	1	10	4/3
62	75	1	3	-76/559
62	75	1	5	-76/559
62	75	1	9	-76/559
62	76	1	3	-2075389/99993920
62	76	1	5	-2075389/99993920
62	76	1	9	-2075389/99993920
62	77	1	3	512922879/55896601280
62	77	1	5	512922879/55896601280
62	77	1	9	512922879/55896601280
62	78	1	3	22197019329009/42494832157107200
62	78	1	5	22197019329009/42494832157107200
62	78	1	9	22197019329009/42494832157107200
62	79	1	3	-4473334485453033/4750922235164584960
62	79	1	5	-4473334485453033/4750922235164584960
62	79	1	9	-4473334485453033/4750922235164584960
62	92	1	1	2
62	93	1	1	-95/384
62	94	1	1	-1372883/49840128
62	95	1	1	681064405/38277218304
62	96	1	1	-8166479844103/84457304207917056
62	97	1	1	-123867567881903575/64863209631680299008
63	50	2	9	1/3
63	50	2	14	1/3
63	50	2	16	1/3
63	50	4	8	1/3
63	50	4	13	1/3
63	50	4	16	1/3
63	50	5	7	1/3
63	50	5	12	1/3
63	50	7	13	1/3
63	50	7	14	1/3
63	50	8	12	1/3
63	50	9	12	1/3
63	51	2	7	-95/8658
63	51	2	11	-95/8658
63	51	2	13	-95/8658
63	51	3	6	-95/8658
63	51	3	10	-95/8658
63	51	3	13	-95/8658
63	51	4	5	-95/8658
63	51	4	9	-95/8658
63	51	5	10	-95/8658
63	51	5	11	-95/8658
63	51	6	9	-95/8658
63	51	7	9	-95/8658
63	52	2	7	-2009687/266527872
63	52	2	11	-2009687/266527872
63	52	2	13	-2009687/266527872
63	52	3	6	-2009687/266527872
63	52	3	10	-2009687/266527872
63	52	3	13	-2009687/266527872
63	52	4	5	-2009687/266527872
63	52	4	9	-2009687/266527872
63	52	5	10	-2009687/266527872
63	52	5	11	-2009687/266527872
63	52	6	9	-2009687/266527872
63	52	7	9	-2009687/266527872
63	53	2	7	1773154385/2307598315776
63	53	2	11	1773154385/2307598315776
63	53	2	13	1773154385/2307598315776
63	53	3	6	1773154385/2307598315776
63	53	3	10	1773154385/2307598315776
63	53	3	13	1773154385/2307598315776
63	53	4	5	1773154385/2307598315776
63	53	4	9	1773154385/2307598315776
63	53	5	10	1773154385/2307598315776
63	53	5	11	1773154385/2307598315776
63	53	6	9	1773154385/2307598315776
63	53	7	9	1773154385/2307598315776
63	54	2	7	108202907238863/226430777137204224
63	54	2	11	108202907238863/226430777137204224
63	54	2	13	108202907238863/226430777137204224
63	54	3	6	108202907238863/226430777137204224
63	54	3	10	108202907238863/226430777137204224
63	54	3	13	108202907238863/226430777137204224
63	54	4	5	108202907238863/226430777137204224
63	54	4	9	108202907238863/226430777137204224
63	54	5	10	108202907238863/226430777137204224
63	54	5	11	108202907238863/226430777137204224
63	54	6	9	108202907238863/226430777137204224
63	54	7	9	108202907238863/226430777137204224
63	55	2	7	-75509072322325/896404969571977216
63	55	2	11	-75509072322325/896404969571977216
63	55	2	13	-75509072322325/896404969571977216
63	55	3	6	-75509072322325/896404969571977216
63	55	3	10	-75509072322325/896404969571977216
63	55	3	13	-75509072322325/896404969571977216
63	55	4	5	-75509072322325/896404969571977216
63	55	4	9	-75509072322325/896404969571977216
63	55	5	10	-75509072322325/896404969571977216
63	55	5	11	-75509072322325/896404969571977216
63	55	6	9	-75509072322325/896404969571977216
63	55	7	9	-75509072322325/896404969571977216
63	56	1	2	2
63	56	1	4	2
63	56	1	5	2
63	56	2	2	1
63	56	2	7	2
63	56	2	11	2
63	56	4	4	1
63	56	4	7	2
63	56	4	11	2
63	57	1	2	1121/2054
63	57	1	3	1121/2054
63	57	1	4	-95/1027
63	57	2	2	-2261/12324
63	57	2	5	-285/2054
63	57	2	9	-285/2054
63	57	3	3	-2261/12324
63	57	3	5	-285/2054
63	57	3	9	-285/2054
63	58	1	2	26723025/270010624
63	58	1	3	26723025/270010624
63	58	1	4	-12334287/270010624
63	58	2	2	42182489/4860191232
63	58	2	5	-10890287/270010624
63	58	2	9	-10890287/270010624
63	58	3	3	42182489/4860191232
63	58	3	5	-10890287/270010624
63	58	3	9	-10890287/270010624
63	59	1	2	-286918829/1109203643392
63	59	1	3	-286918829/1109203643392
63	59	1	4	287289215/42661678592
63	59	2	2	453620534297/59896996743168
63	59	2	5	10792739385/1109203643392
63	59	2	9	10792739385/1109203643392
63	59	3	3	453620534297/59896996743168
63	59	3	5	10792739385/1109203643392
63	59	3	9	10792739385/1109203643392
63	60	1	2	-1194083973862033/154924691279847424
63	60	1	3	-1194083973862033/154924691279847424
63	60	1	4	447974692986707/154924691279847424
63	60	2	2	-53959002700046497/25097799987335282688
63	60	2	5	25350569892939/11917283944603648
63	60	2	9	25350569892939/11917283944603648
63	60	3	3	-53959002700046497/25097799987335282688
63	60	3	5	25350569892939/11917283944603648
63	60	3	9	25350569892939/11917283944603648
63	61	1	2	-1475107119184577757/636430631777613217792
63	61	1	3	-1475107119184577757/636430631777613217792
63	61	1	4	-18746728698423525/24478101222215892992
63	61	2	2	-5121204431259471359/18194428649642354343936
63	61	2	5	-673779773400729975/636430631777613217792
63	61	2	9	-673779773400729975/636430631777613217792
63	61	3	3	-5121204431259471359/18194428649642354343936
63	61	3	5	-673779773400729975/636430631777613217792
63	61	3	9	-673779773400729975/636430631777613217792
63	62	1	1	2
63	62	1	2	4
63	63	1	1	1748/3757
63	63	1	2	-1330/3757
63	64	1	1	48428511/903363136
63	64	1	2	-35196417/451681568
63	65	1	1	-1689735227/130535973152
63	65	1	2	89037947915/3393935301952
63	66	1	1	-782132457264941/102008119435469312
63	66	1	2	13875535817827/3923389209056512
63	67	1	1	-9057041571622569/14740173258425315584
63	67	1	2	-1146962547091317075/383244504719058205184
63	80	1	2	1
63	80	1	3	1
63	80	1	5	1
63	80	1	11	1
63	81	1	2	-285/2912
63	81	1	3	-285/2912
63	81	1	5	-285/2912
63	81	1	9	-285/2912
63	82	1	2	-2286213/135675904
63	82	1	3	-2286213/135675904
63	82	1	5	-2286213/135675904
63	82	1	9	-2286213/135675904
63	83	1	2	2695484115/395088232448
63	83	1	3	2695484115/395088232448
63	83	1	5	2695484115/395088232448
63	83	1	9	2695484115/395088232448
63	84	1	2	10660403368557/19558447859105792
63	84	1	3	10660403368557/19558447859105792
63	84	1	5	10660403368557/19558447859105792
63	84	1	9	10660403368557/19558447859105792
63	85	1	2	-41368189150026225/56954200165716066304
63	85	1	3	-41368189150026225/56954200165716066304
63	85	1	5	-41368189150026225/56954200165716066304
63	85	1	9	-41368189150026225/56954200165716066304
64	50	2	9	1/6
64	50	2	10	1/6
64	50	2	14	1/6
64	50	2	15	1/6
64	50	2	16	1/6
64	50	2	17	1/6
64	50	4	8	1/6
64	50	4	10	1/6
64	50	4	13	1/6
64	50	4	15	1/6
64	50	4	16	1/6
64	50	4	18	1/6
64	50	5	7	1/6
64	50	5	12	1/6
64	50	7	10	1/6
64	50	7	13	1/6
64	50	7	14	1/6
64	50	7	17	1/6
64	50	7	18	1/6
64	50	8	12	1/6
64	50	9	12	1/6
64	50	12	15	1/6
64	50	12	17	1/6
64	50	12	18	1/6
64	51	2	7	1919/34632
64	51	2	8	-19/936
64	51	2	11	1919/34632
64	51	2	12	-19/936
64	51	2	13	1919/34632
64	51	2	14	-19/936
64	51	3	6	1919/34632
64	51	3	8	-19/936
64	51	3	10	1919/34632
64	51	3	12	-19/936
64	51	3	13	1919/34632
64	51	3	15	-19/936
64	51	4	5	1919/34632
64	51	4	9	1919/34632
64	51	5	8	-19/936
64	51	5	10	1919/34632
64	51	5	11	1919/34632
64	51	5	14	-19/936
64	51	5	15	-19/936
64	51	6	9	1919/34632
64	51	7	9	1919/34632
64	51	9	12	-19/936
64	51	9	14	-19/936
64	51	9	15	-19/936
64	52	2	7	32072323/2132222976
64	52	2	8	-52345/57627648
64	52	2	11	32072323/2132222976
64	52	2	12	-52345/57627648
64	52	2	13	32072323/2132222976
64	52	2	14	-52345/57627648
64	52	3	6	32072323/2132222976
64	52	3	8	-52345/57627648
64	52	3	10	32072323/2132222976
64	52	3	12	-52345/57627648
64	52	3	13	32072323/2132222976
64	52	3	15	-52345/57627648
64	52	4	5	32072323/2132222976
64	52	4	9	32072323/2132222976
64	52	5	8	-52345/57627648
64	52	5	10	32072323/2132222976
64	52	5	11	32072323/2132222976
64	52	5	14	-52345/57627648
64	52	5	15	-52345/57627648
64	52	6	9	32072323/2132222976
64	52	7	9	32072323/2132222976
64	52	9	12	-52345/57627648
64	52	9	14	-52345/57627648
64	52	9	15	-52345/57627648
64	53	2	7	101643678757/36921573052416
64	53	2	8	25193107/26969739264
64	53	2	11	101643678757/36921573052416
64	53	2	12	25193107/26969739264
64	53	2	13	101643678757/36921573052416
64	53	2	14	25193107/26969739264
64	53	3	6	101643678757/36921573052416
64	53	3	8	25193107/26969739264
64	53	3	10	101643678757/36921573052416
64	53	3	12	25193107/26969739264
64	53	3	13	101643678757/36921573052416
64	53	3	15	25193107/26969739264
64	53	4	5	101643678757/36921573052416
64	53	4	9	101643678757/36921573052416
64	53	5	8	25193107/26969739264
64	53	5	10	101643678757/36921573052416
64	53	5	11	101643678757/36921573052416
64	53	5	14	25193107/26969739264
64	53	5	15	25193107/26969739264
64	53	6	9	101643678757/36921573052416
64	53	7	9	101643678757/36921573052416
64	53	9	12	25193107/26969739264
64	53	9	14	25193107/26969739264
64	53	9	15	25193107/26969739264
64	54	2	7	-88039406759137/7245784868390535168
64	54	2	8	-373663799497/5292757391081472
64	54	2	11	-88039406759137/7245784868390535168
64	54	2	12	-373663799497/5292757391081472
64	54	2	13	-88039406759137/7245784868390535168
64	54	2	14	-373663799497/5292757391081472
64	54	3	6	-88039406759137/7245784868390535168
64	54	3	8	-373663799497/5292757391081472
64	54	3	10	-88039406759137/7245784868390535168
64	54	3	12	-373663799497/5292757391081472
64	54	3	13	-88039406759137/7245784868390535168
64	54	3	15	-373663799497/5292757391081472
64	54	4	5	-88039406759137/7245784868390535168
64	54	4	9	-88039406759137/7245784868390535168
64	54	5	8	-373663799497/5292757391081472
64	54	5	10	-88039406759137/7245784868390535168
64	54	5	11	-88039406759137/7245784868390535168
64	54	5	14	-373663799497/5292757391081472
64	54	5	15	-373663799497/5292757391081472
64	54	6	9	-88039406759137/7245784868390535168
64	54	7	9	-88039406759137/7245784868390535168
64	54	9	12	-373663799497/5292757391081472
64	54	9	14	-373663799497/5292757391081472
64	54	9	15	-373663799497/5292757391081472
64	55	2	7	-1131520037766514267/4646963362261129887744
64	55	2	8	-16870378079611/275223384336236544
64	55	2	11	-1131520037766514267/4646963362261129887744
64	55	2	12	-16870378079611/275223384336236544
64	55	2	13	-1131520037766514267/4646963362261129887744
64	55	2	14	-16870378079611/275223384336236544
64	55	3	6	-1131520037766514267/4646963362261129887744
64	55	3	8	-16870378079611/275223384336236544
64	55	3	10	-1131520037766514267/4646963362261129887744
64	55	3	12	-16870378079611/275223384336236544
64	55	3	13	-1131520037766514267/4646963362261129887744
64	55	3	15	-16870378079611/275223384336236544
64	55	4	5	-1131520037766514267/4646963362261129887744
64	55	4	9	-1131520037766514267/4646963362261129887744
64	55	5	8	-16870378079611/275223384336236544
64	55	5	10	-1131520037766514267/4646963362261129887744
64	55	5	11	-1131520037766514267/4646963362261129887744
64	55	5	14	-16870378079611/275223384336236544
64	55	5	15	-16870378079611/275223384336236544
64	55	6	9	-1131520037766514267/4646963362261129887744
64	55	7	9	-1131520037766514267/4646963362261129887744
64	55	9	12	-16870378079611/275223384336236544
64	55	9	14	-16870378079611/275223384336236544
64	55	9	15	-16870378079611/275223384336236544
64	56	1	8	1
64	56	1	9	1
64	56	1	10	1
64	56	1	12	1
64	56	1	13	1
64	56	1	14	1
64	56	7	8	1
64	56	7	9	1
64	56	11	12	1
64	56	11	13	1
64	57	1	6	2527/8216
64	57	1	7	2527/8216
64	57	1	8	-95/8216
64	57	1	10	2527/8216
64	57	1	11	2527/8216
64	57	1	12	-95/8216
64	57	5	6	-57/316
64	57	5	7	-57/316
64	57	9	10	-57/316
64	57	9	11	-57/316
64	58	1	6	158171067/2160084992
64	58	1	7	158171067/2160084992
64	58	1	8	-3529497/166160384
64	58	1	10	158171067/2160084992
64	58	1	11	158171067/2160084992
64	58	1	12	-3529497/166160384
64	58	5	6	24110107/2160084992
64	58	5	7	24110107/2160084992
64	58	9	10	24110107/2160084992
64	58	9	11	24110107/2160084992
64	59	1	6	166343679215/17747258294272
64	59	1	7	166343679215/17747258294272
64	59	1	8	13131658385/17747258294272
64	59	1	10	166343679215/17747258294272
64	59	1	11	166343679215/17747258294272
64	59	1	12	13131658385/17747258294272
64	59	5	6	3889361655/682586857472
64	59	5	7	3889361655/682586857472
64	59	9	10	3889361655/682586857472
64	59	9	11	3889361655/682586857472
64	60	1	6	-9386492410102705/4957590120955117568
64	60	1	7	-9386492410102705/4957590120955117568
64	60	1	8	6310713926109263/4957590120955117568
64	60	1	10	-9386492410102705/4957590120955117568
64	60	1	11	-9386492410102705/4957590120955117568
64	60	1	12	6310713926109263/4957590120955117568
64	60	5	6	-9043515961112805/4957590120955117568
64	60	5	7	-9043515961112805/4957590120955117568
64	60	9	10	-9043515961112805/4957590120955117568
64	60	9	11	-9043515961112805/4957590120955117568
64	61	1	6	-60402078537205602099/40731560433767245938688
64	61	1	7	-60402078537205602099/40731560433767245938688
64	61	1	8	-3024474560702414925/40731560433767245938688
64	61	1	10	-60402078537205602099/40731560433767245938688
64	61	1	11	-60402078537205602099/40731560433767245938688
64	61	1	12	-3024474560702414925/40731560433767245938688
64	61	5	6	-156599460343112751/1566598478221817151488
64	61	5	7	-156599460343112751/1566598478221817151488
64	61	9	10	-156599460343112751/1566598478221817151488
64	61	9	11	-156599460343112751/1566598478221817151488
64	62	1	10	2
64	62	1	11	2
64	62	4	4	1
64	62	4	10	2
64	62	6	6	1
64	62	6	10	2
64	63	1	9	3781/7514
64	63	1	10	-1045/7514
64	63	3	3	-9329/45084
64	63	3	9	-437/7514
64	63	5	5	-9329/45084
64	63	5	9	-437/7514
64	64	1	9	288562101/3613452544
64	64	1	10	-133963851/3613452544
64	64	3	3	1264789853/65042145792
64	64	3	9	-162797643/3613452544
64	64	5	5	1264789853/65042145792
64	64	5	9	-162797643/3613452544
64	65	1	9	-186233914981/54302964831232
64	65	1	10	493011304885/54302964831232
64	65	3	3	16564253954585/2932360100886528
64	65	3	9	218768730965/54302964831232
64	65	5	5	16564253954585/2932360100886528
64	65	5	9	218768730965/54302964831232
64	66	1	9	-10861840544642729/1632129910967508992
64	66	1	10	222893907625843/125548454689808384
64	66	3	3	-695051454110835065/264405045576736456704
64	66	3	9	357691344314995/125548454689808384
64	66	5	5	-695051454110835065/264405045576736456704
64	66	5	9	357691344314995/125548454689808384
64	67	1	9	-37963567079708326761/24527648302019725131776
64	67	1	10	-22531159329072080775/24527648302019725131776
64	67	3	3	1140104016870596555029/11920437074781586414043136
64	67	3	9	-10719983164217024103/24527648302019725131776
64	67	5	5	1140104016870596555029/11920437074781586414043136
64	67	5	9	-10719983164217024103/24527648302019725131776
64	68	1	2	2/3
64	68	1	3	2/3
64	68	1	5	2/3
64	69	1	2	-95/1638
64	69	1	3	-95/1638
64	69	1	5	-95/1638
64	70	1	2	-978671/76317696
64	70	1	3	-978671/76317696
64	70	1	5	-978671/76317696
64	71	1	2	1056251705/250016772096
64	71	1	3	1056251705/250016772096
64	71	1	5	1056251705/250016772096
64	72	1	2	21502634896907/37130490857521152
64	72	1	3	21502634896907/37130490857521152
64	72	1	5	21502634896907/37130490857521152
64	73	1	2	-711700245274475/1501722074681966592
64	73	1	3	-711700245274475/1501722074681966592
64	73	1	5	-711700245274475/1501722074681966592
64	86	1	5	2
64	86	1	10	2
64	87	1	5	-285/1378
64	87	1	9	-285/1378
64	88	1	5	-17980327/607642880
64	88	1	9	-17980327/607642880
64	89	1	5	4556179917/334932755456
64	89	1	9	4556179917/334932755456
64	90	1	5	491677316446287/784613472931225600
64	90	1	9	491677316446287/784613472931225600
64	91	1	5	-117364776806125359/86495789255938310144
64	91	1	9	-117364776806125359/86495789255938310144
65	50	2	10	1/3
65	50	2	15	1/3
65	50	2	17	1/3
65	50	4	10	1/3
65	50	4	15	1/3
65	50	4	18	1/3
65	50	7	10	1/3
65	50	7	17	1/3
65	50	7	18	1/3
65	50	12	15	1/3
65	50	12	17	1/3
65	50	12	18	1/3
65	51	2	8	19/234
65	51	2	12	19/234
65	51	2	14	19/234
65	51	3	8	19/234
65	51	3	12	19/234
65	51	3	15	19/234
65	51	5	8	19/234
65	51	5	14	19/234
65	51	5	15	19/234
65	51	9	12	19/234
65	51	9	14	19/234
65	51	9	15	19/234
65	52	2	8	97109/7203456
65	52	2	12	97109/7203456
65	52	2	14	97109/7203456
65	52	3	8	97109/7203456
65	52	3	12	97109/7203456
65	52	3	15	97109/7203456
65	52	5	8	97109/7203456
65	52	5	14	97109/7203456
65	52	5	15	97109/7203456
65	52	9	12	97109/7203456
65	52	9	14	97109/7203456
65	52	9	15	97109/7203456
65	53	2	8	363527/1685608704
65	53	2	12	363527/1685608704
65	53	2	14	363527/1685608704
65	53	3	8	363527/1685608704
65	53	3	12	363527/1685608704
65	53	3	15	363527/1685608704
65	53	5	8	363527/1685608704
65	53	5	14	363527/1685608704
65	53	5	15	363527/1685608704
65	53	9	12	363527/1685608704
65	53	9	14	363527/1685608704
65	53	9	15	363527/1685608704
65	54	2	8	-121164255577/165398668471296
65	54	2	12	-121164255577/165398668471296
65	54	2	14	-121164255577/165398668471296
65	54	3	8	-121164255577/165398668471296
65	54	3	12	-121164255577/165398668471296
65	54	3	15	-121164255577/165398668471296
65	54	5	8	-121164255577/165398668471296
65	54	5	14	-121164255577/165398668471296
65	54	5	15	-121164255577/165398668471296
65	54	9	12	-121164255577/165398668471296
65	54	9	14	-121164255577/165398668471296
65	54	9	15	-121164255577/165398668471296
65	55	2	8	-925444477349/4300365380253696
65	55	2	12	-925444477349/4300365380253696
65	55	2	14	-925444477349/4300365380253696
65	55	3	8	-925444477349/4300365380253696
65	55	3	12	-925444477349/4300365380253696
65	55	3	15	-925444477349/4300365380253696
65	55	5	8	-925444477349/4300365380253696
65	55	5	14	-925444477349/4300365380253696
65	55	5	15	-925444477349/4300365380253696
65	55	9	12	-925444477349/4300365380253696
65	55	9	14	-925444477349/4300365380253696
65	55	9	15	-925444477349/4300365380253696
65	56	1	16	2
65	56	1	17	2
65	56	1	18	2
65	57	1	14	703/1027
65	57	1	15	703/1027
65	57	1	16	95/2054
65	58	1	14	52507089/270010624
65	58	1	15	52507089/270010624
65	58	1	16	-10462863/270010624
65	59	1	14	21795645389/554601821696
65	59	1	15	21795645389/554601821696
65	59	1	16	-3036787955/1109203643392
65	60	1	14	262696839364883/154924691279847424
65	60	1	15	262696839364883/154924691279847424
65	60	1	16	327088503327407/154924691279847424
65	61	1	14	-872215897952394111/318215315888806608896
65	61	1	15	-872215897952394111/318215315888806608896
65	61	1	16	161601744938063325/636430631777613217792
65	62	10	10	2
65	62	10	12	4
65	62	10	15	4
65	63	9	9	836/3757
65	63	9	11	-2546/3757
65	63	9	13	-2546/3757
65	64	9	9	-16967361/903363136
65	64	9	11	12524895/451681568
65	64	9	13	12524895/451681568
65	65	9	9	-19986968243/1696967650976
65	65	9	11	84195164683/3393935301952
65	65	9	13	84195164683/3393935301952
65	66	9	9	-25605290367341/102008119435469312
65	66	9	11	-323791533460409/51004059717734656
65	66	9	13	-323791533460409/51004059717734656
65	67	9	9	176916186614345871/191622252359529102592
65	67	9	11	-328822381501063347/383244504719058205184
65	67	9	13	-328822381501063347/383244504719058205184
65	68	1	10	4/3
65	68	1	12	4/3
65	68	1	15	4/3
65	69	1	10	-95/819
65	69	1	11	-95/819
65	69	1	13	-95/819
65	70	1	10	-221293/9539712
65	70	1	11	-221293/9539712
65	70	1	13	-221293/9539712
65	71	1	10	244077515/31252096512
65	71	1	11	244077515/31252096512
65	71	1	13	244077515/31252096512
65	72	1	10	1057432804223/1160327839297536
65	72	1	11	1057432804223/1160327839297536
65	72	1	13	1057432804223/1160327839297536
65	73	1	10	-341343927596975/422359333504303104
65	73	1	11	-341343927596975/422359333504303104
65	73	1	13	-341343927596975/422359333504303104
65	74	4	4	2/3
65	74	6	6	2/3
65	74	10	10	2/3
65	75	3	3	-1273/8385
65	75	5	5	-1273/8385
65	75	9	9	-1273/8385
65	76	3	3	119645147/5999635200
65	76	5	5	119645147/5999635200
65	76	9	9	119645147/5999635200
65	77	3	3	71186138359/33537960768000
65	77	5	5	71186138359/33537960768000
65	77	9	9	71186138359/33537960768000
65	78	3	3	-47246688056848357/25496899294264320000
65	78	5	5	-47246688056848357/25496899294264320000
65	78	9	9	-47246688056848357/25496899294264320000
65	79	3	3	40944293402567502481/142527667054937548800000
65	79	5	5	40944293402567502481/142527667054937548800000
65	79	9	9	40944293402567502481/142527667054937548800000
65	92	1	9	4
65	93	1	9	-95/208
65	94	1	9	-63897/1384448
65	95	1	9	31928645/1151860736
65	96	1	9	-384055987/2036489781248
65	97	1	9	-8501128794225/3388718995996672
66	50	2	18	1
66	50	4	17	1
66	50	7	15	1
66	50	10	12	1
66	52	2	15	-8303/400192
66	52	3	14	-8303/400192
66	52	5	12	-8303/400192
66	52	8	9	-8303/400192
66	54	2	15	206819427/170163239168
66	54	3	14	206819427/170163239168
66	54	5	12	206819427/170163239168
66	54	8	9	206819427/170163239168
66	56	1	5	6
66	57	1	4	3933/2054
66	58	1	4	64788309/135005312
66	59	1	4	38501069121/554601821696
66	60	1	4	-380664185017401/38731172819961856
66	61	1	4	-1567827119857526559/159107657944403304448
66	62	2	10	12
66	63	2	9	-3420/3757
66	64	2	9	-49193109/225840784
66	65	2	9	50949372195/848483825488
66	66	2	9	9667829631861/980847302264128
66	67	2	9	-293303713269395025/47905563089882275648
66	68	1	1	2
66	69	1	1	171/364
66	70	1	1	58843/1059968
66	71	1	1	-9815229/771656704
66	72	1	1	-37335793611/4775011684352
66	73	1	1	-2401887836871/3476208506208256
66	80	2	2	3/2
66	80	3	3	3/2
66	80	5	5	3/2
66	80	11	11	3/2
66	81	2	2	-7353/23296
66	81	3	3	-7353/23296
66	81	5	5	-7353/23296
66	81	9	9	-7353/23296
66	82	2	2	8606601/271351808
66	82	3	3	8606601/271351808
66	82	5	5	8606601/271351808
66	82	9	9	8606601/271351808
66	83	2	2	25060501953/3160705859584
66	83	3	3	25060501953/3160705859584
66	83	5	5	25060501953/3160705859584
66	83	9	9	25060501953/3160705859584
66	84	2	2	-2510467098907689/625870331491385344
66	84	3	3	-2510467098907689/625870331491385344
66	84	5	5	-2510467098907689/625870331491385344
66	84	9	9	-2510467098907689/625870331491385344
66	85	2	2	1673894226000525219/7290137621211656486912
66	85	3	3	1673894226000525219/7290137621211656486912
66	85	5	5	1673894226000525219/7290137621211656486912
66	85	9	9	1673894226000525219/7290137621211656486912
67	50	2	18	1/2
67	50	2	19	1/2
67	50	4	17	1/2
67	50	4	19	1/2
67	50	7	15	1/2
67	50	7	19	1/2
67	50	10	12	1/2
67	50	12	19	1/2
67	51	2	15	19/104
67	51	2	16	-171/3848
67	51	3	14	19/104
67	51	3	16	-171/3848
67	51	5	12	19/104
67	51	5	16	-171/3848
67	51	8	9	19/104
67	51	9	16	-171/3848
67	52	2	15	374357/6403072
67	52	2	16	-79059/18224128
67	52	3	14	374357/6403072
67	52	3	16	-79059/18224128
67	52	5	12	374357/6403072
67	52	5	16	-79059/18224128
67	52	8	9	374357/6403072
67	52	9	16	-79059/18224128
67	53	2	15	5096237/332959744
67	53	2	16	847257975/455821889536
67	53	3	14	5096237/332959744
67	53	3	16	847257975/455821889536
67	53	5	12	5096237/332959744
67	53	5	16	847257975/455821889536
67	53	8	9	5096237/332959744
67	53	9	16	847257975/455821889536
67	54	2	15	4458411731/1675453431808
67	54	2	16	783554360895/29818044725886976
67	54	3	14	4458411731/1675453431808
67	54	3	16	783554360895/29818044725886976
67	54	5	12	4458411731/1675453431808
67	54	5	16	783554360895/29818044725886976
67	54	8	9	4458411731/1675453431808
67	54	9	16	783554360895/29818044725886976
67	55	2	15	-88280357647/1132606519902208
67	55	2	16	-6709738287340593/57369918052606541824
67	55	3	14	-88280357647/1132606519902208
67	55	3	16	-6709738287340593/57369918052606541824
67	55	5	12	-88280357647/1132606519902208
67	55	5	16	-6709738287340593/57369918052606541824
67	55	8	9	-88280357647/1132606519902208
67	55	9	16	-6709738287340593/57369918052606541824
67	56	1	10	3
67	56	1	14	3
67	57	1	8	8721/8216
67	57	1	12	8721/8216
67	58	1	8	698070393/2160084992
67	58	1	12	698070393/2160084992
67	59	1	8	1371192861897/17747258294272
67	59	1	12	1371192861897/17747258294272
67	60	1	8	50770767630983229/4957590120955117568
67	60	1	12	50770767630983229/4957590120955117568
67	61	1	8	-4799924240010392061/2395974143162779172864
67	61	1	12	-4799924240010392061/2395974143162779172864
67	62	10	11	6
67	63	9	10	-9747/7514
67	64	9	10	599294295/3613452544
67	65	9	10	743596378443/54302964831232
67	66	9	10	-20972074469196267/1632129910967508992
67	67	9	10	50671562520289218687/24527648302019725131776
67	68	1	9	2
67	68	2	9	2
67	68	3	9	2
67	68	5	9	2
67	69	1	9	171/364
67	69	2	9	-19/364
67	69	3	9	-19/364
67	69	5	9	-19/364
67	70	1	9	564243/8479744
67	70	2	9	-359917/8479744
67	70	3	9	-359917/8479744
67	70	5	9	-359917/8479744
67	71	1	9	-30556845/6173253632
67	71	2	9	1611865/474865664
67	71	3	9	1611865/474865664
67	71	5	9	1611865/474865664
67	72	1	9	-67048199685/11753874915328
67	72	2	9	386752980095/152800373899264
67	72	3	9	386752980095/152800373899264
67	72	5	9	386752980095/152800373899264
67	73	1	9	-118503852318207/111238672198664192
67	73	2	9	-2958717932189/8556820938358784
67	73	3	9	-2958717932189/8556820938358784
67	73	5	9	-2958717932189/8556820938358784
67	86	5	5	3
67	86	10	10	3
67	87	5	5	-10089/13780
67	87	9	9	-10089/13780
67	88	5	5	706043439/6076428800
67	88	9	9	706043439/6076428800
67	89	5	5	13800026781/6441014528000
67	89	9	9	13800026781/6441014528000
67	90	5	5	-314359258672582731/39230673646561280000
67	90	9	9	-314359258672582731/39230673646561280000
67	91	5	5	83223059338958405121/41584514065354956800000
67	91	9	9	83223059338958405121/41584514065354956800000
68	50	2	19	1
68	50	4	19	1
68	50	7	19	1
68	50	12	19	1
68	51	2	16	133/481
68	51	3	16	133/481
68	51	5	16	133/481
68	51	9	16	133/481
68	52	2	16	57399/925444
68	52	3	16	57399/925444
68	52	5	16	57399/925444
68	52	9	16	57399/925444
68	53	2	16	4081105/445138564
68	53	3	16	4081105/445138564
68	53	5	16	4081105/445138564
68	53	9	16	4081105/445138564
68	54	2	16	-340789415/1819949018914
68	54	3	16	-340789415/1819949018914
68	54	5	16	-340789415/1819949018914
68	54	9	16	-340789415/1819949018914
68	55	2	16	-544263892893/875395478097634
68	55	3	16	-544263892893/875395478097634
68	55	5	16	-544263892893/875395478097634
68	55	9	16	-544263892893/875395478097634
68	56	1	18	6
68	57	1	16	2394/1027
68	58	1	16	6871635/8437832
68	59	1	16	2127311991/8665653464
68	60	1	16	8770548434859/151293643827976
68	61	1	16	1119723045318549/155378572211331352
68	68	9	9	2
68	68	9	10	4
68	68	9	12	4
68	68	9	15	4
68	69	9	9	19/182
68	69	9	10	-76/91
68	69	9	11	-76/91
68	69	9	13	-76/91
68	70	9	9	-1083/33124
68	70	9	10	3249/33124
68	70	9	11	3249/33124
68	70	9	13	3249/33124
68	71	9	9	-34295/6028568
68	71	9	10	34295/3014284
68	71	9	11	34295/3014284
68	71	9	13	34295/3014284
68	72	9	9	215681255/149219115136
68	72	9	10	-38444695/4663097348
68	72	9	11	-38444695/4663097348
68	72	9	13	-38444695/4663097348
68	73	9	9	26214460113/54315757909504
68	73	9	10	453126117/424341858668
68	73	9	11	453126117/424341858668
68	73	9	13	453126117/424341858668
68	92	9	9	6
68	93	9	9	-171/104
68	94	9	9	29241/86528
68	95	9	9	-555579/17997824
68	96	9	9	-348348033/31820152832
68	97	9	9	37906599591/6618591789056
69	50	5	5	2/3
69	50	8	8	2/3
69	50	9	9	2/3
69	50	13	13	2/3
69	50	14	14	2/3
69	50	16	16	2/3
69	51	4	4	-1501/8658
69	51	6	6	-1501/8658
69	51	7	7	-1501/8658
69	51	10	10	-1501/8658
69	51	11	11	-1501/8658
69	51	13	13	-1501/8658
69	52	4	4	51058757/1599167232
69	52	6	6	51058757/1599167232
69	52	7	7	51058757/1599167232
69	52	10	10	51058757/1599167232
69	52	11	11	51058757/1599167232
69	52	13	13	51058757/1599167232
69	53	4	4	-13485294707/9230393263104
69	53	6	6	-13485294707/9230393263104
69	53	7	7	-13485294707/9230393263104
69	53	10	10	-13485294707/9230393263104
69	53	11	11	-13485294707/9230393263104
69	53	13	13	-13485294707/9230393263104
69	54	4	4	-2818584816098137/1811446217097633792
69	54	6	6	-2818584816098137/1811446217097633792
69	54	7	7	-2818584816098137/1811446217097633792
69	54	10	10	-2818584816098137/1811446217097633792
69	54	11	11	-2818584816098137/1811446217097633792
69	54	13	13	-2818584816098137/1811446217097633792
69	55	4	4	5934614417152315537/10455667565087542247424
69	55	6	6	5934614417152315537/10455667565087542247424
69	55	7	7	5934614417152315537/10455667565087542247424
69	55	10	10	5934614417152315537/10455667565087542247424
69	55	11	11	5934614417152315537/10455667565087542247424
69	55	13	13	5934614417152315537/10455667565087542247424
69	56	7	11	8
69	57	5	9	2736/1027
69	58	5	9	194624847/270010624
69	59	5	9	1378391499/10665419648
69	60	5	9	-1573083949674717/619698765119389696
69	61	5	9	-303729894605680839/24478101222215892992
69	62	1	8	16
69	63	1	7	-3420/3757
69	64	1	7	-140925375/451681568
69	65	1	7	401475274875/6787870603904
69	66	1	7	258272356966875/15693556836226048
69	67	1	7	-18344645033227903125/3065956037752465641472
69	98	1	1	2
69	99	1	1	-19/78
69	100	1	1	-11191/389376
69	101	1	1	1076863/60742656
69	102	1	1	1433531/24783003648
69	103	1	1	-97070509097/50259931398144
70	50	5	5	1/3
70	50	8	8	1/3
70	50	9	9	1/3
70	50	13	13	1/3
70	50	14	14	1/3
70	50	16	16	1/3
70	51	4	4	152/4329
70	51	6	6	152/4329
70	51	7	7	152/4329
70	51	10	10	152/4329
70	51	11	11	152/4329
70	51	13	13	152/4329
70	52	4	4	-2772841/799583616
70	52	6	6	-2772841/799583616
70	52	7	7	-2772841/799583616
70	52	10	10	-2772841/799583616
70	52	11	11	-2772841/799583616
70	52	13	13	-2772841/799583616
70	53	4	4	-270429793/144224894736
70	53	6	6	-270429793/144224894736
70	53	7	7	-270429793/144224894736
70	53	10	10	-270429793/144224894736
70	53	11	11	-270429793/144224894736
70	53	13	13	-270429793/144224894736
70	54	4	4	-233534841037/226430777137204224
70	54	6	6	-233534841037/226430777137204224
70	54	7	7	-233534841037/226430777137204224
70	54	10	10	-233534841037/226430777137204224
70	54	11	11	-233534841037/226430777137204224
70	54	13	13	-233534841037/226430777137204224
70	55	4	4	6113486408027117/40842451426123211904
70	55	6	6	6113486408027117/40842451426123211904
70	55	7	7	6113486408027117/40842451426123211904
70	55	10	10	6113486408027117/40842451426123211904
70	55	11	11	6113486408027117/40842451426123211904
70	55	13	13	6113486408027117/40842451426123211904
70	56	7	15	4
70	56	11	15	4
70	56	15	15	2
70	57	5	13	912/1027
70	57	9	13	912/1027
70	57	13	13	-893/2054
70	58	5	13	14381157/135005312
70	58	9	13	14381157/135005312
70	58	13	13	13283717/270010624
70	59	5	13	-575024265/34662613856
70	59	9	13	-575024265/34662613856
70	59	13	13	9988727405/1109203643392
70	60	5	13	-874187534527605/77462345639923712
70	60	9	13	-874187534527605/77462345639923712
70	60	13	13	-849381727135705/154924691279847424
70	61	5	13	-26328105160820289/19888457243050413056
70	61	9	13	-26328105160820289/19888457243050413056
70	61	13	13	339364016301598001/636430631777613217792
70	62	1	17	8
70	63	1	15	-1140/3757
70	64	1	15	-42157941/225840784
70	65	1	15	37526583555/1696967650976
70	66	1	15	310303631853279/25502029858867328
70	67	1	15	-483144867811387575/191622252359529102592
70	74	1	8	8/3
70	74	1	12	8/3
70	74	1	14	8/3
70	75	1	7	-114/559
70	75	1	11	-114/559
70	75	1	13	-114/559
70	76	1	7	-5099847/99993920
70	76	1	11	-5099847/99993920
70	76	1	13	-5099847/99993920
70	77	1	7	3149577351/223586405120
70	77	1	11	3149577351/223586405120
70	77	1	13	3149577351/223586405120
70	78	1	7	208255765244661/84989664314214400
70	78	1	11	208255765244661/84989664314214400
70	78	1	13	208255765244661/84989664314214400
70	79	1	7	-57194020790828271/38007377881316679680
70	79	1	11	-57194020790828271/38007377881316679680
70	79	1	13	-57194020790828271/38007377881316679680
70	104	1	1	2
70	105	1	1	-190/793
70	106	1	1	-4826209/160985344
70	107	1	1	2253421565/127661377792
70	108	1	1	12138004499843/55072097088446464
70	109	1	1	-85268733093185425/43672172991138045952
71	50	5	8	1/6
71	50	5	9	1/6
71	50	5	13	1/6
71	50	5	14	1/6
71	50	8	9	1/6
71	50	8	13	1/6
71	50	8	16	1/6
71	50	9	14	1/6
71	50	9	16	1/6
71	50	13	14	1/6
71	50	13	16	1/6
71	50	14	16	1/6
71	51	4	6	-133/5772
71	51	4	7	-133/5772
71	51	4	10	-133/5772
71	51	4	11	-133/5772
71	51	6	7	-133/5772
71	51	6	10	-133/5772
71	51	6	13	-133/5772
71	51	7	11	-133/5772
71	51	7	13	-133/5772
71	51	10	11	-133/5772
71	51	10	13	-133/5772
71	51	11	13	-133/5772
71	52	4	6	-71117/199895904
71	52	4	7	-71117/199895904
71	52	4	10	-71117/199895904
71	52	4	11	-71117/199895904
71	52	6	7	-71117/199895904
71	52	6	10	-71117/199895904
71	52	6	13	-71117/199895904
71	52	7	11	-71117/199895904
71	52	7	13	-71117/199895904
71	52	10	11	-71117/199895904
71	52	10	13	-71117/199895904
71	52	11	13	-71117/199895904
71	53	4	6	65921849/64099953216
71	53	4	7	65921849/64099953216
71	53	4	10	65921849/64099953216
71	53	4	11	65921849/64099953216
71	53	6	7	65921849/64099953216
71	53	6	10	65921849/64099953216
71	53	6	13	65921849/64099953216
71	53	7	11	65921849/64099953216
71	53	7	13	65921849/64099953216
71	53	10	11	65921849/64099953216
71	53	10	13	65921849/64099953216
71	53	11	13	65921849/64099953216
71	54	4	6	-626382282697/4717307857025088
71	54	4	7	-626382282697/4717307857025088
71	54	4	10	-626382282697/4717307857025088
71	54	4	11	-626382282697/4717307857025088
71	54	6	7	-626382282697/4717307857025088
71	54	6	10	-626382282697/4717307857025088
71	54	6	13	-626382282697/4717307857025088
71	54	7	11	-626382282697/4717307857025088
71	54	7	13	-626382282697/4717307857025088
71	54	10	11	-626382282697/4717307857025088
71	54	10	13	-626382282697/4717307857025088
71	54	11	13	-626382282697/4717307857025088
71	55	4	6	-280037959702669/4538050158458134656
71	55	4	7	-280037959702669/4538050158458134656
71	55	4	10	-280037959702669/4538050158458134656
71	55	4	11	-280037959702669/4538050158458134656
71	55	6	7	-280037959702669/4538050158458134656
71	55	6	10	-280037959702669/4538050158458134656
71	55	6	13	-280037959702669/4538050158458134656
71	55	7	11	-280037959702669/4538050158458134656
71	55	7	13	-280037959702669/4538050158458134656
71	55	10	11	-280037959702669/4538050158458134656
71	55	10	13	-280037959702669/4538050158458134656
71	55	11	13	-280037959702669/4538050158458134656
71	56	2	7	1
71	56	2	8	1
71	56	2	11	1
71	56	2	12	1
71	56	4	7	1
71	56	4	9	1
71	56	4	11	1
71	56	4	13	1
71	56	7	12	1
71	56	7	13	1
71	56	8	11	1
71	56	9	11	1
71	57	2	5	304/1027
71	57	2	6	-38/237
71	57	2	9	304/1027
71	57	2	10	-38/237
71	57	3	5	304/1027
71	57	3	7	-38/237
71	57	3	9	304/1027
71	57	3	11	-38/237
71	57	5	10	19/8216
71	57	5	11	19/8216
71	57	6	9	19/8216
71	57	7	9	19/8216
71	58	2	5	4403117/67502656
71	58	2	6	2014741/607523904
71	58	2	9	4403117/67502656
71	58	2	10	2014741/607523904
71	58	3	5	4403117/67502656
71	58	3	7	2014741/607523904
71	58	3	9	4403117/67502656
71	58	3	11	2014741/607523904
71	58	5	10	-58121/2596256
71	58	5	11	-58121/2596256
71	58	6	9	-58121/2596256
71	58	7	9	-58121/2596256
71	59	2	5	26221957/4332826732
71	59	2	6	478655315/71991582624
71	59	2	9	26221957/4332826732
71	59	2	10	478655315/71991582624
71	59	3	5	26221957/4332826732
71	59	3	7	478655315/71991582624
71	59	3	9	26221957/4332826732
71	59	3	11	478655315/71991582624
71	59	5	10	-5384315/34662613856
71	59	5	11	-5384315/34662613856
71	59	6	9	-5384315/34662613856
71	59	7	9	-5384315/34662613856
71	60	2	5	-12969310951237/4841396602495232
71	60	2	6	-540113800448245/392153124802113792
71	60	2	9	-12969310951237/4841396602495232
71	60	2	10	-540113800448245/392153124802113792
71	60	3	5	-12969310951237/4841396602495232
71	60	3	7	-540113800448245/392153124802113792
71	60	3	9	-12969310951237/4841396602495232
71	60	3	11	-540113800448245/392153124802113792
71	60	5	10	109607709235055/77462345639923712
71	60	5	11	109607709235055/77462345639923712
71	60	6	9	109607709235055/77462345639923712
71	60	7	9	109607709235055/77462345639923712
71	61	2	5	-447420573307547/310757144422662704
71	61	2	6	-14774301956551253/46470145289050484352
71	61	2	9	-447420573307547/310757144422662704
71	61	2	10	-14774301956551253/46470145289050484352
71	61	3	5	-447420573307547/310757144422662704
71	61	3	7	-14774301956551253/46470145289050484352
71	61	3	9	-447420573307547/310757144422662704
71	61	3	11	-14774301956551253/46470145289050484352
71	61	5	10	10416257133969913/636430631777613217792
71	61	5	11	10416257133969913/636430631777613217792
71	61	6	9	10416257133969913/636430631777613217792
71	61	7	9	10416257133969913/636430631777613217792
71	62	1	4	2
71	62	1	5	2
71	62	1	6	2
71	62	1	7	2
71	62	4	6	2
71	63	1	3	2033/3757
71	63	1	4	-380/3757
71	63	1	5	2033/3757
71	63	1	6	-380/3757
71	63	3	5	-1919/11271
71	64	1	3	11002919/112920392
71	64	1	4	-4951837/112920392
71	64	1	5	11002919/112920392
71	64	1	6	-4951837/112920392
71	64	3	5	-35034689/1016283528
71	65	1	3	-113756515/848483825488
71	65	1	4	1521017545/212120956372
71	65	1	5	-113756515/848483825488
71	65	1	6	1521017545/212120956372
71	65	3	5	258229381045/22909063288176
71	66	1	3	-23605055110495/3187753732358416
71	66	1	4	324515840767/122605912783016
71	66	1	5	-23605055110495/3187753732358416
71	66	1	6	324515840767/122605912783016
71	66	3	5	27031635988685/19862157870848592
71	67	1	3	-53159129177590129/23952781544941137824
71	67	1	4	-2375225883766225/2994097693117642228
71	67	1	5	-53159129177590129/23952781544941137824
71	67	1	6	-2375225883766225/2994097693117642228
71	67	3	5	-6680404203832414153/5820525915420696491232
71	80	1	4	1/2
71	80	1	6	1/2
71	80	1	14	1/2
71	80	1	16	1/2
71	81	1	4	-95/2912
71	81	1	6	-95/2912
71	81	1	11	-95/2912
71	81	1	13	-95/2912
71	82	1	4	-329593/33918976
71	82	1	6	-329593/33918976
71	82	1	11	-329593/33918976
71	82	1	13	-329593/33918976
71	83	1	4	107652005/49386029056
71	83	1	6	107652005/49386029056
71	83	1	11	107652005/49386029056
71	83	1	13	107652005/49386029056
71	84	1	4	76229053493/152800373899264
71	84	1	6	76229053493/152800373899264
71	84	1	11	76229053493/152800373899264
71	84	1	13	76229053493/152800373899264
71	85	1	4	-100646676980225/444954688794656768
71	85	1	6	-100646676980225/444954688794656768
71	85	1	11	-100646676980225/444954688794656768
71	85	1	13	-100646676980225/444954688794656768
71	86	1	2	2
71	86	1	3	2
71	87	1	2	-380/2067
71	87	1	3	-380/2067
71	88	1	2	-6238441/170899560
71	88	1	3	-6238441/170899560
71	89	1	2	465335137/35324939052
71	89	1	3	465335137/35324939052
71	90	1	2	90710698728443/62064151667411400
71	90	1	3	90710698728443/62064151667411400
71	91	1	2	-3717144290086417/2565732029930787276
71	91	1	3	-3717144290086417/2565732029930787276
72	50	5	8	1/6
72	50	5	9	1/6
72	50	5	13	1/6
72	50	5	14	1/6
72	50	8	9	1/6
72	50	8	13	1/6
72	50	8	16	1/6
72	50	9	14	1/6
72	50	9	16	1/6
72	50	13	14	1/6
72	50	13	16	1/6
72	50	14	16	1/6
72	51	4	6	437/11544
72	51	4	7	437/11544
72	51	4	10	437/11544
72	51	4	11	437/11544
72	51	6	7	437/11544
72	51	6	10	437/11544
72	51	6	13	437/11544
72	51	7	11	437/11544
72	51	7	13	437/11544
72	51	10	11	437/11544
72	51	10	13	437/11544
72	51	11	13	437/11544
72	52	4	6	33427517/6396668928
72	52	4	7	33427517/6396668928
72	52	4	10	33427517/6396668928
72	52	4	11	33427517/6396668928
72	52	6	7	33427517/6396668928
72	52	6	10	33427517/6396668928
72	52	6	13	33427517/6396668928
72	52	7	11	33427517/6396668928
72	52	7	13	33427517/6396668928
72	52	10	11	33427517/6396668928
72	52	10	13	33427517/6396668928
72	52	11	13	33427517/6396668928
72	53	4	6	-1415238047/4102397005824
72	53	4	7	-1415238047/4102397005824
72	53	4	10	-1415238047/4102397005824
72	53	4	11	-1415238047/4102397005824
72	53	6	7	-1415238047/4102397005824
72	53	6	10	-1415238047/4102397005824
72	53	6	13	-1415238047/4102397005824
72	53	7	11	-1415238047/4102397005824
72	53	7	13	-1415238047/4102397005824
72	53	10	11	-1415238047/4102397005824
72	53	10	13	-1415238047/4102397005824
72	53	11	13	-1415238047/4102397005824
72	54	4	6	-4454673994399/10928785623515136
72	54	4	7	-4454673994399/10928785623515136
72	54	4	10	-4454673994399/10928785623515136
72	54	4	11	-4454673994399/10928785623515136
72	54	6	7	-4454673994399/10928785623515136
72	54	6	10	-4454673994399/10928785623515136
72	54	6	13	-4454673994399/10928785623515136
72	54	7	11	-4454673994399/10928785623515136
72	54	7	13	-4454673994399/10928785623515136
72	54	10	11	-4454673994399/10928785623515136
72	54	10	13	-4454673994399/10928785623515136
72	54	11	13	-4454673994399/10928785623515136
72	55	4	6	-20665223936068579/273350786015360581632
72	55	4	7	-20665223936068579/273350786015360581632
72	55	4	10	-20665223936068579/273350786015360581632
72	55	4	11	-20665223936068579/273350786015360581632
72	55	6	7	-20665223936068579/273350786015360581632
72	55	6	10	-20665223936068579/273350786015360581632
72	55	6	13	-20665223936068579/273350786015360581632
72	55	7	11	-20665223936068579/273350786015360581632
72	55	7	13	-20665223936068579/273350786015360581632
72	55	10	11	-20665223936068579/273350786015360581632
72	55	10	13	-20665223936068579/273350786015360581632
72	55	11	13	-20665223936068579/273350786015360581632
72	56	7	8	1
72	56	7	9	1
72	56	7	16	1
72	56	7	17	1
72	56	11	12	1
72	56	11	13	1
72	56	11	16	1
72	56	11	17	1
72	57	5	6	190/1027
72	57	5	7	190/1027
72	57	5	14	-893/8216
72	57	5	15	-893/8216
72	57	9	10	190/1027
72	57	9	11	190/1027
72	57	9	14	-893/8216
72	57	9	15	-893/8216
72	58	5	6	27874615/2160084992
72	58	5	7	27874615/2160084992
72	58	5	14	-20539817/2160084992
72	58	5	15	-20539817/2160084992
72	58	9	10	27874615/2160084992
72	58	9	11	27874615/2160084992
72	58	9	14	-20539817/2160084992
72	58	9	15	-20539817/2160084992
72	59	5	6	-6102966725/1109203643392
72	59	5	7	-6102966725/1109203643392
72	59	5	14	100601974991/17747258294272
72	59	5	15	100601974991/17747258294272
72	59	9	10	-6102966725/1109203643392
72	59	9	11	-6102966725/1109203643392
72	59	9	14	100601974991/17747258294272
72	59	9	15	100601974991/17747258294272
72	60	5	6	-560968272513725/291622948291477504
72	60	5	7	-560968272513725/291622948291477504
72	60	5	14	-25692436020041/291622948291477504
72	60	5	15	-25692436020041/291622948291477504
72	60	9	10	-560968272513725/291622948291477504
72	60	9	11	-560968272513725/291622948291477504
72	60	9	14	-25692436020041/291622948291477504
72	60	9	15	-25692436020041/291622948291477504
72	61	5	6	8089927675980625/149748383947673698304
72	61	5	7	8089927675980625/149748383947673698304
72	61	5	14	-1051867545416389327/2395974143162779172864
72	61	5	15	-1051867545416389327/2395974143162779172864
72	61	9	10	8089927675980625/149748383947673698304
72	61	9	11	8089927675980625/149748383947673698304
72	61	9	14	-1051867545416389327/2395974143162779172864
72	61	9	15	-1051867545416389327/2395974143162779172864
72	62	1	12	2
72	62	1	13	2
72	62	1	15	2
72	62	1	16	2
72	62	4	12	2
72	62	6	15	2
72	63	1	11	4351/7514
72	63	1	12	-475/7514
72	63	1	13	4351/7514
72	63	1	14	-475/7514
72	63	3	11	-6365/22542
72	63	5	13	-6365/22542
72	64	1	11	437307097/3613452544
72	64	1	12	-161271335/3613452544
72	64	1	13	437307097/3613452544
72	64	1	14	-161271335/3613452544
72	64	3	11	-219998815/32521072896
72	64	5	13	-219998815/32521072896
72	65	1	11	436511581877/54302964831232
72	65	1	12	236670652375/54302964831232
72	65	1	13	436511581877/54302964831232
72	65	1	14	236670652375/54302964831232
72	65	3	11	20704344708425/1466180050443264
72	65	5	13	20704344708425/1466180050443264
72	66	1	11	-10330054432940081/1632129910967508992
72	66	1	12	4556949494913775/1632129910967508992
72	66	1	13	-10330054432940081/1632129910967508992
72	66	1	14	4556949494913775/1632129910967508992
72	66	3	11	-226376763356612225/132202522788368228352
72	66	5	13	-226376763356612225/132202522788368228352
72	67	1	11	-68782670514892607011/24527648302019725131776
72	67	1	12	-11538866094648340625/24527648302019725131776
72	67	1	13	-68782670514892607011/24527648302019725131776
72	67	1	14	-11538866094648340625/24527648302019725131776
72	67	3	11	-5762513009411617814375/5960218537390793207021568
72	67	5	13	-5762513009411617814375/5960218537390793207021568
72	74	4	6	2/3
72	74	4	10	2/3
72	74	6	10	2/3
72	75	3	5	-1007/33540
72	75	3	9	-1007/33540
72	75	5	9	-1007/33540
72	76	3	5	-343595107/23998540800
72	76	3	9	-343595107/23998540800
72	76	5	9	-343595107/23998540800
72	77	3	5	1103354248199/536607372288000
72	77	3	9	1103354248199/536607372288000
72	77	5	9	1103354248199/536607372288000
72	78	3	5	1572654850319203/1845929360670720000
72	78	3	9	1572654850319203/1845929360670720000
72	78	5	9	1572654850319203/1845929360670720000
72	79	3	5	-118032917735507790773/536574746559764889600000
72	79	3	9	-118032917735507790773/536574746559764889600000
72	79	5	9	-118032917735507790773/536574746559764889600000
72	86	1	15	2
72	87	1	13	-665/4134
72	88	1	13	-41468431/1093757184
72	89	1	13	101550615845/9043184397312
72	90	1	13	263278748172799/149538097193951232
72	91	1	13	-1496373210044891675/1236380987599588786176
72	92	1	3	2
72	92	1	5	2
72	93	1	3	-475/2496
72	93	1	5	-475/2496
72	94	1	3	-3442135/99680256
72	94	1	5	-3442135/99680256
72	95	1	3	6619792375/497603837952
72	95	1	5	6619792375/497603837952
72	96	1	3	755317709825/621009589764096
72	96	1	5	755317709825/621009589764096
72	97	1	3	-137880025253125/96877496003198976
72	97	1	5	-137880025253125/96877496003198976
73	50	5	10	1/6
73	50	5	15	1/6
73	50	8	10	1/6
73	50	8	17	1/6
73	50	9	10	1/6
73	50	9	18	1/6
73	50	13	15	1/6
73	50	13	17	1/6
73	50	14	15	1/6
73	50	14	18	1/6
73	50	16	17	1/6
73	50	16	18	1/6
73	51	4	8	-19/468
73	51	4	12	-19/468
73	51	6	8	-19/468
73	51	6	14	-19/468
73	51	7	8	-19/468
73	51	7	15	-19/468
73	51	10	12	-19/468
73	51	10	14	-19/468
73	51	11	12	-19/468
73	51	11	15	-19/468
73	51	13	14	-19/468
73	51	13	15	-19/468
73	52	4	8	12635/1800864
73	52	4	12	12635/1800864
73	52	6	8	12635/1800864
73	52	6	14	12635/1800864
73	52	7	8	12635/1800864
73	52	7	15	12635/1800864
73	52	10	12	12635/1800864
73	52	10	14	12635/1800864
73	52	11	12	12635/1800864
73	52	11	15	12635/1800864
73	52	13	14	12635/1800864
73	52	13	15	12635/1800864
73	53	4	8	-130321/421402176
73	53	4	12	-130321/421402176
73	53	6	8	-130321/421402176
73	53	6	14	-130321/421402176
73	53	7	8	-130321/421402176
73	53	7	15	-130321/421402176
73	53	10	12	-130321/421402176
73	53	10	14	-130321/421402176
73	53	11	12	-130321/421402176
73	53	11	15	-130321/421402176
73	53	13	14	-130321/421402176
73	53	13	15	-130321/421402176
73	54	4	8	-3062673821/10337416779456
73	54	4	12	-3062673821/10337416779456
73	54	6	8	-3062673821/10337416779456
73	54	6	14	-3062673821/10337416779456
73	54	7	8	-3062673821/10337416779456
73	54	7	15	-3062673821/10337416779456
73	54	10	12	-3062673821/10337416779456
73	54	10	14	-3062673821/10337416779456
73	54	11	12	-3062673821/10337416779456
73	54	11	15	-3062673821/10337416779456
73	54	13	14	-3062673821/10337416779456
73	54	13	15	-3062673821/10337416779456
73	55	4	8	9139281409/89590945421952
73	55	4	12	9139281409/89590945421952
73	55	6	8	9139281409/89590945421952
73	55	6	14	9139281409/89590945421952
73	55	7	8	9139281409/89590945421952
73	55	7	15	9139281409/89590945421952
73	55	10	12	9139281409/89590945421952
73	55	10	14	9139281409/89590945421952
73	55	11	12	9139281409/89590945421952
73	55	11	15	9139281409/89590945421952
73	55	13	14	9139281409/89590945421952
73	55	13	15	9139281409/89590945421952
73	56	7	12	1
73	56	7	13	1
73	56	8	8	1/2
73	56	8	11	1
73	56	9	9	1/2
73	56	9	11	1
73	56	12	12	1/2
73	56	13	13	1/2
73	57	5	10	3021/8216
73	57	5	11	3021/8216
73	57	6	6	-6973/49296
73	57	6	9	3021/8216
73	57	7	7	-6973/49296
73	57	7	9	3021/8216
73	57	10	10	-6973/49296
73	57	11	11	-6973/49296
73	58	5	10	1975031/16875664
73	58	5	11	1975031/16875664
73	58	6	6	9396469/303761952
73	58	6	9	1975031/16875664
73	58	7	7	9396469/303761952
73	58	7	9	1975031/16875664
73	58	10	10	9396469/303761952
73	58	11	11	9396469/303761952
73	59	5	10	8228433645/277300910848
73	59	5	11	8228433645/277300910848
73	59	6	6	-54083180705/14974249185792
73	59	6	9	8228433645/277300910848
73	59	7	7	-54083180705/14974249185792
73	59	7	9	8228433645/277300910848
73	59	10	10	-54083180705/14974249185792
73	59	11	11	-54083180705/14974249185792
73	60	5	10	346572898730355/77462345639923712
73	60	5	11	346572898730355/77462345639923712
73	60	6	6	-669200532863665/965299999512895488
73	60	6	9	346572898730355/77462345639923712
73	60	7	7	-669200532863665/965299999512895488
73	60	7	9	346572898730355/77462345639923712
73	60	10	10	-669200532863665/965299999512895488
73	60	11	11	-669200532863665/965299999512895488
73	61	5	10	-379851822294116013/636430631777613217792
73	61	5	11	-379851822294116013/636430631777613217792
73	61	6	6	152034614072437900909/309305287043920023846912
73	61	6	9	-379851822294116013/636430631777613217792
73	61	7	7	152034614072437900909/309305287043920023846912
73	61	7	9	-379851822294116013/636430631777613217792
73	61	10	10	152034614072437900909/309305287043920023846912
73	61	11	11	152034614072437900909/309305287043920023846912
73	62	1	8	2
73	62	1	9	2
73	62	4	8	2
73	62	4	10	2
73	62	6	8	2
73	62	6	10	2
73	62	8	10	2
73	63	1	7	2318/3757
73	63	1	8	-95/3757
73	63	3	7	-114/289
73	63	3	9	2527/3757
73	63	5	7	-114/289
73	63	5	9	2527/3757
73	63	7	9	418/3757
73	64	1	7	17006349/112920392
73	64	1	8	-4450047/112920392
73	64	3	7	4299149/112920392
73	64	3	9	21056769/112920392
73	64	5	7	4299149/112920392
73	64	5	9	21056769/112920392
73	64	7	9	-291327/8686184
73	65	1	7	9311469745/424241912744
73	65	1	8	1275122395/848483825488
73	65	3	7	266369265/32633993288
73	65	3	9	2349036025/65267986576
73	65	5	7	266369265/32633993288
73	65	5	9	2349036025/65267986576
73	65	7	9	-2666744905/424241912744
73	66	1	7	-3734913196535/1593876866179208
73	66	1	8	6981823379087/3187753732358416
73	66	3	7	-6404147918535/1593876866179208
73	66	3	9	2716235642255/3187753732358416
73	66	5	7	-6404147918535/1593876866179208
73	66	5	9	2716235642255/3187753732358416
73	66	7	9	2406333607465/1593876866179208
73	67	1	7	-15800984841591201/5988195386235284456
73	67	1	8	-3354767305432575/23952781544941137824
73	67	3	7	116903262307023/460630414325791112
73	67	3	9	-5086250491227717/1842521657303164448
73	67	5	7	116903262307023/460630414325791112
73	67	5	9	-5086250491227717/1842521657303164448
73	67	7	9	3308207051825049/5988195386235284456
73	68	1	4	2/3
73	68	1	6	2/3
73	68	1	7	2/3
73	69	1	4	-95/3276
73	69	1	6	-95/3276
73	69	1	7	-95/3276
73	70	1	4	-8303/596232
73	70	1	6	-8303/596232
73	70	1	7	-8303/596232
73	71	1	4	15055505/7813024128
73	71	1	6	15055505/7813024128
73	71	1	7	15055505/7813024128
73	72	1	4	468102997283/580163919648768
73	72	1	6	468102997283/580163919648768
73	72	1	7	468102997283/580163919648768
73	73	1	4	-84499416376475/422359333504303104
73	73	1	6	-84499416376475/422359333504303104
73	73	1	7	-84499416376475/422359333504303104
73	86	1	6	2
73	86	1	13	2
73	87	1	6	-95/689
73	87	1	11	-95/689
73	88	1	6	-642219/18988840
73	88	1	11	-642219/18988840
73	89	1	6	43465483/5233324304
73	89	1	11	43465483/5233324304
73	90	1	6	2237047410391/1532448189318800
73	90	1	11	2237047410391/1532448189318800
73	91	1	6	-65434434611679/84468544195252256
73	91	1	11	-65434434611679/84468544195252256
73	98	1	2	1/2
73	98	1	3	1/2
73	98	1	5	1/2
73	98	1	10	1/2
73	99	1	2	-19/390
73	99	1	3	-19/390
73	99	1	5	-19/390
73	99	1	9	-19/390
73	100	1	2	-1083/135200
73	100	1	3	-1083/135200
73	100	1	5	-1083/135200
73	100	1	9	-1083/135200
73	101	1	2	775067/237276000
73	101	1	3	775067/237276000
73	101	1	5	775067/237276000
73	101	1	9	775067/237276000
73	102	1	2	186749993/786569940000
73	102	1	3	186749993/786569940000
73	102	1	5	186749993/786569940000
73	102	1	9	186749993/786569940000
73	103	1	2	-17082607001/51127046100000
73	103	1	3	-17082607001/51127046100000
73	103	1	5	-17082607001/51127046100000
73	103	1	9	-17082607001/51127046100000
74	50	5	10	1/6
74	50	5	15	1/6
74	50	8	10	1/6
74	50	8	17	1/6
74	50	9	10	1/6
74	50	9	18	1/6
74	50	13	15	1/6
74	50	13	17	1/6
74	50	14	15	1/6
74	50	14	18	1/6
74	50	16	17	1/6
74	50	16	18	1/6
74	51	4	8	19/936
74	51	4	12	19/936
74	51	6	8	19/936
74	51	6	14	19/936
74	51	7	8	19/936
74	51	7	15	19/936
74	51	10	12	19/936
74	51	10	14	19/936
74	51	11	12	19/936
74	51	11	15	19/936
74	51	13	14	19/936
74	51	13	15	19/936
74	52	4	8	-36461/57627648
74	52	4	12	-36461/57627648
74	52	6	8	-36461/57627648
74	52	6	14	-36461/57627648
74	52	7	8	-36461/57627648
74	52	7	15	-36461/57627648
74	52	10	12	-36461/57627648
74	52	10	14	-36461/57627648
74	52	11	12	-36461/57627648
74	52	11	15	-36461/57627648
74	52	13	14	-36461/57627648
74	52	13	15	-36461/57627648
74	53	4	8	-22476943/26969739264
74	53	4	12	-22476943/26969739264
74	53	6	8	-22476943/26969739264
74	53	6	14	-22476943/26969739264
74	53	7	8	-22476943/26969739264
74	53	7	15	-22476943/26969739264
74	53	10	12	-22476943/26969739264
74	53	10	14	-22476943/26969739264
74	53	11	12	-22476943/26969739264
74	53	11	15	-22476943/26969739264
74	53	13	14	-22476943/26969739264
74	53	13	15	-22476943/26969739264
74	54	4	8	-404111997937/5292757391081472
74	54	4	12	-404111997937/5292757391081472
74	54	6	8	-404111997937/5292757391081472
74	54	6	14	-404111997937/5292757391081472
74	54	7	8	-404111997937/5292757391081472
74	54	7	15	-404111997937/5292757391081472
74	54	10	12	-404111997937/5292757391081472
74	54	10	14	-404111997937/5292757391081472
74	54	11	12	-404111997937/5292757391081472
74	54	11	15	-404111997937/5292757391081472
74	54	13	14	-404111997937/5292757391081472
74	54	13	15	-404111997937/5292757391081472
74	55	4	8	1462782721339/30580376037359616
74	55	4	12	1462782721339/30580376037359616
74	55	6	8	1462782721339/30580376037359616
74	55	6	14	1462782721339/30580376037359616
74	55	7	8	1462782721339/30580376037359616
74	55	7	15	1462782721339/30580376037359616
74	55	10	12	1462782721339/30580376037359616
74	55	10	14	1462782721339/30580376037359616
74	55	11	12	1462782721339/30580376037359616
74	55	11	15	1462782721339/30580376037359616
74	55	13	14	1462782721339/30580376037359616
74	55	13	15	1462782721339/30580376037359616
74	56	7	16	1
74	56	7	17	1
74	56	11	16	1
74	56	11	17	1
74	57	5	14	2109/8216
74	57	5	15	2109/8216
74	57	9	14	2109/8216
74	57	9	15	2109/8216
74	58	5	14	99924439/2160084992
74	58	5	15	99924439/2160084992
74	58	9	14	99924439/2160084992
74	58	9	15	99924439/2160084992
74	59	5	14	31864739697/17747258294272
74	59	5	15	31864739697/17747258294272
74	59	9	14	31864739697/17747258294272
74	59	9	15	31864739697/17747258294272
74	60	5	14	-11559567591541977/4957590120955117568
74	60	5	15	-11559567591541977/4957590120955117568
74	60	9	14	-11559567591541977/4957590120955117568
74	60	9	15	-11559567591541977/4957590120955117568
74	61	5	14	-32966850998675255553/40731560433767245938688
74	61	5	15	-32966850998675255553/40731560433767245938688
74	61	9	14	-32966850998675255553/40731560433767245938688
74	61	9	15	-32966850998675255553/40731560433767245938688
74	62	1	17	2
74	62	1	18	2
74	62	10	12	2
74	62	10	15	2
74	62	10	17	2
74	62	12	12	1
74	62	15	15	1
74	63	1	15	4921/7514
74	63	1	16	95/7514
74	63	9	11	2945/7514
74	63	9	13	2945/7514
74	63	9	15	-1273/7514
74	63	11	11	-10583/45084
74	63	13	13	-10583/45084
74	64	1	15	619782489/3613452544
74	64	1	16	-154848423/3613452544
74	64	9	11	122399577/3613452544
74	64	9	13	122399577/3613452544
74	64	9	15	-103280295/3613452544
74	64	11	11	2187761441/65042145792
74	64	13	13	2187761441/65042145792
74	65	1	15	117160698431/4177151140864
74	65	1	16	-44186672555/54302964831232
74	65	9	11	-42560883785/4177151140864
74	65	9	13	-42560883785/4177151140864
74	65	9	15	526455185293/54302964831232
74	65	11	11	6399630828059/2932360100886528
74	65	13	13	6399630828059/2932360100886528
74	66	1	15	-3303583449364721/1632129910967508992
74	66	1	16	325416920169547/125548454689808384
74	66	9	11	-7084724841859889/1632129910967508992
74	66	9	13	-7084724841859889/1632129910967508992
74	66	9	15	1398434995753231/1632129910967508992
74	66	11	11	-56130698150643557/20338849659748958208
74	66	13	13	-56130698150643557/20338849659748958208
74	67	1	15	-6196463409401288457/1886742177078440394752
74	67	1	16	2014767932230537725/24527648302019725131776
74	67	9	11	-14985214405432725/145134013621418491904
74	67	9	13	-14985214405432725/145134013621418491904
74	67	9	15	-20846730092467251147/24527648302019725131776
74	67	11	11	6398761006361729406763/11920437074781586414043136
74	67	13	13	6398761006361729406763/11920437074781586414043136
74	68	1	13	2/3
74	68	1	16	2/3
74	68	1	17	2/3
74	69	1	12	-95/3276
74	69	1	14	-95/3276
74	69	1	15	-95/3276
74	70	1	12	-1156283/76317696
74	70	1	14	-1156283/76317696
74	70	1	15	-1156283/76317696
74	71	1	12	1043493965/500033544192
74	71	1	14	1043493965/500033544192
74	71	1	15	1043493965/500033544192
74	72	1	12	35530188727703/37130490857521152
74	72	1	14	35530188727703/37130490857521152
74	72	1	15	35530188727703/37130490857521152
74	73	1	12	-2114881158999325/9010332448091799552
74	73	1	14	-2114881158999325/9010332448091799552
74	73	1	15	-2114881158999325/9010332448091799552
74	74	4	8	2/3
74	74	4	12	2/3
74	74	6	8	2/3
74	74	6	14	2/3
74	74	10	12	2/3
74	74	10	14	2/3
74	75	3	7	-1273/11180
74	75	3	11	-1273/11180
74	75	5	7	-1273/11180
74	75	5	13	-1273/11180
74	75	9	11	-1273/11180
74	75	9	13	-1273/11180
74	76	3	7	40157279/7999513600
74	76	3	11	40157279/7999513600
74	76	5	7	40157279/7999513600
74	76	5	13	40157279/7999513600
74	76	9	11	40157279/7999513600
74	76	9	13	40157279/7999513600
74	77	3	7	728167702689/178869124096000
74	77	3	11	728167702689/178869124096000
74	77	5	7	728167702689/178869124096000
74	77	5	13	728167702689/178869124096000
74	77	9	11	728167702689/178869124096000
74	77	9	13	728167702689/178869124096000
74	78	3	7	-146361564728815779/135983462902743040000
74	78	3	11	-146361564728815779/135983462902743040000
74	78	5	7	-146361564728815779/135983462902743040000
74	78	5	13	-146361564728815779/135983462902743040000
74	78	9	11	-146361564728815779/135983462902743040000
74	78	9	13	-146361564728815779/135983462902743040000
74	79	3	7	-398102304574956656979/3040590230505334374400000
74	79	3	11	-398102304574956656979/3040590230505334374400000
74	79	5	7	-398102304574956656979/3040590230505334374400000
74	79	5	13	-398102304574956656979/3040590230505334374400000
74	79	9	11	-398102304574956656979/3040590230505334374400000
74	79	9	13	-398102304574956656979/3040590230505334374400000
74	92	1	12	2
74	92	1	14	2
74	93	1	11	-285/1664
74	93	1	13	-285/1664
74	94	1	11	-374357/11075584
74	94	1	13	-374357/11075584
74	95	1	11	412671735/36859543552
74	95	1	13	412671735/36859543552
74	96	1	11	21037328067/16291918249984
74	96	1	13	21037328067/16291918249984
74	97	1	11	-1951634428028325/1735024125950296064
74	97	1	13	-1951634428028325/1735024125950296064
74	104	1	5	1
74	104	1	9	1
74	105	1	5	-665/6344
74	105	1	9	-665/6344
74	106	1	5	-18594027/1287882752
74	106	1	9	-18594027/1287882752
74	107	1	5	4301244605/628486782976
74	107	1	9	4301244605/628486782976
74	108	1	5	475447530069287/1762307106830286848
74	108	1	9	475447530069287/1762307106830286848
74	109	1	5	-581775921960884175/860005868133179981824
74	109	1	9	-581775921960884175/860005868133179981824
75	50	5	16	2/3
75	50	8	14	2/3
75	50	9	13	2/3
75	51	4	13	-95/8658
75	51	6	11	-95/8658
75	51	7	10	-95/8658
75	52	4	13	-22992451/1599167232
75	52	6	11	-22992451/1599167232
75	52	7	10	-22992451/1599167232
75	53	4	13	508286195/710030251008
75	53	6	11	508286195/710030251008
75	53	7	10	508286195/710030251008
75	54	4	13	1583275451438903/1811446217097633792
75	54	6	11	1583275451438903/1811446217097633792
75	54	7	10	1583275451438903/1811446217097633792
75	55	4	13	-58891960233757225/804282120391349403648
75	55	6	11	-58891960233757225/804282120391349403648
75	55	7	10	-58891960233757225/804282120391349403648
75	56	5	7	4
75	56	5	11	4
75	57	4	5	-285/2054
75	57	4	9	-285/2054
75	58	4	5	-47109417/540021248
75	58	4	9	-47109417/540021248
75	59	4	5	41760095535/4436814573568
75	59	4	9	41760095535/4436814573568
75	60	4	5	6596351080009767/1239397530238779392
75	60	4	9	6596351080009767/1239397530238779392
75	61	4	5	-10174100749225602975/10182890108441811484672
75	61	4	9	-10174100749225602975/10182890108441811484672
75	62	1	2	8
75	62	2	2	4
75	63	1	2	8322/3757
75	63	2	2	-209/289
75	64	1	2	372200025/903363136
75	64	2	2	54381401/1806726272
75	65	1	2	35406494091/13575741207808
75	65	2	2	64645684037/2088575570432
75	66	1	2	-12760605154999089/408032477741877248
75	66	2	2	-6785607833152721/816064955483754496
75	67	1	2	-60776872109662043421/6131912075504931282944
75	67	2	2	-1215784530823443251/943371088539220197376
75	80	2	3	2
75	80	2	5	2
75	80	3	11	2
75	80	5	11	2
75	81	2	3	-855/5824
75	81	2	5	-855/5824
75	81	3	9	-855/5824
75	81	5	9	-855/5824
75	82	2	3	-10289583/271351808
75	82	2	5	-10289583/271351808
75	82	3	9	-10289583/271351808
75	82	5	9	-10289583/271351808
75	83	2	3	31392991395/3160705859584
75	83	2	5	31392991395/3160705859584
75	83	3	9	31392991395/3160705859584
75	83	5	9	31392991395/3160705859584
75	84	2	3	573141863899359/312935165745692672
75	84	2	5	573141863899359/312935165745692672
75	84	3	9	573141863899359/312935165745692672
75	84	5	9	573141863899359/312935165745692672
75	85	2	3	-3792054786584235975/3645068810605828243456
75	85	2	5	-3792054786584235975/3645068810605828243456
75	85	3	9	-3792054786584235975/3645068810605828243456
75	85	5	9	-3792054786584235975/3645068810605828243456
76	50	5	16	2/3
76	50	8	14	2/3
76	50	9	13	2/3
76	51	4	13	1007/4329
76	51	6	11	1007/4329
76	51	7	10	1007/4329
76	52	4	13	3455131/49973976
76	52	6	11	3455131/49973976
76	52	7	10	3455131/49973976
76	53	4	13	2268772007/144224894736
76	53	6	11	2268772007/144224894736
76	53	7	10	2268772007/144224894736
76	54	4	13	6044740063549/3537980892768816
76	54	6	11	6044740063549/3537980892768816
76	54	7	10	6044740063549/3537980892768816
76	55	4	13	-6049934182546387/10210612856530802976
76	55	6	11	-6049934182546387/10210612856530802976
76	55	7	10	-6049934182546387/10210612856530802976
76	56	7	10	4
76	56	11	14	4
76	57	5	8	-1197/2054
76	57	9	12	-1197/2054
76	58	5	8	74727/8437832
76	58	9	12	74727/8437832
76	59	5	8	361681929/17331306928
76	59	9	12	361681929/17331306928
76	60	5	8	-73601854200513/19365586409980928
76	60	9	12	-73601854200513/19365586409980928
76	61	5	8	-140747545440779319/159107657944403304448
76	61	9	12	-140747545440779319/159107657944403304448
76	62	1	11	8
76	63	1	10	684/289
76	64	1	10	15072111/28230098
76	65	1	10	971707671/16316996644
76	66	1	10	-12980746097703/796938433089604
76	67	1	10	-4833259319936403/460630414325791112
76	68	2	2	4/3
76	68	3	3	4/3
76	68	5	5	4/3
76	69	2	2	-437/1638
76	69	3	3	-437/1638
76	69	5	5	-437/1638
76	70	2	2	38627/1788696
76	70	3	3	38627/1788696
76	70	5	5	38627/1788696
76	71	2	2	157757/18781308
76	71	3	3	157757/18781308
76	71	5	5	157757/18781308
76	72	2	2	-974367502033/290081959824384
76	72	3	3	-974367502033/290081959824384
76	72	5	5	-974367502033/290081959824384
76	73	2	2	-1066052235163/48733769250496512
76	73	3	3	-1066052235163/48733769250496512
76	73	5	5	-1066052235163/48733769250496512
76	86	5	10	8
76	87	5	9	-684/3445
76	88	5	9	-4187961/23736050
76	89	5	9	168340437/12580106500
76	90	5	9	104803450852329/9577801183242500
76	91	5	9	-7172800494407793/5076234627118525000
77	50	5	17	1/6
77	50	5	18	1/6
77	50	8	15	1/6
77	50	8	18	1/6
77	50	9	15	1/6
77	50	9	17	1/6
77	50	10	13	1/6
77	50	10	14	1/6
77	50	10	16	1/6
77	50	13	18	1/6
77	50	14	17	1/6
77	50	15	16	1/6
77	51	4	14	-19/936
77	51	4	15	-19/936
77	51	6	12	-19/936
77	51	6	15	-19/936
77	51	7	12	-19/936
77	51	7	14	-19/936
77	51	8	10	-19/936
77	51	8	11	-19/936
77	51	8	13	-19/936
77	51	10	15	-19/936
77	51	11	14	-19/936
77	51	12	13	-19/936
77	52	4	14	-36461/57627648
77	52	4	15	-36461/57627648
77	52	6	12	-36461/57627648
77	52	6	15	-36461/57627648
77	52	7	12	-36461/57627648
77	52	7	14	-36461/57627648
77	52	8	10	-36461/57627648
77	52	8	11	-36461/57627648
77	52	8	13	-36461/57627648
77	52	10	15	-36461/57627648
77	52	11	14	-36461/57627648
77	52	12	13	-36461/57627648
77	53	4	14	22476943/26969739264
77	53	4	15	22476943/26969739264
77	53	6	12	22476943/26969739264
77	53	6	15	22476943/26969739264
77	53	7	12	22476943/26969739264
77	53	7	14	22476943/26969739264
77	53	8	10	22476943/26969739264
77	53	8	11	22476943/26969739264
77	53	8	13	22476943/26969739264
77	53	10	15	22476943/26969739264
77	53	11	14	22476943/26969739264
77	53	12	13	22476943/26969739264
77	54	4	14	-404111997937/5292757391081472
77	54	4	15	-404111997937/5292757391081472
77	54	6	12	-404111997937/5292757391081472
77	54	6	15	-404111997937/5292757391081472
77	54	7	12	-404111997937/5292757391081472
77	54	7	14	-404111997937/5292757391081472
77	54	8	10	-404111997937/5292757391081472
77	54	8	11	-404111997937/5292757391081472
77	54	8	13	-404111997937/5292757391081472
77	54	10	15	-404111997937/5292757391081472
77	54	11	14	-404111997937/5292757391081472
77	54	12	13	-404111997937/5292757391081472
77	55	4	14	-1462782721339/30580376037359616
77	55	4	15	-1462782721339/30580376037359616
77	55	6	12	-1462782721339/30580376037359616
77	55	6	15	-1462782721339/30580376037359616
77	55	7	12	-1462782721339/30580376037359616
77	55	7	14	-1462782721339/30580376037359616
77	55	8	10	-1462782721339/30580376037359616
77	55	8	11	-1462782721339/30580376037359616
77	55	8	13	-1462782721339/30580376037359616
77	55	10	15	-1462782721339/30580376037359616
77	55	11	14	-1462782721339/30580376037359616
77	55	12	13	-1462782721339/30580376037359616
77	56	5	7	1
77	56	5	11	1
77	56	7	14	1
77	56	10	11	1
77	57	4	5	209/632
77	57	4	9	209/632
77	57	5	12	38/1027
77	57	8	9	38/1027
77	58	4	5	193819095/2160084992
77	58	4	9	193819095/2160084992
77	58	5	12	-39450441/2160084992
77	58	8	9	-39450441/2160084992
77	59	4	5	22781750101/1365173714944
77	59	4	9	22781750101/1365173714944
77	59	5	12	-181619461/85323357184
77	59	8	9	-181619461/85323357184
77	60	4	5	822278876845607/4957590120955117568
77	60	4	9	822278876845607/4957590120955117568
77	60	5	12	4605037243829363/4957590120955117568
77	60	8	9	4605037243829363/4957590120955117568
77	61	4	5	-4216067692700020773/3133196956443634302976
77	61	4	9	-4216067692700020773/3133196956443634302976
77	61	5	12	37492908051999009/195824809777727143936
77	61	8	9	37492908051999009/195824809777727143936
77	62	1	5	2
77	62	1	7	2
77	62	2	10	2
77	62	2	11	2
77	62	5	10	2
77	62	7	10	2
77	63	1	4	4731/7514
77	63	1	6	4731/7514
77	63	2	9	4351/7514
77	63	2	10	-2527/7514
77	63	4	9	133/7514
77	63	6	9	133/7514
77	64	1	4	561098329/3613452544
77	64	1	6	561098329/3613452544
77	64	2	9	450661209/3613452544
77	64	2	10	3785085/277957888
77	64	4	9	-154571175/3613452544
77	64	6	9	-154571175/3613452544
77	65	1	4	1186647790473/54302964831232
77	65	1	6	1186647790473/54302964831232
77	65	2	9	610822805813/54302964831232
77	65	2	10	659719697707/54302964831232
77	65	4	9	-61824467593/54302964831232
77	65	6	9	-61824467593/54302964831232
77	66	1	4	-5358746474270481/1632129910967508992
77	66	1	6	-5358746474270481/1632129910967508992
77	66	2	9	-619923656951477/125548454689808384
77	66	2	10	-5030992824939569/1632129910967508992
77	66	4	9	4214305468209391/1632129910967508992
77	66	6	9	4214305468209391/1632129910967508992
77	67	1	4	-76398935147870318991/24527648302019725131776
77	67	1	6	-76398935147870318991/24527648302019725131776
77	67	2	9	-63374989592192141091/24527648302019725131776
77	67	2	10	-10190272818662537853/24527648302019725131776
77	67	4	9	2817101745551778447/24527648302019725131776
77	67	6	9	2817101745551778447/24527648302019725131776
77	68	1	2	2/3
77	68	1	3	2/3
77	68	1	5	2/3
77	69	1	2	152/819
77	69	1	3	152/819
77	69	1	5	152/819
77	70	1	2	2690533/76317696
77	70	1	3	2690533/76317696
77	70	1	5	2690533/76317696
77	71	1	2	10569719/15626048256
77	71	1	3	10569719/15626048256
77	71	1	5	10569719/15626048256
77	72	1	2	-92333201694493/37130490857521152
77	72	1	3	-92333201694493/37130490857521152
77	72	1	5	-92333201694493/37130490857521152
77	73	1	2	-236037586380907/281572889002868736
77	73	1	3	-236037586380907/281572889002868736
77	73	1	5	-236037586380907/281572889002868736
77	80	2	4	1/2
77	80	2	6	1/2
77	80	3	4	1/2
77	80	3	14	1/2
77	80	5	6	1/2
77	80	5	16	1/2
77	80	11	14	1/2
77	80	11	16	1/2
77	81	2	4	-1083/11648
77	81	2	6	-1083/11648
77	81	3	4	-1083/11648
77	81	3	11	-1083/11648
77	81	5	6	-1083/11648
77	81	5	13	-1083/11648
77	81	9	11	-1083/11648
77	81	9	13	-1083/11648
77	82	2	4	7493277/1085407232
77	82	2	6	7493277/1085407232
77	82	3	4	7493277/1085407232
77	82	3	11	7493277/1085407232
77	82	5	6	7493277/1085407232
77	82	5	13	7493277/1085407232
77	82	9	11	7493277/1085407232
77	82	9	13	7493277/1085407232
77	83	2	4	16301984211/6321411719168
77	83	2	6	16301984211/6321411719168
77	83	3	4	16301984211/6321411719168
77	83	3	11	16301984211/6321411719168
77	83	5	6	16301984211/6321411719168
77	83	5	13	16301984211/6321411719168
77	83	9	11	16301984211/6321411719168
77	83	9	13	16301984211/6321411719168
77	84	2	4	-45631963180179/48143871653183488
77	84	2	6	-45631963180179/48143871653183488
77	84	3	4	-45631963180179/48143871653183488
77	84	3	11	-45631963180179/48143871653183488
77	84	5	6	-45631963180179/48143871653183488
77	84	5	13	-45631963180179/48143871653183488
77	84	9	11	-45631963180179/48143871653183488
77	84	9	13	-45631963180179/48143871653183488
77	85	2	4	-35355868315237971/3645068810605828243456
77	85	2	6	-35355868315237971/3645068810605828243456
77	85	3	4	-35355868315237971/3645068810605828243456
77	85	3	11	-35355868315237971/3645068810605828243456
77	85	5	6	-35355868315237971/3645068810605828243456
77	85	5	13	-35355868315237971/3645068810605828243456
77	85	9	11	-35355868315237971/3645068810605828243456
77	85	9	13	-35355868315237971/3645068810605828243456
77	86	2	2	1
77	86	2	5	2
77	86	3	3	1
77	86	3	10	2
77	87	2	2	-8531/41340
77	87	2	5	-1311/6890
77	87	3	3	-8531/41340
77	87	3	9	-1311/6890
77	88	2	2	1048610057/54687859200
77	88	2	5	-87254783/3038214400
77	88	3	3	1048610057/54687859200
77	88	3	9	-87254783/3038214400
77	89	2	2	12898525069823/2260796099328000
77	89	2	5	487380628323/41866594432000
77	89	3	3	12898525069823/2260796099328000
77	89	3	9	487380628323/41866594432000
77	90	2	2	-8327886069212614657/3177684565371463680000
77	90	2	5	14045515492429263/19615336823280640000
77	90	3	3	-8327886069212614657/3177684565371463680000
77	90	3	9	14045515492429263/19615336823280640000
77	91	2	2	11349169543870509972887/131365479932456308531200000
77	91	2	5	-293176503448751260413/270299341424807219200000
77	91	3	3	11349169543870509972887/131365479932456308531200000
77	91	3	9	-293176503448751260413/270299341424807219200000
78	50	5	17	1/6
78	50	5	18	1/6
78	50	8	15	1/6
78	50	8	18	1/6
78	50	9	15	1/6
78	50	9	17	1/6
78	50	10	13	1/6
78	50	10	14	1/6
78	50	10	16	1/6
78	50	13	18	1/6
78	50	14	17	1/6
78	50	15	16	1/6
78	51	4	14	19/468
78	51	4	15	19/468
78	51	6	12	19/468
78	51	6	15	19/468
78	51	7	12	19/468
78	51	7	14	19/468
78	51	8	10	19/468
78	51	8	11	19/468
78	51	8	13	19/468
78	51	10	15	19/468
78	51	11	14	19/468
78	51	12	13	19/468
78	52	4	14	12635/1800864
78	52	4	15	12635/1800864
78	52	6	12	12635/1800864
78	52	6	15	12635/1800864
78	52	7	12	12635/1800864
78	52	7	14	12635/1800864
78	52	8	10	12635/1800864
78	52	8	11	12635/1800864
78	52	8	13	12635/1800864
78	52	10	15	12635/1800864
78	52	11	14	12635/1800864
78	52	12	13	12635/1800864
78	53	4	14	130321/421402176
78	53	4	15	130321/421402176
78	53	6	12	130321/421402176
78	53	6	15	130321/421402176
78	53	7	12	130321/421402176
78	53	7	14	130321/421402176
78	53	8	10	130321/421402176
78	53	8	11	130321/421402176
78	53	8	13	130321/421402176
78	53	10	15	130321/421402176
78	53	11	14	130321/421402176
78	53	12	13	130321/421402176
78	54	4	14	-3062673821/10337416779456
78	54	4	15	-3062673821/10337416779456
78	54	6	12	-3062673821/10337416779456
78	54	6	15	-3062673821/10337416779456
78	54	7	12	-3062673821/10337416779456
78	54	7	14	-3062673821/10337416779456
78	54	8	10	-3062673821/10337416779456
78	54	8	11	-3062673821/10337416779456
78	54	8	13	-3062673821/10337416779456
78	54	10	15	-3062673821/10337416779456
78	54	11	14	-3062673821/10337416779456
78	54	12	13	-3062673821/10337416779456
78	55	4	14	-9139281409/89590945421952
78	55	4	15	-9139281409/89590945421952
78	55	6	12	-9139281409/89590945421952
78	55	6	15	-9139281409/89590945421952
78	55	7	12	-9139281409/89590945421952
78	55	7	14	-9139281409/89590945421952
78	55	8	10	-9139281409/89590945421952
78	55	8	11	-9139281409/89590945421952
78	55	8	13	-9139281409/89590945421952
78	55	10	15	-9139281409/89590945421952
78	55	11	14	-9139281409/89590945421952
78	55	12	13	-9139281409/89590945421952
78	56	7	10	1
78	56	7	18	1
78	56	11	14	1
78	56	11	18	1
78	57	5	8	1805/8216
78	57	5	16	-76/1027
78	57	9	12	1805/8216
78	57	9	16	-76/1027
78	58	5	8	507927/16875664
78	58	5	16	-856653/67502656
78	58	9	12	507927/16875664
78	58	9	16	-856653/67502656
78	59	5	8	-379885715/277300910848
78	59	5	16	62876453/17331306928
78	59	9	12	-379885715/277300910848
78	59	9	16	62876453/17331306928
78	60	5	8	-154892567514253/77462345639923712
78	60	5	16	135907991591/372415123268864
78	60	9	12	-154892567514253/77462345639923712
78	60	9	16	135907991591/372415123268864
78	61	5	8	-248797546462073325/636430631777613217792
78	61	5	16	-339841831851813/1243028577690650816
78	61	9	12	-248797546462073325/636430631777613217792
78	61	9	16	-339841831851813/1243028577690650816
78	62	1	13	2
78	62	1	16	2
78	62	10	11	2
78	62	10	13	2
78	62	10	16	2
78	63	1	12	2508/3757
78	63	1	14	2508/3757
78	63	9	10	1121/3757
78	63	9	12	-76/289
78	63	9	14	-76/289
78	64	1	12	20674109/112920392
78	64	1	14	20674109/112920392
78	64	9	10	540417/112920392
78	64	9	12	-581571/112920392
78	64	9	14	-581571/112920392
78	65	1	12	7337038005/212120956372
78	65	1	14	7337038005/212120956372
78	65	9	10	-9452134117/848483825488
78	65	9	12	181523435/16316996644
78	65	9	14	181523435/16316996644
78	66	1	12	4670053035/9431224060232
78	66	1	14	4670053035/9431224060232
78	66	9	10	-6651012643057/3187753732358416
78	66	9	12	-2064269653085/1593876866179208
78	66	9	14	-2064269653085/1593876866179208
78	67	1	12	-8290612186910163/2994097693117642228
78	67	1	14	-8290612186910163/2994097693117642228
78	67	9	10	11755396188493377/23952781544941137824
78	67	9	12	-147494163023949/230315207162895556
78	67	9	14	-147494163023949/230315207162895556
78	68	1	10	2/3
78	68	1	12	2/3
78	68	1	15	2/3
78	68	2	10	2/3
78	68	3	12	2/3
78	68	5	15	2/3
78	69	1	10	152/819
78	69	1	11	152/819
78	69	1	13	152/819
78	69	2	10	-76/819
78	69	3	11	-76/819
78	69	5	13	-76/819
78	70	1	10	87001/2384928
78	70	1	11	87001/2384928
78	70	1	13	87001/2384928
78	70	2	10	-1805/794976
78	70	3	11	-1805/794976
78	70	5	13	-1805/794976
78	71	1	10	829939/488314008
78	71	1	11	829939/488314008
78	71	1	13	829939/488314008
78	71	2	10	4437773/976628016
78	71	3	11	4437773/976628016
78	71	5	13	4437773/976628016
78	72	1	10	-75457553173/36260244978048
78	72	1	11	-75457553173/36260244978048
78	72	1	13	-75457553173/36260244978048
78	72	2	10	-19521694837/36260244978048
78	72	3	11	-19521694837/36260244978048
78	72	5	13	-19521694837/36260244978048
78	73	1	10	-661739933849/824920573250592
78	73	1	11	-661739933849/824920573250592
78	73	1	13	-661739933849/824920573250592
78	73	2	10	-503413211591/1649841146501184
78	73	3	11	-503413211591/1649841146501184
78	73	5	13	-503413211591/1649841146501184
78	86	5	15	2
78	86	10	15	2
78	87	5	13	-228/689
78	87	9	13	-228/689
78	88	5	13	216961/18988840
78	88	9	13	216961/18988840
78	89	5	13	81423189/6541655380
78	89	9	13	81423189/6541655380
78	90	5	13	-2273856055557/766224094659400
78	90	9	13	-2273856055557/766224094659400
78	91	5	13	-25230975875091/52792840122032660
78	91	9	13	-25230975875091/52792840122032660
78	92	3	3	1
78	92	3	9	2
78	92	5	5	1
78	92	5	9	2
78	93	3	3	-551/2496
78	93	3	9	-19/208
78	93	5	5	-551/2496
78	93	5	9	-19/208
78	94	3	3	81947/3115008
78	94	3	9	-1083/26624
78	94	5	5	81947/3115008
78	94	5	9	-1083/26624
78	95	3	3	994555/242970624
78	95	3	9	857375/143982592
78	95	5	5	994555/242970624
78	95	5	9	857375/143982592
78	96	3	3	-140194770565/50755591471104
78	96	3	9	1164418135/509122445312
78	96	5	5	-140194770565/50755591471104
78	96	5	9	1164418135/509122445312
78	97	3	3	528574183195163/1646917432054382592
78	97	3	9	-128383257051/211794937249792
78	97	5	5	528574183195163/1646917432054382592
78	97	5	9	-128383257051/211794937249792
79	50	5	19	1/3
79	50	8	19	1/3
79	50	9	19	1/3
79	50	13	19	1/3
79	50	14	19	1/3
79	50	16	19	1/3
79	51	4	16	-437/5772
79	51	6	16	-437/5772
79	51	7	16	-437/5772
79	51	10	16	-437/5772
79	51	11	16	-437/5772
79	51	13	16	-437/5772
79	52	4	16	4468097/355370496
79	52	6	16	4468097/355370496
79	52	7	16	4468097/355370496
79	52	10	16	4468097/355370496
79	52	11	16	4468097/355370496
79	52	13	16	4468097/355370496
79	53	4	16	-516654175/683732834304
79	53	6	16	-516654175/683732834304
79	53	7	16	-516654175/683732834304
79	53	10	16	-516654175/683732834304
79	53	11	16	-516654175/683732834304
79	53	13	16	-516654175/683732834304
79	54	4	16	-16228079823505/44727067088830464
79	54	6	16	-16228079823505/44727067088830464
79	54	7	16	-16228079823505/44727067088830464
79	54	10	16	-16228079823505/44727067088830464
79	54	11	16	-16228079823505/44727067088830464
79	54	13	16	-16228079823505/44727067088830464
79	55	4	16	11583790959458849/86054877078909812736
79	55	6	16	11583790959458849/86054877078909812736
79	55	7	16	11583790959458849/86054877078909812736
79	55	10	16	11583790959458849/86054877078909812736
79	55	11	16	11583790959458849/86054877078909812736
79	55	13	16	11583790959458849/86054877078909812736
79	56	7	14	2
79	56	10	11	2
79	57	5	12	1653/2054
79	57	8	9	1653/2054
79	58	5	12	318177819/1080042496
79	58	8	9	318177819/1080042496
79	59	5	12	421575752709/4436814573568
79	59	8	9	421575752709/4436814573568
79	60	5	12	4812934246698951/190676543113658368
79	60	8	9	4812934246698951/190676543113658368
79	61	5	12	45624659340289037139/10182890108441811484672
79	61	8	9	45624659340289037139/10182890108441811484672
79	62	1	9	4
79	62	11	11	2
79	63	1	8	5301/3757
79	63	10	10	-4731/7514
79	64	1	8	783727029/1806726272
79	64	10	10	600743349/3613452544
79	65	1	8	2930088644523/27151482415616
79	65	10	10	-1749329559333/54302964831232
79	66	1	8	1072787834736243/62774227344904192
79	66	10	10	3396071142043479/1632129910967508992
79	67	1	8	-13791001752370418841/12263824151009862565888
79	67	10	10	37225677483871307991/24527648302019725131776
79	68	2	9	4/3
79	68	3	9	4/3
79	68	4	9	4/3
79	68	5	9	4/3
79	68	6	9	4/3
79	68	7	9	4/3
79	69	2	9	19/42
79	69	3	9	19/42
79	69	4	9	19/182
79	69	5	9	19/42
79	69	6	9	19/182
79	69	7	9	19/182
79	70	2	9	1641467/12719616
79	70	3	9	1641467/12719616
79	70	4	9	-68951/4239872
79	70	5	9	1641467/12719616
79	70	6	9	-68951/4239872
79	70	7	9	-68951/4239872
79	71	2	9	19376675/712298496
79	71	3	9	19376675/712298496
79	71	4	9	-15741405/3086626816
79	71	5	9	19376675/712298496
79	71	6	9	-15741405/3086626816
79	71	7	9	-15741405/3086626816
79	72	2	9	471044602895/229200560848896
79	72	3	9	471044602895/229200560848896
79	72	4	9	31767698565/76400186949632
79	72	5	9	471044602895/229200560848896
79	72	6	9	31767698565/76400186949632
79	72	7	9	31767698565/76400186949632
79	73	2	9	-18023220060823/12835231407538176
79	73	3	9	-18023220060823/12835231407538176
79	73	4	9	21228297463017/55619336099332096
79	73	5	9	-18023220060823/12835231407538176
79	73	6	9	21228297463017/55619336099332096
79	73	7	9	21228297463017/55619336099332096
79	86	5	6	4
79	86	10	13	4
79	87	5	6	-3249/3445
79	87	9	11	-3249/3445
79	88	5	6	231890877/1519107200
79	88	9	11	231890877/1519107200
79	89	5	6	-65267754183/20933297216000
79	89	9	11	-65267754183/20933297216000
79	90	5	6	-73170023579696457/9807668411640320000
79	90	9	11	-73170023579696457/9807668411640320000
79	91	5	6	294433395827902295013/135149670712403609600000
79	91	9	11	294433395827902295013/135149670712403609600000
79	98	2	2	1/2
79	98	3	3	1/2
79	98	5	5	1/2
79	98	10	10	1/2
79	99	2	2	-323/2600
79	99	3	3	-323/2600
79	99	5	5	-323/2600
79	99	9	9	-323/2600
79	100	2	2	2228453/108160000
79	100	3	3	2228453/108160000
79	100	5	5	2228453/108160000
79	100	9	9	2228453/108160000
79	101	2	2	-2681869/140608000000
79	101	3	3	-2681869/140608000000
79	101	5	5	-2681869/140608000000
79	101	9	9	-2681869/140608000000
79	102	2	2	-622051976509/478067200000000
79	102	3	3	-622051976509/478067200000000
79	102	5	5	-622051976509/478067200000000
79	102	9	9	-622051976509/478067200000000
79	103	2	2	171950904835423/475255040000000000
79	103	3	3	171950904835423/475255040000000000
79	103	5	5	171950904835423/475255040000000000
79	103	9	9	171950904835423/475255040000000000
80	50	5	19	1/3
80	50	8	19	1/3
80	50	9	19	1/3
80	50	13	19	1/3
80	50	14	19	1/3
80	50	16	19	1/3
80	51	4	16	133/2886
80	51	6	16	133/2886
80	51	7	16	133/2886
80	51	10	16	133/2886
80	51	11	16	133/2886
80	51	13	16	133/2886
80	52	4	16	125267/88842624
80	52	6	16	125267/88842624
80	52	7	16	125267/88842624
80	52	10	16	125267/88842624
80	52	11	16	125267/88842624
80	52	13	16	125267/88842624
80	53	4	16	-100587235/85466604288
80	53	6	16	-100587235/85466604288
80	53	7	16	-100587235/85466604288
80	53	10	16	-100587235/85466604288
80	53	11	16	-100587235/85466604288
80	53	13	16	-100587235/85466604288
80	54	4	16	-667283267905/2795441693051904
80	54	6	16	-667283267905/2795441693051904
80	54	7	16	-667283267905/2795441693051904
80	54	10	16	-667283267905/2795441693051904
80	54	11	16	-667283267905/2795441693051904
80	54	13	16	-667283267905/2795441693051904
80	55	4	16	80303111974799/2689214908715931648
80	55	6	16	80303111974799/2689214908715931648
80	55	7	16	80303111974799/2689214908715931648
80	55	10	16	80303111974799/2689214908715931648
80	55	11	16	80303111974799/2689214908715931648
80	55	13	16	80303111974799/2689214908715931648
80	56	7	18	2
80	56	11	18	2
80	57	5	16	1197/2054
80	57	9	16	1197/2054
80	58	5	16	2875365/20770048
80	58	9	16	2875365/20770048
80	59	5	16	24466032423/1109203643392
80	59	9	16	24466032423/1109203643392
80	60	5	16	-26933351539473/154924691279847424
80	60	9	16	-26933351539473/154924691279847424
80	61	5	16	-977377660891809849/636430631777613217792
80	61	9	16	-977377660891809849/636430631777613217792
80	62	1	18	4
80	63	1	16	5586/3757
80	64	1	16	218641455/451681568
80	65	1	16	437579390997/3393935301952
80	66	1	16	89497017170307/3923389209056512
80	67	1	16	-258436021988247453/383244504719058205184
80	68	9	10	4/3
80	68	9	12	4/3
80	68	9	13	4/3
80	68	9	15	4/3
80	68	9	16	4/3
80	68	9	17	4/3
80	68	10	10	2/3
80	68	12	12	2/3
80	68	15	15	2/3
80	69	9	10	19/91
80	69	9	11	19/91
80	69	9	12	-38/273
80	69	9	13	19/91
80	69	9	14	-38/273
80	69	9	15	-38/273
80	69	10	10	-95/546
80	69	11	11	-95/546
80	69	13	13	-95/546
80	70	9	10	6859/1059968
80	70	9	11	6859/1059968
80	70	9	12	-37183/3179904
80	70	9	13	6859/1059968
80	70	9	14	-37183/3179904
80	70	9	15	-37183/3179904
80	70	10	10	205409/6359808
80	70	11	11	205409/6359808
80	70	13	13	205409/6359808
80	71	9	10	-2777895/385828352
80	71	9	11	-2777895/385828352
80	71	9	12	3875335/578742528
80	71	9	13	-2777895/385828352
80	71	9	14	3875335/578742528
80	71	9	15	3875335/578742528
80	71	10	10	-3669565/2314970112
80	71	11	11	-3669565/2314970112
80	71	13	13	-3669565/2314970112
80	72	9	10	-7641371835/4775011684352
80	72	9	11	-7641371835/4775011684352
80	72	9	12	-1434182605/14325035053056
80	72	9	13	-7641371835/4775011684352
80	72	9	14	-1434182605/14325035053056
80	72	9	15	-1434182605/14325035053056
80	72	10	10	-44050713457/28650070106112
80	72	11	11	-44050713457/28650070106112
80	72	13	13	-44050713457/28650070106112
80	73	9	10	449865094617/1738104253104128
80	73	9	11	449865094617/1738104253104128
80	73	9	12	-1247119450637/2607156379656192
80	73	9	13	449865094617/1738104253104128
80	73	9	14	-1247119450637/2607156379656192
80	73	9	15	-1247119450637/2607156379656192
80	73	10	10	5980831427075/10428625518624768
80	73	11	11	5980831427075/10428625518624768
80	73	13	13	5980831427075/10428625518624768
80	92	9	12	4
80	92	9	14	4
80	93	9	11	-171/208
80	93	9	13	-171/208
80	94	9	11	9747/106496
80	94	9	13	9747/106496
80	95	9	11	15000633/1151860736
80	95	9	13	15000633/1151860736
80	96	9	11	-16815709593/2036489781248
80	96	9	13	-16815709593/2036489781248
80	97	9	11	3070434566871/3388718995996672
80	97	9	13	3070434566871/3388718995996672
80	104	5	5	1
80	104	9	9	1
80	105	5	5	-399/1586
80	105	9	9	-399/1586
80	106	5	5	13837491/321970688
80	106	9	9	13837491/321970688
80	107	5	5	-302049783/510645511168
80	107	9	9	-302049783/510645511168
80	108	5	5	-21546159765129/8472630321299456
80	108	9	9	-21546159765129/8472630321299456
80	109	5	5	132956037639691623/174688691964552183808
80	109	9	9	132956037639691623/174688691964552183808
81	50	10	10	1/2
81	50	15	15	1/2
81	50	17	17	1/2
81	50	18	18	1/2
81	51	8	8	-19/104
81	51	12	12	-19/104
81	51	14	14	-19/104
81	51	15	15	-19/104
81	52	8	8	10469/173056
81	52	12	12	10469/173056
81	52	14	14	10469/173056
81	52	15	15	10469/173056
81	53	8	8	-157757/8998912
81	53	12	12	-157757/8998912
81	53	14	14	-157757/8998912
81	53	15	15	-157757/8998912
81	54	8	8	65551463/15910076416
81	54	12	12	65551463/15910076416
81	54	14	14	65551463/15910076416
81	54	15	15	65551463/15910076416
81	55	8	8	-502648097/827323973632
81	55	12	12	-502648097/827323973632
81	55	14	14	-502648097/827323973632
81	55	15	15	-502648097/827323973632
81	62	8	8	6
81	62	8	10	12
81	63	7	7	-15219/7514
81	63	7	9	18981/3757
81	64	7	7	2157917571/3613452544
81	64	7	9	271561167/138978944
81	65	7	7	-598055792445/4177151140864
81	65	7	9	18379600586415/27151482415616
81	66	7	7	36352635958168605/1632129910967508992
81	66	7	9	163226563145296605/816064955483754496
81	67	7	7	1958167989767131443/1886742177078440394752
81	67	7	9	544736047227491193759/12263824151009862565888
81	68	1	8	4
81	70	1	8	-40071/605696
81	72	1	8	4817055123/1559187488768
81	98	1	4	3
81	98	1	14	3
81	99	1	4	-57/260
81	99	1	13	-57/260
81	100	1	4	-85557/2163200
81	100	1	13	-85557/2163200
81	101	1	4	6193677/562432000
81	101	1	13	6193677/562432000
81	102	1	4	6023566941/4971898880000
81	102	1	13	6023566941/4971898880000
81	103	1	4	-1100598768411/1292693708800000
81	103	1	13	-1100598768411/1292693708800000
82	50	10	10	1/2
82	50	15	15	1/2
82	50	17	17	1/2
82	50	18	18	1/2
82	52	8	8	-361/43264
82	52	12	12	-361/43264
82	52	14	14	-361/43264
82	52	15	15	-361/43264
82	54	8	8	390963/994379776
82	54	12	12	390963/994379776
82	54	14	14	390963/994379776
82	54	15	15	390963/994379776
82	62	10	17	12
82	63	9	15	12654/3757
82	64	9	15	322771905/451681568
82	65	9	15	241106285367/3393935301952
82	66	9	15	-86576931725679/3923389209056512
82	67	9	15	-4804687666348500987/383244504719058205184
82	68	1	18	4
82	70	1	16	-13357/151424
82	72	1	16	535228347/97449218048
82	74	8	8	2
82	74	12	12	2
82	74	14	14	2
82	75	7	7	-114/215
82	75	11	11	-114/215
82	75	13	13	-114/215
82	76	7	7	203592087/1999878400
82	76	11	11	203592087/1999878400
82	76	13	13	203592087/1999878400
82	77	7	7	-2765487069/429973856000
82	77	11	11	-2765487069/429973856000
82	77	13	13	-2765487069/429973856000
82	78	7	7	-36953001674754957/8498966431421440000
82	78	11	11	-36953001674754957/8498966431421440000
82	78	13	13	-36953001674754957/8498966431421440000
82	79	7	7	3274657766288008569/1827277782755609600000
82	79	11	11	3274657766288008569/1827277782755609600000
82	79	13	13	3274657766288008569/1827277782755609600000
82	104	1	13	6
82	105	1	13	-855/1586
82	106	1	13	-14201379/160985344
82	107	1	13	16586811045/510645511168
82	108	1	13	10843725919257/4236315160649728
82	109	1	13	-522625824754130925/174688691964552183808
83	50	10	15	1/3
83	50	10	17	1/3
83	50	10	18	1/3
83	50	15	17	1/3
83	50	15	18	1/3
83	50	17	18	1/3
83	51	8	12	-19/234
83	51	8	14	-19/234
83	51	8	15	-19/234
83	51	12	14	-19/234
83	51	12	15	-19/234
83	51	14	15	-19/234
83	52	8	12	361/24336
83	52	8	14	361/24336
83	52	8	15	361/24336
83	52	12	14	361/24336
83	52	12	15	361/24336
83	52	14	15	361/24336
83	53	8	12	-6859/5694624
83	53	8	14	-6859/5694624
83	53	8	15	-6859/5694624
83	53	12	14	-6859/5694624
83	53	12	15	-6859/5694624
83	53	14	15	-6859/5694624
83	54	8	12	-1433531/3775535712
83	54	8	14	-1433531/3775535712
83	54	8	15	-1433531/3775535712
83	54	12	14	-1433531/3775535712
83	54	12	15	-1433531/3775535712
83	54	14	15	-1433531/3775535712
83	55	8	12	17332693/98163928512
83	55	8	14	17332693/98163928512
83	55	8	15	17332693/98163928512
83	55	12	14	17332693/98163928512
83	55	12	15	17332693/98163928512
83	55	14	15	17332693/98163928512
83	62	5	10	4
83	62	7	10	4
83	62	9	10	4
83	63	4	9	5624/3757
83	63	6	9	5624/3757
83	63	8	9	1406/3757
83	64	4	9	27769203/56460196
83	64	6	9	27769203/56460196
83	64	8	9	-1883337/56460196
83	65	4	9	14094346471/106060478186
83	65	6	9	14094346471/106060478186
83	65	8	9	-6751389149/424241912744
83	66	4	9	19370092287379/796938433089604
83	66	6	9	19370092287379/796938433089604
83	66	8	9	24442094513/1593876866179208
83	67	4	9	-446627181665967/1497048846558821114
83	67	6	9	-446627181665967/1497048846558821114
83	67	8	9	12123651575786961/11976390772470568912
83	68	1	4	4/3
83	68	1	6	4/3
83	68	1	7	4/3
83	69	1	4	703/1638
83	69	1	6	703/1638
83	69	1	7	703/1638
83	70	1	4	66785/596232
83	70	1	6	66785/596232
83	70	1	7	66785/596232
83	71	1	4	9389971/488314008
83	71	1	6	9389971/488314008
83	71	1	7	9389971/488314008
83	72	1	4	-10882976389/22313996909568
83	72	1	6	-10882976389/22313996909568
83	72	1	7	-10882976389/22313996909568
83	73	1	4	-376140106098353/211179666752151552
83	73	1	6	-376140106098353/211179666752151552
83	73	1	7	-376140106098353/211179666752151552
83	80	4	4	1/2
83	80	6	6	1/2
83	80	14	14	1/2
83	80	16	16	1/2
83	81	4	4	-893/5824
83	81	6	6	-893/5824
83	81	11	11	-893/5824
83	81	13	13	-893/5824
83	82	4	4	1314401/33918976
83	82	6	6	1314401/33918976
83	82	11	11	1314401/33918976
83	82	13	13	1314401/33918976
83	83	4	4	-672792451/98772058112
83	83	6	6	-672792451/98772058112
83	83	11	11	-672792451/98772058112
83	83	13	13	-672792451/98772058112
83	84	4	4	173540786761/1222402991194112
83	84	6	6	173540786761/1222402991194112
83	84	11	11	173540786761/1222402991194112
83	84	13	13	173540786761/1222402991194112
83	85	4	4	194313282877529/444954688794656768
83	85	6	6	194313282877529/444954688794656768
83	85	11	11	194313282877529/444954688794656768
83	85	13	13	194313282877529/444954688794656768
83	86	2	6	4
83	86	3	13	4
83	87	2	6	-2888/3445
83	87	3	11	-2888/3445
83	88	2	6	369303/3651700
83	88	3	11	369303/3651700
83	89	2	6	822455831/81770692250
83	89	3	11	822455831/81770692250
83	90	2	6	-76705347165133/9577801183242500
83	90	3	11	-76705347165133/9577801183242500
83	91	2	6	18710336609738073/16497762538135206250
83	91	3	11	18710336609738073/16497762538135206250
83	98	2	3	1
83	98	5	10	1
83	99	2	3	-19/150
83	99	5	9	-19/150
83	100	2	3	-29963/5070000
83	100	5	9	-29963/5070000
83	101	2	3	14397041/2281500000
83	101	5	9	14397041/2281500000
83	102	2	3	-243407178071/491606212500000
83	102	5	9	-243407178071/491606212500000
83	103	2	3	-11020455530567/24580310625000000
83	103	5	9	-11020455530567/24580310625000000
84	50	10	15	1/3
84	50	10	17	1/3
84	50	10	18	1/3
84	50	15	17	1/3
84	50	15	18	1/3
84	50	17	18	1/3
84	51	8	12	19/468
84	51	8	14	19/468
84	51	8	15	19/468
84	51	12	14	19/468
84	51	12	15	19/468
84	51	14	15	19/468
84	52	8	12	-361/778752
84	52	8	14	-361/778752
84	52	8	15	-361/778752
84	52	12	14	-361/778752
84	52	12	15	-361/778752
84	52	14	15	-361/778752
84	53	8	12	-500707/364455936
84	53	8	14	-500707/364455936
84	53	8	15	-500707/364455936
84	53	12	14	-500707/364455936
84	53	12	15	-500707/364455936
84	53	14	15	-500707/364455936
84	54	8	12	-309773017/1933074284544
84	54	8	14	-309773017/1933074284544
84	54	8	15	-309773017/1933074284544
84	54	12	14	-309773017/1933074284544
84	54	12	15	-309773017/1933074284544
84	54	14	15	-309773017/1933074284544
84	55	8	12	6242245579/100519862796288
84	55	8	14	6242245579/100519862796288
84	55	8	15	6242245579/100519862796288
84	55	12	14	6242245579/100519862796288
84	55	12	15	6242245579/100519862796288
84	55	14	15	6242245579/100519862796288
84	62	10	13	4
84	62	10	16	4
84	62	10	18	4
84	63	9	12	3515/3757
84	63	9	14	3515/3757
84	63	9	16	-703/3757
84	64	9	12	260261145/1806726272
84	64	9	14	260261145/1806726272
84	64	9	16	-9176259/138978944
84	65	9	12	-34977641975/27151482415616
84	65	9	14	-34977641975/27151482415616
84	65	9	16	273820944331/27151482415616
84	66	9	12	-7040255409115025/816064955483754496
84	66	9	14	-7040255409115025/816064955483754496
84	66	9	16	2435615646551119/816064955483754496
84	67	9	12	-26395732282926039375/12263824151009862565888
84	67	9	14	-26395732282926039375/12263824151009862565888
84	67	9	16	-10394823225759864477/12263824151009862565888
84	68	1	13	4/3
84	68	1	16	4/3
84	68	1	17	4/3
84	69	1	12	703/1638
84	69	1	14	703/1638
84	69	1	15	703/1638
84	70	1	12	4180741/38158848
84	70	1	14	4180741/38158848
84	70	1	15	4180741/38158848
84	71	1	12	4216096979/250016772096
84	71	1	14	4216096979/250016772096
84	71	1	15	4216096979/250016772096
84	72	1	12	-32062497308137/18565245428760576
84	72	1	14	-32062497308137/18565245428760576
84	72	1	15	-32062497308137/18565245428760576
84	73	1	12	-3215690623626433/1501722074681966592
84	73	1	14	-3215690623626433/1501722074681966592
84	73	1	15	-3215690623626433/1501722074681966592
84	86	15	15	2
84	87	13	13	-2071/4134
84	88	13	13	92650289/1093757184
84	89	13	13	-7149595253/9043184397312
84	90	13	13	-13040627739299857/2542147652297170944
84	91	13	13	31451843549619586747/21018476789193009364992
84	92	3	12	4
84	92	5	14	4
84	93	3	11	-285/416
84	93	5	13	-285/416
84	94	3	11	182305/5537792
84	94	5	13	182305/5537792
84	95	3	11	214515225/9214885888
84	95	5	13	214515225/9214885888
84	96	3	11	-416150791275/65167672999936
84	96	5	13	-416150791275/65167672999936
84	97	3	11	-17786128629375/27109751967973376
84	97	5	13	-17786128629375/27109751967973376
84	104	5	9	2
84	105	5	9	-437/3172
84	106	5	9	-22406187/643941376
84	107	5	9	34715532149/4085164089344
84	108	5	9	1368406033714823/881153553415143424
84	109	5	9	-4538912968879591191/5590038142865669881856
85	50	10	19	1/2
85	50	15	19	1/2
85	50	17	19	1/2
85	50	18	19	1/2
85	51	8	16	-19/104
85	51	12	16	-19/104
85	51	14	16	-19/104
85	51	15	16	-19/104
85	52	8	16	397461/6403072
85	52	12	16	397461/6403072
85	52	14	16	397461/6403072
85	52	15	16	397461/6403072
85	53	8	16	-6413165/332959744
85	53	12	16	-6413165/332959744
85	53	14	16	-6413165/332959744
85	53	15	16	-6413165/332959744
85	54	8	16	115158803255/21780894613504
85	54	12	16	115158803255/21780894613504
85	54	14	16	115158803255/21780894613504
85	54	15	16	115158803255/21780894613504
85	55	8	16	-1358553810033/1132606519902208
85	55	12	16	-1358553810033/1132606519902208
85	55	14	16	-1358553810033/1132606519902208
85	55	15	16	-1358553810033/1132606519902208
85	62	9	10	6
85	63	8	9	20691/7514
85	64	8	9	4332785175/3613452544
85	65	8	9	26658164371509/54302964831232
85	66	8	9	23400659987847081/125548454689808384
85	67	8	9	1573189529637765094209/24527648302019725131776
85	68	1	8	2
85	68	4	9	2
85	68	6	9	2
85	68	7	9	2
85	68	8	9	2
85	69	1	8	19/26
85	69	4	9	323/364
85	69	6	9	323/364
85	69	7	9	323/364
85	69	8	9	19/52
85	70	1	8	293493/1211392
85	70	4	9	3128787/8479744
85	70	6	9	3128787/8479744
85	70	7	9	3128787/8479744
85	70	8	9	50901/1211392
85	71	1	8	4437773/62992384
85	71	4	9	875105515/6173253632
85	71	6	9	875105515/6173253632
85	71	7	9	875105515/6173253632
85	71	8	9	-171475/125984768
85	72	1	8	52071449723/3118374977536
85	72	4	9	7510411610495/152800373899264
85	72	6	9	7510411610495/152800373899264
85	72	7	9	7510411610495/152800373899264
85	72	8	9	-5805148945/3118374977536
85	73	1	8	411445942533/162155498831872
85	73	4	9	96184568303097/6543451305803776
85	73	6	9	96184568303097/6543451305803776
85	73	7	9	96184568303097/6543451305803776
85	73	8	9	-101255116407/324310997663744
85	86	6	6	3
85	86	13	13	3
85	87	6	6	-1197/1060
85	87	11	11	-1197/1060
85	88	6	6	2368491759/6076428800
85	88	11	11	2368491759/6076428800
85	89	6	6	-773948770371/6441014528000
85	89	11	11	-773948770371/6441014528000
85	90	6	6	1232018837329332789/39230673646561280000
85	90	11	11	1232018837329332789/39230673646561280000
85	91	6	6	-251933018174038480671/41584514065354956800000
85	91	11	11	-251933018174038480671/41584514065354956800000
85	98	2	4	3/2
85	98	3	4	3/2
85	98	5	14	3/2
85	98	10	14	3/2
85	99	2	4	-1083/2600
85	99	3	4	-1083/2600
85	99	5	13	-1083/2600
85	99	9	13	-1083/2600
85	100	2	4	789507/8320000
85	100	3	4	789507/8320000
85	100	5	13	789507/8320000
85	100	9	13	789507/8320000
85	101	2	4	-2082659901/140608000000
85	101	3	4	-2082659901/140608000000
85	101	5	13	-2082659901/140608000000
85	101	9	13	-2082659901/140608000000
85	102	2	4	740805684549/6214873600000000
85	102	3	4	740805684549/6214873600000000
85	102	5	13	740805684549/6214873600000000
85	102	9	13	740805684549/6214873600000000
85	103	2	4	6818624448685911/8079335680000000000
85	103	3	4	6818624448685911/8079335680000000000
85	103	5	13	6818624448685911/8079335680000000000
85	103	9	13	6818624448685911/8079335680000000000
86	50	10	19	1/2
86	50	15	19	1/2
86	50	17	19	1/2
86	50	18	19	1/2
86	52	8	16	-5415/800384
86	52	12	16	-5415/800384
86	52	14	16	-5415/800384
86	52	15	16	-5415/800384
86	54	8	16	87966675/340326478336
86	54	12	16	87966675/340326478336
86	54	14	16	87966675/340326478336
86	54	15	16	87966675/340326478336
86	62	10	18	6
86	63	9	16	7182/3757
86	64	9	16	232846083/451681568
86	65	9	16	177562492821/1696967650976
86	66	9	16	228699065693313/25502029858867328
86	67	9	16	-382890354836136399/95811126179764551296
86	68	1	18	2
86	68	9	13	2
86	68	9	16	2
86	68	9	17	2
86	68	9	18	2
86	69	1	16	19/26
86	69	9	12	95/182
86	69	9	14	95/182
86	69	9	15	95/182
86	70	1	16	35017/151424
86	70	9	12	106495/1059968
86	70	9	14	106495/1059968
86	70	9	15	106495/1059968
86	70	9	16	-5415/151424
86	71	1	16	459553/7874048
86	71	9	12	2915075/385828352
86	71	9	14	2915075/385828352
86	71	9	15	2915075/385828352
86	72	1	16	429147053/48724609024
86	72	9	12	-648346975/183654295552
86	72	9	14	-648346975/183654295552
86	72	9	15	-648346975/183654295552
86	72	9	16	87966675/48724609024
86	73	1	16	-2840085553/2533679669248
86	73	9	12	-1372687383125/869052126552064
86	73	9	14	-1372687383125/869052126552064
86	73	9	15	-1372687383125/869052126552064
86	92	12	12	3
86	92	14	14	3
86	93	11	11	-2907/3328
86	93	13	13	-2907/3328
86	94	11	11	2232063/11075584
86	94	13	13	2232063/11075584
86	95	11	11	-1029487887/36859543552
86	95	13	13	-1029487887/36859543552
86	96	11	11	-5574296892069/2085365535997952
86	96	13	13	-5574296892069/2085365535997952
86	97	11	11	1198467688202253/408240970811834368
86	97	13	13	1198467688202253/408240970811834368
86	104	5	13	3
86	104	9	13	3
86	105	5	13	-513/793
86	105	9	13	-513/793
86	106	5	13	13538583/160985344
86	106	9	13	13538583/160985344
86	107	5	13	735031017/127661377792
86	107	9	13	735031017/127661377792
86	108	5	13	-167449411066959/27536048544223232
86	108	9	13	-167449411066959/27536048544223232
86	109	5	13	22747387594248729/21836086495569022976
86	109	9	13	22747387594248729/21836086495569022976
87	50	19	19	2
87	51	16	16	-969/962
87	52	16	16	29686113/59228416
87	53	16	16	-28066925115/113955472384
87	54	16	16	68503326829515/573423937036288
87	55	16	16	-48224898143157771/843675265479507968
87	68	8	9	16
87	69	8	9	114/13
87	70	8	9	55233/11648
87	71	8	9	39816495/15748096
87	72	8	9	517824629055/389796872192
87	73	8	9	27862554083499/40538874707968
87	98	4	4	6
87	98	14	14	6
87	99	4	4	-1881/650
87	99	13	13	-1881/650
87	100	4	4	37009359/27040000
87	100	13	13	37009359/27040000
87	101	4	4	-22288162743/35152000000
87	101	13	13	-22288162743/35152000000
87	102	4	4	446359963928949/1553718400000000
87	102	13	13	446359963928949/1553718400000000
87	103	4	4	-256701891327688323/2019833920000000000
87	103	13	13	-256701891327688323/2019833920000000000
88	50	19	19	2
88	51	16	16	-133/481
88	52	16	16	258837/14807104
88	53	16	16	47292805/14244434048
88	54	16	16	-37308947485/35838996064768
88	55	16	16	12173738257401/448202484785988608
88	68	9	18	16
88	69	9	16	76/13
88	70	9	16	72561/37856
88	71	9	16	1063145/1968512
88	72	9	16	2874229655/24362304512
88	73	9	16	16111976193/1266839834624
88	104	13	13	12
88	105	13	13	-3249/793
88	106	13	13	98922303/80492672
88	107	13	13	-77512715343/255322755584
88	108	13	13	1405170824039829/27536048544223232
88	109	13	13	30483951283459413/87344345982276091904
89	56	15	15	12
89	57	13	13	1824/1027
89	58	13	13	-624891/33751328
89	59	13	13	-372752355/4332826732
89	60	13	13	-60975764323815/4841396602495232
89	61	13	13	3428009184751431/621514288845325408
89	74	1	16	16
89	75	1	15	-456/559
89	76	1	15	-4649319/12499240
89	77	1	15	854295309/13974150320
89	78	1	15	63317247986223/2655927009819200
89	79	1	15	-4246948918681551/593865279395573120
89	110	1	1	2
89	111	1	1	-285/1222
89	112	1	1	-3050811/95570176
89	113	1	1	4089987405/233573510144
89	114	1	1	9325836311463/19409024398925824
89	115	1	1	-94045416174089775/47435655630974713856
90	56	2	2	3
90	56	2	15	6
90	56	4	4	3
90	56	4	15	6
90	57	2	2	1121/2054
90	57	2	13	-285/1027
90	57	3	3	1121/2054
90	57	3	13	-285/1027
90	58	2	2	9839777/405015936
90	58	2	13	-9257845/67502656
90	58	3	3	9839777/405015936
90	58	3	13	-9257845/67502656
90	59	2	2	-57065281853/2495708197632
90	59	2	13	2803101825/138650455424
90	59	3	3	-57065281853/2495708197632
90	59	3	13	2803101825/138650455424
90	60	2	2	-3300574714884337/522870833069485056
90	60	2	13	84126444190525/9682793204990464
90	60	3	3	-3300574714884337/522870833069485056
90	60	3	13	84126444190525/9682793204990464
90	61	2	2	2890683225523015363/3221930073374166915072
90	61	2	13	-45761622849974375/19888457243050413056
90	61	3	3	2890683225523015363/3221930073374166915072
90	61	3	13	-45761622849974375/19888457243050413056
90	74	1	1	2
90	74	1	2	4
90	75	1	1	266/559
90	75	1	2	-190/559
90	76	1	1	1162059/19998784
90	76	1	2	-813333/9999392
90	77	1	1	-138613531/11179320256
90	77	1	2	22051685/859947712
90	78	1	1	-524412876889/65376664857088
90	78	1	2	1703572662767/424948321571072
90	79	1	1	-378601081085661/475092223516458496
90	79	1	2	-109083241493025/36545555655112192
90	80	1	7	3
90	80	1	12	3
90	81	1	7	-285/1456
90	81	1	10	-285/1456
90	82	1	7	-2258055/33918976
90	82	1	10	-2258055/33918976
90	83	1	7	725853675/49386029056
90	83	1	10	725853675/49386029056
90	84	1	7	4831882394775/1222402991194112
90	84	1	10	4831882394775/1222402991194112
90	85	1	7	-3054408944630625/1779818755178627072
90	85	1	10	-3054408944630625/1779818755178627072
91	56	2	8	1
91	56	2	12	1
91	56	2	15	1
91	56	2	16	1
91	56	4	9	1
91	56	4	13	1
91	56	4	15	1
91	56	4	17	1
91	56	8	15	1
91	56	9	15	1
91	56	12	15	1
91	56	13	15	1
91	57	2	6	2527/12324
91	57	2	10	2527/12324
91	57	2	13	1311/4108
91	57	2	14	-1691/12324
91	57	3	7	2527/12324
91	57	3	11	2527/12324
91	57	3	13	1311/4108
91	57	3	15	-1691/12324
91	57	6	13	-19/158
91	57	7	13	-19/158
91	57	10	13	-19/158
91	57	11	13	-19/158
91	58	2	6	97995977/4860191232
91	58	2	10	97995977/4860191232
91	58	2	13	129548099/1620063744
91	58	2	14	-1141843/373860864
91	58	3	7	97995977/4860191232
91	58	3	11	97995977/4860191232
91	58	3	13	129548099/1620063744
91	58	3	15	-1141843/373860864
91	58	6	13	-12021661/1620063744
91	58	7	13	-12021661/1620063744
91	58	10	13	-12021661/1620063744
91	58	11	13	-12021661/1620063744
91	59	2	6	-289843678075/59896996743168
91	59	2	10	-289843678075/59896996743168
91	59	2	13	25629991005/2218407286784
91	59	2	14	384767875751/59896996743168
91	59	3	7	-289843678075/59896996743168
91	59	3	11	-289843678075/59896996743168
91	59	3	13	25629991005/2218407286784
91	59	3	15	384767875751/59896996743168
91	59	6	13	525159335/85323357184
91	59	7	13	525159335/85323357184
91	59	10	13	525159335/85323357184
91	59	11	13	525159335/85323357184
91	60	2	6	-60242259000791905/25097799987335282688
91	60	2	10	-60242259000791905/25097799987335282688
91	60	2	13	-117741147101855/71503703667621888
91	60	2	14	-19210586471929153/25097799987335282688
91	60	3	7	-60242259000791905/25097799987335282688
91	60	3	11	-60242259000791905/25097799987335282688
91	60	3	13	-117741147101855/71503703667621888
91	60	3	15	-19210586471929153/25097799987335282688
91	60	6	13	-313752839845415/929548147679084544
91	60	7	13	-313752839845415/929548147679084544
91	60	10	13	-313752839845415/929548147679084544
91	60	11	13	-313752839845415/929548147679084544
91	61	2	6	-42664553051071044499/309305287043920023846912
91	61	2	10	-42664553051071044499/309305287043920023846912
91	61	2	13	-2093302810946367107/1272861263555226435584
91	61	2	14	-127077234770208150913/309305287043920023846912
91	61	3	7	-42664553051071044499/309305287043920023846912
91	61	3	11	-42664553051071044499/309305287043920023846912
91	61	3	13	-2093302810946367107/1272861263555226435584
91	61	3	15	-127077234770208150913/309305287043920023846912
91	61	6	13	-67189504054301671/146868607333295357952
91	61	7	13	-67189504054301671/146868607333295357952
91	61	10	13	-67189504054301671/146868607333295357952
91	61	11	13	-67189504054301671/146868607333295357952
91	62	4	4	1
91	62	4	15	2
91	62	6	6	1
91	62	6	12	2
91	63	3	3	1786/11271
91	63	3	13	-437/11271
91	63	5	5	1786/11271
91	63	5	11	-437/11271
91	64	3	3	19251047/16260536448
91	64	3	13	-382931833/8130268224
91	64	5	5	19251047/16260536448
91	64	5	11	-382931833/8130268224
91	65	3	3	-52126102235/7048942550208
91	65	3	13	507364654055/183272506305408
91	65	5	5	-52126102235/7048942550208
91	65	5	11	507364654055/183272506305408
91	66	3	3	-22437848596753565/16525315348546028544
91	66	3	13	25820380582070935/8262657674273014272
91	66	5	5	-22437848596753565/16525315348546028544
91	66	5	11	25820380582070935/8262657674273014272
91	67	3	3	3069828316466783039/7163724203594703373824
91	67	3	13	-57712130431928906903/186256829293462287719424
91	67	5	5	3069828316466783039/7163724203594703373824
91	67	5	11	-57712130431928906903/186256829293462287719424
91	74	1	4	2/3
91	74	1	5	2/3
91	74	1	6	2/3
91	74	1	7	2/3
91	74	1	10	2/3
91	74	1	11	2/3
91	75	1	3	589/3354
91	75	1	4	-133/3354
91	75	1	5	589/3354
91	75	1	6	-133/3354
91	75	1	9	589/3354
91	75	1	10	-133/3354
91	76	1	3	12070757/399975680
91	76	1	4	-5488283/399975680
91	76	1	5	12070757/399975680
91	76	1	6	-5488283/399975680
91	76	1	9	12070757/399975680
91	76	1	10	-5488283/399975680
91	77	1	3	-1400587223/2683036861440
91	77	1	4	7322318591/2683036861440
91	77	1	5	-1400587223/2683036861440
91	77	1	6	7322318591/2683036861440
91	77	1	9	-1400587223/2683036861440
91	77	1	10	7322318591/2683036861440
91	78	1	3	-2437213921279417/1019875971770572800
91	78	1	4	777275232257543/1019875971770572800
91	78	1	5	-2437213921279417/1019875971770572800
91	78	1	6	777275232257543/1019875971770572800
91	78	1	9	-2437213921279417/1019875971770572800
91	78	1	10	777275232257543/1019875971770572800
91	79	1	3	-99008586224360991/152029511525266718720
91	79	1	4	-44446732525137593/152029511525266718720
91	79	1	5	-99008586224360991/152029511525266718720
91	79	1	6	-44446732525137593/152029511525266718720
91	79	1	9	-99008586224360991/152029511525266718720
91	79	1	10	-44446732525137593/152029511525266718720
91	80	1	8	1/2
91	80	1	15	1/2
91	80	1	17	1/2
91	80	1	18	1/2
91	81	1	8	-95/5824
91	81	1	12	-95/5824
91	81	1	14	-95/5824
91	81	1	15	-95/5824
91	82	1	8	-2996661/271351808
91	82	1	12	-2996661/271351808
91	82	1	14	-2996661/271351808
91	82	1	15	-2996661/271351808
91	83	1	8	881484385/790176464896
91	83	1	12	881484385/790176464896
91	83	1	14	881484385/790176464896
91	83	1	15	881484385/790176464896
91	84	1	8	158162387477/231460921409536
91	84	1	12	158162387477/231460921409536
91	84	1	14	158162387477/231460921409536
91	84	1	15	158162387477/231460921409536
91	85	1	8	-13603709757573675/113908400331432132608
91	85	1	12	-13603709757573675/113908400331432132608
91	85	1	14	-13603709757573675/113908400331432132608
91	85	1	15	-13603709757573675/113908400331432132608
91	86	1	7	2
91	86	1	11	2
91	87	1	7	-95/689
91	87	1	10	-95/689
91	88	1	7	-19450319/455732160
91	88	1	10	-19450319/455732160
91	89	1	7	424428061/41866594432
91	89	1	10	424428061/41866594432
91	90	1	7	353316930463261/147115026174604800
91	90	1	10	353316930463261/147115026174604800
91	91	1	7	-9385086581958959/8108980242744216576
91	91	1	10	-9385086581958959/8108980242744216576
91	92	1	2	2
91	93	1	2	-285/1664
91	94	1	2	-653771/16613376
91	95	1	2	232622985/18429771776
91	96	1	2	5787726460831/3128048303996928
91	97	1	2	-4975820665387225/3470048251900592128
92	56	8	8	1/2
92	56	8	15	1
92	56	9	9	1/2
92	56	9	15	1
92	56	12	12	1/2
92	56	12	15	1
92	56	13	13	1/2
92	56	13	15	1
92	56	15	16	1
92	56	15	17	1
92	57	6	6	2033/49296
92	57	6	13	1007/4108
92	57	7	7	2033/49296
92	57	7	13	1007/4108
92	57	10	10	2033/49296
92	57	10	13	1007/4108
92	57	11	11	2033/49296
92	57	11	13	1007/4108
92	57	13	14	-399/2054
92	57	13	15	-399/2054
92	58	6	6	-33176261/4860191232
92	58	6	13	2469601/62310144
92	58	7	7	-33176261/4860191232
92	58	7	13	2469601/62310144
92	58	10	10	-33176261/4860191232
92	58	10	13	2469601/62310144
92	58	11	11	-33176261/4860191232
92	58	11	13	2469601/62310144
92	58	13	14	13997053/810031872
92	58	13	15	13997053/810031872
92	59	6	6	-269562575335/119793993486336
92	59	6	13	-347168285/1109203643392
92	59	7	7	-269562575335/119793993486336
92	59	7	13	-347168285/1109203643392
92	59	10	10	-269562575335/119793993486336
92	59	10	13	-347168285/1109203643392
92	59	11	11	-269562575335/119793993486336
92	59	11	13	-347168285/1109203643392
92	59	13	14	2545889325/554601821696
92	59	13	15	2545889325/554601821696
92	60	6	6	379117309152145/1930599999025790976
92	60	6	13	-600198446064185/232387036919771136
92	60	7	7	379117309152145/1930599999025790976
92	60	7	13	-600198446064185/232387036919771136
92	60	10	10	379117309152145/1930599999025790976
92	60	10	13	-600198446064185/232387036919771136
92	60	11	11	379117309152145/1930599999025790976
92	60	11	13	-600198446064185/232387036919771136
92	60	13	14	-36215736092795/17875925916905472
92	60	13	15	-36215736092795/17875925916905472
92	61	6	6	116380993620843239507/618610574087840047693824
92	61	6	13	-649069924333491343/954645947666419826688
92	61	7	7	116380993620843239507/618610574087840047693824
92	61	7	13	-649069924333491343/954645947666419826688
92	61	10	10	116380993620843239507/618610574087840047693824
92	61	10	13	-649069924333491343/954645947666419826688
92	61	11	11	116380993620843239507/618610574087840047693824
92	61	11	13	-649069924333491343/954645947666419826688
92	61	13	14	11984815006253047/159107657944403304448
92	61	13	15	11984815006253047/159107657944403304448
92	62	4	12	2
92	62	4	17	2
92	62	6	15	2
92	62	6	17	2
92	63	3	11	5054/11271
92	63	3	15	-76/289
92	63	5	13	5054/11271
92	63	5	15	-76/289
92	64	3	11	226841209/4065134112
92	64	3	15	-13760237/1355044704
92	64	5	13	226841209/4065134112
92	64	5	15	-13760237/1355044704
92	65	3	11	-345819153995/45818126576352
92	65	3	15	854940055/65267986576
92	65	5	13	-345819153995/45818126576352
92	65	5	15	854940055/65267986576
92	66	3	11	-891895439931545/158897262966788736
92	66	3	15	-93148349384455/76506089576601984
92	66	5	13	-891895439931545/158897262966788736
92	66	5	15	-93148349384455/76506089576601984
92	67	3	11	-17264817121961540663/23282103661682785964928
92	67	3	15	-10159147397881127/11055129943818986688
92	67	5	13	-17264817121961540663/23282103661682785964928
92	67	5	15	-10159147397881127/11055129943818986688
92	74	1	8	2/3
92	74	1	9	2/3
92	74	1	12	2/3
92	74	1	13	2/3
92	74	1	14	2/3
92	74	1	15	2/3
92	74	4	14	2/3
92	74	6	12	2/3
92	74	8	10	2/3
92	75	1	7	323/1677
92	75	1	8	-38/1677
92	75	1	11	323/1677
92	75	1	12	-38/1677
92	75	1	13	323/1677
92	75	1	14	-38/1677
92	75	3	13	133/16770
92	75	5	11	133/16770
92	75	7	9	133/16770
92	76	1	7	8122139/199987840
92	76	1	8	-2852261/199987840
92	76	1	11	8122139/199987840
92	76	1	12	-2852261/199987840
92	76	1	13	8122139/199987840
92	76	1	14	-2852261/199987840
92	76	3	13	-14937097/999939200
92	76	5	11	-14937097/999939200
92	76	7	9	-14937097/999939200
92	77	1	7	2044167193/670759215360
92	77	1	8	505295671/335379607680
92	77	1	11	2044167193/670759215360
92	77	1	12	505295671/335379607680
92	77	1	13	2044167193/670759215360
92	77	1	14	505295671/335379607680
92	77	3	13	-17954989493/33537960768000
92	77	5	11	-17954989493/33537960768000
92	77	7	9	-17954989493/33537960768000
92	78	1	7	-491237426511973/254968992942643200
92	78	1	8	217679126364227/254968992942643200
92	78	1	11	-491237426511973/254968992942643200
92	78	1	12	217679126364227/254968992942643200
92	78	1	13	-491237426511973/254968992942643200
92	78	1	14	217679126364227/254968992942643200
92	78	3	13	6019214164474217/6374224823566080000
92	78	5	11	6019214164474217/6374224823566080000
92	78	7	9	6019214164474217/6374224823566080000
92	79	1	7	-1006774699949989/1117864055332843520
92	79	1	8	-1489658520257811/9501844470329169920
92	79	1	11	-1006774699949989/1117864055332843520
92	79	1	12	-1489658520257811/9501844470329169920
92	79	1	13	-1006774699949989/1117864055332843520
92	79	1	14	-1489658520257811/9501844470329169920
92	79	3	13	1346267643245121807/23754611175822924800000
92	79	5	11	1346267643245121807/23754611175822924800000
92	79	7	9	1346267643245121807/23754611175822924800000
92	86	1	16	2
92	86	1	17	2
92	87	1	14	-190/2067
92	87	1	15	-190/2067
92	88	1	14	-30460819/683598240
92	88	1	15	-30460819/683598240
92	89	1	14	1846010683/282599512416
92	89	1	15	1846010683/282599512416
92	90	1	14	2731307907475283/993026426678582400
92	90	1	15	2731307907475283/993026426678582400
92	91	1	14	-59537295140144377/82103424957785192832
92	91	1	15	-59537295140144377/82103424957785192832
92	92	1	7	2
92	93	1	7	-665/4992
92	94	1	7	-2074667/49840128
92	95	1	7	4727119915/497603837952
92	96	1	7	193863024865097/84457304207917056
92	97	1	7	-887407863927855025/843221725211843887104
92	104	1	2	1
92	104	1	3	1
92	105	1	2	-285/3172
92	105	1	3	-285/3172
92	106	1	2	-8895401/482956032
92	106	1	3	-8895401/482956032
92	107	1	2	3275961285/510645511168
92	107	1	3	3275961285/510645511168
92	108	1	2	63075824163451/82608145632669696
92	108	1	3	63075824163451/82608145632669696
92	109	1	2	-61481713415906725/87344345982276091904
92	109	1	3	-61481713415906725/87344345982276091904
93	56	15	16	3
93	56	15	17	3
93	57	13	14	2109/4108
93	57	13	15	2109/4108
93	58	13	14	1067477/41540096
93	58	13	15	1067477/41540096
93	59	13	14	-37439337075/2218407286784
93	59	13	15	-37439337075/2218407286784
93	60	13	14	-1460223414335315/309849382559694848
93	60	13	15	-1460223414335315/309849382559694848
93	61	13	14	555794277373299847/1272861263555226435584
93	61	13	15	555794277373299847/1272861263555226435584
93	62	12	12	3
93	62	15	15	3
93	63	11	11	2945/7514
93	63	13	13	2945/7514
93	64	11	11	-90848899/5420178816
93	64	13	13	-90848899/5420178816
93	65	11	11	-2437341774665/122181670870272
93	65	13	13	-2437341774665/122181670870272
93	66	11	11	-736736817534557/423726034578103296
93	66	13	13	-736736817534557/423726034578103296
93	67	11	11	178632429792672381275/124171219528974858479616
93	67	13	13	178632429792672381275/124171219528974858479616
93	74	1	16	2
93	74	1	17	2
93	74	4	16	2
93	74	6	16	2
93	74	10	16	2
93	75	1	15	703/1118
93	75	1	16	-19/1118
93	75	3	15	-1273/5590
93	75	5	15	-1273/5590
93	75	9	15	-1273/5590
93	76	1	15	60802869/399975680
93	76	1	16	-18212811/399975680
93	76	3	15	-39495927/1999878400
93	76	5	15	-39495927/1999878400
93	76	9	15	-39495927/1999878400
93	77	1	15	17055994081/894345620480
93	77	1	16	1040325107/894345620480
93	77	3	15	282862683901/22358640512000
93	77	5	15	282862683901/22358640512000
93	77	9	15	282862683901/22358640512000
93	78	1	15	-1565231971284457/339958657256857600
93	78	1	16	994717249075703/339958657256857600
93	78	3	15	-2306905312200097/8498966431421440000
93	78	5	15	-2306905312200097/8498966431421440000
93	78	9	15	-2306905312200097/8498966431421440000
93	79	1	15	-520151614854245391/152029511525266718720
93	79	1	16	-18984789988136637/152029511525266718720
93	79	3	15	-98916925668301981659/95018444703291699200000
93	79	5	15	-98916925668301981659/95018444703291699200000
93	79	9	15	-98916925668301981659/95018444703291699200000
93	92	1	16	6
93	93	1	15	-285/832
93	94	1	15	-28519/212992
93	95	1	15	115951395/4607442944
93	96	1	15	132683589409/16291918249984
93	97	1	15	-156225318939175/54219503935946752
93	110	1	2	1/2
93	110	1	3	1/2
93	110	1	5	1/2
93	110	1	9	1/2
93	111	1	2	-475/9776
93	111	1	3	-475/9776
93	111	1	5	-475/9776
93	111	1	9	-475/9776
93	112	1	2	-12750159/1529122816
93	112	1	3	-12750159/1529122816
93	112	1	5	-12750159/1529122816
93	112	1	9	-12750159/1529122816
93	113	1	2	25027976575/7474352324608
93	113	1	3	25027976575/7474352324608
93	113	1	5	25027976575/7474352324608
93	113	1	9	25027976575/7474352324608
93	114	1	2	332631683083343/1242177561531252736
93	114	1	3	332631683083343/1242177561531252736
93	114	1	5	332631683083343/1242177561531252736
93	114	1	9	332631683083343/1242177561531252736
93	115	1	2	-2140128820996064625/6071763920764763373568
93	115	1	3	-2140128820996064625/6071763920764763373568
93	115	1	5	-2140128820996064625/6071763920764763373568
93	115	1	9	-2140128820996064625/6071763920764763373568
94	56	5	15	6
94	57	4	13	-285/2054
94	58	4	13	-36350895/270010624
94	59	4	13	10524621075/1109203643392
94	60	4	13	1316872140132525/154924691279847424
94	61	4	13	-647111482968174375/636430631777613217792
94	62	2	2	6
94	63	2	2	4161/3757
94	64	2	2	48532479/903363136
94	65	2	2	-310363734657/6787870603904
94	66	2	2	-1342077503630523/102008119435469312
94	67	2	2	1281763746911941419/766489009438116410368
94	74	1	2	4
94	74	2	2	2
94	75	1	2	627/559
94	75	2	2	-399/1118
94	76	1	2	8528625/39997568
94	76	2	2	1042929/79995136
94	77	1	2	266863113/89434562048
94	77	2	2	2816970723/178869124096
94	78	1	2	-107528841414513/6799173145137152
94	78	2	2	-54761334719697/13598346290274304
94	79	1	2	-79734671206136199/15202951152526671872
94	79	2	2	-21743238160930797/30405902305053343744
94	80	2	7	3
94	80	3	12	3
94	80	5	12	3
94	80	7	11	3
94	81	2	7	-855/5824
94	81	3	10	-855/5824
94	81	5	10	-855/5824
94	81	7	9	-855/5824
94	82	2	7	-8918505/135675904
94	82	3	10	-8918505/135675904
94	82	5	10	-8918505/135675904
94	82	7	9	-8918505/135675904
94	83	2	7	8180900775/790176464896
94	83	3	10	8180900775/790176464896
94	83	5	10	8180900775/790176464896
94	83	7	9	8180900775/790176464896
94	84	2	7	11957046232725/3008991978323968
94	84	3	10	11957046232725/3008991978323968
94	84	5	10	11957046232725/3008991978323968
94	84	7	9	11957046232725/3008991978323968
94	85	2	7	-259670360751811875/227816800662864265216
94	85	3	10	-259670360751811875/227816800662864265216
94	85	5	10	-259670360751811875/227816800662864265216
94	85	7	9	-259670360751811875/227816800662864265216
95	56	5	15	2
95	56	10	15	2
95	56	14	15	2
95	57	4	13	703/1027
95	57	8	13	-399/2054
95	57	12	13	-399/2054
95	58	4	13	26410399/135005312
95	58	8	13	-2671761/135005312
95	58	12	13	-2671761/135005312
95	59	4	13	11228628835/277300910848
95	59	8	13	5230776285/554601821696
95	59	12	13	5230776285/554601821696
95	60	4	13	7101261011735/2979320986150912
95	60	8	13	296817154785/2979320986150912
95	60	12	13	296817154785/2979320986150912
95	61	4	13	-198520975405723879/79553828972201652224
95	61	8	13	-109410732369737883/159107657944403304448
95	61	12	13	-109410732369737883/159107657944403304448
95	62	2	11	4
95	63	2	10	228/289
95	64	2	10	16048977/225840784
95	65	2	10	-1261719909/65267986576
95	66	2	10	-110088896851701/12751014929433664
95	67	2	10	-1169454097213713/3685043314606328896
95	68	2	2	2/3
95	68	3	3	2/3
95	68	5	5	2/3
95	69	2	2	361/3276
95	69	3	3	361/3276
95	69	5	5	361/3276
95	70	2	2	58843/28619136
95	70	3	3	58843/28619136
95	70	5	5	58843/28619136
95	71	2	2	-312640079/62504193024
95	71	3	3	-312640079/62504193024
95	71	5	5	-312640079/62504193024
95	72	2	2	-1213003237331/1160327839297536
95	72	3	3	-1213003237331/1160327839297536
95	72	5	5	-1213003237331/1160327839297536
95	73	2	2	675214668995179/2534156001025818624
95	73	3	3	675214668995179/2534156001025818624
95	73	5	5	675214668995179/2534156001025818624
95	74	1	5	4/3
95	74	1	7	4/3
95	74	1	11	4/3
95	75	1	4	228/559
95	75	1	6	228/559
95	75	1	10	228/559
95	76	1	4	9635451/99993920
95	76	1	6	9635451/99993920
95	76	1	10	9635451/99993920
95	77	1	4	676139643/55896601280
95	77	1	6	676139643/55896601280
95	77	1	10	676139643/55896601280
95	78	1	4	-109036217245311/42494832157107200
95	78	1	6	-109036217245311/42494832157107200
95	78	1	10	-109036217245311/42494832157107200
95	79	1	4	-9247822196628501/4750922235164584960
95	79	1	6	-9247822196628501/4750922235164584960
95	79	1	10	-9247822196628501/4750922235164584960
95	80	2	8	1
95	80	3	15	1
95	80	5	17	1
95	80	11	18	1
95	81	2	8	-1881/11648
95	81	3	12	-1881/11648
95	81	5	14	-1881/11648
95	81	9	15	-1881/11648
95	82	2	8	763515/135675904
95	82	3	12	763515/135675904
95	82	5	14	763515/135675904
95	82	9	15	763515/135675904
95	83	2	8	9002046537/1580352929792
95	83	3	12	9002046537/1580352929792
95	83	5	14	9002046537/1580352929792
95	83	9	15	9002046537/1580352929792
95	84	2	8	-418997099264787/312935165745692672
95	84	3	12	-418997099264787/312935165745692672
95	84	5	14	-418997099264787/312935165745692672
95	84	9	15	-418997099264787/312935165745692672
95	85	2	8	-736561777430364237/3645068810605828243456
95	85	3	12	-736561777430364237/3645068810605828243456
95	85	5	14	-736561777430364237/3645068810605828243456
95	85	9	15	-736561777430364237/3645068810605828243456
95	86	5	11	4
95	86	7	10	4
95	87	5	10	-228/3445
95	87	7	9	-228/3445
95	88	5	10	-17298759/189888400
95	88	7	9	-17298759/189888400
95	89	5	10	2981792493/654165538000
95	89	7	9	2981792493/654165538000
95	90	5	10	896292314346987/153244818931880000
95	90	7	9	896292314346987/153244818931880000
95	91	5	10	-259842114952866639/527928401220326600000
95	91	7	9	-259842114952866639/527928401220326600000
95	92	2	2	2
95	93	2	2	-665/1664
95	94	2	2	177973/5537792
95	95	2	2	233103115/18429771776
95	96	2	2	-5243233854583/1042682767998976
95	97	2	2	-144674688519025/3470048251900592128
96	56	10	15	2
96	56	14	15	2
96	56	15	18	2
96	57	8	13	551/1027
96	57	12	13	551/1027
96	57	13	16	-703/2054
96	58	8	13	29478177/270010624
96	58	12	13	29478177/270010624
96	58	13	16	6431937/270010624
96	59	8	13	5902683925/554601821696
96	59	12	13	5902683925/554601821696
96	59	13	16	8670496195/1109203643392
96	60	8	13	-455802363643405/154924691279847424
96	60	12	13	-455802363643405/154924691279847424
96	60	13	16	-416112229942705/154924691279847424
96	61	8	13	-522907493489967687/318215315888806608896
96	61	12	13	-522907493489967687/318215315888806608896
96	61	13	16	-6806816828902749/636430631777613217792
96	62	11	11	2
96	63	10	10	380/3757
96	64	10	10	-29703441/903363136
96	65	10	10	-9343432685/1696967650976
96	66	10	10	149766886980979/102008119435469312
96	67	10	10	89466563762285025/191622252359529102592
96	68	2	10	4/3
96	68	3	12	4/3
96	68	5	15	4/3
96	69	2	10	19/63
96	69	3	11	19/63
96	69	5	13	19/63
96	70	2	10	41515/1059968
96	70	3	11	41515/1059968
96	70	5	13	41515/1059968
96	71	2	10	-10295359/2404007424
96	71	3	11	-10295359/2404007424
96	71	5	13	-10295359/2404007424
96	72	2	10	-4224020680993/1160327839297536
96	72	3	11	-4224020680993/1160327839297536
96	72	5	13	-4224020680993/1160327839297536
96	73	2	10	-17909522546941/32489179500331008
96	73	3	11	-17909522546941/32489179500331008
96	73	5	13	-17909522546941/32489179500331008
96	74	1	9	4/3
96	74	1	13	4/3
96	74	1	15	4/3
96	75	1	8	19/43
96	75	1	12	19/43
96	75	1	14	19/43
96	76	1	8	24177253/199987840
96	76	1	12	24177253/199987840
96	76	1	14	24177253/199987840
96	77	1	8	795897783/34397908480
96	77	1	12	795897783/34397908480
96	77	1	14	795897783/34397908480
96	78	1	8	107970706233261/169979328628428800
96	78	1	12	107970706233261/169979328628428800
96	78	1	14	107970706233261/169979328628428800
96	79	1	8	-9803134091653443/5847288904817950720
96	79	1	12	-9803134091653443/5847288904817950720
96	79	1	14	-9803134091653443/5847288904817950720
96	86	5	16	4
96	86	10	17	4
96	87	5	14	-2166/3445
96	87	9	15	-2166/3445
96	88	5	14	466051/29213600
96	88	9	15	466051/29213600
96	89	5	14	61610686281/2616662152000
96	89	9	15	61610686281/2616662152000
96	90	5	14	-3062187397476537/612979275727520000
96	90	9	15	-3062187397476537/612979275727520000
96	91	5	14	-4120303243529894409/4223427209762612800000
96	91	9	15	-4120303243529894409/4223427209762612800000
96	92	7	9	4
96	93	7	9	19/208
96	94	7	9	-115881/1384448
96	95	7	9	-6714961/1151860736
96	96	7	9	10035107963/2036489781248
96	97	7	9	1975577872041/3388718995996672
96	104	2	2	1
96	104	3	3	1
96	105	2	2	-1045/4758
96	105	3	3	-1045/4758
96	106	2	2	74575019/2897736192
96	106	3	3	74575019/2897736192
96	107	2	2	58345843435/13787428801536
96	107	3	3	58345843435/13787428801536
96	108	2	2	-24588830678002117/8921679728328327168
96	108	3	3	-24588830678002117/8921679728328327168
96	109	2	2	12858837996876801325/42449352147386180665344
96	109	3	3	12858837996876801325/42449352147386180665344
97	56	15	18	6
97	57	13	16	1197/1027
97	58	13	16	8353179/67502656
97	59	13	16	-2197314945/138650455424
97	60	13	16	-94316971674915/9682793204990464
97	61	13	16	-20850613553761929/19888457243050413056
97	68	10	10	2
97	68	12	12	2
97	68	15	15	2
97	69	10	10	19/91
97	69	11	11	19/91
97	69	13	13	19/91
97	70	10	10	-11191/529984
97	70	11	11	-11191/529984
97	70	13	13	-11191/529984
97	71	10	10	-1076863/96457088
97	71	11	11	-1076863/96457088
97	71	13	13	-1076863/96457088
97	72	10	10	1433531/45913573888
97	72	11	11	1433531/45913573888
97	72	13	13	1433531/45913573888
97	73	10	10	97070509097/108631515819008
97	73	11	11	97070509097/108631515819008
97	73	13	13	97070509097/108631515819008
97	74	1	17	4
97	75	1	16	798/559
97	76	1	16	21700071/49996960
97	77	1	16	5648201307/55896601280
97	78	1	16	707325959007/62862177747200
97	79	1	16	-9422135995693743/2375461117582292480
97	92	9	16	12
97	93	9	15	-171/104
97	94	9	15	-9747/346112
97	95	9	15	10556001/143982592
97	96	9	15	-1171716111/127280611328
97	97	9	15	-467514728289/105897468624896
97	110	2	2	1/2
97	110	3	3	1/2
97	110	5	5	1/2
97	110	9	9	1/2
97	111	2	2	-285/2444
97	111	3	3	-285/2444
97	111	5	5	-285/2444
97	111	9	9	-285/2444
97	112	2	2	6273819/382280704
97	112	3	3	6273819/382280704
97	112	5	5	6273819/382280704
97	112	9	9	6273819/382280704
97	113	2	2	562060755/467147020288
97	113	3	3	562060755/467147020288
97	113	5	5	562060755/467147020288
97	113	9	9	562060755/467147020288
97	114	2	2	-8263332586809/5972007507361792
97	114	3	3	-8263332586809/5972007507361792
97	114	5	5	-8263332586809/5972007507361792
97	114	9	9	-8263332586809/5972007507361792
97	115	2	2	24400372860616725/94871311261949427712
97	115	3	3	24400372860616725/94871311261949427712
97	115	5	5	24400372860616725/94871311261949427712
97	115	9	9	24400372860616725/94871311261949427712
98	56	2	16	4
98	56	4	17	4
98	57	2	14	2812/3081
98	57	3	15	2812/3081
98	58	2	14	4741735/37970244
98	58	3	15	4741735/37970244
98	59	2	14	-1117406549/116986321764
98	59	3	15	-1117406549/116986321764
98	60	2	14	-63078980016787/6127392575033028
98	60	3	15	-63078980016787/6127392575033028
98	61	2	14	-34594730591794069/18878496523676759268
98	61	3	15	-34594730591794069/18878496523676759268
98	62	12	15	8
98	63	11	13	-10184/11271
98	64	11	13	-10196806/127035441
98	65	11	13	71948536786/1431816455511
98	66	11	13	-14860354021492/16138003270064481
98	67	11	13	-754030042231177364/181891434856896765351
98	74	4	4	4/3
98	74	6	6	4/3
98	74	10	10	4/3
98	75	3	3	513/2795
98	75	5	5	513/2795
98	75	9	9	513/2795
98	76	3	3	-251617/46872150
98	76	5	5	-251617/46872150
98	76	9	9	-251617/46872150
98	77	3	3	-400572459/43669219750
98	77	5	5	-400572459/43669219750
98	77	9	9	-400572459/43669219750
98	78	3	3	-67520593892171/66398175245480000
98	78	5	5	-67520593892171/66398175245480000
98	78	9	9	-67520593892171/66398175245480000
98	79	3	3	471105620267691411/742331599244466400000
98	79	5	5	471105620267691411/742331599244466400000
98	79	9	9	471105620267691411/742331599244466400000
98	80	1	19	2
98	82	1	16	-13357/302848
98	84	1	16	535228347/194898436096
98	92	1	10	8
98	93	1	10	-95/156
98	94	1	10	-15523/97344
98	95	1	10	2640715/60742656
98	96	1	10	41570183543/5154864758784
98	97	1	10	-30900663177925/6433271218962432
99	56	2	4	24
99	57	2	3	-1520/1027
99	58	2	3	-1679011/3164187
99	59	2	3	1066780270/9748860147
99	60	2	3	16165043686126/510616047919419
99	61	2	3	-19811145036879700/1573208043639729939
99	80	1	1	6
99	81	1	1	513/364
99	82	1	1	176529/1059968
99	83	1	1	-29445687/771656704
99	84	1	1	-112007380833/4775011684352
99	85	1	1	-7205663510613/3476208506208256
100	56	2	4	2
100	56	2	5	2
100	56	2	9	2
100	56	2	13	2
100	56	4	5	2
100	56	4	8	2
100	56	4	12	2
100	57	2	3	3743/6162
100	57	2	4	-627/2054
100	57	2	7	-475/6162
100	57	2	11	-475/6162
100	57	3	4	-627/2054
100	57	3	6	-475/6162
100	57	3	10	-475/6162
100	58	2	3	335814113/2430095616
100	58	2	4	237899/810031872
100	58	2	7	-8099035/186930432
100	58	2	11	-8099035/186930432
100	58	3	4	237899/810031872
100	58	3	6	-8099035/186930432
100	58	3	10	-8099035/186930432
100	59	2	3	414721416829/29948498371584
100	59	2	4	15626317839/1109203643392
100	59	2	7	156893623375/29948498371584
100	59	2	11	156893623375/29948498371584
100	59	3	4	15626317839/1109203643392
100	59	3	6	156893623375/29948498371584
100	59	3	10	156893623375/29948498371584
100	60	2	3	-70023906416136817/12548899993667641344
100	60	2	4	-1096747221307811/464774073839542272
100	60	2	7	32850731831718575/12548899993667641344
100	60	2	11	32850731831718575/12548899993667641344
100	60	3	4	-1096747221307811/464774073839542272
100	60	3	6	32850731831718575/12548899993667641344
100	60	3	10	32850731831718575/12548899993667641344
100	61	2	3	-495935265846143540291/154652643521960011923456
100	61	2	4	-527496676176896041/636430631777613217792
100	61	2	7	-86114445627434740625/154652643521960011923456
100	61	2	11	-86114445627434740625/154652643521960011923456
100	61	3	4	-527496676176896041/636430631777613217792
100	61	3	6	-86114445627434740625/154652643521960011923456
100	61	3	10	-86114445627434740625/154652643521960011923456
100	62	2	4	4
100	62	2	6	4
100	63	2	3	-950/3757
100	63	2	5	-950/3757
100	64	2	3	-115532635/1355044704
100	64	2	5	-115532635/1355044704
100	65	2	3	4749000125/261071946304
100	65	2	5	4749000125/261071946304
100	66	2	3	745490845045925/153012179153203968
100	66	2	5	745490845045925/153012179153203968
100	67	2	3	-180007514742284375/88441039550551893504
100	67	2	5	-180007514742284375/88441039550551893504
100	80	1	2	1
100	80	1	3	1
100	80	1	5	1
100	80	1	11	1
100	80	2	11	1
100	80	3	5	1
100	81	1	2	779/2912
100	81	1	3	779/2912
100	81	1	5	779/2912
100	81	1	9	779/2912
100	81	2	9	-323/11648
100	81	3	5	-323/11648
100	82	1	2	6386451/135675904
100	82	1	3	6386451/135675904
100	82	1	5	6386451/135675904
100	82	1	9	6386451/135675904
100	82	2	9	-804669/33918976
100	82	3	5	-804669/33918976
100	83	1	2	-202196461/395088232448
100	83	1	3	-202196461/395088232448
100	83	1	5	-202196461/395088232448
100	83	1	9	-202196461/395088232448
100	83	2	9	122549753/60782804992
100	83	3	5	122549753/60782804992
100	84	1	2	-72393920580403/19558447859105792
100	84	1	3	-72393920580403/19558447859105792
100	84	1	5	-72393920580403/19558447859105792
100	84	1	9	-72393920580403/19558447859105792
100	84	2	9	494856473783507/312935165745692672
100	84	3	5	494856473783507/312935165745692672
100	85	1	2	-59990789898763497/56954200165716066304
100	85	1	3	-59990789898763497/56954200165716066304
100	85	1	5	-59990789898763497/56954200165716066304
100	85	1	9	-59990789898763497/56954200165716066304
100	85	2	9	-3787453259852961/16493524029890625536
100	85	3	5	-3787453259852961/16493524029890625536
100	86	1	1	2
100	87	1	1	76/159
100	88	1	1	16140671/273439296
100	89	1	1	-266972857/21738424032
100	90	1	1	-1285734422664637/158884228268573184
100	91	1	1	-10547975176393123/12631296147351568128
101	56	2	9	1
101	56	2	10	1
101	56	2	13	1
101	56	2	14	1
101	56	4	8	1
101	56	4	10	1
101	56	4	12	1
101	56	4	14	1
101	56	8	9	1
101	56	12	13	1
101	57	2	7	1007/3081
101	57	2	8	-133/1027
101	57	2	11	1007/3081
101	57	2	12	-133/1027
101	57	3	6	1007/3081
101	57	3	8	-133/1027
101	57	3	10	1007/3081
101	57	3	12	-133/1027
101	57	6	7	-3971/24648
101	57	10	11	-3971/24648
101	58	2	7	52835599/607523904
101	58	2	8	-208297/67502656
101	58	2	11	52835599/607523904
101	58	2	12	-208297/67502656
101	58	3	6	52835599/607523904
101	58	3	8	-208297/67502656
101	58	3	10	52835599/607523904
101	58	3	12	-208297/67502656
101	58	6	7	463163/75940488
101	58	10	11	463163/75940488
101	59	2	7	28909484675/1871781148224
101	59	2	8	384248039/69325227712
101	59	2	11	28909484675/1871781148224
101	59	2	12	384248039/69325227712
101	59	3	6	28909484675/1871781148224
101	59	3	8	384248039/69325227712
101	59	3	10	28909484675/1871781148224
101	59	3	12	384248039/69325227712
101	59	6	7	40547424335/7487124592896
101	59	10	11	40547424335/7487124592896
101	60	2	7	-79342949331445/392153124802113792
101	60	2	8	-2922062283877/4841396602495232
101	60	2	11	-79342949331445/392153124802113792
101	60	2	12	-2922062283877/4841396602495232
101	60	3	6	-79342949331445/392153124802113792
101	60	3	8	-2922062283877/4841396602495232
101	60	3	10	-79342949331445/392153124802113792
101	60	3	12	-2922062283877/4841396602495232
101	60	6	7	-8190709390929445/6274449996833820672
101	60	10	11	-8190709390929445/6274449996833820672
101	61	2	7	-1671999282163662071/1208223777515312593152
101	61	2	8	-1621083912540211/4972114310762603264
101	61	2	11	-1671999282163662071/1208223777515312593152
101	61	2	12	-1621083912540211/4972114310762603264
101	61	3	6	-1671999282163662071/1208223777515312593152
101	61	3	8	-1621083912540211/4972114310762603264
101	61	3	10	-1671999282163662071/1208223777515312593152
101	61	3	12	-1621083912540211/4972114310762603264
101	61	6	7	-27063716782800504037/154652643521960011923456
101	61	10	11	-27063716782800504037/154652643521960011923456
101	62	4	5	2
101	62	4	11	2
101	62	6	7	2
101	62	6	11	2
101	63	3	4	-304/867
101	63	3	10	19/3757
101	63	5	6	-304/867
101	63	5	10	19/3757
101	64	3	4	18342049/1016283528
101	64	3	10	-4902019/112920392
101	64	5	6	18342049/1016283528
101	64	5	10	-4902019/112920392
101	65	3	4	1328485415/110139727347
101	65	3	10	-279469955/848483825488
101	65	5	6	1328485415/110139727347
101	65	5	10	-279469955/848483825488
101	66	3	4	-446262511970285/129104026160515848
101	66	3	10	8480789595755/3187753732358416
101	66	5	6	-446262511970285/129104026160515848
101	66	5	10	8480789595755/3187753732358416
101	67	3	4	-4545401752928269/13991648835145905027
101	67	3	10	806011320315103/23952781544941137824
101	67	5	6	-4545401752928269/13991648835145905027
101	67	5	10	806011320315103/23952781544941137824
101	68	2	3	2/3
101	68	2	5	2/3
101	68	3	5	2/3
101	69	2	3	-19/364
101	69	2	5	-19/364
101	69	3	5	-19/364
101	70	2	3	-11191/894348
101	70	2	5	-11191/894348
101	70	3	5	-11191/894348
101	71	2	3	1035709/289371264
101	71	2	5	1035709/289371264
101	71	3	5	1035709/289371264
101	72	2	3	112462983049/193387973216256
101	72	2	5	112462983049/193387973216256
101	72	3	5	112462983049/193387973216256
101	73	2	3	-17794111572551/46928814833811456
101	73	2	5	-17794111572551/46928814833811456
101	73	3	5	-17794111572551/46928814833811456
101	80	1	4	1/2
101	80	1	6	1/2
101	80	1	14	1/2
101	80	1	16	1/2
101	81	1	4	437/2912
101	81	1	6	437/2912
101	81	1	11	437/2912
101	81	1	13	437/2912
101	82	1	4	1171445/33918976
101	82	1	6	1171445/33918976
101	82	1	11	1171445/33918976
101	82	1	13	1171445/33918976
101	83	1	4	200509147/49386029056
101	83	1	6	200509147/49386029056
101	83	1	11	200509147/49386029056
101	83	1	13	200509147/49386029056
101	84	1	4	-304728160769/305600747798528
101	84	1	6	-304728160769/305600747798528
101	84	1	11	-304728160769/305600747798528
101	84	1	13	-304728160769/305600747798528
101	85	1	4	-152893440507191/222477344397328384
101	85	1	6	-152893440507191/222477344397328384
101	85	1	11	-152893440507191/222477344397328384
101	85	1	13	-152893440507191/222477344397328384
101	86	1	5	2
101	86	1	10	2
101	86	2	10	2
101	86	3	5	2
101	87	1	5	361/689
101	87	1	9	361/689
101	87	2	9	-152/3445
101	87	3	5	-152/3445
101	88	1	5	1707169/18988840
101	88	1	9	1707169/18988840
101	88	2	9	-4403839/94944200
101	88	3	5	-4403839/94944200
101	89	1	5	-32971213/26166621520
101	89	1	9	-32971213/26166621520
101	89	2	9	254530631/81770692250
101	89	3	5	254530631/81770692250
101	90	1	5	-10595836089749/1532448189318800
101	90	1	9	-10595836089749/1532448189318800
101	90	2	9	4462232612399/1473507874345000
101	90	3	5	4462232612399/1473507874345000
101	91	1	5	-802192442731799/422342720976261280
101	91	1	9	-802192442731799/422342720976261280
101	91	2	9	-5677936196375293/16497762538135206250
101	91	3	5	-5677936196375293/16497762538135206250
102	56	2	5	2
102	56	2	17	2
102	56	4	5	2
102	56	4	16	2
102	57	2	4	437/1027
102	57	2	15	-95/3081
102	57	3	4	437/1027
102	57	3	14	-95/3081
102	58	2	4	9235463/202507968
102	58	2	15	-27003883/607523904
102	58	3	4	9235463/202507968
102	58	3	14	-27003883/607523904
102	59	2	4	-1305123661/138650455424
102	59	2	15	7750978655/3743562296448
102	59	3	4	-1305123661/138650455424
102	59	3	14	7750978655/3743562296448
102	60	2	4	-152618882830811/29048379614971392
102	60	2	15	168039361201859/60331249969555968
102	60	3	4	-152618882830811/29048379614971392
102	60	3	14	168039361201859/60331249969555968
102	61	2	4	-25274466357726187/59665371729151239168
102	61	2	15	-1053521424054324325/4832895110061250372608
102	61	3	4	-25274466357726187/59665371729151239168
102	61	3	14	-1053521424054324325/4832895110061250372608
102	62	2	12	4
102	62	2	15	4
102	63	2	11	-760/3757
102	63	2	13	-760/3757
102	64	2	11	-29815351/338761176
102	64	2	13	-29815351/338761176
102	65	2	11	3051946345/212120956372
102	65	2	13	3051946345/212120956372
102	66	2	11	50987125962353/9563261197075248
102	66	2	13	50987125962353/9563261197075248
102	67	2	11	-28689283488697675/17964586158705853368
102	67	2	13	-28689283488697675/17964586158705853368
102	74	2	4	4/3
102	74	2	6	4/3
102	74	2	10	4/3
102	75	2	3	-152/1677
102	75	2	5	-152/1677
102	75	2	9	-152/1677
102	76	2	3	-1342559/49996960
102	76	2	5	-1342559/49996960
102	76	2	9	-1342559/49996960
102	77	2	3	264695669/41922450960
102	77	2	5	264695669/41922450960
102	77	2	9	264695669/41922450960
102	78	2	3	45295673488667/31871124117830400
102	78	2	5	45295673488667/31871124117830400
102	78	2	9	45295673488667/31871124117830400
102	79	2	3	-405453310018091/593865279395573120
102	79	2	5	-405453310018091/593865279395573120
102	79	2	9	-405453310018091/593865279395573120
102	80	1	7	1
102	80	1	12	1
102	80	2	2	1/2
102	80	2	12	1
102	80	3	3	1/2
102	80	3	7	1
102	80	5	5	1/2
102	80	5	7	1
102	80	11	11	1/2
102	80	11	12	1
102	81	1	7	437/1456
102	81	1	10	437/1456
102	81	2	2	1805/23296
102	81	2	10	-817/5824
102	81	3	3	1805/23296
102	81	3	7	-817/5824
102	81	5	5	1805/23296
102	81	5	7	-817/5824
102	81	9	9	1805/23296
102	81	9	10	-817/5824
102	82	1	7	2249391/33918976
102	82	1	10	2249391/33918976
102	82	2	2	33573/271351808
102	82	2	10	-1083/264992
102	82	3	3	33573/271351808
102	82	3	7	-1083/264992
102	82	5	5	33573/271351808
102	82	5	7	-1083/264992
102	82	9	9	33573/271351808
102	82	9	10	-1083/264992
102	83	1	7	278441105/49386029056
102	83	1	10	278441105/49386029056
102	83	2	2	-890744035/243131219968
102	83	2	10	715222225/98772058112
102	83	3	3	-890744035/243131219968
102	83	3	7	715222225/98772058112
102	83	5	5	-890744035/243131219968
102	83	5	7	715222225/98772058112
102	83	9	9	-890744035/243131219968
102	83	9	10	715222225/98772058112
102	84	1	7	-3833078792995/1222402991194112
102	84	1	10	-3833078792995/1222402991194112
102	84	2	2	-392034502259383/625870331491385344
102	84	2	10	-16117820438245/19558447859105792
102	84	3	3	-392034502259383/625870331491385344
102	84	3	7	-16117820438245/19558447859105792
102	84	5	5	-392034502259383/625870331491385344
102	84	5	7	-16117820438245/19558447859105792
102	84	9	9	-392034502259383/625870331491385344
102	84	9	10	-16117820438245/19558447859105792
102	85	1	7	-2841967063871031/1779818755178627072
102	85	1	10	-2841967063871031/1779818755178627072
102	85	2	2	123551338716951225/560779817016281268224
102	85	2	10	-58871714326096359/113908400331432132608
102	85	3	3	123551338716951225/560779817016281268224
102	85	3	7	-58871714326096359/113908400331432132608
102	85	5	5	123551338716951225/560779817016281268224
102	85	5	7	-58871714326096359/113908400331432132608
102	85	9	9	123551338716951225/560779817016281268224
102	85	9	10	-58871714326096359/113908400331432132608
102	92	1	1	2
102	93	1	1	2413/4992
102	94	1	1	3058753/49840128
102	95	1	1	-5957405027/497603837952
102	96	1	1	-698440102811983/84457304207917056
102	97	1	1	-786889903205331139/843221725211843887104
103	56	2	10	1
103	56	2	14	1
103	56	2	17	1
103	56	2	18	1
103	56	4	10	1
103	56	4	14	1
103	56	4	16	1
103	56	4	18	1
103	57	2	8	969/4108
103	57	2	12	969/4108
103	57	2	15	4313/12324
103	57	2	16	-437/4108
103	57	3	8	969/4108
103	57	3	12	969/4108
103	57	3	14	4313/12324
103	57	3	16	-437/4108
103	58	2	8	19979545/540021248
103	58	2	12	19979545/540021248
103	58	2	15	504658145/4860191232
103	58	2	16	-304323/41540096
103	58	3	8	19979545/540021248
103	58	3	12	19979545/540021248
103	58	3	14	504658145/4860191232
103	58	3	16	-304323/41540096
103	59	2	8	-11543697/170646714368
103	59	2	12	-11543697/170646714368
103	59	2	15	1395033031147/59896996743168
103	59	2	16	10527597881/2218407286784
103	59	3	8	-11543697/170646714368
103	59	3	12	-11543697/170646714368
103	59	3	14	1395033031147/59896996743168
103	59	3	16	10527597881/2218407286784
103	60	2	8	-665075076691713/309849382559694848
103	60	2	12	-665075076691713/309849382559694848
103	60	2	15	57284414368129487/25097799987335282688
103	60	2	16	-48470573238817/309849382559694848
103	60	3	8	-665075076691713/309849382559694848
103	60	3	12	-665075076691713/309849382559694848
103	60	3	14	57284414368129487/25097799987335282688
103	60	3	16	-48470573238817/309849382559694848
103	61	2	8	-3220326376174233/5759553228756680704
103	61	2	12	-3220326376174233/5759553228756680704
103	61	2	15	-316673464636609316501/309305287043920023846912
103	61	2	16	-396031242328064271/1272861263555226435584
103	61	3	8	-3220326376174233/5759553228756680704
103	61	3	12	-3220326376174233/5759553228756680704
103	61	3	14	-316673464636609316501/309305287043920023846912
103	61	3	16	-396031242328064271/1272861263555226435584
103	62	11	12	2
103	62	11	15	2
103	63	10	11	-1083/3757
103	63	10	13	-1083/3757
103	64	10	11	704311/903363136
103	64	10	13	704311/903363136
103	65	10	11	79006975929/6787870603904
103	65	10	13	79006975929/6787870603904
103	66	10	11	-190951891430601/102008119435469312
103	66	10	13	-190951891430601/102008119435469312
103	67	10	11	-455815260952003737/766489009438116410368
103	67	10	13	-455815260952003737/766489009438116410368
103	68	2	12	2/3
103	68	2	15	2/3
103	68	3	10	2/3
103	68	3	15	2/3
103	68	5	10	2/3
103	68	5	12	2/3
103	69	2	11	-19/1638
103	69	2	13	-19/1638
103	69	3	10	-19/1638
103	69	3	13	-19/1638
103	69	5	10	-19/1638
103	69	5	11	-19/1638
103	70	2	11	-97831/6359808
103	70	2	13	-97831/6359808
103	70	3	10	-97831/6359808
103	70	3	13	-97831/6359808
103	70	5	10	-97831/6359808
103	70	5	11	-97831/6359808
103	71	2	11	50626279/62504193024
103	71	2	13	50626279/62504193024
103	71	3	10	50626279/62504193024
103	71	3	13	50626279/62504193024
103	71	5	10	50626279/62504193024
103	71	5	11	50626279/62504193024
103	72	2	11	2321606973167/2320655678595072
103	72	2	13	2321606973167/2320655678595072
103	72	3	10	2321606973167/2320655678595072
103	72	3	13	2321606973167/2320655678595072
103	72	5	10	2321606973167/2320655678595072
103	72	5	11	2321606973167/2320655678595072
103	73	2	11	-74900808698579/844718667008606208
103	73	2	13	-74900808698579/844718667008606208
103	73	3	10	-74900808698579/844718667008606208
103	73	3	13	-74900808698579/844718667008606208
103	73	5	10	-74900808698579/844718667008606208
103	73	5	11	-74900808698579/844718667008606208
103	74	4	5	2/3
103	74	6	7	2/3
103	74	10	11	2/3
103	75	3	4	-361/2795
103	75	5	6	-361/2795
103	75	9	10	-361/2795
103	76	3	4	22645169/1999878400
103	76	5	6	22645169/1999878400
103	76	9	10	22645169/1999878400
103	77	3	4	34819555743/11179320256000
103	77	5	6	34819555743/11179320256000
103	77	9	10	34819555743/11179320256000
103	78	3	4	-11483651332167399/8498966431421440000
103	78	5	6	-11483651332167399/8498966431421440000
103	78	9	10	-11483651332167399/8498966431421440000
103	79	3	4	2102588374168322577/47509222351645849600000
103	79	5	6	2102588374168322577/47509222351645849600000
103	79	9	10	2102588374168322577/47509222351645849600000
103	80	1	8	1/2
103	80	1	15	1/2
103	80	1	17	1/2
103	80	1	18	1/2
103	81	1	8	969/5824
103	81	1	12	969/5824
103	81	1	14	969/5824
103	81	1	15	969/5824
103	82	1	8	949791/20873216
103	82	1	12	949791/20873216
103	82	1	14	949791/20873216
103	82	1	15	949791/20873216
103	83	1	8	6778248993/790176464896
103	83	1	12	6778248993/790176464896
103	83	1	14	6778248993/790176464896
103	83	1	15	6778248993/790176464896
103	84	1	8	4992421967613/39116895718211584
103	84	1	12	4992421967613/39116895718211584
103	84	1	14	4992421967613/39116895718211584
103	84	1	15	4992421967613/39116895718211584
103	85	1	8	-4556391121035891/6700494137143066624
103	85	1	12	-4556391121035891/6700494137143066624
103	85	1	14	-4556391121035891/6700494137143066624
103	85	1	15	-4556391121035891/6700494137143066624
103	86	5	5	1
103	86	5	7	2
103	86	10	10	1
103	86	10	11	2
103	87	5	5	418/3445
103	87	5	7	-1121/3445
103	87	9	9	418/3445
103	87	9	10	-1121/3445
103	88	5	5	-11405073/1519107200
103	88	5	7	6442767/759553600
103	88	9	9	-11405073/1519107200
103	88	9	10	6442767/759553600
103	89	5	5	-16499413667/2616662152000
103	89	5	7	68489426483/5233324304000
103	89	9	9	-16499413667/2616662152000
103	89	9	10	68489426483/5233324304000
103	90	5	5	-862087353743197/2451917102910080000
103	90	5	7	-3517736473785577/1225958551455040000
103	90	9	9	-862087353743197/2451917102910080000
103	90	9	10	-3517736473785577/1225958551455040000
103	91	5	5	2009085937423150047/4223427209762612800000
103	91	5	7	-4927529234132139963/8446854419525225600000
103	91	9	9	2009085937423150047/4223427209762612800000
103	91	9	10	-4927529234132139963/8446854419525225600000
103	92	1	9	2
103	92	2	9	2
103	93	1	9	209/416
103	93	2	9	-19/416
103	94	1	9	222015/2768896
103	94	2	9	-124545/2768896
103	95	1	9	-528143/177209344
103	95	2	9	7208809/2303721472
103	96	1	9	-26355728077/4072979562496
103	96	2	9	11595050333/4072979562496
103	97	1	9	-802322930673/521341383999488
103	97	2	9	-2277018164301/6777437991993344
104	56	2	18	4
104	56	4	18	4
104	57	2	16	1064/1027
104	57	3	16	1064/1027
104	58	2	16	423453/2109458
104	58	3	16	423453/2109458
104	59	2	16	18388979/1083206683
104	59	3	16	18388979/1083206683
104	60	2	16	-113126056297/18911705478497
104	60	3	16	-113126056297/18911705478497
104	61	2	16	-56436531027282/19422321526416419
104	61	3	16	-56436531027282/19422321526416419
104	68	10	12	8/3
104	68	10	15	8/3
104	68	12	15	8/3
104	69	10	11	-304/819
104	69	10	13	-304/819
104	69	11	13	-304/819
104	70	10	11	-361/74529
104	70	10	13	-361/74529
104	70	11	13	-361/74529
104	71	10	11	1001414/61039251
104	71	10	13	1001414/61039251
104	71	11	13	1001414/61039251
104	72	10	11	-619546034/283283163891
104	72	10	13	-619546034/283283163891
104	72	11	13	-619546034/283283163891
104	73	10	11	-24968982316/25778767914081
104	73	10	13	-24968982316/25778767914081
104	73	11	13	-24968982316/25778767914081
104	80	1	19	2
104	81	1	16	19/26
104	82	1	16	35017/151424
104	83	1	16	459553/7874048
104	84	1	16	429147053/48724609024
104	85	1	16	-2840085553/2533679669248
104	92	9	9	4
104	92	9	10	8
104	93	9	9	19/52
104	93	9	10	-19/13
104	94	9	9	-1083/21632
104	94	9	10	1083/10816
104	95	9	9	-6859/346112
104	95	9	10	48013/1124864
104	96	9	9	4039951/3977519104
104	96	9	10	-912247/62148736
104	97	9	9	51998079/31820152832
104	97	9	10	-22284891/51707748352
105	56	8	12	5
105	56	9	13	5
105	57	6	10	-475/948
105	57	7	11	-475/948
105	58	6	10	-1002361625/19440764928
105	58	7	11	-1002361625/19440764928
105	59	6	10	471140423125/18429845151744
105	59	7	11	471140423125/18429845151744
105	60	6	10	88757187117634375/401564799797364523008
105	60	7	11	88757187117634375/401564799797364523008
105	61	6	10	-744981409254981828125/380683430207901567811584
105	61	7	11	-744981409254981828125/380683430207901567811584
105	62	4	6	10
105	63	3	5	63175/22542
105	64	3	5	18305091625/32521072896
105	65	3	5	48385010725625/1466180050443264
105	66	3	5	-3861207294332378125/132202522788368228352
105	67	3	5	-72136744618462437921875/5960218537390793207021568
105	86	1	4	10
105	87	1	4	-2375/4134
105	88	1	4	-17643875/84135168
105	89	1	4	361147784375/9043184397312
105	90	1	4	30342706441271875/2542147652297170944
105	91	1	4	-90884408095598828125/21018476789193009364992
106	56	8	12	1
106	56	8	16	1
106	56	9	13	1
106	56	9	17	1
106	56	12	16	1
106	56	13	17	1
106	57	6	10	817/3081
106	57	6	14	-5491/24648
106	57	7	11	817/3081
106	57	7	15	-5491/24648
106	57	10	14	-5491/24648
106	57	11	15	-5491/24648
106	58	6	10	1007934743/19440764928
106	58	6	14	605751863/19440764928
106	58	7	11	1007934743/19440764928
106	58	7	15	605751863/19440764928
106	58	10	14	605751863/19440764928
106	58	11	15	605751863/19440764928
106	59	6	10	18210885065/4607461287936
106	59	6	14	617263050145/479175973945344
106	59	7	11	18210885065/4607461287936
106	59	7	15	617263050145/479175973945344
106	59	10	14	617263050145/479175973945344
106	59	11	15	617263050145/479175973945344
106	60	6	10	-756957287683699405/401564799797364523008
106	60	6	14	-832744798759073305/401564799797364523008
106	60	7	11	-756957287683699405/401564799797364523008
106	60	7	15	-832744798759073305/401564799797364523008
106	60	10	14	-832744798759073305/401564799797364523008
106	60	11	15	-832744798759073305/401564799797364523008
106	61	6	10	-81441071416868746933/95170857551975391952896
106	61	6	14	244800258277907748671/582221716788555339005952
106	61	7	11	-81441071416868746933/95170857551975391952896
106	61	7	15	244800258277907748671/582221716788555339005952
106	61	10	14	244800258277907748671/582221716788555339005952
106	61	11	15	244800258277907748671/582221716788555339005952
106	62	4	8	2
106	62	4	15	2
106	62	6	8	2
106	62	6	12	2
106	62	8	12	2
106	62	8	15	2
106	63	3	7	2527/7514
106	63	3	13	15599/22542
106	63	5	7	2527/7514
106	63	5	11	15599/22542
106	63	7	11	-1273/7514
106	63	7	13	-1273/7514
106	64	3	7	58387057/3613452544
106	64	3	13	6472915193/32521072896
106	64	5	7	58387057/3613452544
106	64	5	11	6472915193/32521072896
106	64	7	11	-7238411/277957888
106	64	7	13	-7238411/277957888
106	65	3	7	-590118900595/54302964831232
106	65	3	13	354965150365/8675621600256
106	65	5	7	-590118900595/54302964831232
106	65	5	11	354965150365/8675621600256
106	65	7	11	491393129605/54302964831232
106	65	7	13	491393129605/54302964831232
106	66	3	7	-4815290011718465/1632129910967508992
106	66	3	13	258221507294120335/132202522788368228352
106	66	5	7	-4815290011718465/1632129910967508992
106	66	5	11	258221507294120335/132202522788368228352
106	66	7	11	1089148939329535/1632129910967508992
106	66	7	13	1089148939329535/1632129910967508992
106	67	3	7	6989653483161658253/24527648302019725131776
106	67	3	13	-1296926122484984468383/458478349030061015924736
106	67	5	7	6989653483161658253/24527648302019725131776
106	67	5	11	-1296926122484984468383/458478349030061015924736
106	67	7	11	-18120536636103506747/24527648302019725131776
106	67	7	13	-18120536636103506747/24527648302019725131776
106	74	4	6	2/3
106	74	4	10	2/3
106	74	6	10	2/3
106	75	3	5	551/2580
106	75	3	9	551/2580
106	75	5	9	551/2580
106	76	3	5	1316124053/23998540800
106	76	3	9	1316124053/23998540800
106	76	5	9	1316124053/23998540800
106	77	3	5	366207682393/41277490176000
106	77	3	9	366207682393/41277490176000
106	77	5	9	366207682393/41277490176000
106	78	3	5	-227035120609775737/407950388708229120000
106	78	3	9	-227035120609775737/407950388708229120000
106	78	5	9	-227035120609775737/407950388708229120000
106	79	3	5	-675939505797409198307/701674668578154086400000
106	79	3	9	-675939505797409198307/701674668578154086400000
106	79	5	9	-675939505797409198307/701674668578154086400000
106	86	1	8	2
106	86	1	14	2
106	87	1	8	-95/1378
106	87	1	12	-95/1378
106	88	1	8	-25323067/607642880
106	88	1	12	-25323067/607642880
106	89	1	8	1498286819/334932755456
106	89	1	12	1498286819/334932755456
106	90	1	8	1905238849078967/784613472931225600
106	90	1	12	1905238849078967/784613472931225600
106	91	1	8	-39286983499501373/86495789255938310144
106	91	1	12	-39286983499501373/86495789255938310144
106	92	1	4	2
106	92	1	6	2
106	93	1	4	-95/832
106	93	1	6	-95/832
106	94	1	4	-432839/11075584
106	94	1	6	-432839/11075584
106	95	1	4	137077115/18429771776
106	95	1	6	137077115/18429771776
106	96	1	4	269137495669/130335345999872
106	96	1	6	269137495669/130335345999872
106	97	1	4	-40898408110225/54219503935946752
106	97	1	6	-40898408110225/54219503935946752
106	98	1	6	1/2
106	98	1	7	1/2
106	98	1	11	1/2
106	98	1	12	1/2
106	99	1	6	-19/520
106	99	1	7	-19/520
106	99	1	10	-19/520
106	99	1	11	-19/520
106	100	1	6	-401071/38937600
106	100	1	7	-401071/38937600
106	100	1	10	-401071/38937600
106	100	1	11	-401071/38937600
106	101	1	6	8937277/3374592000
106	101	1	7	8937277/3374592000
106	101	1	10	8937277/3374592000
106	101	1	11	8937277/3374592000
106	102	1	6	11331801913/20652503040000
106	102	1	7	11331801913/20652503040000
106	102	1	10	11331801913/20652503040000
106	102	1	11	11331801913/20652503040000
106	103	1	6	-20770511327699/69805460275200000
106	103	1	7	-20770511327699/69805460275200000
106	103	1	10	-20770511327699/69805460275200000
106	103	1	11	-20770511327699/69805460275200000
107	56	8	16	1
107	56	9	17	1
107	56	12	16	1
107	56	13	17	1
107	57	6	14	3515/24648
107	57	7	15	3515/24648
107	57	10	14	3515/24648
107	57	11	15	3515/24648
107	58	6	14	18488615/19440764928
107	58	7	15	18488615/19440764928
107	58	10	14	18488615/19440764928
107	58	11	15	18488615/19440764928
107	59	6	14	-2584468970825/479175973945344
107	59	7	15	-2584468970825/479175973945344
107	59	10	14	-2584468970825/479175973945344
107	59	11	15	-2584468970825/479175973945344
107	60	6	14	-357712294174864825/401564799797364523008
107	60	7	15	-357712294174864825/401564799797364523008
107	60	10	14	-357712294174864825/401564799797364523008
107	60	11	15	-357712294174864825/401564799797364523008
107	61	6	14	2507826798383250975625/9897769185405440763101184
107	61	7	15	2507826798383250975625/9897769185405440763101184
107	61	10	14	2507826798383250975625/9897769185405440763101184
107	61	11	15	2507826798383250975625/9897769185405440763101184
107	62	4	17	2
107	62	6	17	2
107	62	12	15	2
107	62	12	17	2
107	62	15	17	2
107	63	3	15	3515/7514
107	63	5	15	3515/7514
107	63	11	13	11381/22542
107	63	11	15	-2679/7514
107	63	13	15	-2679/7514
107	64	3	15	726532355/10840357632
107	64	5	15	726532355/10840357632
107	64	11	13	2766161417/32521072896
107	64	11	15	17648207/833873664
107	64	13	15	17648207/833873664
107	65	3	15	-225670188175/54302964831232
107	65	5	15	-225670188175/54302964831232
107	65	11	13	99537622807/1466180050443264
107	65	11	15	615912636507/54302964831232
107	65	13	15	615912636507/54302964831232
107	66	3	15	-26404114527772675/4896389732902526976
107	66	5	15	-26404114527772675/4896389732902526976
107	66	11	13	-733773443347850801/132202522788368228352
107	66	11	15	-17266505310268963/4896389732902526976
107	66	13	15	-17266505310268963/4896389732902526976
107	67	3	15	-77800070663837388125/73582944906059175395328
107	67	5	15	-77800070663837388125/73582944906059175395328
107	67	11	13	-9339798734868369476161/5960218537390793207021568
107	67	11	15	-5395282164883161461/24527648302019725131776
107	67	13	15	-5395282164883161461/24527648302019725131776
107	74	4	8	2/3
107	74	4	12	2/3
107	74	6	8	2/3
107	74	6	14	2/3
107	74	8	12	2/3
107	74	8	14	2/3
107	74	10	12	2/3
107	74	10	14	2/3
107	74	12	14	2/3
107	75	3	7	4351/33540
107	75	3	11	4351/33540
107	75	5	7	4351/33540
107	75	5	13	4351/33540
107	75	7	11	-1843/33540
107	75	7	13	-1843/33540
107	75	9	11	4351/33540
107	75	9	13	4351/33540
107	75	11	13	-1843/33540
107	76	3	7	87968119/7999513600
107	76	3	11	87968119/7999513600
107	76	5	7	87968119/7999513600
107	76	5	13	87968119/7999513600
107	76	7	11	-77733769/7999513600
107	76	7	13	-77733769/7999513600
107	76	9	11	87968119/7999513600
107	76	9	13	87968119/7999513600
107	76	11	13	-77733769/7999513600
107	77	3	7	-1826914383343/536607372288000
107	77	3	11	-1826914383343/536607372288000
107	77	5	7	-1826914383343/536607372288000
107	77	5	13	-1826914383343/536607372288000
107	77	7	11	1690011569251/536607372288000
107	77	7	13	1690011569251/536607372288000
107	77	9	11	-1826914383343/536607372288000
107	77	9	13	-1826914383343/536607372288000
107	77	11	13	1690011569251/536607372288000
107	78	3	7	-579779553187622137/407950388708229120000
107	78	3	11	-579779553187622137/407950388708229120000
107	78	5	7	-579779553187622137/407950388708229120000
107	78	5	13	-579779553187622137/407950388708229120000
107	78	7	11	126323165476533863/407950388708229120000
107	78	7	13	126323165476533863/407950388708229120000
107	78	9	11	-579779553187622137/407950388708229120000
107	78	9	13	-579779553187622137/407950388708229120000
107	78	11	13	126323165476533863/407950388708229120000
107	79	3	7	-83156533557254809929/3040590230505334374400000
107	79	3	11	-83156533557254809929/3040590230505334374400000
107	79	5	7	-83156533557254809929/3040590230505334374400000
107	79	5	13	-83156533557254809929/3040590230505334374400000
107	79	7	11	-842303747198134844203/3040590230505334374400000
107	79	7	13	-842303747198134844203/3040590230505334374400000
107	79	9	11	-83156533557254809929/3040590230505334374400000
107	79	9	13	-83156533557254809929/3040590230505334374400000
107	79	11	13	-842303747198134844203/3040590230505334374400000
107	86	1	18	2
107	87	1	16	-95/4134
107	88	1	16	-50279719/1093757184
107	89	1	16	14384591915/9043184397312
107	90	1	16	7578512259509183/2542147652297170944
107	91	1	16	-3629241853425246925/21018476789193009364992
107	92	1	13	2
107	92	1	15	2
107	93	1	12	-475/4992
107	93	1	14	-475/4992
107	94	1	12	-4319365/99680256
107	94	1	14	-4319365/99680256
107	95	1	12	6583782625/995207675904
107	95	1	14	6583782625/995207675904
107	96	1	12	6846117254725/2639290756497408
107	96	1	14	6846117254725/2639290756497408
107	97	1	12	-302788752561971875/421610862605921943552
107	97	1	14	-302788752561971875/421610862605921943552
107	104	1	6	1
107	104	1	7	1
107	104	1	10	1
107	104	1	11	1
107	105	1	6	-475/6344
107	105	1	7	-475/6344
107	105	1	10	-475/6344
107	105	1	11	-475/6344
107	106	1	6	-75342505/3863648256
107	106	1	7	-75342505/3863648256
107	106	1	10	-75342505/3863648256
107	106	1	11	-75342505/3863648256
107	107	1	6	42646689875/8170328178688
107	107	1	7	42646689875/8170328178688
107	107	1	10	42646689875/8170328178688
107	107	1	11	42646689875/8170328178688
107	108	1	6	5110862452387525/5286921320490860544
107	108	1	7	5110862452387525/5286921320490860544
107	108	1	10	5110862452387525/5286921320490860544
107	108	1	11	5110862452387525/5286921320490860544
107	109	1	6	-18891835133492246875/33540228857194019291136
107	109	1	7	-18891835133492246875/33540228857194019291136
107	109	1	10	-18891835133492246875/33540228857194019291136
107	109	1	11	-18891835133492246875/33540228857194019291136
108	56	8	9	3
108	56	12	13	3
108	57	6	7	5035/8216
108	57	10	11	5035/8216
108	58	6	7	27174275/405015936
108	58	10	11	27174275/405015936
108	59	6	7	-100106247625/9982832790528
108	59	10	11	-100106247625/9982832790528
108	60	6	7	-1606416549063125/261435416534742528
108	60	10	11	-1606416549063125/261435416534742528
108	61	6	7	-16513907469777790625/25775440586993335320576
108	61	10	11	-16513907469777790625/25775440586993335320576
108	62	4	13	6
108	62	6	16	6
108	63	3	12	-190/289
108	63	5	14	-190/289
108	64	3	12	-37264225/677522352
108	64	5	14	-37264225/677522352
108	65	3	12	19893672125/587411879184
108	65	5	14	19893672125/587411879184
108	66	3	12	-119110217425625/172138701547354464
108	66	5	14	-119110217425625/172138701547354464
108	67	3	12	-385704254835003125/149244254241556320288
108	67	5	14	-385704254835003125/149244254241556320288
108	86	1	15	6
108	87	1	13	1178/689
108	88	1	13	7944527/22786608
108	89	1	13	960445193/47099918736
108	90	1	13	-62578692033097/3310088088928608
108	91	1	13	-54147772159773313/6841952079815432736
108	92	3	5	6
108	93	3	5	-95/416
108	94	3	5	-279775/2076672
108	95	3	5	83165375/5183373312
108	96	3	5	464350013125/54985224093696
108	97	3	5	-60501931503125/34310779834466304
109	56	5	8	1
109	56	5	9	1
109	56	5	12	1
109	56	5	13	1
109	56	8	13	1
109	56	9	12	1
109	57	4	6	-1159/8216
109	57	4	7	-1159/8216
109	57	4	10	-1159/8216
109	57	4	11	-1159/8216
109	57	6	11	133/6162
109	57	7	10	133/6162
109	58	4	6	-4884691/6480254976
109	58	4	7	-4884691/6480254976
109	58	4	10	-4884691/6480254976
109	58	4	11	-4884691/6480254976
109	58	6	11	-392462233/19440764928
109	58	7	10	-392462233/19440764928
109	59	4	6	105300568325/17747258294272
109	59	4	7	105300568325/17747258294272
109	59	4	10	105300568325/17747258294272
109	59	4	11	105300568325/17747258294272
109	59	6	11	-159001531255/119793993486336
109	59	7	10	-159001531255/119793993486336
109	60	4	6	-12873362859771515/14872770362865352704
109	60	4	7	-12873362859771515/14872770362865352704
109	60	4	10	-12873362859771515/14872770362865352704
109	60	4	11	-12873362859771515/14872770362865352704
109	60	6	11	460557215301371795/401564799797364523008
109	60	7	10	460557215301371795/401564799797364523008
109	61	4	6	-39786384583463102071/122194681301301737816064
109	61	4	7	-39786384583463102071/122194681301301737816064
109	61	4	10	-39786384583463102071/122194681301301737816064
109	61	4	11	-39786384583463102071/122194681301301737816064
109	61	6	11	316501741140375632219/2474442296351360190775296
109	61	7	10	316501741140375632219/2474442296351360190775296
109	62	2	4	2
109	62	2	5	2
109	62	2	6	2
109	62	2	7	2
109	62	4	7	2
109	62	5	6	2
109	63	2	3	4541/7514
109	63	2	4	-2337/7514
109	63	2	5	4541/7514
109	63	2	6	-2337/7514
109	63	3	6	-2413/22542
109	63	4	5	-2413/22542
109	64	2	3	1489969379/10840357632
109	64	2	4	34694627/10840357632
109	64	2	5	1489969379/10840357632
109	64	2	6	34694627/10840357632
109	64	3	6	-1282525783/32521072896
109	64	4	5	-1282525783/32521072896
109	65	2	3	773086155095/54302964831232
109	65	2	4	735794608893/54302964831232
109	65	2	5	773086155095/54302964831232
109	65	2	6	735794608893/54302964831232
109	65	3	6	10183395118945/1466180050443264
109	65	4	5	10183395118945/1466180050443264
109	66	2	3	-25412384895832195/4896389732902526976
109	66	2	4	-12260339870360227/4896389732902526976
109	66	2	5	-25412384895832195/4896389732902526976
109	66	2	6	-12260339870360227/4896389732902526976
109	66	3	6	280277961428153935/132202522788368228352
109	66	4	5	280277961428153935/132202522788368228352
109	67	2	3	-226035092947725680363/73582944906059175395328
109	67	2	4	-17724348228474848723/24527648302019725131776
109	67	2	5	-226035092947725680363/73582944906059175395328
109	67	2	6	-17724348228474848723/24527648302019725131776
109	67	3	6	-4186095485090468583847/5960218537390793207021568
109	67	4	5	-4186095485090468583847/5960218537390793207021568
109	80	2	3	1/2
109	80	2	5	1/2
109	80	2	14	1/2
109	80	2	16	1/2
109	80	3	6	1/2
109	80	3	11	1/2
109	80	3	16	1/2
109	80	4	5	1/2
109	80	4	11	1/2
109	80	5	11	1/2
109	80	5	14	1/2
109	80	6	11	1/2
109	81	2	3	3401/23296
109	81	2	5	3401/23296
109	81	2	11	-19/11648
109	81	2	13	-19/11648
109	81	3	6	-19/11648
109	81	3	9	3401/23296
109	81	3	13	-19/11648
109	81	4	5	-19/11648
109	81	4	9	-19/11648
109	81	5	9	3401/23296
109	81	5	11	-19/11648
109	81	6	9	-19/11648
109	82	2	3	34407993/1085407232
109	82	2	5	34407993/1085407232
109	82	2	11	-11853435/1085407232
109	82	2	13	-11853435/1085407232
109	82	3	6	-11853435/1085407232
109	82	3	9	34407993/1085407232
109	82	3	13	-11853435/1085407232
109	82	4	5	-11853435/1085407232
109	82	4	9	-11853435/1085407232
109	82	5	9	34407993/1085407232
109	82	5	11	-11853435/1085407232
109	82	6	9	-11853435/1085407232
109	83	2	3	36355230971/12642823438336
109	83	2	5	36355230971/12642823438336
109	83	2	11	675865283/6321411719168
109	83	2	13	675865283/6321411719168
109	83	3	6	675865283/6321411719168
109	83	3	9	36355230971/12642823438336
109	83	3	13	675865283/6321411719168
109	83	4	5	675865283/6321411719168
109	83	4	9	675865283/6321411719168
109	83	5	9	36355230971/12642823438336
109	83	5	11	675865283/6321411719168
109	83	6	9	675865283/6321411719168
109	84	2	3	-1603094400397001/1251740662982770688
109	84	2	5	-1603094400397001/1251740662982770688
109	84	2	11	421486012207433/625870331491385344
109	84	2	13	421486012207433/625870331491385344
109	84	3	6	421486012207433/625870331491385344
109	84	3	9	-1603094400397001/1251740662982770688
109	84	3	13	421486012207433/625870331491385344
109	84	4	5	421486012207433/625870331491385344
109	84	4	9	421486012207433/625870331491385344
109	84	5	9	-1603094400397001/1251740662982770688
109	84	5	11	421486012207433/625870331491385344
109	84	6	9	421486012207433/625870331491385344
109	85	2	3	-9834330551175374271/14580275242423312973824
109	85	2	5	-9834330551175374271/14580275242423312973824
109	85	2	11	-40068824857315083/3645068810605828243456
109	85	2	13	-40068824857315083/3645068810605828243456
109	85	3	6	-40068824857315083/3645068810605828243456
109	85	3	9	-9834330551175374271/14580275242423312973824
109	85	3	13	-40068824857315083/3645068810605828243456
109	85	4	5	-40068824857315083/3645068810605828243456
109	85	4	9	-40068824857315083/3645068810605828243456
109	85	5	9	-9834330551175374271/14580275242423312973824
109	85	5	11	-40068824857315083/3645068810605828243456
109	85	6	9	-40068824857315083/3645068810605828243456
109	86	1	2	2
109	86	1	3	2
109	86	2	3	2
109	87	1	2	2261/4134
109	87	1	3	2261/4134
109	87	2	3	-2489/20670
109	88	1	2	548565853/5468785920
109	88	1	3	548565853/5468785920
109	88	2	3	-1148623663/27343929600
109	89	1	2	22200394979/45215921986560
109	89	1	3	22200394979/45215921986560
109	89	2	3	9563630886437/1130398049664000
109	90	1	2	-476086255970441593/63553691307429273600
109	90	1	3	-476086255970441593/63553691307429273600
109	90	2	3	3781735893385044143/1588842282685731840000
109	91	1	2	-14410517942583574469/6181904937997943930880
109	91	1	3	-14410517942583574469/6181904937997943930880
109	91	2	3	-60770370594937334775787/65682739966228154265600000
110	56	8	10	1
110	56	8	13	1
110	56	9	10	1
110	56	9	12	1
110	56	12	14	1
110	56	13	14	1
110	57	6	8	-1083/4108
110	57	6	11	4769/12324
110	57	7	8	-1083/4108
110	57	7	10	4769/12324
110	57	10	12	-1083/4108
110	57	11	12	-1083/4108
110	58	6	8	8891791/166160384
110	58	6	11	2600321627/19440764928
110	58	7	8	8891791/166160384
110	58	7	10	2600321627/19440764928
110	58	10	12	8891791/166160384
110	58	11	12	8891791/166160384
110	59	6	8	-50381446995/8873629147136
110	59	6	11	9436250833585/239587986972672
110	59	7	8	-50381446995/8873629147136
110	59	7	10	9436250833585/239587986972672
110	59	10	12	-50381446995/8873629147136
110	59	11	12	-50381446995/8873629147136
110	60	6	8	-5528162607115605/4957590120955117568
110	60	6	11	3525775587214611995/401564799797364523008
110	60	7	8	-5528162607115605/4957590120955117568
110	60	7	10	3525775587214611995/401564799797364523008
110	60	10	12	-5528162607115605/4957590120955117568
110	60	11	12	-5528162607115605/4957590120955117568
110	61	6	8	14350824919389548691/20365780216883622969344
110	61	6	11	4003368255630506350087/4948884592702720381550592
110	61	7	8	14350824919389548691/20365780216883622969344
110	61	7	10	4003368255630506350087/4948884592702720381550592
110	61	10	12	14350824919389548691/20365780216883622969344
110	61	11	12	14350824919389548691/20365780216883622969344
110	62	4	9	2
110	62	4	11	2
110	62	6	9	2
110	62	6	11	2
110	63	3	8	-2489/7514
110	63	3	10	5529/7514
110	63	5	8	-2489/7514
110	63	5	10	5529/7514
110	64	3	8	5530881/277957888
110	64	3	10	851892493/3613452544
110	64	5	8	5530881/277957888
110	64	5	10	851892493/3613452544
110	65	3	8	449969845265/54302964831232
110	65	3	10	3313019124495/54302964831232
110	65	5	8	449969845265/54302964831232
110	65	5	10	3313019124495/54302964831232
110	66	3	8	-4119294004066265/1632129910967508992
110	66	3	10	16278654840842535/1632129910967508992
110	66	5	8	-4119294004066265/1632129910967508992
110	66	5	10	16278654840842535/1632129910967508992
110	67	3	8	-2206833790174673571/24527648302019725131776
110	67	3	10	-18532683542746794429/24527648302019725131776
110	67	5	8	-2206833790174673571/24527648302019725131776
110	67	5	10	-18532683542746794429/24527648302019725131776
110	68	2	4	2/3
110	68	2	6	2/3
110	68	3	4	2/3
110	68	3	7	2/3
110	68	5	6	2/3
110	68	5	7	2/3
110	69	2	4	-209/1638
110	69	2	6	-209/1638
110	69	3	4	-209/1638
110	69	3	7	-209/1638
110	69	5	6	-209/1638
110	69	5	7	-209/1638
110	70	2	4	281219/25439232
110	70	2	6	281219/25439232
110	70	3	4	281219/25439232
110	70	3	7	281219/25439232
110	70	5	6	281219/25439232
110	70	5	7	281219/25439232
110	71	2	4	750189407/250016772096
110	71	2	6	750189407/250016772096
110	71	3	4	750189407/250016772096
110	71	3	7	750189407/250016772096
110	71	5	6	750189407/250016772096
110	71	5	7	750189407/250016772096
110	72	2	4	-47767332452197/37130490857521152
110	72	2	6	-47767332452197/37130490857521152
110	72	3	4	-47767332452197/37130490857521152
110	72	3	7	-47767332452197/37130490857521152
110	72	5	6	-47767332452197/37130490857521152
110	72	5	7	-47767332452197/37130490857521152
110	73	2	4	564821479515491/13515498672137699328
110	73	2	6	564821479515491/13515498672137699328
110	73	3	4	564821479515491/13515498672137699328
110	73	3	7	564821479515491/13515498672137699328
110	73	5	6	564821479515491/13515498672137699328
110	73	5	7	564821479515491/13515498672137699328
110	86	1	6	2
110	86	1	13	2
110	86	5	10	2
110	86	5	13	2
110	86	6	10	2
110	87	1	6	817/1378
110	87	1	11	817/1378
110	87	5	9	361/530
110	87	5	11	779/6890
110	87	6	9	779/6890
110	88	1	6	83628177/607642880
110	88	1	11	83628177/607642880
110	88	5	9	588925653/3038214400
110	88	5	11	-96431403/3038214400
110	88	6	9	-96431403/3038214400
110	89	1	6	30464337667/1674663777280
110	89	1	11	30464337667/1674663777280
110	89	5	9	128958233303/3220507264000
110	89	5	11	-255614853707/41866594432000
110	89	6	9	-255614853707/41866594432000
110	90	1	6	-2045791395880033/784613472931225600
110	90	1	11	-2045791395880033/784613472931225600
110	90	5	9	47508072749190023/19615336823280640000
110	90	5	11	26322793899012743/19615336823280640000
110	90	6	9	26322793899012743/19615336823280640000
110	91	1	6	-1000055034105218361/432478946279691550720
110	91	1	11	-1000055034105218361/432478946279691550720
110	91	5	9	-49977772277751563757/20792257032677478400000
110	91	5	11	138519575172567767337/270299341424807219200000
110	91	6	9	138519575172567767337/270299341424807219200000
110	98	2	5	1/2
110	98	2	10	1/2
110	98	3	5	1/2
110	98	3	10	1/2
110	99	2	5	-19/7800
110	99	2	9	-19/7800
110	99	3	5	-19/7800
110	99	3	9	-19/7800
110	100	2	5	-3639241/324480000
110	100	2	9	-3639241/324480000
110	100	3	5	-3639241/324480000
110	100	3	9	-3639241/324480000
110	101	2	5	622749187/3796416000000
110	101	2	9	622749187/3796416000000
110	101	3	5	622749187/3796416000000
110	101	3	9	622749187/3796416000000
110	102	2	5	27503263256771/38723443200000000
110	102	2	9	27503263256771/38723443200000000
110	102	3	5	27503263256771/38723443200000000
110	102	3	9	27503263256771/38723443200000000
110	103	2	5	-11339164932080779/654426190080000000000
110	103	2	9	-11339164932080779/654426190080000000000
110	103	3	5	-11339164932080779/654426190080000000000
110	103	3	9	-11339164932080779/654426190080000000000
111	56	5	8	1/2
111	56	5	9	1/2
111	56	5	12	1/2
111	56	5	13	1/2
111	56	8	17	1/2
111	56	9	16	1/2
111	56	12	17	1/2
111	56	13	16	1/2
111	57	4	6	1843/16432
111	57	4	7	1843/16432
111	57	4	10	1843/16432
111	57	4	11	1843/16432
111	57	6	15	-2489/49296
111	57	7	14	-2489/49296
111	57	10	15	-2489/49296
111	57	11	14	-2489/49296
111	58	4	6	198398741/12960509952
111	58	4	7	198398741/12960509952
111	58	4	10	198398741/12960509952
111	58	4	11	198398741/12960509952
111	58	6	15	-184794817/38881529856
111	58	7	14	-184794817/38881529856
111	58	10	15	-184794817/38881529856
111	58	11	14	-184794817/38881529856
111	59	4	6	-34992663185/35494516588544
111	59	4	7	-34992663185/35494516588544
111	59	4	10	-34992663185/35494516588544
111	59	4	11	-34992663185/35494516588544
111	59	6	15	182055453335/73719380606976
111	59	7	14	182055453335/73719380606976
111	59	10	15	182055453335/73719380606976
111	59	11	14	182055453335/73719380606976
111	60	4	6	-2654745484002455/2288118517363900416
111	60	4	7	-2654745484002455/2288118517363900416
111	60	4	10	-2654745484002455/2288118517363900416
111	60	4	11	-2654745484002455/2288118517363900416
111	60	6	15	-2173255164253705/803129599594729046016
111	60	7	14	-2173255164253705/803129599594729046016
111	60	10	15	-2173255164253705/803129599594729046016
111	60	11	14	-2173255164253705/803129599594729046016
111	61	4	6	-52127872415356668653/244389362602603475632128
111	61	4	7	-52127872415356668653/244389362602603475632128
111	61	4	10	-52127872415356668653/244389362602603475632128
111	61	4	11	-52127872415356668653/244389362602603475632128
111	61	6	15	-274886372438782184239/1522733720831606271246336
111	61	7	14	-274886372438782184239/1522733720831606271246336
111	61	10	15	-274886372438782184239/1522733720831606271246336
111	61	11	14	-274886372438782184239/1522733720831606271246336
111	62	2	12	1
111	62	2	13	1
111	62	2	15	1
111	62	2	16	1
111	62	4	5	1
111	62	4	16	1
111	62	5	12	1
111	62	6	7	1
111	62	6	13	1
111	62	7	15	1
111	63	2	11	4731/15028
111	63	2	12	-2147/15028
111	63	2	13	4731/15028
111	63	2	14	-2147/15028
111	63	3	4	8569/45084
111	63	3	14	551/45084
111	63	4	11	-5225/45084
111	63	5	6	8569/45084
111	63	5	12	551/45084
111	63	6	13	-5225/45084
111	64	2	11	1681625723/21680715264
111	64	2	12	-1889113/1667747328
111	64	2	13	1681625723/21680715264
111	64	2	14	-1889113/1667747328
111	64	3	4	948445553/65042145792
111	64	3	14	-1391527567/65042145792
111	64	4	11	-527622799/65042145792
111	64	5	6	948445553/65042145792
111	64	5	12	-1391527567/65042145792
111	64	6	13	-527622799/65042145792
111	65	2	11	1178750502489/108605929662464
111	65	2	12	686124186415/108605929662464
111	65	2	13	1178750502489/108605929662464
111	65	2	14	686124186415/108605929662464
111	65	3	4	-1222097626585/225566161606656
111	65	3	14	-2310901253915/2932360100886528
111	65	4	11	17399816374325/2932360100886528
111	65	5	6	-1222097626585/225566161606656
111	65	5	12	-2310901253915/2932360100886528
111	65	6	13	17399816374325/2932360100886528
111	66	2	11	-1264078534051039/753290728138850304
111	66	2	12	-8923802958888595/9792779465805053952
111	66	2	13	-1264078534051039/753290728138850304
111	66	2	14	-8923802958888595/9792779465805053952
111	66	3	4	-543120032278680065/264405045576736456704
111	66	3	14	2020104076653415/1564526896903766016
111	66	4	11	-64860191822035841/264405045576736456704
111	66	5	6	-543120032278680065/264405045576736456704
111	66	5	12	2020104076653415/1564526896903766016
111	66	6	13	-64860191822035841/264405045576736456704
111	67	2	11	-76855358090852507311/49055296604039450263552
111	67	2	12	-54071249982732701659/147165889812118350790656
111	67	2	13	-76855358090852507311/49055296604039450263552
111	67	2	14	-54071249982732701659/147165889812118350790656
111	67	3	4	13015556033661550567/916956698060122031849472
111	67	3	14	949913584413774798629/11920437074781586414043136
111	67	4	11	-5303836014121733028875/11920437074781586414043136
111	67	5	6	13015556033661550567/916956698060122031849472
111	67	5	12	949913584413774798629/11920437074781586414043136
111	67	6	13	-5303836014121733028875/11920437074781586414043136
111	74	4	7	1/3
111	74	4	11	1/3
111	74	5	6	1/3
111	74	5	10	1/3
111	74	6	11	1/3
111	74	7	10	1/3
111	75	3	6	-19/5160
111	75	3	10	-19/5160
111	75	4	5	-19/5160
111	75	4	9	-19/5160
111	75	5	10	-19/5160
111	75	6	9	-19/5160
111	76	3	6	-115176689/15999027200
111	76	3	10	-115176689/15999027200
111	76	4	5	-115176689/15999027200
111	76	4	9	-115176689/15999027200
111	76	5	10	-115176689/15999027200
111	76	6	9	-115176689/15999027200
111	77	3	6	19769400763/82554980352000
111	77	3	10	19769400763/82554980352000
111	77	4	5	19769400763/82554980352000
111	77	4	9	19769400763/82554980352000
111	77	5	10	19769400763/82554980352000
111	77	6	9	19769400763/82554980352000
111	78	3	6	357911302348526423/815900777416458240000
111	78	3	10	357911302348526423/815900777416458240000
111	78	4	5	357911302348526423/815900777416458240000
111	78	4	9	357911302348526423/815900777416458240000
111	78	5	10	357911302348526423/815900777416458240000
111	78	6	9	357911302348526423/815900777416458240000
111	79	3	6	-11425054716378242619/467783112385436057600000
111	79	3	10	-11425054716378242619/467783112385436057600000
111	79	4	5	-11425054716378242619/467783112385436057600000
111	79	4	9	-11425054716378242619/467783112385436057600000
111	79	5	10	-11425054716378242619/467783112385436057600000
111	79	6	9	-11425054716378242619/467783112385436057600000
111	80	2	4	1/4
111	80	2	6	1/4
111	80	2	15	1/4
111	80	2	17	1/4
111	80	3	4	1/4
111	80	3	8	1/4
111	80	3	14	1/4
111	80	3	18	1/4
111	80	5	6	1/4
111	80	5	8	1/4
111	80	5	16	1/4
111	80	5	18	1/4
111	80	11	14	1/4
111	80	11	15	1/4
111	80	11	16	1/4
111	80	11	17	1/4
111	81	2	4	1045/23296
111	81	2	6	1045/23296
111	81	2	12	-1349/46592
111	81	2	14	-1349/46592
111	81	3	4	1045/23296
111	81	3	8	-1349/46592
111	81	3	11	1045/23296
111	81	3	15	-1349/46592
111	81	5	6	1045/23296
111	81	5	8	-1349/46592
111	81	5	13	1045/23296
111	81	5	15	-1349/46592
111	81	9	11	1045/23296
111	81	9	12	-1349/46592
111	81	9	13	1045/23296
111	81	9	14	-1349/46592
111	82	2	4	6159021/2170814464
111	82	2	6	6159021/2170814464
111	82	2	12	-4034175/2170814464
111	82	2	14	-4034175/2170814464
111	82	3	4	6159021/2170814464
111	82	3	8	-4034175/2170814464
111	82	3	11	6159021/2170814464
111	82	3	15	-4034175/2170814464
111	82	5	6	6159021/2170814464
111	82	5	8	-4034175/2170814464
111	82	5	13	6159021/2170814464
111	82	5	15	-4034175/2170814464
111	82	9	11	6159021/2170814464
111	82	9	12	-4034175/2170814464
111	82	9	13	6159021/2170814464
111	82	9	14	-4034175/2170814464
111	83	2	4	-1323752705/972524879872
111	83	2	6	-1323752705/972524879872
111	83	2	12	212814193/149619212288
111	83	2	14	212814193/149619212288
111	83	3	4	-1323752705/972524879872
111	83	3	8	212814193/149619212288
111	83	3	11	-1323752705/972524879872
111	83	3	15	212814193/149619212288
111	83	5	6	-1323752705/972524879872
111	83	5	8	212814193/149619212288
111	83	5	13	-1323752705/972524879872
111	83	5	15	212814193/149619212288
111	83	9	11	-1323752705/972524879872
111	83	9	12	212814193/149619212288
111	83	9	13	-1323752705/972524879872
111	83	9	14	212814193/149619212288
111	84	2	4	-551815563089527/1251740662982770688
111	84	2	6	-551815563089527/1251740662982770688
111	84	2	12	-169440779804249/2503481325965541376
111	84	2	14	-169440779804249/2503481325965541376
111	84	3	4	-551815563089527/1251740662982770688
111	84	3	8	-169440779804249/2503481325965541376
111	84	3	11	-551815563089527/1251740662982770688
111	84	3	15	-169440779804249/2503481325965541376
111	84	5	6	-551815563089527/1251740662982770688
111	84	5	8	-169440779804249/2503481325965541376
111	84	5	13	-551815563089527/1251740662982770688
111	84	5	15	-169440779804249/2503481325965541376
111	84	9	11	-551815563089527/1251740662982770688
111	84	9	12	-169440779804249/2503481325965541376
111	84	9	13	-551815563089527/1251740662982770688
111	84	9	14	-169440779804249/2503481325965541376
111	85	2	4	11574537836922225/560779817016281268224
111	85	2	6	11574537836922225/560779817016281268224
111	85	2	12	-228539791033954977/2243119268065125072896
111	85	2	14	-228539791033954977/2243119268065125072896
111	85	3	4	11574537836922225/560779817016281268224
111	85	3	8	-228539791033954977/2243119268065125072896
111	85	3	11	11574537836922225/560779817016281268224
111	85	3	15	-228539791033954977/2243119268065125072896
111	85	5	6	11574537836922225/560779817016281268224
111	85	5	8	-228539791033954977/2243119268065125072896
111	85	5	13	11574537836922225/560779817016281268224
111	85	5	15	-228539791033954977/2243119268065125072896
111	85	9	11	11574537836922225/560779817016281268224
111	85	9	12	-228539791033954977/2243119268065125072896
111	85	9	13	11574537836922225/560779817016281268224
111	85	9	14	-228539791033954977/2243119268065125072896
111	86	1	7	1
111	86	1	11	1
111	86	2	11	1
111	86	2	15	1
111	86	3	7	1
111	86	3	15	1
111	87	1	7	817/2756
111	87	1	10	817/2756
111	87	2	10	-1881/13780
111	87	2	13	-209/8268
111	87	3	7	-1881/13780
111	87	3	13	-209/8268
111	88	1	7	234736279/3645857280
111	88	1	10	234736279/3645857280
111	88	2	10	-88628749/18229286400
111	88	2	13	-249986363/10937571840
111	88	3	7	-88628749/18229286400
111	88	3	13	-249986363/10937571840
111	89	1	7	17271215783/3349327554560
111	89	1	10	17271215783/3349327554560
111	89	2	10	592648650693/83733188864000
111	89	2	13	159662834881/90431843973120
111	89	3	7	592648650693/83733188864000
111	89	3	13	159662834881/90431843973120
111	90	1	7	-14626028238717899/4707680837587353600
111	90	1	10	-14626028238717899/4707680837587353600
111	90	2	10	-84839953741668851/117692020939683840000
111	90	2	13	186711410436719927/127107382614858547200
111	90	3	7	-84839953741668851/117692020939683840000
111	90	3	13	186711410436719927/127107382614858547200
111	91	1	7	-3947136123450310003/2594873677678149304320
111	91	1	10	-3947136123450310003/2594873677678149304320
111	91	2	10	-277639999114650242763/540598682849614438400000
111	91	2	13	-40609295709819020063/210184767891930093649920
111	91	3	7	-277639999114650242763/540598682849614438400000
111	91	3	13	-40609295709819020063/210184767891930093649920
111	92	1	3	1
111	92	1	5	1
111	92	2	3	1
111	92	2	5	1
111	93	1	3	1349/4992
111	93	1	5	1349/4992
111	93	2	3	-133/1664
111	93	2	5	-133/1664
111	94	1	3	746909/15335424
111	94	1	5	746909/15335424
111	94	2	3	-1191661/66453504
111	94	2	5	-1191661/66453504
111	95	1	3	17044615/995207675904
111	95	1	5	17044615/995207675904
111	95	2	3	196133105/36859543552
111	95	2	5	196133105/36859543552
111	96	1	3	-77138279000615/21114326051979264
111	96	1	5	-77138279000615/21114326051979264
111	96	2	3	46841928635/60154775076864
111	96	2	5	46841928635/60154775076864
111	97	1	3	-14515960643485253/13175339456435060736
111	97	1	5	-14515960643485253/13175339456435060736
111	97	2	3	-177791710387949/325317023615680512
111	97	2	5	-177791710387949/325317023615680512
112	56	8	10	1/2
112	56	8	17	1/2
112	56	9	10	1/2
112	56	9	16	1/2
112	56	12	14	1/2
112	56	12	17	1/2
112	56	13	14	1/2
112	56	13	16	1/2
112	57	6	8	209/4108
112	57	6	15	6517/49296
112	57	7	8	209/4108
112	57	7	14	6517/49296
112	57	10	12	209/4108
112	57	10	15	6517/49296
112	57	11	12	209/4108
112	57	11	14	6517/49296
112	58	6	8	-16164497/4320169984
112	58	6	15	1012318727/38881529856
112	58	7	8	-16164497/4320169984
112	58	7	14	1012318727/38881529856
112	58	10	12	-16164497/4320169984
112	58	10	15	1012318727/38881529856
112	58	11	12	-16164497/4320169984
112	58	11	14	1012318727/38881529856
112	59	6	8	-19483572515/8873629147136
112	59	6	15	2077578445145/958351947890688
112	59	7	8	-19483572515/8873629147136
112	59	7	14	2077578445145/958351947890688
112	59	10	12	-19483572515/8873629147136
112	59	10	15	2077578445145/958351947890688
112	59	11	12	-19483572515/8873629147136
112	59	11	14	2077578445145/958351947890688
112	60	6	8	-508357643111005/9915180241910235136
112	60	6	15	-681121612234310905/803129599594729046016
112	60	7	8	-508357643111005/9915180241910235136
112	60	7	14	-681121612234310905/803129599594729046016
112	60	10	12	-508357643111005/9915180241910235136
112	60	10	15	-681121612234310905/803129599594729046016
112	60	11	12	-508357643111005/9915180241910235136
112	60	11	14	-681121612234310905/803129599594729046016
112	61	6	8	2851473266339667167/20365780216883622969344
112	61	6	15	-8088405301830614699449/19795538370810881526202368
112	61	7	8	2851473266339667167/20365780216883622969344
112	61	7	14	-8088405301830614699449/19795538370810881526202368
112	61	10	12	2851473266339667167/20365780216883622969344
112	61	10	15	-8088405301830614699449/19795538370810881526202368
112	61	11	12	2851473266339667167/20365780216883622969344
112	61	11	14	-8088405301830614699449/19795538370810881526202368
112	62	4	13	1
112	62	4	18	1
112	62	6	16	1
112	62	6	18	1
112	62	11	12	1
112	62	11	15	1
112	62	12	13	1
112	62	15	16	1
112	63	3	12	11533/45084
112	63	3	16	-1501/15028
112	63	5	14	11533/45084
112	63	5	16	-1501/15028
112	63	10	11	3325/15028
112	63	10	13	3325/15028
112	63	11	12	-9443/45084
112	63	13	14	-9443/45084
112	64	3	12	2987786537/65042145792
112	64	3	16	-68852447/7226905088
112	64	5	14	2987786537/65042145792
112	64	5	16	-68852447/7226905088
112	64	10	11	212831521/7226905088
112	64	10	13	212831521/7226905088
112	64	11	12	1584911657/65042145792
112	64	13	14	1584911657/65042145792
112	65	3	12	5198083581695/2932360100886528
112	65	3	16	526474856905/108605929662464
112	65	5	14	5198083581695/2932360100886528
112	65	5	16	526474856905/108605929662464
112	65	10	11	-229642578025/108605929662464
112	65	10	13	-229642578025/108605929662464
112	65	11	12	8991255992495/2932360100886528
112	65	13	14	8991255992495/2932360100886528
112	66	3	12	-608496057096351665/264405045576736456704
112	66	3	16	20028400478335/3264259821935017984
112	66	5	14	-608496057096351665/264405045576736456704
112	66	5	16	20028400478335/3264259821935017984
112	66	10	11	-7370916007012481/3264259821935017984
112	66	10	13	-7370916007012481/3264259821935017984
112	66	11	12	-564529340215407665/264405045576736456704
112	66	13	14	-564529340215407665/264405045576736456704
112	67	3	12	-9485041676565331186553/11920437074781586414043136
112	67	3	16	-17265950630522143079/49055296604039450263552
112	67	5	14	-9485041676565331186553/11920437074781586414043136
112	67	5	16	-17265950630522143079/49055296604039450263552
112	67	10	11	-19330589105880621625/49055296604039450263552
112	67	10	13	-19330589105880621625/49055296604039450263552
112	67	11	12	3149807825066043157303/11920437074781586414043136
112	67	13	14	3149807825066043157303/11920437074781586414043136
112	68	2	13	1/3
112	68	2	16	1/3
112	68	3	13	1/3
112	68	3	17	1/3
112	68	5	16	1/3
112	68	5	17	1/3
112	69	2	12	-95/2184
112	69	2	14	-95/2184
112	69	3	12	-95/2184
112	69	3	15	-95/2184
112	69	5	14	-95/2184
112	69	5	15	-95/2184
112	70	2	12	-814777/457906176
112	70	2	14	-814777/457906176
112	70	3	12	-814777/457906176
112	70	3	15	-814777/457906176
112	70	5	14	-814777/457906176
112	70	5	15	-814777/457906176
112	71	2	12	242019815/111118565376
112	71	2	14	242019815/111118565376
112	71	3	12	242019815/111118565376
112	71	3	15	242019815/111118565376
112	71	5	14	242019815/111118565376
112	71	5	15	242019815/111118565376
112	72	2	12	-4808486647571/24753660571680768
112	72	2	14	-4808486647571/24753660571680768
112	72	3	12	-4808486647571/24753660571680768
112	72	3	15	-4808486647571/24753660571680768
112	72	5	14	-4808486647571/24753660571680768
112	72	5	15	-4808486647571/24753660571680768
112	73	2	12	-2777944691568775/18020664896183599104
112	73	2	14	-2777944691568775/18020664896183599104
112	73	3	12	-2777944691568775/18020664896183599104
112	73	3	15	-2777944691568775/18020664896183599104
112	73	5	14	-2777944691568775/18020664896183599104
112	73	5	15	-2777944691568775/18020664896183599104
112	74	4	9	1/3
112	74	4	13	1/3
112	74	6	9	1/3
112	74	6	15	1/3
112	74	10	13	1/3
112	74	10	15	1/3
112	75	3	8	-3059/67080
112	75	3	12	-3059/67080
112	75	5	8	-3059/67080
112	75	5	14	-3059/67080
112	75	9	12	-3059/67080
112	75	9	14	-3059/67080
112	76	3	8	-15134203/47997081600
112	76	3	12	-15134203/47997081600
112	76	5	8	-15134203/47997081600
112	76	5	14	-15134203/47997081600
112	76	9	12	-15134203/47997081600
112	76	9	14	-15134203/47997081600
112	77	3	8	1970856781187/1073214744576000
112	77	3	12	1970856781187/1073214744576000
112	77	5	8	1970856781187/1073214744576000
112	77	5	14	1970856781187/1073214744576000
112	77	9	12	1970856781187/1073214744576000
112	77	9	14	1970856781187/1073214744576000
112	78	3	8	-208360167078510937/815900777416458240000
112	78	3	12	-208360167078510937/815900777416458240000
112	78	5	8	-208360167078510937/815900777416458240000
112	78	5	14	-208360167078510937/815900777416458240000
112	78	9	12	-208360167078510937/815900777416458240000
112	78	9	14	-208360167078510937/815900777416458240000
112	79	3	8	-1770508078980901892737/18243541383032006246400000
112	79	3	12	-1770508078980901892737/18243541383032006246400000
112	79	5	8	-1770508078980901892737/18243541383032006246400000
112	79	5	14	-1770508078980901892737/18243541383032006246400000
112	79	9	12	-1770508078980901892737/18243541383032006246400000
112	79	9	14	-1770508078980901892737/18243541383032006246400000
112	86	1	16	1
112	86	1	17	1
112	86	5	15	1
112	86	5	17	1
112	86	10	15	1
112	86	10	16	1
112	87	1	14	2641/8268
112	87	1	15	2641/8268
112	87	5	13	551/2756
112	87	5	15	-1159/13780
112	87	9	13	551/2756
112	87	9	14	-1159/13780
112	88	1	14	883342813/10937571840
112	88	1	15	883342813/10937571840
112	88	5	13	22727477/1215285760
112	88	5	15	-86258423/6076428800
112	88	9	13	22727477/1215285760
112	88	9	14	-86258423/6076428800
112	89	1	14	84931821283/6956295690240
112	89	1	15	84931821283/6956295690240
112	89	5	13	-1227877603/257640581120
112	89	5	15	399559748227/83733188864000
112	89	9	13	-1227877603/257640581120
112	89	9	14	399559748227/83733188864000
112	90	1	14	-169462489869257113/127107382614858547200
112	90	1	15	-169462489869257113/127107382614858547200
112	90	5	13	-3493055461261993/1569226945862451200
112	90	5	15	16658286702002783/39230673646561280000
112	90	9	13	-3493055461261993/1569226945862451200
112	90	9	14	16658286702002783/39230673646561280000
112	91	1	14	-25329234001392487541/16168059068610007203840
112	91	1	15	-25329234001392487541/16168059068610007203840
112	91	5	13	-6880116535037651/66535222504567930880
112	91	5	15	-224259105722651856037/540598682849614438400000
112	91	9	13	-6880116535037651/66535222504567930880
112	91	9	14	-224259105722651856037/540598682849614438400000
112	92	1	12	1
112	92	1	14	1
112	92	3	7	1
112	92	3	14	1
112	92	5	7	1
112	92	5	12	1
112	93	1	11	931/3328
112	93	1	13	931/3328
112	93	3	7	-817/4992
112	93	3	13	19/1664
112	93	5	7	-817/4992
112	93	5	11	19/1664
112	94	1	11	1245811/22151168
112	94	1	13	1245811/22151168
112	94	3	7	950513/199360512
112	94	3	13	-484823/22151168
112	94	5	7	950513/199360512
112	94	5	11	-484823/22151168
112	95	1	11	251732159/73719087104
112	95	1	13	251732159/73719087104
112	95	3	7	6395708845/995207675904
112	95	3	13	-27744655/36859543552
112	95	5	7	6395708845/995207675904
112	95	5	11	-27744655/36859543552
112	96	1	11	-741644951789/260670691999744
112	96	1	13	-741644951789/260670691999744
112	96	3	7	-30663177916415/21114326051979264
112	96	3	13	352307836585/260670691999744
112	96	5	7	-30663177916415/21114326051979264
112	96	5	11	352307836585/260670691999744
112	97	1	11	-4137626726206729/3470048251900592128
112	97	1	13	-4137626726206729/3470048251900592128
112	97	3	7	-448454864620837/1646917432054382592
112	97	3	13	4219156319347/54219503935946752
112	97	5	7	-448454864620837/1646917432054382592
112	97	5	11	4219156319347/54219503935946752
112	104	2	5	1/2
112	104	2	9	1/2
112	104	3	5	1/2
112	104	3	9	1/2
112	105	2	5	-209/12688
112	105	2	9	-209/12688
112	105	3	5	-209/12688
112	105	3	9	-209/12688
112	106	2	5	-28352579/2575765504
112	106	2	9	-28352579/2575765504
112	106	3	5	-28352579/2575765504
112	106	3	9	-28352579/2575765504
112	107	2	5	18361344089/16340656357376
112	107	2	9	18361344089/16340656357376
112	107	3	5	18361344089/16340656357376
112	107	3	9	18361344089/16340656357376
112	108	2	5	2392226365340087/3524614213660573696
112	108	2	9	2392226365340087/3524614213660573696
112	108	3	5	2392226365340087/3524614213660573696
112	108	3	9	2392226365340087/3524614213660573696
112	109	2	5	-2682829697783857787/22360152571462679527424
112	109	2	9	-2682829697783857787/22360152571462679527424
112	109	3	5	-2682829697783857787/22360152571462679527424
112	109	3	9	-2682829697783857787/22360152571462679527424
113	56	8	14	1
113	56	9	14	1
113	56	10	12	1
113	56	10	13	1
113	57	6	12	-665/8216
113	57	7	12	-665/8216
113	57	8	10	-665/8216
113	57	8	11	-665/8216
113	58	6	12	-1539665/135005312
113	58	7	12	-1539665/135005312
113	58	8	10	-1539665/135005312
113	58	8	11	-1539665/135005312
113	59	6	12	4247950175/1109203643392
113	59	7	12	4247950175/1109203643392
113	59	8	10	4247950175/1109203643392
113	59	8	11	4247950175/1109203643392
113	60	6	12	281887581025/1139152141763584
113	60	7	12	281887581025/1139152141763584
113	60	8	10	281887581025/1139152141763584
113	60	8	11	281887581025/1139152141763584
113	61	6	12	-5178867840269375/18718547993459212288
113	61	7	12	-5178867840269375/18718547993459212288
113	61	8	10	-5178867840269375/18718547993459212288
113	61	8	11	-5178867840269375/18718547993459212288
113	62	4	7	2
113	62	5	6	2
113	62	5	11	2
113	62	7	11	2
113	63	3	6	7030/11271
113	63	4	5	7030/11271
113	63	4	10	-722/3757
113	63	6	10	-722/3757
113	64	3	6	315555515/2032567056
113	64	4	5	315555515/2032567056
113	64	4	10	-27797/1336336
113	64	6	10	-27797/1336336
113	65	3	6	548101489675/22909063288176
113	65	4	5	548101489675/22909063288176
113	65	4	10	8098537903/848483825488
113	65	6	10	8098537903/848483825488
113	66	3	6	-939293589020225/516416104642063392
113	66	4	5	-939293589020225/516416104642063392
113	66	4	10	1096552040719/6375507464716832
113	66	6	10	1096552040719/6375507464716832
113	67	3	6	-15225646485964879375/5820525915420696491232
113	67	4	5	-15225646485964879375/5820525915420696491232
113	67	4	10	-17097772515587339/23952781544941137824
113	67	6	10	-17097772515587339/23952781544941137824
113	68	2	3	2/3
113	68	2	5	2/3
113	68	3	5	2/3
113	69	2	3	209/1092
113	69	2	5	209/1092
113	69	3	5	209/1092
113	70	2	3	571463/14309568
113	70	2	5	571463/14309568
113	70	3	5	571463/14309568
113	71	2	3	9883819/3472455168
113	71	2	5	9883819/3472455168
113	71	3	5	9883819/3472455168
113	72	2	3	-5517400177/2843940782592
113	72	2	5	-5517400177/2843940782592
113	72	3	5	-5517400177/2843940782592
113	73	2	3	-3651376914251/4140777779453952
113	73	2	5	-3651376914251/4140777779453952
113	73	3	5	-3651376914251/4140777779453952
113	80	4	6	1/2
113	80	4	14	1/2
113	80	6	16	1/2
113	80	14	16	1/2
113	81	4	6	-361/5824
113	81	4	11	-361/5824
113	81	6	13	-361/5824
113	81	11	13	-361/5824
113	82	4	6	-123101/67837952
113	82	4	11	-123101/67837952
113	82	6	13	-123101/67837952
113	82	11	13	-123101/67837952
113	83	4	6	509685431/197544116224
113	83	4	11	509685431/197544116224
113	83	6	13	509685431/197544116224
113	83	11	13	509685431/197544116224
113	84	4	6	-5493160471/22124941017088
113	84	4	11	-5493160471/22124941017088
113	84	6	13	-5493160471/22124941017088
113	84	11	13	-5493160471/22124941017088
113	85	4	6	-125211059767427/837561767142883328
113	85	4	11	-125211059767427/837561767142883328
113	85	6	13	-125211059767427/837561767142883328
113	85	11	13	-125211059767427/837561767142883328
113	86	1	4	2
113	86	2	4	2
113	86	2	5	2
113	86	3	4	2
113	86	3	10	2
113	86	4	5	2
113	86	4	10	2
113	87	1	4	1273/2067
113	87	2	4	-722/2067
113	87	2	5	1862/3445
113	87	3	4	-722/2067
113	87	3	9	1862/3445
113	87	4	5	-19/689
113	87	4	9	-19/689
113	88	1	4	10036883/68359824
113	88	2	4	1242923/68359824
113	88	2	5	19604827/189888400
113	88	3	4	1242923/68359824
113	88	3	9	19604827/189888400
113	88	4	5	-322373/7595536
113	88	4	9	-322373/7595536
113	89	1	4	5323921505/282599512416
113	89	2	4	1664850775/141299756208
113	89	2	5	3111194387/654165538000
113	89	3	4	1664850775/141299756208
113	89	3	9	3111194387/654165538000
113	89	4	5	18485005/10466648608
113	89	4	9	18485005/10466648608
113	90	1	4	-138428921015/36508324510242
113	90	2	4	-1978750406465/584133192163872
113	90	2	5	-24826953407681/4507200556820000
113	90	3	4	-1978750406465/584133192163872
113	90	3	9	-24826953407681/4507200556820000
113	90	4	5	1144869985/450720055682
113	90	4	9	1144869985/450720055682
113	91	1	4	-3598517700016879/1207403308202723424
113	91	2	4	-367591062312379/1207403308202723424
113	91	2	5	-32154433898458711/15527305918244900000
113	91	3	4	-367591062312379/1207403308202723424
113	91	3	9	-32154433898458711/15527305918244900000
113	91	4	5	-881236205803/4968737893838368
113	91	4	9	-881236205803/4968737893838368
114	56	8	14	1/2
114	56	8	18	1/2
114	56	9	14	1/2
114	56	9	18	1/2
114	56	10	12	1/2
114	56	10	13	1/2
114	56	12	18	1/2
114	56	13	18	1/2
114	57	6	12	2337/16432
114	57	6	16	-209/2054
114	57	7	12	2337/16432
114	57	7	16	-209/2054
114	57	8	10	2337/16432
114	57	8	11	2337/16432
114	57	10	16	-209/2054
114	57	11	16	-209/2054
114	58	6	12	2203183/67502656
114	58	6	16	1740381/135005312
114	58	7	12	2203183/67502656
114	58	7	16	1740381/135005312
114	58	8	10	2203183/67502656
114	58	8	11	2203183/67502656
114	58	10	16	1740381/135005312
114	58	11	16	1740381/135005312
114	59	6	12	670707315/138650455424
114	59	6	16	77335225/138650455424
114	59	7	12	670707315/138650455424
114	59	7	16	77335225/138650455424
114	59	8	10	670707315/138650455424
114	59	8	11	670707315/138650455424
114	59	10	16	77335225/138650455424
114	59	11	16	77335225/138650455424
114	60	6	12	-27298254509745/154924691279847424
114	60	6	16	-7161561841645/9682793204990464
114	60	7	12	-27298254509745/154924691279847424
114	60	7	16	-7161561841645/9682793204990464
114	60	8	10	-27298254509745/154924691279847424
114	60	8	11	-27298254509745/154924691279847424
114	60	10	16	-7161561841645/9682793204990464
114	60	11	16	-7161561841645/9682793204990464
114	61	6	12	-480028116906469341/1272861263555226435584
114	61	6	16	1324481704781697/9944228621525206528
114	61	7	12	-480028116906469341/1272861263555226435584
114	61	7	16	1324481704781697/9944228621525206528
114	61	8	10	-480028116906469341/1272861263555226435584
114	61	8	11	-480028116906469341/1272861263555226435584
114	61	10	16	1324481704781697/9944228621525206528
114	61	11	16	1324481704781697/9944228621525206528
114	62	4	9	1
114	62	4	16	1
114	62	6	9	1
114	62	6	13	1
114	62	11	13	1
114	62	11	16	1
114	63	3	8	1501/7514
114	63	3	14	4256/11271
114	63	5	8	1501/7514
114	63	5	12	4256/11271
114	63	10	12	-912/3757
114	63	10	14	-912/3757
114	64	3	8	5151831/225840784
114	64	3	14	255075019/2032567056
114	64	5	8	5151831/225840784
114	64	5	12	255075019/2032567056
114	64	10	12	9447731/225840784
114	64	10	14	9447731/225840784
114	65	3	8	-3855341015/1696967650976
114	65	3	14	49367446730/1431816455511
114	65	5	8	-3855341015/1696967650976
114	65	5	12	49367446730/1431816455511
114	65	10	12	-98460945/53030239093
114	65	10	14	-98460945/53030239093
114	66	3	8	-10679740137895/6375507464716832
114	66	3	14	1686844048653115/258208052321031696
114	66	5	8	-10679740137895/6375507464716832
114	66	5	12	1686844048653115/258208052321031696
114	66	10	12	-5565708216885/3187753732358416
114	66	10	14	-5565708216885/3187753732358416
114	67	3	8	-10562645741075253/47905563089882275648
114	67	3	14	5760810009188486/181891434856896765351
114	67	5	8	-10562645741075253/47905563089882275648
114	67	5	12	5760810009188486/181891434856896765351
114	67	10	12	449735909103873/748524423279410557
114	67	10	14	449735909103873/748524423279410557
114	68	2	12	1/3
114	68	2	15	1/3
114	68	3	10	1/3
114	68	3	15	1/3
114	68	4	10	1/3
114	68	4	12	1/3
114	68	5	10	1/3
114	68	5	12	1/3
114	68	6	10	1/3
114	68	6	15	1/3
114	68	7	12	1/3
114	68	7	15	1/3
114	69	2	11	95/819
114	69	2	13	95/819
114	69	3	10	95/819
114	69	3	13	95/819
114	69	4	10	-19/819
114	69	4	11	-19/819
114	69	5	10	95/819
114	69	5	11	95/819
114	69	6	10	-19/819
114	69	6	13	-19/819
114	69	7	11	-19/819
114	69	7	13	-19/819
114	70	2	11	53789/1589952
114	70	2	13	53789/1589952
114	70	3	10	53789/1589952
114	70	3	13	53789/1589952
114	70	4	10	-1805/366912
114	70	4	11	-1805/366912
114	70	5	10	53789/1589952
114	70	5	11	53789/1589952
114	70	6	10	-1805/366912
114	70	6	13	-1805/366912
114	70	7	11	-1805/366912
114	70	7	13	-1805/366912
114	71	2	11	28224785/3906512064
114	71	2	13	28224785/3906512064
114	71	3	10	28224785/3906512064
114	71	3	13	28224785/3906512064
114	71	4	10	4890467/3906512064
114	71	4	11	4890467/3906512064
114	71	5	10	28224785/3906512064
114	71	5	11	28224785/3906512064
114	71	6	10	4890467/3906512064
114	71	6	13	4890467/3906512064
114	71	7	11	4890467/3906512064
114	71	7	13	4890467/3906512064
114	72	2	11	36417291203/72520489956096
114	72	2	13	36417291203/72520489956096
114	72	3	10	36417291203/72520489956096
114	72	3	13	36417291203/72520489956096
114	72	4	10	13022065283/72520489956096
114	72	4	11	13022065283/72520489956096
114	72	5	10	36417291203/72520489956096
114	72	5	11	36417291203/72520489956096
114	72	6	10	13022065283/72520489956096
114	72	6	13	13022065283/72520489956096
114	72	7	11	13022065283/72520489956096
114	72	7	13	13022065283/72520489956096
114	73	2	11	-2792977769525/6599364586004736
114	73	2	13	-2792977769525/6599364586004736
114	73	3	10	-2792977769525/6599364586004736
114	73	3	13	-2792977769525/6599364586004736
114	73	4	10	-688724460751/6599364586004736
114	73	4	11	-688724460751/6599364586004736
114	73	5	10	-2792977769525/6599364586004736
114	73	5	11	-2792977769525/6599364586004736
114	73	6	10	-688724460751/6599364586004736
114	73	6	13	-688724460751/6599364586004736
114	73	7	11	-688724460751/6599364586004736
114	73	7	13	-688724460751/6599364586004736
114	86	1	8	1
114	86	1	14	1
114	86	5	6	1
114	86	5	8	1
114	86	6	15	1
114	86	10	13	1
114	86	10	14	1
114	86	13	15	1
114	87	1	8	228/689
114	87	1	12	228/689
114	87	5	6	893/6890
114	87	5	8	-532/3445
114	87	6	13	-76/689
114	87	9	11	893/6890
114	87	9	12	-532/3445
114	87	11	13	-76/689
114	88	1	8	3450799/37977680
114	88	1	12	3450799/37977680
114	88	5	6	-349809/189888400
114	88	5	8	988779/189888400
114	88	6	13	-245841/37977680
114	88	9	11	-349809/189888400
114	88	9	12	988779/189888400
114	88	11	13	-245841/37977680
114	89	1	8	115992549/6541655380
114	89	1	12	115992549/6541655380
114	89	5	6	-510316459/100640852000
114	89	5	8	810027323/163541384500
114	89	6	13	31571977/6541655380
114	89	9	11	-510316459/100640852000
114	89	9	12	810027323/163541384500
114	89	11	13	31571977/6541655380
114	90	1	8	1111054682883/1532448189318800
114	90	1	12	1111054682883/1532448189318800
114	90	5	6	-47161109655311/76622409465940000
114	90	5	8	-42808589210293/38311204732970000
114	90	6	13	-27311241649/117880629947600
114	90	9	11	-47161109655311/76622409465940000
114	90	9	12	-42808589210293/38311204732970000
114	90	11	13	-27311241649/117880629947600
114	91	1	8	-61415354519829/52792840122032660
114	91	1	12	-61415354519829/52792840122032660
114	91	5	6	10823154764915199/40609877016948200000
114	91	5	8	-5242210721484051/32995525076270412500
114	91	6	13	-16220436757497/52792840122032660
114	91	9	11	10823154764915199/40609877016948200000
114	91	9	12	-5242210721484051/32995525076270412500
114	91	11	13	-16220436757497/52792840122032660
114	92	3	4	1
114	92	3	9	1
114	92	4	9	1
114	92	5	6	1
114	92	5	9	1
114	92	6	9	1
114	93	3	4	-171/832
114	93	3	9	133/416
114	93	4	9	19/416
114	93	5	6	-171/832
114	93	5	9	133/416
114	93	6	9	19/416
114	94	3	4	3971/173056
114	94	3	9	57399/692224
114	94	4	9	-11913/692224
114	94	5	6	3971/173056
114	94	5	9	57399/692224
114	94	6	9	-11913/692224
114	95	3	4	925965/287965184
114	95	3	9	4081105/287965184
114	95	4	9	-733913/287965184
114	95	5	6	925965/287965184
114	95	5	9	4081105/287965184
114	95	6	9	-733913/287965184
114	96	3	4	-16739080845/8145959124992
114	96	3	9	-340789415/1018244890624
114	96	4	9	828971881/1018244890624
114	96	5	6	-16739080845/8145959124992
114	96	5	9	-340789415/1018244890624
114	96	6	9	828971881/1018244890624
114	97	3	4	1546415441163/6777437991993344
114	97	3	9	-544263892893/423589874499584
114	97	4	9	93990241941/423589874499584
114	97	5	6	1546415441163/6777437991993344
114	97	5	9	-544263892893/423589874499584
114	97	6	9	93990241941/423589874499584
114	98	2	6	1/4
114	98	2	11	1/4
114	98	3	7	1/4
114	98	3	12	1/4
114	98	5	6	1/4
114	98	5	7	1/4
114	98	10	11	1/4
114	98	10	12	1/4
114	99	2	6	-38/975
114	99	2	10	-38/975
114	99	3	7	-38/975
114	99	3	11	-38/975
114	99	5	6	-38/975
114	99	5	7	-38/975
114	99	9	10	-38/975
114	99	9	11	-38/975
114	100	2	6	3971/6760000
114	100	2	10	3971/6760000
114	100	3	7	3971/6760000
114	100	3	11	3971/6760000
114	100	5	6	3971/6760000
114	100	5	7	3971/6760000
114	100	9	10	3971/6760000
114	100	9	11	3971/6760000
114	101	2	6	12010109/7414875000
114	101	2	10	12010109/7414875000
114	101	3	7	12010109/7414875000
114	101	3	11	12010109/7414875000
114	101	5	6	12010109/7414875000
114	101	5	7	12010109/7414875000
114	101	9	10	12010109/7414875000
114	101	9	11	12010109/7414875000
114	102	2	6	-307220419573/983212425000000
114	102	2	10	-307220419573/983212425000000
114	102	3	7	-307220419573/983212425000000
114	102	3	11	-307220419573/983212425000000
114	102	5	6	-307220419573/983212425000000
114	102	5	7	-307220419573/983212425000000
114	102	9	10	-307220419573/983212425000000
114	102	9	11	-307220419573/983212425000000
114	103	2	6	-3206124792071/39943004765625000
114	103	2	10	-3206124792071/39943004765625000
114	103	3	7	-3206124792071/39943004765625000
114	103	3	11	-3206124792071/39943004765625000
114	103	5	6	-3206124792071/39943004765625000
114	103	5	7	-3206124792071/39943004765625000
114	103	9	10	-3206124792071/39943004765625000
114	103	9	11	-3206124792071/39943004765625000
115	56	8	18	1
115	56	9	18	1
115	56	12	18	1
115	56	13	18	1
115	57	6	16	665/4108
115	57	7	16	665/4108
115	57	10	16	665/4108
115	57	11	16	665/4108
115	58	6	16	5452905/540021248
115	58	7	16	5452905/540021248
115	58	10	16	5452905/540021248
115	58	11	16	5452905/540021248
115	59	6	16	-610965425/170646714368
115	59	7	16	-610965425/170646714368
115	59	10	16	-610965425/170646714368
115	59	11	16	-610965425/170646714368
115	60	6	16	-344953617299425/309849382559694848
115	60	7	16	-344953617299425/309849382559694848
115	60	10	16	-344953617299425/309849382559694848
115	60	11	16	-344953617299425/309849382559694848
115	61	6	16	2037577224414375/97912404888863571968
115	61	7	16	2037577224414375/97912404888863571968
115	61	10	16	2037577224414375/97912404888863571968
115	61	11	16	2037577224414375/97912404888863571968
115	62	4	18	2
115	62	6	18	2
115	63	3	16	1995/3757
115	63	5	16	1995/3757
115	64	3	16	95540455/903363136
115	64	5	16	95540455/903363136
115	65	3	16	63640031175/6787870603904
115	65	5	16	63640031175/6787870603904
115	66	3	16	-25174488758925/7846778418113024
115	66	5	16	-25174488758925/7846778418113024
115	67	3	16	-1248280216444524375/766489009438116410368
115	67	5	16	-1248280216444524375/766489009438116410368
115	68	10	12	2/3
115	68	10	13	2/3
115	68	10	15	2/3
115	68	10	16	2/3
115	68	12	13	2/3
115	68	12	15	2/3
115	68	12	17	2/3
115	68	15	16	2/3
115	68	15	17	2/3
115	69	10	11	19/126
115	69	10	12	-209/1638
115	69	10	13	19/126
115	69	10	14	-209/1638
115	69	11	12	-209/1638
115	69	11	13	19/126
115	69	11	15	-209/1638
115	69	13	14	-209/1638
115	69	13	15	-209/1638
115	70	10	11	393851/19079424
115	70	10	12	69673/6359808
115	70	10	13	393851/19079424
115	70	10	14	69673/6359808
115	70	11	12	69673/6359808
115	70	11	13	393851/19079424
115	70	11	15	69673/6359808
115	70	13	14	69673/6359808
115	70	13	15	69673/6359808
115	71	10	11	-6838423/4808014848
115	71	10	12	191112317/62504193024
115	71	10	13	-6838423/4808014848
115	71	10	14	191112317/62504193024
115	71	11	12	191112317/62504193024
115	71	11	13	-6838423/4808014848
115	71	11	15	191112317/62504193024
115	71	13	14	191112317/62504193024
115	71	13	15	191112317/62504193024
115	72	10	11	-3760701376657/2320655678595072
115	72	10	12	-3009927308497/2320655678595072
115	72	10	13	-3760701376657/2320655678595072
115	72	10	14	-3009927308497/2320655678595072
115	72	11	12	-3009927308497/2320655678595072
115	72	11	13	-3760701376657/2320655678595072
115	72	11	15	-3009927308497/2320655678595072
115	72	13	14	-3009927308497/2320655678595072
115	72	13	15	-3009927308497/2320655678595072
115	73	10	11	-19172729212781/64978359000662016
115	73	10	12	32059115999471/844718667008606208
115	73	10	13	-19172729212781/64978359000662016
115	73	10	14	32059115999471/844718667008606208
115	73	11	12	32059115999471/844718667008606208
115	73	11	13	-19172729212781/64978359000662016
115	73	11	15	32059115999471/844718667008606208
115	73	13	14	32059115999471/844718667008606208
115	73	13	15	32059115999471/844718667008606208
115	86	1	18	2
115	87	1	16	1463/2067
115	88	1	16	57987791/273439296
115	89	1	16	54101384491/1130398049664
115	90	1	16	728902005808343/158884228268573184
115	91	1	16	-1469878671698438771/656827399662281542656
115	92	9	12	2
115	92	9	13	2
115	92	9	14	2
115	92	9	15	2
115	92	12	14	2
115	93	9	11	133/416
115	93	9	12	-95/416
115	93	9	13	133/416
115	93	9	14	-95/416
115	93	11	13	-361/1664
115	94	9	11	31407/2768896
115	94	9	12	-37905/2768896
115	94	9	13	31407/2768896
115	94	9	14	-37905/2768896
115	94	11	13	-89889/5537792
115	95	9	11	-25110799/2303721472
115	95	9	12	1886225/177209344
115	95	9	13	-25110799/2303721472
115	95	9	14	1886225/177209344
115	95	11	13	14726273/1417674752
115	96	9	11	-801604471/313306120192
115	96	9	12	-2192650825/4072979562496
115	96	9	13	-801604471/313306120192
115	96	9	14	-2192650825/4072979562496
115	96	11	13	-310836827323/1042682767998976
115	97	9	11	2498663690187/6777437991993344
115	97	9	12	-376057535625/521341383999488
115	97	9	13	2498663690187/6777437991993344
115	97	9	14	-376057535625/521341383999488
115	97	11	13	-195724461219609/266926788607737856
115	104	5	6	1
115	104	5	7	1
115	104	9	10	1
115	104	9	11	1
115	105	5	6	-285/1586
115	105	5	7	-285/1586
115	105	9	10	-285/1586
115	105	9	11	-285/1586
115	106	5	6	3680395/321970688
115	106	5	7	3680395/321970688
115	106	9	10	3680395/321970688
115	106	9	11	3680395/321970688
115	107	5	6	2779438275/510645511168
115	107	5	7	2779438275/510645511168
115	107	9	10	2779438275/510645511168
115	107	9	11	2779438275/510645511168
115	108	5	6	-14998542891225/8472630321299456
115	108	5	7	-14998542891225/8472630321299456
115	108	9	10	-14998542891225/8472630321299456
115	108	9	11	-14998542891225/8472630321299456
115	109	5	6	-14126406332956875/174688691964552183808
115	109	5	7	-14126406332956875/174688691964552183808
115	109	9	10	-14126406332956875/174688691964552183808
115	109	9	11	-14126406332956875/174688691964552183808
116	56	16	16	1
116	56	17	17	1
116	57	14	14	-950/3081
116	57	15	15	-950/3081
116	58	14	14	382255319/4860191232
116	58	15	15	382255319/4860191232
116	59	14	14	-105737829575/7487124592896
116	59	15	15	-105737829575/7487124592896
116	60	14	14	10834383587695283/25097799987335282688
116	60	15	15	10834383587695283/25097799987335282688
116	61	14	14	32995761753503702875/38663160880490002980864
116	61	15	15	32995761753503702875/38663160880490002980864
116	62	8	8	2
116	62	8	12	4
116	62	8	15	4
116	62	8	17	4
116	63	7	7	209/3757
116	63	7	11	4218/3757
116	63	7	13	4218/3757
116	63	7	15	-3382/3757
116	64	7	7	-31048527/903363136
116	64	7	11	109885873/451681568
116	64	7	13	109885873/451681568
116	64	7	15	59057073/451681568
116	65	7	7	-20051703485/6787870603904
116	65	7	11	94890732615/3393935301952
116	65	7	13	94890732615/3393935301952
116	65	7	15	9867940415/3393935301952
116	66	7	7	168896476684735/102008119435469312
116	66	7	11	-279873269927265/51004059717734656
116	66	7	13	-279873269927265/51004059717734656
116	66	7	15	-404269355983265/51004059717734656
116	67	7	7	188243255750813571/766489009438116410368
116	67	7	11	-1457919933221203929/383244504719058205184
116	67	7	13	-1457919933221203929/383244504719058205184
116	67	7	15	682114157488831071/383244504719058205184
116	74	4	14	4/3
116	74	6	12	4/3
116	74	8	10	4/3
116	75	3	13	1406/2795
116	75	5	11	1406/2795
116	75	7	9	1406/2795
116	76	3	13	165637991/999939200
116	76	5	11	165637991/999939200
116	76	7	9	165637991/999939200
116	77	3	13	247515321249/5589660128000
116	77	5	11	247515321249/5589660128000
116	77	7	9	247515321249/5589660128000
116	78	3	13	2494820914469037/326883324285440000
116	78	5	11	2494820914469037/326883324285440000
116	78	7	9	2494820914469037/326883324285440000
116	79	3	13	-10540370401847518311/23754611175822924800000
116	79	5	11	-10540370401847518311/23754611175822924800000
116	79	7	9	-10540370401847518311/23754611175822924800000
116	92	1	8	4
116	93	1	8	-95/832
116	94	1	8	-215517/2768896
116	95	1	8	63137095/9214885888
116	96	1	8	2214799791197/521341383999488
116	97	1	8	-85919954372775/133463394303868928
116	98	1	8	1
116	98	1	13	1
116	98	1	15	1
116	98	1	17	1
116	99	1	8	-19/390
116	99	1	12	-19/390
116	99	1	14	-19/390
116	99	1	15	-19/390
116	100	1	8	-11191/540800
116	100	1	12	-11191/540800
116	100	1	14	-11191/540800
116	100	1	15	-11191/540800
116	101	1	8	6179959/1898208000
116	101	1	12	6179959/1898208000
116	101	1	14	6179959/1898208000
116	101	1	15	6179959/1898208000
116	102	1	8	29688036047/25170238080000
116	102	1	12	29688036047/25170238080000
116	102	1	14	29688036047/25170238080000
116	102	1	15	29688036047/25170238080000
116	103	1	8	-85467509183/251702380800000
116	103	1	12	-85467509183/251702380800000
116	103	1	14	-85467509183/251702380800000
116	103	1	15	-85467509183/251702380800000
116	104	1	4	2
116	105	1	4	-95/793
116	106	1	4	-5693331/160985344
116	107	1	4	1842087335/255322755584
116	108	1	4	91689701357483/55072097088446464
116	109	1	4	-4537307246635725/6718795844790468608
117	56	16	16	1
117	56	17	17	1
117	57	14	14	703/12324
117	57	15	15	703/12324
117	58	14	14	-9744473/607523904
117	58	15	15	-9744473/607523904
117	59	14	14	-23330524973/7487124592896
117	59	15	15	-23330524973/7487124592896
117	60	14	14	537207157875409/784306249604227584
117	60	15	15	537207157875409/784306249604227584
117	61	14	14	2557226327094598897/9665790220122500745216
117	61	15	15	2557226327094598897/9665790220122500745216
117	62	12	17	4
117	62	15	17	4
117	63	11	15	2812/3757
117	63	13	15	2812/3757
117	64	11	15	9428959/169380588
117	64	13	15	9428959/169380588
117	65	11	15	-4489167487/212120956372
117	65	13	15	-4489167487/212120956372
117	66	11	15	-18641777479717/2390815299268812
117	66	13	15	-18641777479717/2390815299268812
117	67	11	15	823811981169509/8982293079352926684
117	67	13	15	823811981169509/8982293079352926684
117	74	4	16	4/3
117	74	6	16	4/3
117	74	8	8	2/3
117	74	8	16	4/3
117	74	10	16	4/3
117	74	12	12	2/3
117	74	12	16	4/3
117	74	14	14	2/3
117	74	14	16	4/3
117	75	3	15	2812/8385
117	75	5	15	2812/8385
117	75	7	7	1121/16770
117	75	7	15	-152/645
117	75	9	15	2812/8385
117	75	11	11	1121/16770
117	75	11	15	-152/645
117	75	13	13	1121/16770
117	75	13	15	-152/645
117	76	3	15	6998707/124992400
117	76	5	15	6998707/124992400
117	76	7	7	-1868897/249984800
117	76	7	15	1661683/124992400
117	76	9	15	6998707/124992400
117	76	11	11	-1868897/249984800
117	76	11	15	1661683/124992400
117	76	13	13	-1868897/249984800
117	76	13	15	1661683/124992400
117	77	3	15	-190083467/1048061274000
117	77	5	15	-190083467/1048061274000
117	77	7	7	-30124858321/8384490192000
117	77	7	15	309347759/40310049000
117	77	9	15	-190083467/1048061274000
117	77	11	11	-30124858321/8384490192000
117	77	11	15	309347759/40310049000
117	77	13	13	-30124858321/8384490192000
117	77	13	15	309347759/40310049000
117	78	3	15	-57070667670121/15322655825880000
117	78	5	15	-57070667670121/15322655825880000
117	78	7	7	50616261848899/796778102945760000
117	78	7	15	-460342513748173/199194525736440000
117	78	9	15	-57070667670121/15322655825880000
117	78	11	11	50616261848899/796778102945760000
117	78	11	15	-460342513748173/199194525736440000
117	78	13	13	50616261848899/796778102945760000
117	78	13	15	-460342513748173/199194525736440000
117	79	3	15	-190864271312111213/185582899811116600000
117	79	5	15	-190864271312111213/185582899811116600000
117	79	7	7	863128405164227503/2969326396977865600000
117	79	7	15	-1207379322021391/7137803838889100000
117	79	9	15	-190864271312111213/185582899811116600000
117	79	11	11	863128405164227503/2969326396977865600000
117	79	11	15	-1207379322021391/7137803838889100000
117	79	13	13	863128405164227503/2969326396977865600000
117	79	13	15	-1207379322021391/7137803838889100000
117	92	1	17	4
117	93	1	16	-95/1248
117	94	1	16	-584459/6230016
117	95	1	16	168285565/31100239872
117	96	1	16	16361769360713/2639290756497408
117	97	1	16	-7944319312431175/13175339456435060736
117	104	1	14	2
117	104	1	16	2
117	105	1	14	-95/793
117	105	1	15	-95/793
117	106	1	14	-2583677/60369504
117	106	1	15	-2583677/60369504
117	107	1	14	272885315/31915344448
117	107	1	15	272885315/31915344448
117	108	1	14	6390824420779/2581504551020928
117	108	1	15	6390824420779/2581504551020928
117	109	1	14	-3889827662147525/4094266217919191808
117	109	1	15	-3889827662147525/4094266217919191808
117	110	1	4	1/3
117	110	1	6	1/3
117	110	1	7	1/3
117	110	1	10	1/3
117	110	1	11	1/3
117	110	1	13	1/3
117	111	1	4	-95/3666
117	111	1	6	-95/3666
117	111	1	7	-95/3666
117	111	1	10	-95/3666
117	111	1	11	-95/3666
117	111	1	13	-95/3666
117	112	1	4	-582293/95570176
117	112	1	6	-582293/95570176
117	112	1	7	-582293/95570176
117	112	1	10	-582293/95570176
117	112	1	11	-582293/95570176
117	112	1	13	-582293/95570176
117	113	1	4	607604515/350360265216
117	113	1	6	607604515/350360265216
117	113	1	7	607604515/350360265216
117	113	1	10	607604515/350360265216
117	113	1	11	607604515/350360265216
117	113	1	13	607604515/350360265216
117	114	1	4	615760339271/2239502815260672
117	114	1	6	615760339271/2239502815260672
117	114	1	7	615760339271/2239502815260672
117	114	1	10	615760339271/2239502815260672
117	114	1	11	615760339271/2239502815260672
117	114	1	13	615760339271/2239502815260672
117	115	1	4	-2126010852589475/11858913907743678464
117	115	1	6	-2126010852589475/11858913907743678464
117	115	1	7	-2126010852589475/11858913907743678464
117	115	1	10	-2126010852589475/11858913907743678464
117	115	1	11	-2126010852589475/11858913907743678464
117	115	1	13	-2126010852589475/11858913907743678464
118	56	16	17	2
118	57	14	15	-2299/6162
118	58	14	15	5009597/151880976
118	59	14	15	14053357087/1871781148224
118	60	14	15	-326513112915269/98038281200528448
118	61	14	15	96499906139264023/604111888757656296576
118	62	5	12	4
118	62	7	15	4
118	63	4	11	11248/11271
118	63	6	13	11248/11271
118	64	4	11	42914597/254070882
118	64	6	13	42914597/254070882
118	65	4	11	3130159522/1431816455511
118	65	6	13	3130159522/1431816455511
118	66	4	11	-159461873033141/16138003270064481
118	66	6	13	-159461873033141/16138003270064481
118	67	4	11	-531593054060129372/181891434856896765351
118	67	6	13	-531593054060129372/181891434856896765351
118	74	4	15	4/3
118	74	6	13	4/3
118	74	9	10	4/3
118	75	3	14	171/2795
118	75	5	12	171/2795
118	75	8	9	171/2795
118	76	3	14	-4518637/187488600
118	76	5	12	-4518637/187488600
118	76	8	9	-4518637/187488600
118	77	3	14	-2498068377/698707516000
118	77	5	12	-2498068377/698707516000
118	77	8	9	-2498068377/698707516000
118	78	3	14	1244202736336/1037471488210625
118	78	5	12	1244202736336/1037471488210625
118	78	8	9	1244202736336/1037471488210625
118	79	3	14	121019338746328851/371165799622233200000
118	79	5	12	121019338746328851/371165799622233200000
118	79	8	9	121019338746328851/371165799622233200000
118	80	4	4	1/2
118	80	6	6	1/2
118	80	14	14	1/2
118	80	16	16	1/2
118	81	4	4	171/5824
118	81	6	6	171/5824
118	81	11	11	171/5824
118	81	13	13	171/5824
118	82	4	4	-67507/8479744
118	82	6	6	-67507/8479744
118	82	11	11	-67507/8479744
118	82	13	13	-67507/8479744
118	83	4	4	-19815651/12346507264
118	83	6	6	-19815651/12346507264
118	83	11	11	-19815651/12346507264
118	83	13	13	-19815651/12346507264
118	84	4	4	819657448167/2444805982388224
118	84	6	6	819657448167/2444805982388224
118	84	11	11	819657448167/2444805982388224
118	84	13	13	819657448167/2444805982388224
118	85	4	4	970110042286617/7119275020714508288
118	85	6	6	970110042286617/7119275020714508288
118	85	11	11	970110042286617/7119275020714508288
118	85	13	13	970110042286617/7119275020714508288
118	86	2	16	4
118	86	3	17	4
118	87	2	14	-5776/10335
118	87	3	15	-5776/10335
118	88	2	14	-1973587/213624450
118	88	3	15	-1973587/213624450
118	89	2	14	28362280514/1103904345375
118	89	3	15	28362280514/1103904345375
118	90	2	14	-644133691466197/193950473960660625
118	90	3	15	-644133691466197/193950473960660625
118	91	2	14	-3190247872124444732/2004478148383427559375
118	91	3	15	-3190247872124444732/2004478148383427559375
118	92	1	7	4
118	93	1	7	2983/2496
118	94	1	7	6645649/24920064
118	95	1	7	6384720727/248801918976
118	96	1	7	-454930581053263/42228652103958528
118	97	1	7	-2516709135541596169/421610862605921943552
118	104	2	3	2
118	105	2	3	-931/4758
118	106	2	3	-2560573/90554256
118	107	2	3	10379498353/861714300096
118	108	2	3	5527879158289/8712577859695632
118	109	2	3	-373685098581441871/331635563651454536448
119	56	16	17	2
119	57	14	15	1102/3081
119	58	14	15	66036647/2430095616
119	59	14	15	-4780030241/575932660992
119	60	14	15	-38944469508133357/12548899993667641344
119	61	14	15	-88435330941336419/2974089298499230998528
119	62	12	13	4
119	62	15	16	4
119	63	11	12	7030/11271
119	63	13	14	7030/11271
119	64	11	12	68295785/4065134112
119	64	13	14	68295785/4065134112
119	65	11	12	-2059252363175/91636253152704
119	65	13	14	-2059252363175/91636253152704
119	66	11	12	-1526517160990325/317794525933577472
119	66	13	14	-1526517160990325/317794525933577472
119	67	11	12	82037343404849620625/93128414646731143859712
119	67	13	14	82037343404849620625/93128414646731143859712
119	74	4	17	4/3
119	74	6	17	4/3
119	74	10	17	4/3
119	75	3	16	-893/8385
119	75	5	16	-893/8385
119	75	9	16	-893/8385
119	76	3	16	-18529769/999939200
119	76	5	16	-18529769/999939200
119	76	9	16	-18529769/999939200
119	77	3	16	194499558701/33537960768000
119	77	5	16	194499558701/33537960768000
119	77	9	16	194499558701/33537960768000
119	78	3	16	7232687329687463/12748449647132160000
119	78	5	16	7232687329687463/12748449647132160000
119	78	9	16	7232687329687463/12748449647132160000
119	79	3	16	-23032783104825888453/47509222351645849600000
119	79	5	16	-23032783104825888453/47509222351645849600000
119	79	9	16	-23032783104825888453/47509222351645849600000
119	86	15	15	2
119	87	13	13	475/2067
119	88	13	13	-4776391/273439296
119	89	13	13	-13665357175/1130398049664
119	90	13	13	-65037270677857/158884228268573184
119	91	13	13	614561761998214625/656827399662281542656
119	92	1	16	4
119	92	3	16	4
119	92	5	16	4
119	93	1	15	513/416
119	93	3	15	-95/208
119	93	5	15	-95/208
119	94	1	15	1201769/4153344
119	94	3	15	-160645/4153344
119	94	5	15	-160645/4153344
119	95	1	15	76484709/2303721472
119	95	3	15	171475/6815744
119	95	5	15	171475/6815744
119	96	1	15	-4624180043/469959180288
119	96	3	15	-7353362425/12218938687488
119	96	5	15	-7353362425/12218938687488
119	97	1	15	-176155756730847/27109751967973376
119	97	3	15	-400818525625/195503018999808
119	97	5	15	-400818525625/195503018999808
119	110	2	3	1/3
119	110	2	5	1/3
119	110	2	9	1/3
119	110	3	5	1/3
119	110	3	9	1/3
119	110	5	9	1/3
119	111	2	3	-19/1128
119	111	2	5	-19/1128
119	111	2	9	-19/1128
119	111	3	5	-19/1128
119	111	3	9	-19/1128
119	111	5	9	-19/1128
119	112	2	3	-5259409/764561408
119	112	2	5	-5259409/764561408
119	112	2	9	-5259409/764561408
119	112	3	5	-5259409/764561408
119	112	3	9	-5259409/764561408
119	112	5	9	-5259409/764561408
119	113	2	3	973545883/862425268224
119	113	2	5	973545883/862425268224
119	113	2	9	973545883/862425268224
119	113	3	5	973545883/862425268224
119	113	3	9	973545883/862425268224
119	113	5	9	973545883/862425268224
119	114	2	3	726492047322263/1863266342296879104
119	114	2	5	726492047322263/1863266342296879104
119	114	2	9	726492047322263/1863266342296879104
119	114	3	5	726492047322263/1863266342296879104
119	114	3	9	726492047322263/1863266342296879104
119	114	5	9	726492047322263/1863266342296879104
119	115	2	3	-27561602278525819/233529381567875514368
119	115	2	5	-27561602278525819/233529381567875514368
119	115	2	9	-27561602278525819/233529381567875514368
119	115	3	5	-27561602278525819/233529381567875514368
119	115	3	9	-27561602278525819/233529381567875514368
119	115	5	9	-27561602278525819/233529381567875514368
120	56	5	16	1
120	56	5	17	1
120	57	4	14	-133/1027
120	57	4	15	-133/1027
120	58	4	14	-5369875/1620063744
120	58	4	15	-5369875/1620063744
120	59	4	14	3123293663/554601821696
120	59	4	15	3123293663/554601821696
120	60	4	14	-558450845336279/929548147679084544
120	60	4	15	-558450845336279/929548147679084544
120	61	4	14	-322457107699558657/954645947666419826688
120	61	4	15	-322457107699558657/954645947666419826688
120	62	2	5	2
120	62	2	7	2
120	62	5	15	2
120	62	7	12	2
120	63	2	4	1577/3757
120	63	2	6	1577/3757
120	63	4	13	133/11271
120	63	6	11	133/11271
120	64	2	4	119705795/2710089408
120	64	2	6	119705795/2710089408
120	64	4	13	-356552119/8130268224
120	64	6	11	-356552119/8130268224
120	65	2	4	-62224731397/6787870603904
120	65	2	6	-62224731397/6787870603904
120	65	4	13	-142414864249/183272506305408
120	65	6	11	-142414864249/183272506305408
120	66	2	4	-1531473923092387/306024358306407936
120	66	2	6	-1531473923092387/306024358306407936
120	66	4	13	22430106772709839/8262657674273014272
120	66	6	11	22430106772709839/8262657674273014272
120	67	2	4	-891963568736150591/2299467028314349231104
120	67	2	6	-891963568736150591/2299467028314349231104
120	67	4	13	14949617126730549487/186256829293462287719424
120	67	6	11	14949617126730549487/186256829293462287719424
120	74	2	4	2/3
120	74	2	5	2/3
120	74	2	6	2/3
120	74	2	7	2/3
120	74	2	10	2/3
120	74	2	11	2/3
120	75	2	3	665/3354
120	75	2	4	-361/3354
120	75	2	5	665/3354
120	75	2	6	-361/3354
120	75	2	9	665/3354
120	75	2	10	-361/3354
120	76	2	3	17681419/399975680
120	76	2	4	80503/30767360
120	76	2	5	17681419/399975680
120	76	2	6	80503/30767360
120	76	2	9	17681419/399975680
120	76	2	10	80503/30767360
120	77	2	3	2343562543/536607372288
120	77	2	4	11654476709/2683036861440
120	77	2	5	2343562543/536607372288
120	77	2	6	11654476709/2683036861440
120	77	2	9	2343562543/536607372288
120	77	2	10	11654476709/2683036861440
120	78	2	3	-1728797281844353/1019875971770572800
120	78	2	4	-951305865683713/1019875971770572800
120	78	2	5	-1728797281844353/1019875971770572800
120	78	2	6	-951305865683713/1019875971770572800
120	78	2	9	-1728797281844353/1019875971770572800
120	78	2	10	-951305865683713/1019875971770572800
120	79	2	3	-29175576684383983/30405902305053343744
120	79	2	4	-29928825695075429/152029511525266718720
120	79	2	5	-29175576684383983/30405902305053343744
120	79	2	6	-29928825695075429/152029511525266718720
120	79	2	9	-29175576684383983/30405902305053343744
120	79	2	10	-29928825695075429/152029511525266718720
120	80	2	7	1/2
120	80	2	18	1/2
120	80	3	12	1/2
120	80	3	17	1/2
120	80	4	7	1/2
120	80	4	12	1/2
120	80	5	12	1/2
120	80	5	15	1/2
120	80	6	7	1/2
120	80	6	12	1/2
120	80	7	11	1/2
120	80	7	14	1/2
120	80	7	16	1/2
120	80	8	11	1/2
120	80	12	14	1/2
120	80	12	16	1/2
120	81	2	7	1843/11648
120	81	2	15	19/1792
120	81	3	10	1843/11648
120	81	3	14	19/1792
120	81	4	7	-361/5824
120	81	4	10	-361/5824
120	81	5	10	1843/11648
120	81	5	12	19/1792
120	81	6	7	-361/5824
120	81	6	10	-361/5824
120	81	7	9	1843/11648
120	81	7	11	-361/5824
120	81	7	13	-361/5824
120	81	8	9	19/1792
120	81	10	11	-361/5824
120	81	10	13	-361/5824
120	82	2	7	10703289/271351808
120	82	2	15	-1411149/135675904
120	82	3	10	10703289/271351808
120	82	3	14	-1411149/135675904
120	82	4	7	-798171/271351808
120	82	4	10	-798171/271351808
120	82	5	10	10703289/271351808
120	82	5	12	-1411149/135675904
120	82	6	7	-798171/271351808
120	82	6	10	-798171/271351808
120	82	7	9	10703289/271351808
120	82	7	11	-798171/271351808
120	82	7	13	-798171/271351808
120	82	8	9	-1411149/135675904
120	82	10	11	-798171/271351808
120	82	10	13	-798171/271351808
120	83	2	7	9098292025/1580352929792
120	83	2	15	-10199333/15195701248
120	83	3	10	9098292025/1580352929792
120	83	3	14	-10199333/15195701248
120	83	4	7	2369887385/790176464896
120	83	4	10	2369887385/790176464896
120	83	5	10	9098292025/1580352929792
120	83	5	12	-10199333/15195701248
120	83	6	7	2369887385/790176464896
120	83	6	10	2369887385/790176464896
120	83	7	9	9098292025/1580352929792
120	83	7	11	2369887385/790176464896
120	83	7	13	2369887385/790176464896
120	83	8	9	-10199333/15195701248
120	83	10	11	2369887385/790176464896
120	83	10	13	2369887385/790176464896
120	84	2	7	-57326287620065/78233791436423168
120	84	2	15	381166736937503/625870331491385344
120	84	3	10	-57326287620065/78233791436423168
120	84	3	14	381166736937503/625870331491385344
120	84	4	7	-8767149141895/39116895718211584
120	84	4	10	-8767149141895/39116895718211584
120	84	5	10	-57326287620065/78233791436423168
120	84	5	12	381166736937503/625870331491385344
120	84	6	7	-8767149141895/39116895718211584
120	84	6	10	-8767149141895/39116895718211584
120	84	7	9	-57326287620065/78233791436423168
120	84	7	11	-8767149141895/39116895718211584
120	84	7	13	-8767149141895/39116895718211584
120	84	8	9	381166736937503/625870331491385344
120	84	10	11	-8767149141895/39116895718211584
120	84	10	13	-8767149141895/39116895718211584
120	85	2	7	-351616843409356893/455633601325728530432
120	85	2	15	37342394650231113/560779817016281268224
120	85	3	10	-351616843409356893/455633601325728530432
120	85	3	14	37342394650231113/560779817016281268224
120	85	4	7	-23624919833270817/113908400331432132608
120	85	4	10	-23624919833270817/113908400331432132608
120	85	5	10	-351616843409356893/455633601325728530432
120	85	5	12	37342394650231113/560779817016281268224
120	85	6	7	-23624919833270817/113908400331432132608
120	85	6	10	-23624919833270817/113908400331432132608
120	85	7	9	-351616843409356893/455633601325728530432
120	85	7	11	-23624919833270817/113908400331432132608
120	85	7	13	-23624919833270817/113908400331432132608
120	85	8	9	37342394650231113/560779817016281268224
120	85	10	11	-23624919833270817/113908400331432132608
120	85	10	13	-23624919833270817/113908400331432132608
120	86	2	2	1
120	86	2	7	2
120	86	3	3	1
120	86	3	11	2
120	87	2	2	3287/20670
120	87	2	7	-437/3445
120	87	3	3	3287/20670
120	87	3	10	-437/3445
120	88	2	2	18278513/13671964800
120	88	2	7	-90820741/2278660800
120	88	3	3	18278513/13671964800
120	88	3	10	-90820741/2278660800
120	89	2	2	-2092649081099/282599512416000
120	89	2	7	45029684809/5233324304000
120	89	3	3	-2092649081099/282599512416000
120	89	3	10	45029684809/5233324304000
120	90	2	2	-21004220661908629/15277329641208960000
120	90	2	7	598554056728753/282913511874240000
120	90	3	3	-21004220661908629/15277329641208960000
120	90	3	10	598554056728753/282913511874240000
120	91	2	2	1750479378181930631941/4105171247889259641600000
120	91	2	7	-22988150062161064973/25340563258575676800000
120	91	3	3	1750479378181930631941/4105171247889259641600000
120	91	3	10	-22988150062161064973/25340563258575676800000
120	92	1	2	2
120	93	1	2	931/1664
120	94	1	2	1776481/16613376
120	95	1	2	39994829/18429771776
120	96	1	2	-23658621472409/3128048303996928
120	97	1	2	-26793919972862819/10410144755701776384
121	56	5	16	1
121	56	5	17	1
121	57	4	14	969/4108
121	57	4	15	969/4108
121	58	4	14	3722993/101253984
121	58	4	15	3722993/101253984
121	59	4	14	-2448663/10665419648
121	59	4	15	-2448663/10665419648
121	60	4	14	-3991619762977/1815523725935712
121	60	4	15	-3991619762977/1815523725935712
121	61	4	14	-25223894231951/44996509599661568
121	61	4	15	-25223894231951/44996509599661568
121	62	2	13	2
121	62	2	16	2
121	62	12	16	2
121	62	13	15	2
121	63	2	12	1672/3757
121	63	2	14	1672/3757
121	63	11	14	-152/867
121	63	12	13	-152/867
121	64	2	12	9783461/169380588
121	64	2	14	9783461/169380588
121	64	11	14	-13160977/508141764
121	64	12	13	-13160977/508141764
121	65	2	12	-292364875/53030239093
121	65	2	14	-292364875/53030239093
121	65	11	14	1046923465/110139727347
121	65	12	13	1046923465/110139727347
121	66	2	12	-455408689315/91954434587262
121	66	2	14	-455408689315/91954434587262
121	66	11	14	20004121676035/32276006540128962
121	66	12	13	20004121676035/32276006540128962
121	67	2	12	-1753218897845734/2245573269838231671
121	67	2	14	-1753218897845734/2245573269838231671
121	67	11	14	-10999994925314042/13991648835145905027
121	67	12	13	-10999994925314042/13991648835145905027
121	74	4	5	2/3
121	74	6	7	2/3
121	74	10	11	2/3
121	75	3	4	1919/16770
121	75	5	6	1919/16770
121	75	9	10	1919/16770
121	76	3	4	721639/124992400
121	76	5	6	721639/124992400
121	76	9	10	721639/124992400
121	77	3	4	-15803911067/4192245096000
121	77	5	6	-15803911067/4192245096000
121	77	9	10	-15803911067/4192245096000
121	78	3	4	-210803375026349/199194525736440000
121	78	5	6	-210803375026349/199194525736440000
121	78	9	10	-210803375026349/199194525736440000
121	79	3	4	36031325619650259/371165799622233200000
121	79	5	6	36031325619650259/371165799622233200000
121	79	9	10	36031325619650259/371165799622233200000
121	80	2	8	1/2
121	80	2	19	1/2
121	80	3	15	1/2
121	80	3	19	1/2
121	80	5	17	1/2
121	80	5	19	1/2
121	80	11	18	1/2
121	80	11	19	1/2
121	81	2	8	2375/23296
121	81	2	16	-19/416
121	81	3	12	2375/23296
121	81	3	16	-19/416
121	81	5	14	2375/23296
121	81	5	16	-19/416
121	81	9	15	2375/23296
121	81	9	16	-19/416
121	82	2	8	2931681/271351808
121	82	2	16	-1083/186368
121	82	3	12	2931681/271351808
121	82	3	16	-1083/186368
121	82	5	14	2931681/271351808
121	82	5	16	-1083/186368
121	82	9	15	2931681/271351808
121	82	9	16	-1083/186368
121	83	2	8	-5904741625/3160705859584
121	83	2	16	1186607/503939072
121	83	3	12	-5904741625/3160705859584
121	83	3	16	1186607/503939072
121	83	5	14	-5904741625/3160705859584
121	83	5	16	1186607/503939072
121	83	9	15	-5904741625/3160705859584
121	83	9	16	1186607/503939072
121	84	2	8	-665448818292847/625870331491385344
121	84	2	16	610032601/6236749955072
121	84	3	12	-665448818292847/625870331491385344
121	84	3	16	610032601/6236749955072
121	84	5	14	-665448818292847/625870331491385344
121	84	5	16	610032601/6236749955072
121	84	9	15	-665448818292847/625870331491385344
121	84	9	16	610032601/6236749955072
121	85	2	8	-701882925938495625/7290137621211656486912
121	85	2	16	-238871746629/1297243990654976
121	85	3	12	-701882925938495625/7290137621211656486912
121	85	3	16	-238871746629/1297243990654976
121	85	5	14	-701882925938495625/7290137621211656486912
121	85	5	16	-238871746629/1297243990654976
121	85	9	15	-701882925938495625/7290137621211656486912
121	85	9	16	-238871746629/1297243990654976
121	86	7	15	2
121	86	11	15	2
121	87	7	13	-152/689
121	87	10	13	-152/689
121	88	7	13	-588791/28483260
121	88	10	13	-588791/28483260
121	89	7	13	19966549/1635413845
121	89	10	13	19966549/1635413845
121	90	7	13	-74658164159/574668070994550
121	90	10	13	-74658164159/574668070994550
121	91	7	13	-39822411861478/39594630091524495
121	91	10	13	-39822411861478/39594630091524495
121	92	1	10	2
121	92	2	10	2
121	92	3	3	1
121	92	3	10	2
121	92	5	5	1
121	92	5	10	2
121	93	1	10	361/624
121	93	2	10	-57/208
121	93	3	3	361/2496
121	93	3	10	-19/312
121	93	5	5	361/2496
121	93	5	10	-19/312
121	94	1	10	188081/1557504
121	94	2	10	-361/39936
121	94	3	3	-14801/6230016
121	94	3	10	-69673/1557504
121	94	5	5	-14801/6230016
121	94	5	10	-69673/1557504
121	95	1	10	15508199/1943764992
121	95	2	10	1008273/71991296
121	95	3	3	-651605/92012544
121	95	3	10	4081105/971882496
121	95	5	5	-651605/92012544
121	95	5	10	4081105/971882496
121	96	1	10	-65182784891/10309729517568
121	96	2	10	-564680893/381841833984
121	96	3	3	-629449778395/659822689124352
121	96	3	10	278235335/99132014592
121	96	5	5	-629449778395/659822689124352
121	96	5	10	278235335/99132014592
121	97	1	10	-8986751234501/3216635609481216
121	97	2	10	-3300639967/3309295894528
121	97	3	3	59095695454649/126685956311875584
121	97	3	10	-729208679401/1608317804740608
121	97	5	5	59095695454649/126685956311875584
121	97	5	10	-729208679401/1608317804740608
122	56	10	16	1/2
122	56	10	17	1/2
122	56	14	16	1/2
122	56	14	17	1/2
122	57	8	14	-1767/16432
122	57	8	15	-1767/16432
122	57	12	14	-1767/16432
122	57	12	15	-1767/16432
122	58	8	14	65034511/4320169984
122	58	8	15	65034511/4320169984
122	58	12	14	65034511/4320169984
122	58	12	15	65034511/4320169984
122	59	8	14	8345475621/35494516588544
122	59	8	15	8345475621/35494516588544
122	59	12	14	8345475621/35494516588544
122	59	12	15	8345475621/35494516588544
122	60	8	14	-7959753280850217/9915180241910235136
122	60	8	15	-7959753280850217/9915180241910235136
122	60	12	14	-7959753280850217/9915180241910235136
122	60	12	15	-7959753280850217/9915180241910235136
122	61	8	14	14439997009703335779/81463120867534491877376
122	61	8	15	14439997009703335779/81463120867534491877376
122	61	12	14	14439997009703335779/81463120867534491877376
122	61	12	15	14439997009703335779/81463120867534491877376
122	62	5	11	1
122	62	5	15	1
122	62	7	11	1
122	62	7	12	1
122	62	9	12	1
122	62	9	15	1
122	63	4	10	4047/15028
122	63	4	13	16739/45084
122	63	6	10	4047/15028
122	63	6	11	16739/45084
122	63	8	11	-893/15028
122	63	8	13	-893/15028
122	64	4	10	396508321/7226905088
122	64	4	13	7817862569/65042145792
122	64	6	10	396508321/7226905088
122	64	6	11	7817862569/65042145792
122	64	8	11	-102075999/7226905088
122	64	8	13	-102075999/7226905088
122	65	4	10	571920368589/108605929662464
122	65	4	13	92418763576657/2932360100886528
122	65	6	10	571920368589/108605929662464
122	65	6	11	92418763576657/2932360100886528
122	65	8	11	319037406569/108605929662464
122	65	8	13	319037406569/108605929662464
122	66	4	10	-5036481709839201/3264259821935017984
122	66	4	13	1396143870695022799/264405045576736456704
122	66	6	10	-5036481709839201/3264259821935017984
122	66	6	11	1396143870695022799/264405045576736456704
122	66	8	11	1692697276142719/3264259821935017984
122	66	8	13	1692697276142719/3264259821935017984
122	67	4	10	-41532851644859232387/49055296604039450263552
122	67	4	13	-4136048510918775410359/11920437074781586414043136
122	67	6	10	-41532851644859232387/49055296604039450263552
122	67	6	11	-4136048510918775410359/11920437074781586414043136
122	67	8	11	-11047025829909039687/49055296604039450263552
122	67	8	13	-11047025829909039687/49055296604039450263552
122	68	2	4	1/3
122	68	2	6	1/3
122	68	3	4	1/3
122	68	3	7	1/3
122	68	5	6	1/3
122	68	5	7	1/3
122	69	2	4	95/1638
122	69	2	6	95/1638
122	69	3	4	95/1638
122	69	3	7	95/1638
122	69	5	6	95/1638
122	69	5	7	95/1638
122	70	2	4	56677/16959488
122	70	2	6	56677/16959488
122	70	3	4	56677/16959488
122	70	3	7	56677/16959488
122	70	5	6	56677/16959488
122	70	5	7	56677/16959488
122	71	2	4	-33986345/19232059392
122	71	2	6	-33986345/19232059392
122	71	3	4	-33986345/19232059392
122	71	3	7	-33986345/19232059392
122	71	5	6	-33986345/19232059392
122	71	5	7	-33986345/19232059392
122	72	2	4	-39699091575277/74260981715042304
122	72	2	6	-39699091575277/74260981715042304
122	72	3	4	-39699091575277/74260981715042304
122	72	3	7	-39699091575277/74260981715042304
122	72	5	6	-39699091575277/74260981715042304
122	72	5	7	-39699091575277/74260981715042304
122	73	2	4	34647867599575/1039653744010592256
122	73	2	6	34647867599575/1039653744010592256
122	73	3	4	34647867599575/1039653744010592256
122	73	3	7	34647867599575/1039653744010592256
122	73	5	6	34647867599575/1039653744010592256
122	73	5	7	34647867599575/1039653744010592256
122	74	4	7	1/3
122	74	4	11	1/3
122	74	5	6	1/3
122	74	5	10	1/3
122	74	6	11	1/3
122	74	7	10	1/3
122	75	3	6	2641/22360
122	75	3	10	2641/22360
122	75	4	5	2641/22360
122	75	4	9	2641/22360
122	75	5	10	2641/22360
122	75	6	9	2641/22360
122	76	3	6	574665431/15999027200
122	76	3	10	574665431/15999027200
122	76	4	5	574665431/15999027200
122	76	4	9	574665431/15999027200
122	76	5	10	574665431/15999027200
122	76	6	9	574665431/15999027200
122	77	3	6	3048922054143/357738248192000
122	77	3	10	3048922054143/357738248192000
122	77	4	5	3048922054143/357738248192000
122	77	4	9	3048922054143/357738248192000
122	77	5	10	3048922054143/357738248192000
122	77	6	9	3048922054143/357738248192000
122	78	3	6	294631077901324941/271966925805486080000
122	78	3	10	294631077901324941/271966925805486080000
122	78	4	5	294631077901324941/271966925805486080000
122	78	4	9	294631077901324941/271966925805486080000
122	78	5	10	294631077901324941/271966925805486080000
122	78	6	9	294631077901324941/271966925805486080000
122	79	3	6	-1516283375158070678997/6081180461010668748800000
122	79	3	10	-1516283375158070678997/6081180461010668748800000
122	79	4	5	-1516283375158070678997/6081180461010668748800000
122	79	4	9	-1516283375158070678997/6081180461010668748800000
122	79	5	10	-1516283375158070678997/6081180461010668748800000
122	79	6	9	-1516283375158070678997/6081180461010668748800000
122	80	4	8	1/4
122	80	4	15	1/4
122	80	6	8	1/4
122	80	6	17	1/4
122	80	14	15	1/4
122	80	14	18	1/4
122	80	16	17	1/4
122	80	16	18	1/4
122	81	4	8	-1425/23296
122	81	4	12	-1425/23296
122	81	6	8	-1425/23296
122	81	6	14	-1425/23296
122	81	11	12	-1425/23296
122	81	11	15	-1425/23296
122	81	13	14	-1425/23296
122	81	13	15	-1425/23296
122	82	4	8	23218437/2170814464
122	82	4	12	23218437/2170814464
122	82	6	8	23218437/2170814464
122	82	6	14	23218437/2170814464
122	82	11	12	23218437/2170814464
122	82	11	15	23218437/2170814464
122	82	13	14	23218437/2170814464
122	82	13	15	23218437/2170814464
122	83	4	8	-6662318175/12642823438336
122	83	4	12	-6662318175/12642823438336
122	83	6	8	-6662318175/12642823438336
122	83	6	14	-6662318175/12642823438336
122	83	11	12	-6662318175/12642823438336
122	83	11	15	-6662318175/12642823438336
122	83	13	14	-6662318175/12642823438336
122	83	13	15	-6662318175/12642823438336
122	84	4	8	-540900149282343/1251740662982770688
122	84	4	12	-540900149282343/1251740662982770688
122	84	6	8	-540900149282343/1251740662982770688
122	84	6	14	-540900149282343/1251740662982770688
122	84	11	12	-540900149282343/1251740662982770688
122	84	11	15	-540900149282343/1251740662982770688
122	84	13	14	-540900149282343/1251740662982770688
122	84	13	15	-540900149282343/1251740662982770688
122	85	4	8	1125177408885756375/7290137621211656486912
122	85	4	12	1125177408885756375/7290137621211656486912
122	85	6	8	1125177408885756375/7290137621211656486912
122	85	6	14	1125177408885756375/7290137621211656486912
122	85	11	12	1125177408885756375/7290137621211656486912
122	85	11	15	1125177408885756375/7290137621211656486912
122	85	13	14	1125177408885756375/7290137621211656486912
122	85	13	15	1125177408885756375/7290137621211656486912
122	86	2	6	1
122	86	2	8	1
122	86	3	13	1
122	86	3	14	1
122	86	5	11	1
122	86	5	14	1
122	86	6	11	1
122	86	7	10	1
122	86	7	13	1
122	86	8	10	1
122	87	2	6	2147/13780
122	87	2	8	-2451/13780
122	87	3	11	2147/13780
122	87	3	12	-2451/13780
122	87	5	10	4807/13780
122	87	5	12	893/13780
122	87	6	10	-1159/13780
122	87	7	9	4807/13780
122	87	7	11	-1159/13780
122	87	8	9	893/13780
122	88	2	6	2346861/467417600
122	88	2	8	75238537/6076428800
122	88	3	11	2346861/467417600
122	88	3	12	75238537/6076428800
122	88	5	10	622433673/6076428800
122	88	5	12	-91479927/6076428800
122	88	6	10	-5693331/467417600
122	88	7	9	622433673/6076428800
122	88	7	11	-5693331/467417600
122	88	8	9	-91479927/6076428800
122	89	2	6	-436887441359/83733188864000
122	89	2	8	389115987903/83733188864000
122	89	3	11	-436887441359/83733188864000
122	89	3	12	389115987903/83733188864000
122	89	5	10	1867217057981/83733188864000
122	89	5	12	-290650529681/83733188864000
122	89	6	10	356983465987/83733188864000
122	89	7	9	1867217057981/83733188864000
122	89	7	11	356983465987/83733188864000
122	89	8	9	-290650529681/83733188864000
122	90	2	6	-45836378494502017/39230673646561280000
122	90	2	8	-4850159032621509/3017744126658560000
122	90	3	11	-45836378494502017/39230673646561280000
122	90	3	12	-4850159032621509/3017744126658560000
122	90	5	10	70482133636693343/39230673646561280000
122	90	5	12	22724454034902143/39230673646561280000
122	90	6	10	10968030794036063/39230673646561280000
122	90	7	9	70482133636693343/39230673646561280000
122	90	7	11	10968030794036063/39230673646561280000
122	90	8	9	22724454034902143/39230673646561280000
122	91	2	6	96786339979206434841/540598682849614438400000
122	91	2	8	-13781417247878927913/540598682849614438400000
122	91	3	11	96786339979206434841/540598682849614438400000
122	91	3	12	-13781417247878927913/540598682849614438400000
122	91	5	10	-639003364241749007259/540598682849614438400000
122	91	5	12	155648866668854682759/540598682849614438400000
122	91	6	10	-178320572913028707237/540598682849614438400000
122	91	7	9	-639003364241749007259/540598682849614438400000
122	91	7	11	-178320572913028707237/540598682849614438400000
122	91	8	9	155648866668854682759/540598682849614438400000
122	92	1	4	1
122	92	1	6	1
122	92	2	4	1
122	92	2	6	1
122	93	1	4	513/1664
122	93	1	6	513/1664
122	93	2	4	-323/1664
122	93	2	6	-323/1664
122	94	1	4	1663849/22151168
122	94	1	6	1663849/22151168
122	94	2	4	393129/22151168
122	94	2	6	393129/22151168
122	95	1	4	400572459/36859543552
122	95	1	6	400572459/36859543552
122	95	2	4	158230271/36859543552
122	95	2	6	158230271/36859543552
122	96	1	4	-315685811091/260670691999744
122	96	1	6	-315685811091/260670691999744
122	96	2	4	-512108228711/260670691999744
122	96	2	6	-512108228711/260670691999744
122	97	1	4	-143815031516007/108439007871893504
122	97	1	6	-143815031516007/108439007871893504
122	97	2	4	298312979223/3189382584467456
122	97	2	6	298312979223/3189382584467456
122	98	2	7	1/4
122	98	2	12	1/4
122	98	3	6	1/4
122	98	3	11	1/4
122	98	5	11	1/4
122	98	5	12	1/4
122	98	6	10	1/4
122	98	7	10	1/4
122	99	2	7	-133/15600
122	99	2	11	-133/15600
122	99	3	6	-133/15600
122	99	3	10	-133/15600
122	99	5	10	-133/15600
122	99	5	11	-133/15600
122	99	6	9	-133/15600
122	99	7	9	-133/15600
122	100	2	7	-1163503/216320000
122	100	2	11	-1163503/216320000
122	100	3	6	-1163503/216320000
122	100	3	10	-1163503/216320000
122	100	5	10	-1163503/216320000
122	100	5	11	-1163503/216320000
122	100	6	9	-1163503/216320000
122	100	7	9	-1163503/216320000
122	101	2	7	4328708041/7592832000000
122	101	2	11	4328708041/7592832000000
122	101	3	6	4328708041/7592832000000
122	101	3	10	4328708041/7592832000000
122	101	5	10	4328708041/7592832000000
122	101	5	11	4328708041/7592832000000
122	101	6	9	4328708041/7592832000000
122	101	7	9	4328708041/7592832000000
122	102	2	7	325994914134623/1006809523200000000
122	102	2	11	325994914134623/1006809523200000000
122	102	3	6	325994914134623/1006809523200000000
122	102	3	10	325994914134623/1006809523200000000
122	102	5	10	325994914134623/1006809523200000000
122	102	5	11	325994914134623/1006809523200000000
122	102	6	9	325994914134623/1006809523200000000
122	102	7	9	325994914134623/1006809523200000000
122	103	2	7	-78087780981261653/1308852380160000000000
122	103	2	11	-78087780981261653/1308852380160000000000
122	103	3	6	-78087780981261653/1308852380160000000000
122	103	3	10	-78087780981261653/1308852380160000000000
122	103	5	10	-78087780981261653/1308852380160000000000
122	103	5	11	-78087780981261653/1308852380160000000000
122	103	6	9	-78087780981261653/1308852380160000000000
122	103	7	9	-78087780981261653/1308852380160000000000
123	56	10	16	1/2
123	56	10	17	1/2
123	56	14	16	1/2
123	56	14	17	1/2
123	57	8	14	95/1264
123	57	8	15	95/1264
123	57	12	14	95/1264
123	57	12	15	95/1264
123	58	8	14	12331399/4320169984
123	58	8	15	12331399/4320169984
123	58	12	14	12331399/4320169984
123	58	12	15	12331399/4320169984
123	59	8	14	-5758919285/2730347429888
123	59	8	15	-5758919285/2730347429888
123	59	12	14	-5758919285/2730347429888
123	59	12	15	-5758919285/2730347429888
123	60	8	14	-4826817059511097/9915180241910235136
123	60	8	15	-4826817059511097/9915180241910235136
123	60	12	14	-4826817059511097/9915180241910235136
123	60	12	15	-4826817059511097/9915180241910235136
123	61	8	14	339415463884363925/6266393912887268605952
123	61	8	15	339415463884363925/6266393912887268605952
123	61	12	14	339415463884363925/6266393912887268605952
123	61	12	15	339415463884363925/6266393912887268605952
123	62	11	13	1
123	62	11	16	1
123	62	12	16	1
123	62	12	18	1
123	62	13	15	1
123	62	15	18	1
123	63	10	12	1843/15028
123	63	10	14	1843/15028
123	63	11	14	12521/45084
123	63	11	16	-2299/15028
123	63	12	13	12521/45084
123	63	13	16	-2299/15028
123	64	10	12	-24744023/7226905088
123	64	10	14	-24744023/7226905088
123	64	11	14	293529461/5003241984
123	64	11	16	35696041/7226905088
123	64	12	13	293529461/5003241984
123	64	13	16	35696041/7226905088
123	65	10	12	-537451246015/108605929662464
123	65	10	14	-537451246015/108605929662464
123	65	11	14	17704953873355/2932360100886528
123	65	11	16	531477166759/108605929662464
123	65	12	13	17704953873355/2932360100886528
123	65	13	16	531477166759/108605929662464
123	66	10	12	-1558347562201265/3264259821935017984
123	66	10	14	-1558347562201265/3264259821935017984
123	66	11	14	-431779423516430465/264405045576736456704
123	66	11	16	-271785255184373/251096909379616768
123	66	12	13	-431779423516430465/264405045576736456704
123	66	13	16	-271785255184373/251096909379616768
123	67	10	12	13609173567651703097/49055296604039450263552
123	67	10	14	13609173567651703097/49055296604039450263552
123	67	11	14	-11518604355969478568821/11920437074781586414043136
123	67	11	16	-7800869417712721361/49055296604039450263552
123	67	12	13	-11518604355969478568821/11920437074781586414043136
123	67	13	16	-7800869417712721361/49055296604039450263552
123	68	2	13	1/3
123	68	2	16	1/3
123	68	3	13	1/3
123	68	3	17	1/3
123	68	5	16	1/3
123	68	5	17	1/3
123	69	2	12	57/728
123	69	2	14	57/728
123	69	3	12	57/728
123	69	3	15	57/728
123	69	5	14	57/728
123	69	5	15	57/728
123	70	2	12	5189375/457906176
123	70	2	14	5189375/457906176
123	70	3	12	5189375/457906176
123	70	3	15	5189375/457906176
123	70	5	14	5189375/457906176
123	70	5	15	5189375/457906176
123	71	2	12	-8073043/12346507264
123	71	2	14	-8073043/12346507264
123	71	3	12	-8073043/12346507264
123	71	3	15	-8073043/12346507264
123	71	5	14	-8073043/12346507264
123	71	5	15	-8073043/12346507264
123	72	2	12	-22275243466691/24753660571680768
123	72	2	14	-22275243466691/24753660571680768
123	72	3	12	-22275243466691/24753660571680768
123	72	3	15	-22275243466691/24753660571680768
123	72	5	14	-22275243466691/24753660571680768
123	72	5	15	-22275243466691/24753660571680768
123	73	2	12	-361955852212021/2002296099575955456
123	73	2	14	-361955852212021/2002296099575955456
123	73	3	12	-361955852212021/2002296099575955456
123	73	3	15	-361955852212021/2002296099575955456
123	73	5	14	-361955852212021/2002296099575955456
123	73	5	15	-361955852212021/2002296099575955456
123	74	4	9	1/3
123	74	4	13	1/3
123	74	6	9	1/3
123	74	6	15	1/3
123	74	10	13	1/3
123	74	10	15	1/3
123	75	3	8	5111/67080
123	75	3	12	5111/67080
123	75	5	8	5111/67080
123	75	5	14	5111/67080
123	75	9	12	5111/67080
123	75	9	14	5111/67080
123	76	3	8	538105517/47997081600
123	76	3	12	538105517/47997081600
123	76	5	8	538105517/47997081600
123	76	5	14	538105517/47997081600
123	76	9	12	538105517/47997081600
123	76	9	14	538105517/47997081600
123	77	3	8	-293943796223/1073214744576000
123	77	3	12	-293943796223/1073214744576000
123	77	5	8	-293943796223/1073214744576000
123	77	5	14	-293943796223/1073214744576000
123	77	9	12	-293943796223/1073214744576000
123	77	9	14	-293943796223/1073214744576000
123	78	3	8	-578514126842381737/815900777416458240000
123	78	3	12	-578514126842381737/815900777416458240000
123	78	5	8	-578514126842381737/815900777416458240000
123	78	5	14	-578514126842381737/815900777416458240000
123	78	9	12	-578514126842381737/815900777416458240000
123	78	9	14	-578514126842381737/815900777416458240000
123	79	3	8	-2924715950942157603587/18243541383032006246400000
123	79	3	12	-2924715950942157603587/18243541383032006246400000
123	79	5	8	-2924715950942157603587/18243541383032006246400000
123	79	5	14	-2924715950942157603587/18243541383032006246400000
123	79	9	12	-2924715950942157603587/18243541383032006246400000
123	79	9	14	-2924715950942157603587/18243541383032006246400000
123	86	5	16	1
123	86	5	18	1
123	86	10	17	1
123	86	10	18	1
123	86	15	16	1
123	86	15	17	1
123	87	5	14	2869/13780
123	87	5	16	-209/2756
123	87	9	15	2869/13780
123	87	9	16	-209/2756
123	87	13	14	-1615/8268
123	87	13	15	-1615/8268
123	88	5	14	141041617/6076428800
123	88	5	16	-17482147/1215285760
123	88	9	15	141041617/6076428800
123	88	9	16	-17482147/1215285760
123	88	13	14	197076037/10937571840
123	88	13	15	197076037/10937571840
123	89	5	14	-297427660657/83733188864000
123	89	5	16	13882691449/3349327554560
123	89	9	15	-297427660657/83733188864000
123	89	9	16	13882691449/3349327554560
123	89	13	14	78619456147/18086368794624
123	89	13	15	78619456147/18086368794624
123	90	5	14	-86827314749304817/39230673646561280000
123	90	5	16	758102769551207/1569226945862451200
123	90	9	15	-86827314749304817/39230673646561280000
123	90	9	16	758102769551207/1569226945862451200
123	90	13	14	-255369977041864393/127107382614858547200
123	90	13	15	-255369977041864393/127107382614858547200
123	91	5	14	-126655488172638224513/540598682849614438400000
123	91	5	16	-301681319790034063/864957892559383101440
123	91	9	15	-126655488172638224513/540598682849614438400000
123	91	9	16	-301681319790034063/864957892559383101440
123	91	13	14	242889684825702467/2472761975199177572352
123	91	13	15	242889684825702467/2472761975199177572352
123	92	1	13	1
123	92	1	15	1
123	92	3	12	1
123	92	3	13	1
123	92	5	14	1
123	92	5	15	1
123	92	7	12	1
123	92	7	14	1
123	93	1	12	3173/9984
123	93	1	14	3173/9984
123	93	3	11	323/1664
123	93	3	12	-779/4992
123	93	5	13	323/1664
123	93	5	14	-779/4992
123	93	7	11	-19/256
123	93	7	13	-19/256
123	94	1	12	15980387/199360512
123	94	1	14	15980387/199360512
123	94	3	11	372913/22151168
123	94	3	12	53789/15335424
123	94	5	13	372913/22151168
123	94	5	14	53789/15335424
123	94	7	11	-339701/22151168
123	94	7	13	-339701/22151168
123	95	1	12	24335148985/1990415351808
123	95	1	14	24335148985/1990415351808
123	95	3	11	-177819575/36859543552
123	95	3	12	5929502615/995207675904
123	95	5	13	-177819575/36859543552
123	95	5	14	5929502615/995207675904
123	95	7	11	23999641/5670699008
123	95	7	13	23999641/5670699008
123	96	1	12	-1954776555305/1624178927075328
123	96	1	14	-1954776555305/1624178927075328
123	96	3	11	-41423181455/20051591692288
123	96	3	12	-25880996693015/21114326051979264
123	96	5	13	-41423181455/20051591692288
123	96	5	14	-25880996693015/21114326051979264
123	96	7	11	148108643611/260670691999744
123	96	7	13	148108643611/260670691999744
123	97	1	12	-1264271119339749967/843221725211843887104
123	97	1	14	-1264271119339749967/843221725211843887104
123	97	3	11	-371907593701/6378765168934912
123	97	3	12	-3394255458785647/13175339456435060736
123	97	5	13	-371907593701/6378765168934912
123	97	5	14	-3394255458785647/13175339456435060736
123	97	7	11	-99369767582519/266926788607737856
123	97	7	13	-99369767582519/266926788607737856
123	104	2	6	1/2
123	104	2	10	1/2
123	104	3	7	1/2
123	104	3	11	1/2
123	104	5	10	1/2
123	104	5	11	1/2
123	104	6	9	1/2
123	104	7	9	1/2
123	105	2	6	-3097/38064
123	105	2	10	-3097/38064
123	105	3	7	-3097/38064
123	105	3	11	-3097/38064
123	105	5	10	19/12688
123	105	5	11	19/12688
123	105	6	9	19/12688
123	105	7	9	19/12688
123	106	2	6	53441357/23181889536
123	106	2	10	53441357/23181889536
123	106	3	7	53441357/23181889536
123	106	3	11	53441357/23181889536
123	106	5	10	-2165639/198135808
123	106	5	11	-2165639/198135808
123	106	6	9	-2165639/198135808
123	106	7	9	-2165639/198135808
123	107	2	6	1404570347185/441197721649152
123	107	2	10	1404570347185/441197721649152
123	107	3	7	1404570347185/441197721649152
123	107	3	11	1404570347185/441197721649152
123	107	5	10	-1605177475/16340656357376
123	107	5	11	-1605177475/16340656357376
123	107	6	9	-1605177475/16340656357376
123	107	7	9	-1605177475/16340656357376
123	108	2	6	-203125588937276905/285493751306506469376
123	108	2	10	-203125588937276905/285493751306506469376
123	108	3	7	-203125588937276905/285493751306506469376
123	108	3	11	-203125588937276905/285493751306506469376
123	108	5	10	2377703816382695/3524614213660573696
123	108	5	11	2377703816382695/3524614213660573696
123	108	6	9	2377703816382695/3524614213660573696
123	108	7	9	2377703816382695/3524614213660573696
123	109	2	6	-734825929430361742451/5433517074865431125164032
123	109	2	10	-734825929430361742451/5433517074865431125164032
123	109	3	7	-734825929430361742451/5433517074865431125164032
123	109	3	11	-734825929430361742451/5433517074865431125164032
123	109	5	10	226013216062532257/22360152571462679527424
123	109	5	11	226013216062532257/22360152571462679527424
123	109	6	9	226013216062532257/22360152571462679527424
123	109	7	9	226013216062532257/22360152571462679527424
124	56	16	18	1
124	56	17	18	1
124	57	14	16	-95/316
124	57	15	16	-95/316
124	58	14	16	41477817/540021248
124	58	15	16	41477817/540021248
124	59	14	16	-2547809845/170646714368
124	59	15	16	-2547809845/170646714368
124	60	14	16	411678790582367/309849382559694848
124	60	15	16	411678790582367/309849382559694848
124	61	14	16	44082019776870675/97912404888863571968
124	61	15	16	44082019776870675/97912404888863571968
124	62	9	12	2
124	62	9	15	2
124	63	8	11	2299/3757
124	63	8	13	2299/3757
124	64	8	11	142320279/903363136
124	64	8	13	142320279/903363136
124	65	8	11	203910202727/6787870603904
124	65	8	13	203910202727/6787870603904
124	66	8	11	214155545219959/102008119435469312
124	66	8	13	214155545219959/102008119435469312
124	67	8	11	-947411489089389159/766489009438116410368
124	67	8	13	-947411489089389159/766489009438116410368
124	68	4	10	2/3
124	68	4	12	2/3
124	68	6	10	2/3
124	68	6	15	2/3
124	68	7	12	2/3
124	68	7	15	2/3
124	69	4	10	323/1638
124	69	4	11	323/1638
124	69	6	10	323/1638
124	69	6	13	323/1638
124	69	7	11	323/1638
124	69	7	13	323/1638
124	70	4	10	68951/1467648
124	70	4	11	68951/1467648
124	70	6	10	68951/1467648
124	70	6	13	68951/1467648
124	70	7	11	68951/1467648
124	70	7	13	68951/1467648
124	71	4	10	449038153/62504193024
124	71	4	11	449038153/62504193024
124	71	6	10	449038153/62504193024
124	71	6	13	449038153/62504193024
124	71	7	11	449038153/62504193024
124	71	7	13	449038153/62504193024
124	72	4	10	-714392745553/2320655678595072
124	72	4	11	-714392745553/2320655678595072
124	72	6	10	-714392745553/2320655678595072
124	72	6	13	-714392745553/2320655678595072
124	72	7	11	-714392745553/2320655678595072
124	72	7	13	-714392745553/2320655678595072
124	73	4	10	-30829807128941/49689333353447424
124	73	4	11	-30829807128941/49689333353447424
124	73	6	10	-30829807128941/49689333353447424
124	73	6	13	-30829807128941/49689333353447424
124	73	7	11	-30829807128941/49689333353447424
124	73	7	13	-30829807128941/49689333353447424
124	74	4	15	2/3
124	74	6	13	2/3
124	74	9	10	2/3
124	75	3	14	2299/8385
124	75	5	12	2299/8385
124	75	8	9	2299/8385
124	76	3	14	616690163/5999635200
124	76	5	12	616690163/5999635200
124	76	8	9	616690163/5999635200
124	77	3	14	1142621008067/33537960768000
124	77	5	12	1142621008067/33537960768000
124	77	8	9	1142621008067/33537960768000
124	78	3	14	18381173245569911/1961299945712640000
124	78	5	12	18381173245569911/1961299945712640000
124	78	8	9	18381173245569911/1961299945712640000
124	79	3	14	252586613665992503117/142527667054937548800000
124	79	5	12	252586613665992503117/142527667054937548800000
124	79	8	9	252586613665992503117/142527667054937548800000
124	86	6	6	1
124	86	6	16	2
124	86	13	13	1
124	86	13	17	2
124	87	6	6	-38/3445
124	87	6	14	-133/265
124	87	11	11	-38/3445
124	87	11	15	-133/265
124	88	6	6	-24401073/1519107200
124	88	6	14	71076207/759553600
124	88	11	11	-24401073/1519107200
124	88	11	15	71076207/759553600
124	89	6	6	1397884777/2616662152000
124	89	6	14	-2913284801/402563408000
124	89	11	11	1397884777/2616662152000
124	89	11	15	-2913284801/402563408000
124	90	6	6	1784466801849443/2451917102910080000
124	90	6	14	-3457022609711017/1225958551455040000
124	90	11	11	1784466801849443/2451917102910080000
124	90	11	15	-3457022609711017/1225958551455040000
124	91	6	6	-171356333303745597/4223427209762612800000
124	91	6	14	824488972137452601/649758032271171200000
124	91	11	11	-171356333303745597/4223427209762612800000
124	91	11	15	824488972137452601/649758032271171200000
124	92	1	8	2
124	92	7	9	2
124	92	8	9	2
124	93	1	8	1121/1664
124	93	7	9	323/416
124	93	8	9	95/416
124	94	1	8	1071087/5537792
124	94	7	9	741855/2768896
124	94	8	9	-20577/2768896
124	95	1	8	784676459/18429771776
124	95	7	9	179685223/2303721472
124	95	8	9	-19582445/2303721472
124	96	1	8	4714320081317/1042682767998976
124	96	7	9	68081384573/4072979562496
124	96	8	9	-2835393997/4072979562496
124	97	1	8	-390707199555471/266926788607737856
124	97	7	9	441931673421/398672823058432
124	97	8	9	231948573825/521341383999488
124	98	2	8	1/2
124	98	2	13	1/2
124	98	3	8	1/2
124	98	3	13	1/2
124	98	5	15	1/2
124	98	5	17	1/2
124	98	10	15	1/2
124	98	10	17	1/2
124	99	2	8	-361/3900
124	99	2	12	-361/3900
124	99	3	8	-361/3900
124	99	3	12	-361/3900
124	99	5	14	-361/3900
124	99	5	15	-361/3900
124	99	9	14	-361/3900
124	99	9	15	-361/3900
124	100	2	8	616949/81120000
124	100	2	12	616949/81120000
124	100	3	8	616949/81120000
124	100	3	12	616949/81120000
124	100	5	14	616949/81120000
124	100	5	15	616949/81120000
124	100	9	14	616949/81120000
124	100	9	15	616949/81120000
124	101	2	8	1006469083/474552000000
124	101	2	12	1006469083/474552000000
124	101	3	8	1006469083/474552000000
124	101	3	12	1006469083/474552000000
124	101	5	14	1006469083/474552000000
124	101	5	15	1006469083/474552000000
124	101	9	14	1006469083/474552000000
124	101	9	15	1006469083/474552000000
124	102	2	8	-27045722646217/31462797600000000
124	102	2	12	-27045722646217/31462797600000000
124	102	3	8	-27045722646217/31462797600000000
124	102	3	12	-27045722646217/31462797600000000
124	102	5	14	-27045722646217/31462797600000000
124	102	5	15	-27045722646217/31462797600000000
124	102	9	14	-27045722646217/31462797600000000
124	102	9	15	-27045722646217/31462797600000000
124	103	2	8	33301097544683/1573139880000000000
124	103	2	12	33301097544683/1573139880000000000
124	103	3	8	33301097544683/1573139880000000000
124	103	3	12	33301097544683/1573139880000000000
124	103	5	14	33301097544683/1573139880000000000
124	103	5	15	33301097544683/1573139880000000000
124	103	9	14	33301097544683/1573139880000000000
124	103	9	15	33301097544683/1573139880000000000
124	104	2	4	1
124	104	3	4	1
124	105	2	4	-361/1586
124	105	3	4	-361/1586
124	106	2	4	11021691/321970688
124	106	3	4	11021691/321970688
124	107	2	4	107254183/510645511168
124	107	3	4	107254183/510645511168
124	108	2	4	-210095044944037/110144194176892928
124	108	3	4	-210095044944037/110144194176892928
124	109	2	4	6302798260628229/13437591689580937216
124	109	3	4	6302798260628229/13437591689580937216
125	56	16	18	1
125	56	17	18	1
125	57	14	16	133/2054
125	57	15	16	133/2054
125	58	14	16	-1629915/135005312
125	58	15	16	-1629915/135005312
125	59	14	16	-800904853/277300910848
125	59	15	16	-800904853/277300910848
125	60	14	16	6882941017127/19365586409980928
125	60	15	16	6882941017127/19365586409980928
125	61	14	16	7909130419676199/39776914486100826112
125	61	15	16	7909130419676199/39776914486100826112
125	62	12	18	2
125	62	15	18	2
125	63	11	16	1596/3757
125	63	13	16	1596/3757
125	64	11	16	12344395/225840784
125	64	13	16	12344395/225840784
125	65	11	16	-1485186129/424241912744
125	65	13	16	-1485186129/424241912744
125	66	11	16	-24046235222709/6375507464716832
125	66	13	16	-24046235222709/6375507464716832
125	67	11	16	-7747695103689639/11976390772470568912
125	67	13	16	-7747695103689639/11976390772470568912
125	68	10	13	2/3
125	68	10	16	2/3
125	68	12	13	2/3
125	68	12	17	2/3
125	68	15	16	2/3
125	68	15	17	2/3
125	69	10	12	95/819
125	69	10	14	95/819
125	69	11	12	95/819
125	69	11	15	95/819
125	69	13	14	95/819
125	69	13	15	95/819
125	70	10	12	10469/1589952
125	70	10	14	10469/1589952
125	70	11	12	10469/1589952
125	70	11	15	10469/1589952
125	70	13	14	10469/1589952
125	70	13	15	10469/1589952
125	71	10	12	-28019015/7813024128
125	71	10	14	-28019015/7813024128
125	71	11	12	-28019015/7813024128
125	71	11	15	-28019015/7813024128
125	71	13	14	-28019015/7813024128
125	71	13	15	-28019015/7813024128
125	72	10	12	-156038155177/145040979912192
125	72	10	14	-156038155177/145040979912192
125	72	11	12	-156038155177/145040979912192
125	72	11	15	-156038155177/145040979912192
125	72	13	14	-156038155177/145040979912192
125	72	13	15	-156038155177/145040979912192
125	73	10	12	1883135191975/26397458344018944
125	73	10	14	1883135191975/26397458344018944
125	73	11	12	1883135191975/26397458344018944
125	73	11	15	1883135191975/26397458344018944
125	73	13	14	1883135191975/26397458344018944
125	73	13	15	1883135191975/26397458344018944
125	74	4	17	2/3
125	74	6	17	2/3
125	74	10	17	2/3
125	75	3	16	532/2795
125	75	5	16	532/2795
125	75	9	16	532/2795
125	76	3	16	21193949/499969600
125	76	5	16	21193949/499969600
125	76	9	16	21193949/499969600
125	77	3	16	3687254361/698707516000
125	77	5	16	3687254361/698707516000
125	77	9	16	3687254361/698707516000
125	78	3	16	-430960787567919/531185401963840000
125	78	5	16	-430960787567919/531185401963840000
125	78	9	16	-430960787567919/531185401963840000
125	79	3	16	-484981476791164101/742331599244466400000
125	79	5	16	-484981476791164101/742331599244466400000
125	79	9	16	-484981476791164101/742331599244466400000
125	92	1	17	2
125	92	9	16	2
125	92	9	17	2
125	92	12	12	1
125	92	12	16	2
125	92	14	14	1
125	92	14	16	2
125	93	1	16	133/192
125	93	9	15	95/208
125	93	9	16	-19/208
125	93	11	11	19/256
125	93	11	15	-323/832
125	93	13	13	19/256
125	93	13	15	-323/832
125	94	1	16	2489095/12460032
125	94	9	15	44403/692224
125	94	9	16	-24909/692224
125	94	11	11	-161367/11075584
125	94	11	15	48735/1384448
125	94	13	13	-161367/11075584
125	94	13	15	48735/1384448
125	95	1	16	197957599/4784652288
125	95	9	15	-1063145/287965184
125	95	9	16	1529557/287965184
125	95	11	11	-11516261/2835349504
125	95	11	15	20172319/2303721472
125	95	13	13	-11516261/2835349504
125	95	13	15	20172319/2303721472
125	96	1	16	11374496766773/5278581512994816
125	96	9	15	-4821877/994379776
125	96	9	16	226888861/127280611328
125	96	11	11	1053100152257/2085365535997952
125	96	11	15	-258216335227/65167672999936
125	96	13	13	1053100152257/2085365535997952
125	96	13	15	-258216335227/65167672999936
125	97	1	16	-5621960249475199/2026975300990009344
125	97	9	15	-199264067025/211794937249792
125	97	9	16	-102087085671/211794937249792
125	97	11	11	182877979244403/533853577215475712
125	97	11	15	1124948725977/6378765168934912
125	97	13	13	182877979244403/533853577215475712
125	97	13	15	1124948725977/6378765168934912
125	104	5	14	1
125	104	5	16	1
125	104	9	14	1
125	104	9	16	1
125	105	5	14	-114/793
125	105	5	15	-114/793
125	105	9	14	-114/793
125	105	9	15	-114/793
125	106	5	14	-32129/80492672
125	106	5	15	-32129/80492672
125	106	9	14	-32129/80492672
125	106	9	15	-32129/80492672
125	107	5	14	195131691/31915344448
125	107	5	15	195131691/31915344448
125	107	9	14	195131691/31915344448
125	107	9	15	195131691/31915344448
125	108	5	14	-6416077763517/6884012136055808
125	108	5	15	-6416077763517/6884012136055808
125	108	9	14	-6416077763517/6884012136055808
125	108	9	15	-6416077763517/6884012136055808
125	109	5	14	-917563918390551/2729510811946127872
125	109	5	15	-917563918390551/2729510811946127872
125	109	9	14	-917563918390551/2729510811946127872
125	109	9	15	-917563918390551/2729510811946127872
125	110	2	4	1/6
125	110	2	6	1/6
125	110	2	10	1/6
125	110	3	4	1/6
125	110	3	7	1/6
125	110	3	11	1/6
125	110	5	6	1/6
125	110	5	7	1/6
125	110	5	13	1/6
125	110	9	10	1/6
125	110	9	11	1/6
125	110	9	13	1/6
125	111	2	4	-19/611
125	111	2	6	-19/611
125	111	2	10	-19/611
125	111	3	4	-19/611
125	111	3	7	-19/611
125	111	3	11	-19/611
125	111	5	6	-19/611
125	111	5	7	-19/611
125	111	5	13	-19/611
125	111	9	10	-19/611
125	111	9	11	-19/611
125	111	9	13	-19/611
125	112	2	4	911525/382280704
125	112	2	6	911525/382280704
125	112	2	10	911525/382280704
125	112	3	4	911525/382280704
125	112	3	7	911525/382280704
125	112	3	11	911525/382280704
125	112	5	6	911525/382280704
125	112	5	7	911525/382280704
125	112	5	13	911525/382280704
125	112	9	10	911525/382280704
125	112	9	11	911525/382280704
125	112	9	13	911525/382280704
125	113	2	4	96979401/116786755072
125	113	2	6	96979401/116786755072
125	113	2	10	96979401/116786755072
125	113	3	4	96979401/116786755072
125	113	3	7	96979401/116786755072
125	113	3	11	96979401/116786755072
125	113	5	6	96979401/116786755072
125	113	5	7	96979401/116786755072
125	113	5	13	96979401/116786755072
125	113	9	10	96979401/116786755072
125	113	9	11	96979401/116786755072
125	113	9	13	96979401/116786755072
125	114	2	4	-24376338576351/77636097595703296
125	114	2	6	-24376338576351/77636097595703296
125	114	2	10	-24376338576351/77636097595703296
125	114	3	4	-24376338576351/77636097595703296
125	114	3	7	-24376338576351/77636097595703296
125	114	3	11	-24376338576351/77636097595703296
125	114	5	6	-24376338576351/77636097595703296
125	114	5	7	-24376338576351/77636097595703296
125	114	5	13	-24376338576351/77636097595703296
125	114	9	10	-24376338576351/77636097595703296
125	114	9	11	-24376338576351/77636097595703296
125	114	9	13	-24376338576351/77636097595703296
125	115	2	4	-7067140628157/23717827815487356928
125	115	2	6	-7067140628157/23717827815487356928
125	115	2	10	-7067140628157/23717827815487356928
125	115	3	4	-7067140628157/23717827815487356928
125	115	3	7	-7067140628157/23717827815487356928
125	115	3	11	-7067140628157/23717827815487356928
125	115	5	6	-7067140628157/23717827815487356928
125	115	5	7	-7067140628157/23717827815487356928
125	115	5	13	-7067140628157/23717827815487356928
125	115	9	10	-7067140628157/23717827815487356928
125	115	9	11	-7067140628157/23717827815487356928
125	115	9	13	-7067140628157/23717827815487356928
126	56	5	5	4
126	57	4	4	-1064/1027
126	58	4	4	25532447/135005312
126	59	4	4	-551045201/69325227712
126	60	4	4	-732347001565117/77462345639923712
126	61	4	4	133857250422915061/39776914486100826112
126	62	2	8	16
126	63	2	7	-2280/3757
126	64	2	7	-36524175/112920392
126	65	2	7	32709713625/848483825488
126	66	2	7	17877027526875/980847302264128
126	67	2	7	-366917457221634375/95811126179764551296
126	80	2	11	4
126	80	3	5	4
126	81	2	9	3933/2912
126	81	3	5	3933/2912
126	82	2	9	6312807/16959488
126	82	3	5	6312807/16959488
126	83	2	9	3411810639/49386029056
126	83	3	5	3411810639/49386029056
126	84	2	9	-29854408136193/78233791436423168
126	84	3	5	-29854408136193/78233791436423168
126	85	2	9	-5775299582252920569/911267202651457060864
126	85	3	5	-5775299582252920569/911267202651457060864
126	98	1	1	2
126	99	1	1	19/39
126	100	1	1	6137/97344
126	101	1	1	-6859/584064
126	102	1	1	-169026337/20136190464
126	103	1	1	-121328851/120817142784
127	56	5	5	2
127	57	4	4	437/2054
127	58	4	4	-690593/33751328
127	59	4	4	-9307663/820416896
127	60	4	4	-13697128063/284788035440896
127	61	4	4	81260015289943/89993019199323136
127	62	2	17	8
127	63	2	15	-760/3757
127	64	2	15	-398183/2171546
127	65	2	15	1502704015/106060478186
127	66	2	15	4709186997769/398469216544802
127	67	2	15	-2327606662042775/1497048846558821114
127	74	2	8	8/3
127	74	2	12	8/3
127	74	2	14	8/3
127	75	2	7	-76/559
127	75	2	11	-76/559
127	75	2	13	-76/559
127	76	2	7	-705033/12499240
127	76	2	11	-705033/12499240
127	76	2	13	-705033/12499240
127	77	2	7	130437603/13974150320
127	77	2	11	130437603/13974150320
127	77	2	13	130437603/13974150320
127	78	2	7	256049878923/78115500288800
127	78	2	11	256049878923/78115500288800
127	78	2	13	256049878923/78115500288800
127	79	2	7	-17462908570311/17466625864575680
127	79	2	11	-17462908570311/17466625864575680
127	79	2	13	-17462908570311/17466625864575680
127	80	2	12	2
127	80	3	7	2
127	80	5	7	2
127	80	7	7	1
127	80	11	12	2
127	80	12	12	1
127	81	2	10	1311/2912
127	81	3	7	1311/2912
127	81	5	7	1311/2912
127	81	7	7	-627/2912
127	81	9	10	1311/2912
127	81	10	10	-627/2912
127	82	2	10	945459/16959488
127	82	3	7	945459/16959488
127	82	5	7	945459/16959488
127	82	7	7	399627/16959488
127	82	9	10	945459/16959488
127	82	10	10	399627/16959488
127	83	2	10	-787996215/98772058112
127	83	3	7	-787996215/98772058112
127	83	5	7	-787996215/98772058112
127	83	7	7	234269145/49386029056
127	83	9	10	-787996215/98772058112
127	83	10	10	234269145/49386029056
127	84	2	10	-3331843375635/575248466444288
127	84	3	7	-3331843375635/575248466444288
127	84	5	7	-3331843375635/575248466444288
127	84	7	7	-1530620145/561766080512
127	84	9	10	-3331843375635/575248466444288
127	84	10	10	-1530620145/561766080512
127	85	2	10	-2484071818407189/3350247068571533312
127	85	3	7	-2484071818407189/3350247068571533312
127	85	5	7	-2484071818407189/3350247068571533312
127	85	7	7	24402824755749/104695220892860416
127	85	9	10	-2484071818407189/3350247068571533312
127	85	10	10	24402824755749/104695220892860416
127	104	1	1	2
127	105	1	1	779/1586
127	106	1	1	1304293/20123168
127	107	1	1	-733700371/63830688896
127	108	1	1	-862903950733/101235472589056
127	109	1	1	-346898406965537/321118919052485632
128	56	5	10	1
128	56	5	14	1
128	57	4	8	-2033/8216
128	57	4	12	-2033/8216
128	58	4	8	96011199/2160084992
128	58	4	12	96011199/2160084992
128	59	4	8	-47807826733/17747258294272
128	59	4	12	-47807826733/17747258294272
128	60	4	8	-8034856680971593/4957590120955117568
128	60	4	12	-8034856680971593/4957590120955117568
128	61	4	8	25703136170092276341/40731560433767245938688
128	61	4	12	25703136170092276341/40731560433767245938688
128	62	2	8	2
128	62	2	9	2
128	62	5	5	1
128	62	5	8	2
128	62	7	7	1
128	62	7	8	2
128	62	8	11	2
128	63	2	7	4921/7514
128	63	2	8	-1957/7514
128	63	4	4	-12635/45084
128	63	4	7	-2679/7514
128	63	6	6	-12635/45084
128	63	6	7	-2679/7514
128	63	7	10	1121/7514
128	64	2	7	642317553/3613452544
128	64	2	8	-10046991/3613452544
128	64	4	4	3915163769/65042145792
128	64	4	7	97063153/3613452544
128	64	6	6	3915163769/65042145792
128	64	6	7	97063153/3613452544
128	64	7	10	-92389647/3613452544
128	65	2	7	1855774229435/54302964831232
128	65	2	8	538666811713/54302964831232
128	65	4	4	-19310385199945/2932360100886528
128	65	4	7	450450181035/54302964831232
128	65	6	6	-19310385199945/2932360100886528
128	65	6	7	450450181035/54302964831232
128	65	7	10	-400862834765/54302964831232
128	66	2	7	2100715971335935/1632129910967508992
128	66	2	8	-2052478335286049/1632129910967508992
128	66	4	4	-403816302048590801/264405045576736456704
128	66	4	7	-5020717818952065/1632129910967508992
128	66	6	6	-403816302048590801/264405045576736456704
128	66	6	7	-5020717818952065/1632129910967508992
128	66	7	10	1204406708351935/1632129910967508992
128	67	2	7	-54999687281914729221/24527648302019725131776
128	67	2	8	-12322281546733227423/24527648302019725131776
128	67	4	4	11657480822146835088175/11920437074781586414043136
128	67	4	7	596031168071740779/24527648302019725131776
128	67	6	6	11657480822146835088175/11920437074781586414043136
128	67	6	7	596031168071740779/24527648302019725131776
128	67	7	10	13769360031210505779/24527648302019725131776
128	68	2	7	2/3
128	68	3	6	2/3
128	68	4	5	2/3
128	69	2	7	-38/819
128	69	3	6	-38/819
128	69	4	5	-38/819
128	70	2	7	-274721/25439232
128	70	3	6	-274721/25439232
128	70	4	5	-274721/25439232
128	71	2	7	169026337/62504193024
128	71	3	6	169026337/62504193024
128	71	4	5	169026337/62504193024
128	72	2	7	16390086810803/37130490857521152
128	72	3	6	16390086810803/37130490857521152
128	72	4	5	16390086810803/37130490857521152
128	73	2	7	-823886338422479/3378874668034424832
128	73	3	6	-823886338422479/3378874668034424832
128	73	4	5	-823886338422479/3378874668034424832
128	80	2	14	1/2
128	80	2	16	1/2
128	80	3	6	1/2
128	80	3	16	1/2
128	80	4	5	1/2
128	80	4	11	1/2
128	80	5	14	1/2
128	80	6	11	1/2
128	81	2	11	2109/11648
128	81	2	13	2109/11648
128	81	3	6	2109/11648
128	81	3	13	2109/11648
128	81	4	5	2109/11648
128	81	4	9	2109/11648
128	81	5	11	2109/11648
128	81	6	9	2109/11648
128	82	2	11	61530645/1085407232
128	82	2	13	61530645/1085407232
128	82	3	6	61530645/1085407232
128	82	3	13	61530645/1085407232
128	82	4	5	61530645/1085407232
128	82	4	9	61530645/1085407232
128	82	5	11	61530645/1085407232
128	82	6	9	61530645/1085407232
128	83	2	11	89125797987/6321411719168
128	83	2	13	89125797987/6321411719168
128	83	3	6	89125797987/6321411719168
128	83	3	13	89125797987/6321411719168
128	83	4	5	89125797987/6321411719168
128	83	4	9	89125797987/6321411719168
128	83	5	11	89125797987/6321411719168
128	83	6	9	89125797987/6321411719168
128	84	2	11	1288228672252233/625870331491385344
128	84	2	13	1288228672252233/625870331491385344
128	84	3	6	1288228672252233/625870331491385344
128	84	3	13	1288228672252233/625870331491385344
128	84	4	5	1288228672252233/625870331491385344
128	84	4	9	1288228672252233/625870331491385344
128	84	5	11	1288228672252233/625870331491385344
128	84	6	9	1288228672252233/625870331491385344
128	85	2	11	-1079739283004425467/3645068810605828243456
128	85	2	13	-1079739283004425467/3645068810605828243456
128	85	3	6	-1079739283004425467/3645068810605828243456
128	85	3	13	-1079739283004425467/3645068810605828243456
128	85	4	5	-1079739283004425467/3645068810605828243456
128	85	4	9	-1079739283004425467/3645068810605828243456
128	85	5	11	-1079739283004425467/3645068810605828243456
128	85	6	9	-1079739283004425467/3645068810605828243456
128	86	2	10	2
128	86	2	13	2
128	86	3	5	2
128	86	3	6	2
128	87	2	9	4731/6890
128	87	2	11	133/6890
128	87	3	5	4731/6890
128	87	3	6	133/6890
128	88	2	9	45741949/233708800
128	88	2	11	-121024167/3038214400
128	88	3	5	45741949/233708800
128	88	3	6	-121024167/3038214400
128	89	2	9	1662780475017/41866594432000
128	89	2	11	-48439211401/41866594432000
128	89	3	5	1662780475017/41866594432000
128	89	3	6	-48439211401/41866594432000
128	90	2	9	34226870887466463/19615336823280640000
128	90	2	11	3378008960564891/1508872063329280000
128	90	3	5	34226870887466463/19615336823280640000
128	90	3	6	3378008960564891/1508872063329280000
128	91	2	9	-749786442562280130687/270299341424807219200000
128	91	2	11	29397225546419685759/270299341424807219200000
128	91	3	5	-749786442562280130687/270299341424807219200000
128	91	3	6	29397225546419685759/270299341424807219200000
128	98	1	2	1/2
128	98	1	3	1/2
128	98	1	5	1/2
128	98	1	10	1/2
128	99	1	2	209/1560
128	99	1	3	209/1560
128	99	1	5	209/1560
128	99	1	9	209/1560
128	100	1	2	104329/4326400
128	100	1	3	104329/4326400
128	100	1	5	104329/4326400
128	100	1	9	104329/4326400
128	101	1	2	4451491/30371328000
128	101	1	3	4451491/30371328000
128	101	1	5	4451491/30371328000
128	101	1	9	4451491/30371328000
128	102	1	2	-1381094130193/805447618560000
128	102	1	3	-1381094130193/805447618560000
128	102	1	5	-1381094130193/805447618560000
128	102	1	9	-1381094130193/805447618560000
128	103	1	2	-110109718237871/209416380825600000
128	103	1	3	-110109718237871/209416380825600000
128	103	1	5	-110109718237871/209416380825600000
128	103	1	9	-110109718237871/209416380825600000
129	56	5	10	1
129	56	5	14	1
129	57	4	8	969/8216
129	57	4	12	969/8216
129	58	4	8	-9395025/2160084992
129	58	4	12	-9395025/2160084992
129	59	4	8	-85541943051/17747258294272
129	59	4	12	-85541943051/17747258294272
129	60	4	8	-148369319624781/381353086227316736
129	60	4	12	-148369319624781/381353086227316736
129	61	4	8	667035695856864771/2395974143162779172864
129	61	4	12	667035695856864771/2395974143162779172864
129	62	2	17	2
129	62	2	18	2
129	62	11	17	2
129	63	2	15	5111/7514
129	63	2	16	-1767/7514
129	63	10	15	-1083/7514
129	64	2	15	691627265/3613452544
129	64	2	16	-44373759/3613452544
129	64	10	15	-106754559/3613452544
129	65	2	15	2060005165861/54302964831232
129	65	2	16	588318714891/54302964831232
129	65	10	15	428140844559/54302964831232
129	66	2	15	162815314638427/125548454689808384
129	66	2	16	-1108257384451041/1632129910967508992
129	66	10	15	133165110256443/125548454689808384
129	67	2	15	-68184376795911234571/24527648302019725131776
129	67	2	16	-17640452558599475013/24527648302019725131776
129	67	10	15	-16323914676798640737/24527648302019725131776
129	68	2	17	2/3
129	68	3	16	2/3
129	68	5	13	2/3
129	69	2	15	-19/3276
129	69	3	14	-19/3276
129	69	5	12	-19/3276
129	70	2	15	-3483289/228953088
129	70	3	14	-3483289/228953088
129	70	5	12	-3483289/228953088
129	71	2	15	198986449/500033544192
129	71	3	14	198986449/500033544192
129	71	5	12	198986449/500033544192
129	72	2	15	36384508564487/37130490857521152
129	72	3	14	36384508564487/37130490857521152
129	72	5	12	36384508564487/37130490857521152
129	73	2	15	-3472817895448337/81092992032826195968
129	73	3	14	-3472817895448337/81092992032826195968
129	73	5	12	-3472817895448337/81092992032826195968
129	74	5	8	2/3
129	74	5	12	2/3
129	74	7	8	2/3
129	74	7	14	2/3
129	74	11	12	2/3
129	74	11	14	2/3
129	75	4	7	-1083/11180
129	75	4	11	-1083/11180
129	75	6	7	-1083/11180
129	75	6	13	-1083/11180
129	75	10	11	-1083/11180
129	75	10	13	-1083/11180
129	76	4	7	5255799/7999513600
129	76	4	11	5255799/7999513600
129	76	6	7	5255799/7999513600
129	76	6	13	5255799/7999513600
129	76	10	11	5255799/7999513600
129	76	10	13	5255799/7999513600
129	77	4	7	680429268459/178869124096000
129	77	4	11	680429268459/178869124096000
129	77	6	7	680429268459/178869124096000
129	77	6	13	680429268459/178869124096000
129	77	10	11	680429268459/178869124096000
129	77	10	13	680429268459/178869124096000
129	78	4	7	-87040374571586259/135983462902743040000
129	78	4	11	-87040374571586259/135983462902743040000
129	78	6	7	-87040374571586259/135983462902743040000
129	78	6	13	-87040374571586259/135983462902743040000
129	78	10	11	-87040374571586259/135983462902743040000
129	78	10	13	-87040374571586259/135983462902743040000
129	79	4	7	-564214301206472916729/3040590230505334374400000
129	79	4	11	-564214301206472916729/3040590230505334374400000
129	79	6	7	-564214301206472916729/3040590230505334374400000
129	79	6	13	-564214301206472916729/3040590230505334374400000
129	79	10	11	-564214301206472916729/3040590230505334374400000
129	79	10	13	-564214301206472916729/3040590230505334374400000
129	80	2	15	1/2
129	80	2	17	1/2
129	80	3	8	1/2
129	80	3	18	1/2
129	80	5	8	1/2
129	80	5	18	1/2
129	80	11	15	1/2
129	80	11	17	1/2
129	81	2	12	2907/23296
129	81	2	14	2907/23296
129	81	3	8	2907/23296
129	81	3	15	2907/23296
129	81	5	8	2907/23296
129	81	5	15	2907/23296
129	81	9	12	2907/23296
129	81	9	14	2907/23296
129	82	2	12	23318073/1085407232
129	82	2	14	23318073/1085407232
129	82	3	8	23318073/1085407232
129	82	3	15	23318073/1085407232
129	82	5	8	23318073/1085407232
129	82	5	15	23318073/1085407232
129	82	9	12	23318073/1085407232
129	82	9	14	23318073/1085407232
129	83	2	12	6828621489/12642823438336
129	83	2	14	6828621489/12642823438336
129	83	3	8	6828621489/12642823438336
129	83	3	15	6828621489/12642823438336
129	83	5	8	6828621489/12642823438336
129	83	5	15	6828621489/12642823438336
129	83	9	12	6828621489/12642823438336
129	83	9	14	6828621489/12642823438336
129	84	2	12	-110080226856213/96287743306366976
129	84	2	14	-110080226856213/96287743306366976
129	84	3	8	-110080226856213/96287743306366976
129	84	3	15	-110080226856213/96287743306366976
129	84	5	8	-110080226856213/96287743306366976
129	84	5	15	-110080226856213/96287743306366976
129	84	9	12	-110080226856213/96287743306366976
129	84	9	14	-110080226856213/96287743306366976
129	85	2	12	-308701583412095061/857663249554312527872
129	85	2	14	-308701583412095061/857663249554312527872
129	85	3	8	-308701583412095061/857663249554312527872
129	85	3	15	-308701583412095061/857663249554312527872
129	85	5	8	-308701583412095061/857663249554312527872
129	85	5	15	-308701583412095061/857663249554312527872
129	85	9	12	-308701583412095061/857663249554312527872
129	85	9	14	-308701583412095061/857663249554312527872
129	86	5	7	2
129	86	7	7	1
129	86	10	11	2
129	86	11	11	1
129	87	5	7	2793/6890
129	87	7	7	-3173/13780
129	87	9	10	2793/6890
129	87	10	10	-3173/13780
129	88	5	7	117322473/3038214400
129	88	7	7	189869033/6076428800
129	88	9	10	117322473/3038214400
129	88	10	10	189869033/6076428800
129	89	5	7	-411372359181/41866594432000
129	89	7	7	237151152761/83733188864000
129	89	9	10	-411372359181/41866594432000
129	89	10	10	237151152761/83733188864000
129	90	5	7	-91824217679394657/19615336823280640000
129	90	7	7	-108938239818951937/39230673646561280000
129	90	9	10	-91824217679394657/19615336823280640000
129	90	10	10	-108938239818951937/39230673646561280000
129	91	5	7	-61820057374155870741/270299341424807219200000
129	91	7	7	253968549258271455041/540598682849614438400000
129	91	9	10	-61820057374155870741/270299341424807219200000
129	91	10	10	253968549258271455041/540598682849614438400000
129	92	2	12	2
129	92	2	14	2
129	93	2	11	-57/1664
129	93	2	13	-57/1664
129	94	2	11	-37905/851968
129	94	2	13	-37905/851968
129	95	2	11	85003587/36859543552
129	95	2	13	85003587/36859543552
129	96	2	11	11361775743/4072979562496
129	96	2	13	11361775743/4072979562496
129	97	2	11	-422316222659217/1735024125950296064
129	97	2	13	-422316222659217/1735024125950296064
129	104	1	5	1
129	104	1	9	1
129	105	1	5	1653/6344
129	105	1	9	1653/6344
129	106	1	5	56982045/1287882752
129	106	1	9	56982045/1287882752
129	107	1	5	-499465521/628486782976
129	107	1	9	-499465521/628486782976
129	108	1	5	-6070388189386473/1762307106830286848
129	108	1	9	-6070388189386473/1762307106830286848
129	109	1	5	-61205979478340529/66154297548706152448
129	109	1	9	-61205979478340529/66154297548706152448
130	56	5	18	2
130	57	4	16	-969/2054
130	58	4	16	21576609/270010624
130	59	4	16	-4492596987/1109203643392
130	60	4	16	-2650749079113/916714149584896
130	61	4	16	38114927643739509/37437095986918424576
130	62	2	9	4
130	63	2	8	3534/3757
130	64	2	8	68927535/451681568
130	65	2	8	12291444603/3393935301952
130	66	2	8	-28277552706813/3923389209056512
130	67	2	8	-819625022934741747/383244504719058205184
130	68	4	15	4/3
130	68	6	12	4/3
130	68	7	10	4/3
130	69	4	13	19/273
130	69	6	11	19/273
130	69	7	10	19/273
130	70	4	13	-71839/3179904
130	70	6	11	-71839/3179904
130	70	7	10	-71839/3179904
130	71	4	13	-4533799/1157485056
130	71	6	11	-4533799/1157485056
130	71	7	10	-4533799/1157485056
130	72	4	13	14862719087/14325035053056
130	72	6	11	14862719087/14325035053056
130	72	7	10	14862719087/14325035053056
130	73	4	13	1790127961337/5214312759312384
130	73	6	11	1790127961337/5214312759312384
130	73	7	10	1790127961337/5214312759312384
130	74	5	5	2/3
130	74	7	7	2/3
130	74	11	11	2/3
130	75	4	4	-551/2795
130	75	6	6	-551/2795
130	75	10	10	-551/2795
130	76	4	4	93531129/1999878400
130	76	6	6	93531129/1999878400
130	76	10	10	93531129/1999878400
130	77	4	4	-78398184807/11179320256000
130	77	6	6	-78398184807/11179320256000
130	77	10	10	-78398184807/11179320256000
130	78	4	4	-3291563917209879/8498966431421440000
130	78	6	6	-3291563917209879/8498966431421440000
130	78	10	10	-3291563917209879/8498966431421440000
130	79	4	4	30459186587662794927/47509222351645849600000
130	79	6	6	30459186587662794927/47509222351645849600000
130	79	10	10	30459186587662794927/47509222351645849600000
130	80	2	18	1
130	80	3	17	1
130	80	5	15	1
130	80	8	11	1
130	81	2	15	4503/11648
130	81	3	14	4503/11648
130	81	5	12	4503/11648
130	81	8	9	4503/11648
130	82	2	15	4506363/33918976
130	82	3	14	4506363/33918976
130	82	5	12	4506363/33918976
130	82	8	9	4506363/33918976
130	83	2	15	30445544007/790176464896
130	83	3	14	30445544007/790176464896
130	83	5	12	30445544007/790176464896
130	83	8	9	30445544007/790176464896
130	84	2	15	198170245209231/24071935826591744
130	84	3	14	198170245209231/24071935826591744
130	84	5	12	198170245209231/24071935826591744
130	84	8	9	198170245209231/24071935826591744
130	85	2	15	2003968629095884281/3645068810605828243456
130	85	3	14	2003968629095884281/3645068810605828243456
130	85	5	12	2003968629095884281/3645068810605828243456
130	85	8	9	2003968629095884281/3645068810605828243456
130	86	6	7	4
130	86	11	13	4
130	87	6	7	-2166/3445
130	87	10	11	-2166/3445
130	88	6	7	9119943/379776800
130	88	10	11	9119943/379776800
130	89	6	7	51664587561/2616662152000
130	89	10	11	51664587561/2616662152000
130	90	6	7	-2879703008894457/612979275727520000
130	90	10	11	-2879703008894457/612979275727520000
130	91	6	7	-2464237723872052809/4223427209762612800000
130	91	10	11	-2464237723872052809/4223427209762612800000
130	92	2	9	4
130	93	2	9	285/208
130	94	2	9	542583/1384448
130	95	2	9	93522465/1151860736
130	96	2	9	749476071/156653060096
130	97	2	9	-16982758308825/3388718995996672
130	98	2	2	1/2
130	98	3	3	1/2
130	98	5	5	1/2
130	98	10	10	1/2
130	99	2	2	19/325
130	99	3	3	19/325
130	99	5	5	19/325
130	99	9	9	19/325
130	100	2	2	-112993/27040000
130	100	3	3	-112993/27040000
130	100	5	5	-112993/27040000
130	100	9	9	-112993/27040000
130	101	2	2	-1035709/338000000
130	101	3	3	-1035709/338000000
130	101	5	5	-1035709/338000000
130	101	9	9	-1035709/338000000
130	102	2	2	-48531149437/388429600000000
130	102	3	3	-48531149437/388429600000000
130	102	5	5	-48531149437/388429600000000
130	102	9	9	-48531149437/388429600000000
130	103	2	2	1142796447569/4855370000000000
130	103	3	3	1142796447569/4855370000000000
130	103	5	5	1142796447569/4855370000000000
130	103	9	9	1142796447569/4855370000000000
131	56	5	18	2
131	57	4	16	266/1027
131	58	4	16	-1083/4218916
131	59	4	16	-2928793/333294364
131	60	4	16	-23181629801/18911705478497
131	61	4	16	572290857474/1494024732801263
131	62	2	18	4
131	63	2	16	3724/3757
131	64	2	16	2423754/14115049
131	65	2	16	313908994/53030239093
131	66	2	16	-127098422312/15325739097877
131	67	2	16	-2044596913081296/748524423279410557
131	68	10	17	4/3
131	68	12	16	4/3
131	68	13	15	4/3
131	69	10	15	-76/819
131	69	11	14	-76/819
131	69	12	13	-76/819
131	70	10	15	-361/16562
131	70	11	14	-361/16562
131	70	12	13	-361/16562
131	71	10	15	665323/122078502
131	71	11	14	665323/122078502
131	71	12	13	665323/122078502
131	72	10	15	255168518/283283163891
131	72	11	14	255168518/283283163891
131	72	12	13	255168518/283283163891
131	73	10	15	-12766766444/25778767914081
131	73	11	14	-12766766444/25778767914081
131	73	12	13	-12766766444/25778767914081
131	80	2	19	1
131	80	3	19	1
131	80	5	19	1
131	80	11	19	1
131	81	2	16	57/208
131	81	3	16	57/208
131	81	5	16	57/208
131	81	9	16	57/208
131	82	2	16	1083/18928
131	82	3	16	1083/18928
131	82	5	16	1083/18928
131	82	9	16	1083/18928
131	83	2	16	185193/31496192
131	83	3	16	185193/31496192
131	83	5	16	185193/31496192
131	83	9	16	185193/31496192
131	84	2	16	-2361025557/1559187488768
131	84	3	16	-2361025557/1559187488768
131	84	5	16	-2361025557/1559187488768
131	84	9	16	-2361025557/1559187488768
131	85	2	16	-291018391569/324310997663744
131	85	3	16	-291018391569/324310997663744
131	85	5	16	-291018391569/324310997663744
131	85	9	16	-291018391569/324310997663744
131	92	9	10	4
131	92	10	10	2
131	92	10	12	4
131	92	10	14	4
131	93	9	10	19/26
131	93	10	10	-19/39
131	93	10	11	-57/104
131	93	10	13	-57/104
131	94	9	10	1083/21632
131	94	10	10	29963/389376
131	94	10	11	-361/43264
131	94	10	13	-361/43264
131	95	9	10	-48013/2249728
131	95	10	10	48013/30371328
131	95	10	11	432117/17997824
131	95	10	13	432117/17997824
131	96	9	10	-912247/124297472
131	96	10	10	-1725059077/322179047424
131	96	10	11	-30104151/9790816256
131	96	10	13	-30104151/9790816256
131	97	9	10	22284891/103415496704
131	97	10	10	33221820283/25129965699072
131	97	10	11	-74854948869/52948734312448
131	97	10	13	-74854948869/52948734312448
131	104	5	5	1
131	104	9	9	1
131	105	5	5	361/3172
131	105	9	9	361/3172
131	106	5	5	-89889/10061584
131	106	9	9	-89889/10061584
131	107	5	5	-14726273/2455026496
131	107	9	9	-14726273/2455026496
131	108	5	5	-310836827323/1721003034013952
131	108	9	9	-310836827323/1721003034013952
131	109	5	5	195724461219609/419924740299404288
131	109	9	9	195724461219609/419924740299404288
132	56	10	10	1
132	56	14	14	1
132	57	8	8	-3135/8216
132	57	12	12	-3135/8216
132	58	8	8	2264553/16875664
132	58	12	12	2264553/16875664
132	59	8	8	-906519735/21330839296
132	59	12	12	-906519735/21330839296
132	60	8	8	898636450302387/77462345639923712
132	60	12	12	898636450302387/77462345639923712
132	61	8	8	-120061467588464325/48956202444431785984
132	61	12	12	-120061467588464325/48956202444431785984
132	62	8	9	4
132	62	8	11	4
132	63	7	8	-4788/3757
132	63	7	10	6612/3757
132	64	7	8	20108061/56460196
132	64	7	10	40901661/56460196
132	65	7	8	-17325731115/212120956372
132	65	7	10	4484448495/16316996644
132	66	7	8	10030998290265/796938433089604
132	66	7	10	74675948414265/796938433089604
132	67	7	8	613063435185243/2994097693117642228
132	67	7	10	6292780132448961/230315207162895556
132	68	2	8	4/3
132	68	3	8	4/3
132	68	4	4	2/3
132	68	5	8	4/3
132	68	6	6	2/3
132	68	7	7	2/3
132	69	2	8	-19/78
132	69	3	8	-19/78
132	69	4	4	-19/84
132	69	5	8	-19/78
132	69	6	6	-19/84
132	69	7	7	-19/84
132	70	2	8	361/14196
132	70	3	8	361/14196
132	70	4	4	13357/198744
132	70	5	8	361/14196
132	70	6	6	13357/198744
132	70	7	7	13357/198744
132	71	2	8	6859/2952768
132	71	3	8	6859/2952768
132	71	4	4	-363527/22259328
132	71	5	8	6859/2952768
132	71	6	6	-363527/22259328
132	71	7	7	-363527/22259328
132	72	2	8	-114291517/73086913536
132	72	3	8	-114291517/73086913536
132	72	4	4	18858360947/7162517526528
132	72	5	8	-114291517/73086913536
132	72	6	6	18858360947/7162517526528
132	72	7	7	18858360947/7162517526528
132	73	2	8	1428709123/7601039007744
132	73	3	8	1428709123/7601039007744
132	73	4	4	29596811347/401100981485568
132	73	5	8	1428709123/7601039007744
132	73	6	6	29596811347/401100981485568
132	73	7	7	29596811347/401100981485568
132	86	5	13	4
132	86	6	10	4
132	87	5	11	5814/3445
132	87	6	9	5814/3445
132	88	5	11	31219641/47472100
132	88	6	9	31219641/47472100
132	89	5	11	75738196017/327082769000
132	89	6	9	75738196017/327082769000
132	90	5	11	1354877918435439/19155602366485000
132	90	6	9	1354877918435439/19155602366485000
132	91	5	11	132158668105450539/7763652959122450000
132	91	6	9	132158668105450539/7763652959122450000
132	98	1	4	1
132	98	1	14	1
132	98	2	14	1
132	98	3	14	1
132	98	4	5	1
132	98	4	10	1
132	99	1	4	19/65
132	99	1	13	19/65
132	99	2	13	57/650
132	99	3	13	57/650
132	99	4	5	57/650
132	99	4	9	57/650
132	100	1	4	361/5200
132	100	1	13	361/5200
132	100	2	13	-1083/130000
132	100	3	13	-1083/130000
132	100	4	5	-1083/130000
132	100	4	9	-1083/130000
132	101	1	4	48013/4394000
132	101	1	13	48013/4394000
132	101	2	13	-3889053/1098500000
132	101	3	13	-3889053/1098500000
132	101	4	5	-3889053/1098500000
132	101	4	9	-3889053/1098500000
132	102	1	4	-912247/4855370000
132	102	1	13	-912247/4855370000
132	102	2	13	270937359/6069212500000
132	102	3	13	270937359/6069212500000
132	102	4	5	270937359/6069212500000
132	102	4	9	270937359/6069212500000
132	103	1	4	-255038197/315599050000
132	103	1	13	-255038197/315599050000
132	103	2	13	847784108313/3944988125000000
132	103	3	13	847784108313/3944988125000000
132	103	4	5	847784108313/3944988125000000
132	103	4	9	847784108313/3944988125000000
133	56	10	10	1
133	56	14	14	1
133	57	8	8	-133/8216
133	57	12	12	-133/8216
133	58	8	8	-4235613/270010624
133	58	12	12	-4235613/270010624
133	59	8	8	1708830683/2218407286784
133	59	12	12	1708830683/2218407286784
133	60	8	8	107394578986189/154924691279847424
133	60	12	12	107394578986189/154924691279847424
133	61	8	8	-73134060195233247/1272861263555226435584
133	61	12	12	-73134060195233247/1272861263555226435584
133	62	11	17	4
133	63	10	15	4408/3757
133	64	10	15	61968177/225840784
133	65	10	15	16783911269/424241912744
133	66	10	15	-37812819165869/12751014929433664
133	67	10	15	-92969875963352199/23952781544941137824
133	68	2	18	4/3
133	68	3	18	4/3
133	68	5	18	4/3
133	69	2	16	-19/117
133	69	3	16	-19/117
133	69	5	16	-19/117
133	70	2	16	-361/52416
133	70	3	16	-361/52416
133	70	5	16	-361/52416
133	71	2	16	2338919/318898944
133	71	3	16	2338919/318898944
133	71	5	16	2338919/318898944
133	72	2	16	-3399162643/5920039996416
133	72	3	16	-3399162643/5920039996416
133	72	5	16	-3399162643/5920039996416
133	73	2	16	-48326024183/102614026604544
133	73	3	16	-48326024183/102614026604544
133	73	5	16	-48326024183/102614026604544
133	74	8	9	4/3
133	74	12	13	4/3
133	74	14	15	4/3
133	75	7	8	-893/2795
133	75	11	12	-893/2795
133	75	13	14	-893/2795
133	76	7	8	2042899/38459200
133	76	11	12	2042899/38459200
133	76	13	14	2042899/38459200
133	77	7	8	-8353006803/5589660128000
133	77	11	12	-8353006803/5589660128000
133	77	13	14	-8353006803/5589660128000
133	78	7	8	-2673193423199661/1062370803927680000
133	78	11	12	-2673193423199661/1062370803927680000
133	78	13	14	-2673193423199661/1062370803927680000
133	79	7	8	9237603631208977899/11877305587911462400000
133	79	11	12	9237603631208977899/11877305587911462400000
133	79	13	14	9237603631208977899/11877305587911462400000
133	86	5	17	4
133	86	10	16	4
133	87	5	15	3876/3445
133	87	9	14	3876/3445
133	88	5	15	45648089/189888400
133	88	9	14	45648089/189888400
133	89	5	15	16237783971/654165538000
133	89	9	14	16237783971/654165538000
133	90	5	15	-1071040883034453/153244818931880000
133	90	9	14	-1071040883034453/153244818931880000
133	91	5	15	-128610355489149681/31054611836489800000
133	91	9	14	-128610355489149681/31054611836489800000
133	92	7	7	2
133	93	7	7	-2603/4992
133	94	7	7	4813213/49840128
133	95	7	7	-2312559863/497603837952
133	96	7	7	-390936834540583/84457304207917056
133	97	7	7	1446493115030784989/843221725211843887104
133	104	1	13	2
133	104	2	13	2
133	104	3	13	2
133	105	1	13	437/793
133	105	2	13	38/793
133	105	3	13	38/793
133	106	1	13	8896845/80492672
133	106	2	13	-3232755/80492672
133	106	3	13	-3232755/80492672
133	107	1	13	981721811/127661377792
133	107	2	13	-187778843/63830688896
133	107	3	13	-187778843/63830688896
133	108	1	13	-67197802589197/13768024272111616
133	108	2	13	31220329904603/13768024272111616
133	108	3	13	31220329904603/13768024272111616
133	109	1	13	-46862963343745221/21836086495569022976
133	109	2	13	3089313650551173/10918043247784511488
133	109	3	13	3089313650551173/10918043247784511488
134	56	10	14	2
134	57	8	12	-817/2054
134	58	8	12	53639907/1080042496
134	59	8	12	8135247271/4436814573568
134	60	8	12	-6530365651989397/2478795060477558784
134	61	8	12	4855461599188955769/10182890108441811484672
134	62	9	11	4
134	63	8	10	-361/3757
134	64	8	10	-112156563/1806726272
134	65	8	10	124476494113/27151482415616
134	66	8	10	2207157089957479/816064955483754496
134	67	8	10	-4201256931871917939/12263824151009862565888
134	68	2	7	4/3
134	68	3	6	4/3
134	68	4	5	4/3
134	69	2	7	323/819
134	69	3	6	323/819
134	69	4	5	323/819
134	70	2	7	390241/4239872
134	70	3	6	390241/4239872
134	70	4	5	390241/4239872
134	71	2	7	1583118931/125008386048
134	71	3	6	1583118931/125008386048
134	71	4	5	1583118931/125008386048
134	72	2	7	-26574885905317/18565245428760576
134	72	3	6	-26574885905317/18565245428760576
134	72	4	5	-26574885905317/18565245428760576
134	73	2	7	-577734360561481/397514666827579392
134	73	3	6	-577734360561481/397514666827579392
134	73	4	5	-577734360561481/397514666827579392
134	86	4	4	2
134	86	4	5	4
134	86	4	6	4
134	86	4	10	4
134	86	4	13	4
134	87	4	4	-2413/4134
134	87	4	5	969/689
134	87	4	6	-361/689
134	87	4	9	969/689
134	87	4	11	-361/689
134	88	4	4	147922277/1093757184
134	88	4	5	25780093/60764288
134	88	4	6	-96387/60764288
134	88	4	9	25780093/60764288
134	88	4	11	-96387/60764288
134	89	4	4	-13201414415/695629569024
134	89	4	5	1285548075/12882029056
134	89	4	6	3115323505/167466377728
134	89	4	9	1285548075/12882029056
134	89	4	11	3115323505/167466377728
134	90	4	4	-4302217438884505/2542147652297170944
134	90	4	5	196575713560695/15692269458624512
134	90	4	6	-40339940922505/15692269458624512
134	90	4	9	196575713560695/15692269458624512
134	90	4	11	-40339940922505/15692269458624512
134	91	4	4	3158299734275509477/1616805906861000720384
134	91	4	5	-569204318359233/195691830895788032
134	91	4	6	-36999543756402243/43247894627969155072
134	91	4	9	-569204318359233/195691830895788032
134	91	4	11	-36999543756402243/43247894627969155072
134	98	2	3	1
134	98	5	10	1
134	99	2	3	931/3900
134	99	5	9	931/3900
134	100	2	3	5891159/162240000
134	100	5	9	5891159/162240000
134	101	2	3	-2283066163/1898208000000
134	101	5	9	-2283066163/1898208000000
134	102	2	3	-658138791509977/251702380800000000
134	102	5	9	-658138791509977/251702380800000000
134	103	2	3	-195264211541589029/327213095040000000000
134	103	5	9	-195264211541589029/327213095040000000000
135	56	10	14	2
135	57	8	12	342/1027
135	58	8	12	27288351/1080042496
135	59	8	12	-6481940193/1109203643392
135	60	8	12	-5446496200774077/2478795060477558784
135	61	8	12	-169630403185942587/2545722527110452871168
135	62	11	18	4
135	63	10	16	-2565/3757
135	64	10	16	91287153/1806726272
135	65	10	16	377590933665/27151482415616
135	66	10	16	-4134971050081569/816064955483754496
135	67	10	16	958626630711727425/12263824151009862565888
135	68	2	17	4/3
135	68	3	16	4/3
135	68	5	13	4/3
135	69	2	15	779/1638
135	69	3	14	779/1638
135	69	5	12	779/1638
135	70	2	15	16530551/114476544
135	70	3	14	16530551/114476544
135	70	5	12	16530551/114476544
135	71	2	15	8377232791/250016772096
135	71	3	14	8377232791/250016772096
135	71	5	12	8377232791/250016772096
135	72	2	15	68124135986087/18565245428760576
135	72	3	14	68124135986087/18565245428760576
135	72	5	12	68124135986087/18565245428760576
135	73	2	15	-54640487261829863/40546496016413097984
135	73	3	14	-54640487261829863/40546496016413097984
135	73	5	12	-54640487261829863/40546496016413097984
135	86	5	8	4
135	86	10	14	4
135	87	5	8	2907/3445
135	87	9	12	2907/3445
135	88	5	8	161075673/1519107200
135	88	9	12	161075673/1519107200
135	89	5	8	-167485400919/20933297216000
135	89	9	12	-167485400919/20933297216000
135	90	5	8	-5764357573957989/754436031664640000
135	90	9	12	-5764357573957989/754436031664640000
135	91	5	8	-9769141980180018927/7949980630141388800000
135	91	9	12	-9769141980180018927/7949980630141388800000
135	92	4	12	4
135	92	6	14	4
135	93	4	11	-171/416
135	93	6	13	-171/416
135	94	4	11	-178695/5537792
135	94	6	13	-178695/5537792
135	95	4	11	171673911/9214885888
135	95	6	13	171673911/9214885888
135	96	4	11	-23212646199/65167672999936
135	96	6	13	-23212646199/65167672999936
135	97	4	11	-16955080474203/13554875983986688
135	97	6	13	-16955080474203/13554875983986688
135	98	6	6	1/2
135	98	7	7	1/2
135	98	11	11	1/2
135	98	12	12	1/2
135	99	6	6	-931/7800
135	99	7	7	-931/7800
135	99	10	10	-931/7800
135	99	11	11	-931/7800
135	100	6	6	17420777/973440000
135	100	7	7	17420777/973440000
135	100	10	10	17420777/973440000
135	100	11	11	17420777/973440000
135	101	6	6	2988857263/3796416000000
135	101	7	7	2988857263/3796416000000
135	101	10	10	2988857263/3796416000000
135	101	11	11	2988857263/3796416000000
135	102	6	6	-687372111523777/503404761600000000
135	102	7	7	-687372111523777/503404761600000000
135	102	10	10	-687372111523777/503404761600000000
135	102	11	11	-687372111523777/503404761600000000
135	103	6	6	583209907373530087/1963278570240000000000
135	103	7	7	583209907373530087/1963278570240000000000
135	103	10	10	583209907373530087/1963278570240000000000
135	103	11	11	583209907373530087/1963278570240000000000
135	104	5	9	2
135	105	5	9	1881/3172
135	106	5	9	88051149/643941376
135	107	5	9	70934659983/4085164089344
135	108	5	9	-2646520946804457/881153553415143424
135	109	5	9	-13459915829114043597/5590038142865669881856
136	56	10	18	1
136	56	14	18	1
136	57	8	16	-342/1027
136	57	12	16	-342/1027
136	58	8	16	516591/5192512
136	58	12	16	516591/5192512
136	59	8	16	-885037347/34662613856
136	59	12	16	-885037347/34662613856
136	60	8	16	24570601835643/4841396602495232
136	60	12	16	24570601835643/4841396602495232
136	61	8	16	-1229197304937357/2486057155381301632
136	61	12	16	-1229197304937357/2486057155381301632
136	62	9	11	2
136	63	8	10	2565/3757
136	64	8	10	23500017/112920392
136	65	8	10	3525148755/65267986576
136	66	8	10	33774210211527/3187753732358416
136	67	8	10	1560804238159425/1842521657303164448
136	68	2	8	2/3
136	68	3	8	2/3
136	68	4	15	2/3
136	68	5	8	2/3
136	68	6	12	2/3
136	68	7	10	2/3
136	68	8	10	2/3
136	68	8	12	2/3
136	68	8	15	2/3
136	69	2	8	19/156
136	69	3	8	19/156
136	69	4	13	76/273
136	69	5	8	19/156
136	69	6	11	76/273
136	69	7	10	76/273
136	70	2	8	361/28392
136	70	3	8	361/28392
136	70	4	13	84835/794976
136	70	5	8	361/28392
136	70	6	11	84835/794976
136	70	7	10	84835/794976
136	70	8	10	-361/37856
136	70	8	11	-361/37856
136	70	8	13	-361/37856
136	71	2	8	-6859/5905536
136	71	3	8	-6859/5905536
136	71	4	13	1323787/36171408
136	71	5	8	-6859/5905536
136	71	6	11	1323787/36171408
136	71	7	10	1323787/36171408
136	72	2	8	-114291517/146173827072
136	72	3	8	-114291517/146173827072
136	72	4	13	4780565243/447657345408
136	72	5	8	-114291517/146173827072
136	72	6	11	4780565243/447657345408
136	72	7	10	4780565243/447657345408
136	72	8	10	1172889/3045288064
136	72	8	11	1172889/3045288064
136	72	8	13	1172889/3045288064
136	73	2	8	-1428709123/15202078015488
136	73	3	8	-1428709123/15202078015488
136	73	4	13	47360345573/20368409216064
136	73	5	8	-1428709123/15202078015488
136	73	6	11	47360345573/20368409216064
136	73	7	10	47360345573/20368409216064
136	86	5	14	2
136	86	6	8	2
136	86	8	10	2
136	86	13	14	2
136	87	5	12	228/265
136	87	6	8	-2052/3445
136	87	8	9	228/265
136	87	11	12	-2052/3445
136	88	5	12	32558229/94944200
136	88	6	8	14259861/94944200
136	88	8	9	32558229/94944200
136	88	11	12	14259861/94944200
136	89	5	12	1561362183/12580106500
136	89	6	8	-4665196863/163541384500
136	89	8	9	1561362183/12580106500
136	89	11	12	-4665196863/163541384500
136	90	5	12	753452590468707/19155602366485000
136	90	6	8	44085945348387/19155602366485000
136	90	8	9	753452590468707/19155602366485000
136	90	11	12	44085945348387/19155602366485000
136	91	5	12	25521639246061479/2538117313559262500
136	91	6	8	31163302530872289/32995525076270412500
136	91	8	9	25521639246061479/2538117313559262500
136	91	11	12	31163302530872289/32995525076270412500
136	92	4	4	1
136	92	4	9	2
136	92	6	6	1
136	92	6	9	2
136	93	4	4	-285/832
136	93	4	9	171/208
136	93	6	6	-285/832
136	93	6	9	171/208
136	94	4	4	35739/346112
136	94	4	9	107217/346112
136	94	6	6	35739/346112
136	94	6	9	107217/346112
136	95	4	4	-925965/35995648
136	95	4	9	15000633/143982592
136	95	6	6	-925965/35995648
136	95	6	9	15000633/143982592
136	96	4	4	35964295407/8145959124992
136	96	4	9	15105637431/509122445312
136	96	6	6	35964295407/8145959124992
136	96	6	9	15105637431/509122445312
136	97	4	4	-105296109975/6777437991993344
136	97	4	9	1315900528659/211794937249792
136	97	6	6	-105296109975/6777437991993344
136	97	6	9	1315900528659/211794937249792
136	98	2	4	1/2
136	98	3	4	1/2
136	98	4	6	1/2
136	98	4	7	1/2
136	98	4	11	1/2
136	98	4	12	1/2
136	98	5	14	1/2
136	98	6	14	1/2
136	98	7	14	1/2
136	98	10	14	1/2
136	98	11	14	1/2
136	98	12	14	1/2
136	99	2	4	57/1300
136	99	3	4	57/1300
136	99	4	6	-19/325
136	99	4	7	-19/325
136	99	4	10	-19/325
136	99	4	11	-19/325
136	99	5	13	57/1300
136	99	6	13	-19/325
136	99	7	13	-19/325
136	99	9	13	57/1300
136	99	10	13	-19/325
136	99	11	13	-19/325
136	100	2	4	-1083/260000
136	100	3	4	-1083/260000
136	100	4	6	-3971/3380000
136	100	4	7	-3971/3380000
136	100	4	10	-3971/3380000
136	100	4	11	-3971/3380000
136	100	5	13	-1083/260000
136	100	6	13	-3971/3380000
136	100	7	13	-3971/3380000
136	100	9	13	-1083/260000
136	100	10	13	-3971/3380000
136	100	11	13	-3971/3380000
136	101	2	4	-3889053/2197000000
136	101	3	4	-3889053/2197000000
136	101	4	6	1104299/549250000
136	101	4	7	1104299/549250000
136	101	4	10	1104299/549250000
136	101	4	11	1104299/549250000
136	101	5	13	-3889053/2197000000
136	101	6	13	1104299/549250000
136	101	7	13	1104299/549250000
136	101	9	13	-3889053/2197000000
136	101	10	13	1104299/549250000
136	101	11	13	1104299/549250000
136	102	2	4	270937359/12138425000000
136	102	3	4	270937359/12138425000000
136	102	4	6	-93961441/466862500000
136	102	4	7	-93961441/466862500000
136	102	4	10	-93961441/466862500000
136	102	4	11	-93961441/466862500000
136	102	5	13	270937359/12138425000000
136	102	6	13	-93961441/466862500000
136	102	7	13	-93961441/466862500000
136	102	9	13	270937359/12138425000000
136	102	10	13	-93961441/466862500000
136	102	11	13	-93961441/466862500000
136	103	2	4	847784108313/7889976250000000
136	103	3	4	847784108313/7889976250000000
136	103	4	6	-93415786973/986247031250000
136	103	4	7	-93415786973/986247031250000
136	103	4	10	-93415786973/986247031250000
136	103	4	11	-93415786973/986247031250000
136	103	5	13	847784108313/7889976250000000
136	103	6	13	-93415786973/986247031250000
136	103	7	13	-93415786973/986247031250000
136	103	9	13	847784108313/7889976250000000
136	103	10	13	-93415786973/986247031250000
136	103	11	13	-93415786973/986247031250000
137	56	10	18	1
137	56	14	18	1
137	57	8	16	133/4108
137	57	12	16	133/4108
137	58	8	16	-572907/41540096
137	58	12	16	-572907/41540096
137	59	8	16	-3122237377/2218407286784
137	59	12	16	-3122237377/2218407286784
137	60	8	16	164086895731727/309849382559694848
137	60	12	16	164086895731727/309849382559694848
137	61	8	16	121757158535413359/1272861263555226435584
137	61	12	16	121757158535413359/1272861263555226435584
137	62	11	18	2
137	63	10	16	1463/3757
137	64	10	16	39175359/903363136
137	65	10	16	-28466379557/6787870603904
137	66	10	16	-23700950254493/7846778418113024
137	67	10	16	-297607793599146723/766489009438116410368
137	68	2	18	2/3
137	68	3	18	2/3
137	68	5	18	2/3
137	68	10	17	2/3
137	68	10	18	2/3
137	68	12	16	2/3
137	68	12	18	2/3
137	68	13	15	2/3
137	68	15	18	2/3
137	69	2	16	19/117
137	69	3	16	19/117
137	69	5	16	19/117
137	69	10	15	323/1638
137	69	10	16	-19/234
137	69	11	14	323/1638
137	69	11	16	-19/234
137	69	12	13	323/1638
137	69	13	16	-19/234
137	70	2	16	74005/2725632
137	70	3	16	74005/2725632
137	70	5	16	74005/2725632
137	70	10	15	292049/6359808
137	70	10	16	-6859/2725632
137	70	11	14	292049/6359808
137	70	11	16	-6859/2725632
137	70	12	13	292049/6359808
137	70	13	16	-6859/2725632
137	71	2	16	363527/637797888
137	71	3	16	363527/637797888
137	71	5	16	363527/637797888
137	71	10	15	390270241/62504193024
137	71	10	16	4245721/1275595776
137	71	11	14	390270241/62504193024
137	71	11	16	4245721/1275595776
137	71	12	13	390270241/62504193024
137	71	13	16	4245721/1275595776
137	72	2	16	-67140988237/47360319971328
137	72	3	16	-67140988237/47360319971328
137	72	5	16	-67140988237/47360319971328
137	72	10	15	-1757813566177/2320655678595072
137	72	10	16	-14475144433/47360319971328
137	72	11	14	-1757813566177/2320655678595072
137	72	11	16	-14475144433/47360319971328
137	72	12	13	-1757813566177/2320655678595072
137	72	13	16	-14475144433/47360319971328
137	73	2	16	-19494327427/45606234046464
137	73	3	16	-19494327427/45606234046464
137	73	5	16	-19494327427/45606234046464
137	73	10	15	-36621699821821/49689333353447424
137	73	10	16	-469589699251/2462736638509056
137	73	11	14	-36621699821821/49689333353447424
137	73	11	16	-469589699251/2462736638509056
137	73	12	13	-36621699821821/49689333353447424
137	73	13	16	-469589699251/2462736638509056
137	86	5	18	2
137	86	10	18	2
137	87	5	16	399/689
137	87	9	16	399/689
137	88	5	16	20095787/151910720
137	88	9	16	20095787/151910720
137	89	5	16	3727873359/209332972160
137	89	9	16	3727873359/209332972160
137	90	5	16	-96943408719873/49038342058201600
137	90	9	16	-96943408719873/49038342058201600
137	91	5	16	-26502143429493207/13514967071240360960
137	91	9	16	-26502143429493207/13514967071240360960
137	92	9	13	2
137	92	9	15	2
137	92	12	13	2
137	92	14	15	2
137	93	9	12	209/416
137	93	9	14	209/416
137	93	11	12	-57/128
137	93	13	14	-57/128
137	94	9	12	248007/2768896
137	94	9	14	248007/2768896
137	94	11	12	346199/5537792
137	94	13	14	346199/5537792
137	95	9	12	9431125/2303721472
137	95	9	14	9431125/2303721472
137	95	11	12	3395205/1417674752
137	95	13	14	3395205/1417674752
137	96	9	12	-16341601795/4072979562496
137	96	9	14	-16341601795/4072979562496
137	96	11	12	-4261600305195/1042682767998976
137	96	13	14	-4261600305195/1042682767998976
137	97	9	12	-9670283315649/6777437991993344
137	97	9	14	-9670283315649/6777437991993344
137	97	11	12	224225247153051/266926788607737856
137	97	13	14	224225247153051/266926788607737856
137	104	5	13	1
137	104	6	6	1/2
137	104	6	13	1
137	104	7	7	1/2
137	104	7	13	1
137	104	9	13	1
137	104	10	10	1/2
137	104	10	13	1
137	104	11	11	1/2
137	104	11	13	1
137	105	5	13	475/3172
137	105	6	6	-1273/9516
137	105	6	13	-323/3172
137	105	7	7	-1273/9516
137	105	7	13	-323/3172
137	105	9	13	475/3172
137	105	10	10	-1273/9516
137	105	10	13	-323/3172
137	105	11	11	-1273/9516
137	105	11	13	-323/3172
137	106	5	13	1032099/321970688
137	106	6	6	151736603/5795472384
137	106	6	13	-2849373/321970688
137	106	7	7	151736603/5795472384
137	106	7	13	-2849373/321970688
137	106	9	13	1032099/321970688
137	106	10	10	151736603/5795472384
137	106	10	13	-2849373/321970688
137	106	11	11	151736603/5795472384
137	106	11	13	-2849373/321970688
137	107	5	13	-5388258925/1021291022336
137	107	6	6	-51371132105/27574857603072
137	107	6	13	4917731525/1021291022336
137	107	7	7	-51371132105/27574857603072
137	107	7	13	4917731525/1021291022336
137	107	9	13	-5388258925/1021291022336
137	107	10	10	-51371132105/27574857603072
137	107	10	13	4917731525/1021291022336
137	107	11	11	-51371132105/27574857603072
137	107	11	13	4917731525/1021291022336
137	108	5	13	-114556831920097/110144194176892928
137	108	6	6	-18623335104053605/17843359456656654336
137	108	6	13	-29497506745/651740793946112
137	108	7	7	-18623335104053605/17843359456656654336
137	108	7	13	-29497506745/651740793946112
137	108	9	13	-114556831920097/110144194176892928
137	108	10	10	-18623335104053605/17843359456656654336
137	108	10	13	-29497506745/651740793946112
137	108	11	11	-18623335104053605/17843359456656654336
137	108	11	13	-29497506745/651740793946112
137	109	5	13	73648204379144625/349377383929104367616
137	109	6	6	38827552450660519441/84898704294772361330688
137	109	6	13	-6967258268463897/20551610819359080448
137	109	7	7	38827552450660519441/84898704294772361330688
137	109	7	13	-6967258268463897/20551610819359080448
137	109	9	13	73648204379144625/349377383929104367616
137	109	10	10	38827552450660519441/84898704294772361330688
137	109	10	13	-6967258268463897/20551610819359080448
137	109	11	11	38827552450660519441/84898704294772361330688
137	109	11	13	-6967258268463897/20551610819359080448
138	56	18	18	2
138	57	16	16	-1767/2054
138	58	16	16	95549841/270010624
138	59	16	16	-153416288709/1109203643392
138	60	16	16	463790138340159/9113217134108672
138	61	16	16	-650678520389855013/37437095986918424576
138	68	8	10	8/3
138	68	8	12	8/3
138	68	8	15	8/3
138	69	8	10	38/39
138	69	8	11	38/39
138	69	8	13	38/39
138	70	8	10	24909/75712
138	70	8	11	24909/75712
138	70	8	13	24909/75712
138	71	8	10	1186607/11811072
138	71	8	11	1186607/11811072
138	71	8	13	1186607/11811072
138	72	8	10	229234639/8598460416
138	72	8	11	229234639/8598460416
138	72	8	13	229234639/8598460416
138	73	8	10	834445363/149039980544
138	73	8	11	834445363/149039980544
138	73	8	13	834445363/149039980544
138	92	8	9	8
138	93	8	9	399/104
138	94	8	9	1218375/692224
138	95	8	9	442055691/575930368
138	96	8	9	18884685789/59896758272
138	97	8	9	922393923381/7666785058816
138	98	4	4	1
138	98	4	8	2
138	98	4	13	2
138	98	14	14	1
138	98	14	15	2
138	98	14	17	2
138	99	4	4	-38/325
138	99	4	8	-209/325
138	99	4	12	-209/325
138	99	13	13	-38/325
138	99	13	14	-209/325
138	99	13	15	-209/325
138	100	4	4	31407/13520000
138	100	4	8	1244367/6760000
138	100	4	12	1244367/6760000
138	100	13	13	31407/13520000
138	100	13	14	1244367/6760000
138	100	13	15	1244367/6760000
138	101	4	4	5233417/2197000000
138	101	4	8	-195941053/4394000000
138	101	4	12	-195941053/4394000000
138	101	13	13	5233417/2197000000
138	101	13	14	-195941053/4394000000
138	101	13	15	-195941053/4394000000
138	102	4	4	-4345032461/11424400000000
138	102	4	8	45846797479/5712200000000
138	102	4	12	45846797479/5712200000000
138	102	13	13	-4345032461/11424400000000
138	102	13	14	45846797479/5712200000000
138	102	13	15	45846797479/5712200000000
138	103	4	4	-98447220141/1856465000000000
138	103	4	8	-142259315847/285610000000000
138	103	4	12	-142259315847/285610000000000
138	103	13	13	-98447220141/1856465000000000
138	103	13	14	-142259315847/285610000000000
138	103	13	15	-142259315847/285610000000000
138	104	4	4	2
138	105	4	4	-627/793
138	106	4	4	46951299/160985344
138	107	4	4	-25213471371/255322755584
138	108	4	4	96685147163259/3239535122849792
138	109	4	4	-3005399477506041/395223284987674624
139	56	18	18	2
139	57	16	16	-133/1027
139	58	16	16	-1287687/67502656
139	59	16	16	664355881/138650455424
139	60	16	16	3960129778463/9682793204990464
139	61	16	16	-5417966932404159/19888457243050413056
139	68	10	18	8/3
139	68	12	18	8/3
139	68	15	18	8/3
139	69	10	16	76/117
139	69	11	16	76/117
139	69	13	16	76/117
139	70	10	16	19133/170352
139	70	11	16	19133/170352
139	70	13	16	19133/170352
139	71	10	16	198911/39862368
139	71	11	16	198911/39862368
139	71	13	16	198911/39862368
139	72	10	16	-3496903393/740004999552
139	72	11	16	-3496903393/740004999552
139	72	13	16	-3496903393/740004999552
139	73	10	16	-31374650429/19240129988352
139	73	11	16	-31374650429/19240129988352
139	73	13	16	-31374650429/19240129988352
139	92	9	17	8
139	93	9	16	133/52
139	94	9	16	118047/173056
139	95	9	16	9458561/71991296
139	96	9	16	440094017/63640305664
139	97	9	16	-382029886413/52948734312448
139	104	13	13	2
139	104	13	14	4
139	104	13	16	4
139	105	13	13	38/793
139	105	13	14	-722/793
139	105	13	15	-722/793
139	106	13	13	-1385157/40246336
139	106	13	14	2738907/20123168
139	106	13	15	2738907/20123168
139	107	13	13	-80709853/31915344448
139	107	13	14	44700103/31915344448
139	107	13	15	44700103/31915344448
139	108	13	13	5727040141403/3442006068027904
139	108	13	14	-13428997427377/1721003034013952
139	108	13	15	-13428997427377/1721003034013952
139	109	13	13	570600630202917/2729510811946127872
139	109	13	14	5130658039221237/2729510811946127872
139	109	13	15	5130658039221237/2729510811946127872
139	110	4	4	1/3
139	110	6	6	1/3
139	110	7	7	1/3
139	110	10	10	1/3
139	110	11	11	1/3
139	110	13	13	1/3
139	111	4	4	-361/3666
139	111	6	6	-361/3666
139	111	7	7	-361/3666
139	111	10	10	-361/3666
139	111	11	11	-361/3666
139	111	13	13	-361/3666
139	112	4	4	13372523/573421056
139	112	6	6	13372523/573421056
139	112	7	7	13372523/573421056
139	112	10	10	13372523/573421056
139	112	11	11	13372523/573421056
139	112	13	13	13372523/573421056
139	113	4	4	-2438696873/700720530432
139	113	6	6	-2438696873/700720530432
139	113	7	7	-2438696873/700720530432
139	113	10	10	-2438696873/700720530432
139	113	11	11	-2438696873/700720530432
139	113	13	13	-2438696873/700720530432
139	114	4	4	-23349534986437/116454146393554944
139	114	6	6	-23349534986437/116454146393554944
139	114	7	7	-23349534986437/116454146393554944
139	114	10	10	-23349534986437/116454146393554944
139	114	11	11	-23349534986437/116454146393554944
139	114	13	13	-23349534986437/116454146393554944
139	115	4	4	45684469977237217/142306966892924141568
139	115	6	6	45684469977237217/142306966892924141568
139	115	7	7	45684469977237217/142306966892924141568
139	115	10	10	45684469977237217/142306966892924141568
139	115	11	11	45684469977237217/142306966892924141568
139	115	13	13	45684469977237217/142306966892924141568
140	62	8	17	8
140	62	17	17	4
140	63	7	15	4218/3757
140	63	15	15	-4085/3757
140	64	7	15	5556873/903363136
140	64	15	15	397215881/1806726272
140	65	7	15	-43476834645/1044287785216
140	65	15	15	-2989186495/160659659264
140	66	7	15	-2732849414897265/408032477741877248
140	66	15	15	-6265822274436401/816064955483754496
140	67	7	15	909393241927060467/471685544269610098688
140	67	15	15	3557010886588142725/943371088539220197376
140	74	8	12	8/3
140	74	8	14	8/3
140	74	12	14	8/3
140	75	7	11	2109/2795
140	75	7	13	2109/2795
140	75	11	13	2109/2795
140	76	7	11	325243311/1999878400
140	76	7	13	325243311/1999878400
140	76	11	13	325243311/1999878400
140	77	7	11	770228613387/44717281024000
140	77	7	13	770228613387/44717281024000
140	77	11	13	770228613387/44717281024000
140	78	7	11	-156600746828758179/33995865725685760000
140	78	7	13	-156600746828758179/33995865725685760000
140	78	11	13	-156600746828758179/33995865725685760000
140	79	7	11	-2137465265104479393153/760147557626333593600000
140	79	7	13	-2137465265104479393153/760147557626333593600000
140	79	11	13	-2137465265104479393153/760147557626333593600000
140	98	1	18	2
140	99	1	16	-19/390
140	100	1	16	-461719/9734400
140	101	1	16	26756959/7592832000
140	102	1	16	49018810619/15489377280000
140	103	1	16	-62734847868137/157062285619200000
140	104	1	8	4
140	104	1	12	4
140	105	1	8	-285/1586
140	105	1	12	-285/1586
140	106	1	8	-26270331/321970688
140	106	1	12	-26270331/321970688
140	107	1	8	141672645/12086284288
140	107	1	12	141672645/12086284288
140	108	1	8	2029162299442983/440576776707571712
140	108	1	12	2029162299442983/440576776707571712
140	109	1	8	-256755403412469675/215001467033294995456
140	109	1	12	-256755403412469675/215001467033294995456
141	62	5	8	2
141	62	5	13	2
141	62	7	8	2
141	62	7	16	2
141	62	8	13	2
141	62	8	16	2
141	63	4	7	1406/3757
141	63	4	12	-4978/11271
141	63	6	7	1406/3757
141	63	6	14	-4978/11271
141	63	7	12	-38/289
141	63	7	14	-38/289
141	64	4	7	7572697/225840784
141	64	4	12	124065953/2032567056
141	64	6	7	7572697/225840784
141	64	6	14	124065953/2032567056
141	64	7	12	-6289703/225840784
141	64	7	14	-6289703/225840784
141	65	4	7	-6264633355/848483825488
141	65	4	12	60457523765/22909063288176
141	65	6	7	-6264633355/848483825488
141	65	6	14	60457523765/22909063288176
141	65	7	12	432700015/65267986576
141	65	7	14	432700015/65267986576
141	66	4	7	-21259950870065/6375507464716832
141	66	4	12	-2087199302671265/516416104642063392
141	66	6	7	-21259950870065/6375507464716832
141	66	6	14	-2087199302671265/516416104642063392
141	66	7	12	6191907137935/6375507464716832
141	66	7	14	6191907137935/6375507464716832
141	67	4	7	-4144324390770403/23952781544941137824
141	67	4	12	4678093820076571429/5820525915420696491232
141	67	6	7	-4144324390770403/23952781544941137824
141	67	6	14	4678093820076571429/5820525915420696491232
141	67	7	12	-952281971016281/1842521657303164448
141	67	7	14	-952281971016281/1842521657303164448
141	80	4	6	1/2
141	80	4	14	1/2
141	80	6	16	1/2
141	80	14	16	1/2
141	81	4	6	703/5824
141	81	4	11	703/5824
141	81	6	13	703/5824
141	81	11	13	703/5824
141	82	4	6	1377937/67837952
141	82	4	11	1377937/67837952
141	82	6	13	1377937/67837952
141	82	11	13	1377937/67837952
141	83	4	6	126637717/197544116224
141	83	4	11	126637717/197544116224
141	83	6	13	126637717/197544116224
141	83	11	13	126637717/197544116224
141	84	4	6	-4638718784081/4889611964776448
141	84	4	11	-4638718784081/4889611964776448
141	84	6	13	-4638718784081/4889611964776448
141	84	11	13	-4638718784081/4889611964776448
141	85	4	6	-4283914595700353/14238550041429016576
141	85	4	11	-4283914595700353/14238550041429016576
141	85	6	13	-4283914595700353/14238550041429016576
141	85	11	13	-4283914595700353/14238550041429016576
141	86	2	14	2
141	86	2	15	2
141	86	3	8	2
141	86	3	15	2
141	87	2	12	-722/3445
141	87	2	13	1406/2067
141	87	3	8	-722/3445
141	87	3	13	1406/2067
141	88	2	12	-3387263/189888400
141	88	2	13	65469877/341799120
141	88	3	8	-3387263/189888400
141	88	3	13	65469877/341799120
141	89	2	12	6679342213/654165538000
141	89	2	13	26898713953/706498781040
141	89	3	8	6679342213/654165538000
141	89	3	13	26898713953/706498781040
141	90	2	12	-11093603404657/76622409465940000
141	90	2	13	26238801339059/19096662051511200
141	90	3	8	-11093603404657/76622409465940000
141	90	3	13	26238801339059/19096662051511200
141	91	2	12	-195068252239711963/263964200610163300000
141	91	2	13	-282585569187094799/102629281197231491040
141	91	3	8	-195068252239711963/263964200610163300000
141	91	3	13	-282585569187094799/102629281197231491040
141	92	3	5	2
141	92	3	6	2
141	92	4	5	2
141	93	3	5	817/1248
141	93	3	6	-19/416
141	93	4	5	-19/416
141	94	3	5	1078307/6230016
141	94	3	6	-27797/692224
141	94	4	5	-27797/692224
141	95	3	5	461576405/15550119936
141	95	3	6	1611865/575930368
141	95	4	5	1611865/575930368
141	96	3	5	-23300743195/20619459035136
141	96	3	6	288661015/127280611328
141	96	4	5	288661015/127280611328
141	97	3	5	-1240052458574783/411729358013595648
141	97	3	6	-455307560219/1694359497998336
141	97	4	5	-455307560219/1694359497998336
141	98	1	6	1/2
141	98	1	7	1/2
141	98	1	11	1/2
141	98	1	12	1/2
141	99	1	6	19/130
141	99	1	7	19/130
141	99	1	10	19/130
141	99	1	11	19/130
141	100	1	6	75449/2433600
141	100	1	7	75449/2433600
141	100	1	10	75449/2433600
141	100	1	11	75449/2433600
141	101	1	6	116603/52728000
141	101	1	7	116603/52728000
141	101	1	10	116603/52728000
141	101	1	11	116603/52728000
141	102	1	6	-1659116651/1048759920000
141	102	1	7	-1659116651/1048759920000
141	102	1	10	-1659116651/1048759920000
141	102	1	11	-1659116651/1048759920000
141	103	1	6	-49519503901/68169394800000
141	103	1	7	-49519503901/68169394800000
141	103	1	10	-49519503901/68169394800000
141	103	1	11	-49519503901/68169394800000
142	62	8	9	2
142	62	8	13	2
142	62	8	16	2
142	62	8	18	2
142	62	13	13	1
142	62	16	16	1
142	63	7	8	703/7514
142	63	7	12	4503/7514
142	63	7	14	4503/7514
142	63	7	16	-3097/7514
142	63	12	12	-14459/45084
142	63	14	14	-14459/45084
142	64	7	8	-96756303/3613452544
142	64	7	12	536293297/3613452544
142	64	7	14	536293297/3613452544
142	64	7	16	194354097/3613452544
142	64	12	12	5676866873/65042145792
142	64	14	14	5676866873/65042145792
142	65	7	8	-226294494355/54302964831232
142	65	7	12	1401114371445/54302964831232
142	65	7	14	1401114371445/54302964831232
142	65	7	16	95350079845/54302964831232
142	65	12	12	-52783866857065/2932360100886528
142	65	14	14	-52783866857065/2932360100886528
142	66	7	8	1584303891599935/1632129910967508992
142	66	7	12	1159093575367935/1632129910967508992
142	66	7	14	1159093575367935/1632129910967508992
142	66	7	16	-4832609359848065/1632129910967508992
142	66	12	12	436684948075906735/264405045576736456704
142	66	14	14	436684948075906735/264405045576736456704
142	67	7	8	7089289082890599597/24527648302019725131776
142	67	7	12	-36729297134754635403/24527648302019725131776
142	67	7	14	-36729297134754635403/24527648302019725131776
142	67	7	16	14014614273087834597/24527648302019725131776
142	67	12	12	7710089523148075161679/11920437074781586414043136
142	67	14	14	7710089523148075161679/11920437074781586414043136
142	68	4	13	2/3
142	68	6	16	2/3
142	68	7	17	2/3
142	69	4	12	-475/3276
142	69	6	14	-475/3276
142	69	7	15	-475/3276
142	70	4	12	166421/8479744
142	70	6	14	166421/8479744
142	70	7	15	166421/8479744
142	71	4	12	455952025/500033544192
142	71	6	14	455952025/500033544192
142	71	7	15	455952025/500033544192
142	72	4	12	-47810092857433/37130490857521152
142	72	6	14	-47810092857433/37130490857521152
142	72	7	15	-47810092857433/37130490857521152
142	73	4	12	6691561908176125/27030997344275398656
142	73	6	14	6691561908176125/27030997344275398656
142	73	7	15	6691561908176125/27030997344275398656
142	86	6	15	2
142	86	13	15	2
142	87	6	13	703/1378
142	87	11	13	703/1378
142	88	6	13	58428933/607642880
142	88	11	13	58428933/607642880
142	89	6	13	12049363057/1674663777280
142	89	11	13	12049363057/1674663777280
142	90	6	13	-2484771204819913/784613472931225600
142	90	11	13	-2484771204819913/784613472931225600
142	91	6	13	-605741350701933999/432478946279691550720
142	91	11	13	-605741350701933999/432478946279691550720
142	92	3	8	2
142	92	3	14	2
142	92	5	8	2
142	92	5	12	2
142	93	3	8	-19/64
142	93	3	13	627/832
142	93	5	8	-19/64
142	93	5	11	627/832
142	94	3	8	7581/851968
142	94	3	13	2755513/11075584
142	94	5	8	7581/851968
142	94	5	11	2755513/11075584
142	95	3	8	994555/109051904
142	95	3	13	1239249825/18429771776
142	95	5	8	994555/109051904
142	95	5	11	1239249825/18429771776
142	96	3	8	-1490220635/771215065088
142	96	3	13	1577455557585/130335345999872
142	96	5	8	-1490220635/771215065088
142	96	5	11	1577455557585/130335345999872
142	97	3	8	-7153450011/24678882082816
142	97	3	13	-1130802224013/3388718995996672
142	97	5	8	-7153450011/24678882082816
142	97	5	11	-1130802224013/3388718995996672
142	98	1	8	1/2
142	98	1	13	1/2
142	98	1	15	1/2
142	98	1	17	1/2
142	98	2	15	1/2
142	98	3	17	1/2
142	98	5	8	1/2
142	98	10	13	1/2
142	99	1	8	19/120
142	99	1	12	19/120
142	99	1	14	19/120
142	99	1	15	19/120
142	99	2	14	-19/600
142	99	3	15	-19/600
142	99	5	8	-19/600
142	99	9	12	-19/600
142	100	1	8	13357/332800
142	100	1	12	13357/332800
142	100	1	14	13357/332800
142	100	1	15	13357/332800
142	100	2	14	-199633/24960000
142	100	3	15	-199633/24960000
142	100	5	8	-199633/24960000
142	100	9	12	-199633/24960000
142	101	1	8	1145453/179712000
142	101	1	12	1145453/179712000
142	101	1	14	1145453/179712000
142	101	1	15	1145453/179712000
142	101	2	14	39843931/22464000000
142	101	3	15	39843931/22464000000
142	101	5	8	39843931/22464000000
142	101	9	12	39843931/22464000000
142	102	1	8	-2030010217/4765962240000
142	102	1	12	-2030010217/4765962240000
142	102	1	14	-2030010217/4765962240000
142	102	1	15	-2030010217/4765962240000
142	102	2	14	990159018887/2978726400000000
142	102	3	15	990159018887/2978726400000000
142	102	5	8	990159018887/2978726400000000
142	102	9	12	990159018887/2978726400000000
142	103	1	8	-65742904549/95319244800000
142	103	1	12	-65742904549/95319244800000
142	103	1	14	-65742904549/95319244800000
142	103	1	15	-65742904549/95319244800000
142	103	2	14	-45887683216651/297872640000000000
142	103	3	15	-45887683216651/297872640000000000
142	103	5	8	-45887683216651/297872640000000000
142	103	9	12	-45887683216651/297872640000000000
142	104	4	5	1
142	104	4	9	1
142	105	4	5	19/488
142	105	4	9	19/488
142	106	4	5	-1677567/99067904
142	106	4	9	-1677567/99067904
142	107	4	5	-101328007/48345137152
142	107	4	9	-101328007/48345137152
142	108	4	5	8296065833663/10427852703137792
142	108	4	9	8296065833663/10427852703137792
142	109	4	5	897127677951753/5088792119131242496
142	109	4	9	897127677951753/5088792119131242496
143	62	8	18	8
143	63	7	16	4788/3757
143	64	7	16	16742097/225840784
143	65	7	16	-49643761545/1696967650976
143	66	7	16	-16889654380005/1961694604528256
143	67	7	16	53692158578478903/191622252359529102592
143	68	13	13	4/3
143	68	16	16	4/3
143	68	17	17	4/3
143	69	12	12	-304/819
143	69	14	14	-304/819
143	69	15	15	-304/819
143	70	12	12	2252279/28619136
143	70	14	14	2252279/28619136
143	70	15	15	2252279/28619136
143	71	12	12	-16002047/1953256032
143	71	14	14	-16002047/1953256032
143	71	15	15	-16002047/1953256032
143	72	12	12	-2508376514317/1160327839297536
143	72	14	14	-2508376514317/1160327839297536
143	72	15	15	-2508376514317/1160327839297536
143	73	12	12	102690800700883/79192375032056832
143	73	14	14	102690800700883/79192375032056832
143	73	15	15	102690800700883/79192375032056832
143	92	12	14	8
143	93	11	13	855/416
143	94	11	13	529587/1384448
143	95	11	13	8333685/354418688
143	96	11	13	-3987666605763/260670691999744
143	97	11	13	-408443610593025/66731697151934464
143	98	1	18	2
143	99	1	16	133/195
143	100	1	16	465329/2433600
143	101	1	16	35097503/949104000
143	102	1	16	570675659/968086080000
143	103	1	16	-15048885372241/4908196425600000
143	104	5	8	4
143	104	9	12	4
143	105	5	8	-342/793
143	105	9	12	-342/793
143	106	5	8	-2401011/80492672
143	106	9	12	-2401011/80492672
143	107	5	8	2511772659/127661377792
143	107	9	12	2511772659/127661377792
143	108	5	8	-1420848290601/2118157580324864
143	108	9	12	-1420848290601/2118157580324864
143	109	5	8	-57586303554462333/43672172991138045952
143	109	9	12	-57586303554462333/43672172991138045952
144	62	17	17	6
144	63	15	15	2109/3757
144	64	15	15	-66170217/903363136
144	65	15	15	-206259341637/6787870603904
144	66	15	15	132410331945237/102008119435469312
144	67	15	15	1912470304391452911/766489009438116410368
144	74	8	16	4
144	74	12	16	4
144	74	14	16	4
144	74	16	16	2
144	75	7	15	2109/2795
144	75	11	15	2109/2795
144	75	13	15	2109/2795
144	75	15	15	-2679/5590
144	76	7	15	57809457/999939200
144	76	11	15	57809457/999939200
144	76	13	15	57809457/999939200
144	76	15	15	145142577/1999878400
144	77	7	15	-234596751417/11179320256000
144	77	11	15	-234596751417/11179320256000
144	77	13	15	-234596751417/11179320256000
144	77	15	15	64035850347/22358640512000
144	78	7	15	-33736317303069297/4249483215710720000
144	78	11	15	-33736317303069297/4249483215710720000
144	78	13	15	-33736317303069297/4249483215710720000
144	78	15	15	-3559696230064149/653766648570880000
144	79	7	15	1822164099665160087/47509222351645849600000
144	79	11	15	1822164099665160087/47509222351645849600000
144	79	13	15	1822164099665160087/47509222351645849600000
144	79	15	15	115324746786113118363/95018444703291699200000
144	104	1	17	6
144	105	1	16	-285/1586
144	106	1	16	-23114469/160985344
144	107	1	16	6752239665/510645511168
144	108	1	16	531196754919261/55072097088446464
144	109	1	16	-266198640087483975/174688691964552183808
144	110	1	8	1
144	110	1	12	1
144	110	1	14	1
144	110	1	15	1
144	111	1	8	-285/4888
144	111	1	12	-285/4888
144	111	1	14	-285/4888
144	111	1	15	-285/4888
144	112	1	8	-15877863/764561408
144	112	1	12	-15877863/764561408
144	112	1	14	-15877863/764561408
144	112	1	15	-15877863/764561408
144	113	1	8	15057116865/3737176162304
144	113	1	12	15057116865/3737176162304
144	113	1	14	15057116865/3737176162304
144	113	1	15	15057116865/3737176162304
144	114	1	8	725220565794207/621088780765626368
144	114	1	12	725220565794207/621088780765626368
144	114	1	14	725220565794207/621088780765626368
144	114	1	15	725220565794207/621088780765626368
144	115	1	8	-1316111226175059975/3035881960382381686784
144	115	1	12	-1316111226175059975/3035881960382381686784
144	115	1	14	-1316111226175059975/3035881960382381686784
144	115	1	15	-1316111226175059975/3035881960382381686784
145	62	5	5	1
145	62	5	17	2
145	62	7	7	1
145	62	7	17	2
145	63	4	4	1919/22542
145	63	4	15	-893/3757
145	63	6	6	1919/22542
145	63	6	15	-893/3757
145	64	4	4	-216741151/16260536448
145	64	4	15	-34972597/2710089408
145	64	6	6	-216741151/16260536448
145	64	6	15	-34972597/2710089408
145	65	4	4	-1700056218083/366545012610816
145	65	4	15	76806334369/6787870603904
145	65	6	6	-1700056218083/366545012610816
145	65	6	15	76806334369/6787870603904
145	66	4	4	5837598613227679/16525315348546028544
145	66	4	15	-213482020749043/306024358306407936
145	66	6	6	5837598613227679/16525315348546028544
145	66	6	15	-213482020749043/306024358306407936
145	67	4	4	143927339468284889741/372513658586924575438848
145	67	4	15	-1787523201358209061/2299467028314349231104
145	67	6	6	143927339468284889741/372513658586924575438848
145	67	6	15	-1787523201358209061/2299467028314349231104
145	74	2	8	2/3
145	74	2	9	2/3
145	74	2	12	2/3
145	74	2	13	2/3
145	74	2	14	2/3
145	74	2	15	2/3
145	74	5	14	2/3
145	74	7	12	2/3
145	74	8	11	2/3
145	75	2	7	703/3354
145	75	2	8	-323/3354
145	75	2	11	703/3354
145	75	2	12	-323/3354
145	75	2	13	703/3354
145	75	2	14	-323/3354
145	75	4	13	209/8385
145	75	6	11	209/8385
145	75	7	10	209/8385
145	76	2	7	20826451/399975680
145	76	2	8	2527/30767360
145	76	2	11	20826451/399975680
145	76	2	12	2527/30767360
145	76	2	13	20826451/399975680
145	76	2	14	2527/30767360
145	76	4	13	-25793089/1999878400
145	76	6	11	-25793089/1999878400
145	76	7	10	-25793089/1999878400
145	77	2	7	20591698837/2683036861440
145	77	2	8	10687947583/2683036861440
145	77	2	11	20591698837/2683036861440
145	77	2	12	10687947583/2683036861440
145	77	2	13	20591698837/2683036861440
145	77	2	14	10687947583/2683036861440
145	77	4	13	-50853908633/33537960768000
145	77	6	11	-50853908633/33537960768000
145	77	7	10	-50853908633/33537960768000
145	78	2	7	-68882918800981/78451997828505600
145	78	2	8	-643718728029553/1019875971770572800
145	78	2	11	-68882918800981/78451997828505600
145	78	2	12	-643718728029553/1019875971770572800
145	78	2	13	-68882918800981/78451997828505600
145	78	2	14	-643718728029553/1019875971770572800
145	78	4	13	17728121272219403/25496899294264320000
145	78	6	11	17728121272219403/25496899294264320000
145	78	7	10	17728121272219403/25496899294264320000
145	79	2	7	-148462226431750573/152029511525266718720
145	79	2	8	-1878972941362871/8942912442662748160
145	79	2	11	-148462226431750573/152029511525266718720
145	79	2	12	-1878972941362871/8942912442662748160
145	79	2	13	-148462226431750573/152029511525266718720
145	79	2	14	-1878972941362871/8942912442662748160
145	79	4	13	6852807389355498989/47509222351645849600000
145	79	6	11	6852807389355498989/47509222351645849600000
145	79	7	10	6852807389355498989/47509222351645849600000
145	80	4	7	1/2
145	80	4	12	1/2
145	80	6	7	1/2
145	80	6	12	1/2
145	80	7	8	1/2
145	80	7	14	1/2
145	80	7	16	1/2
145	80	7	18	1/2
145	80	12	14	1/2
145	80	12	15	1/2
145	80	12	16	1/2
145	80	12	17	1/2
145	81	4	7	703/5824
145	81	4	10	703/5824
145	81	6	7	703/5824
145	81	6	10	703/5824
145	81	7	8	-1159/11648
145	81	7	11	703/5824
145	81	7	13	703/5824
145	81	7	15	-1159/11648
145	81	10	11	703/5824
145	81	10	12	-1159/11648
145	81	10	13	703/5824
145	81	10	14	-1159/11648
145	82	4	7	5205981/271351808
145	82	4	10	5205981/271351808
145	82	6	7	5205981/271351808
145	82	6	10	5205981/271351808
145	82	7	8	2671761/271351808
145	82	7	11	5205981/271351808
145	82	7	13	5205981/271351808
145	82	7	15	2671761/271351808
145	82	10	11	5205981/271351808
145	82	10	12	2671761/271351808
145	82	10	13	5205981/271351808
145	82	10	14	2671761/271351808
145	83	4	7	-138311735/790176464896
145	83	4	10	-138311735/790176464896
145	83	6	7	-138311735/790176464896
145	83	6	10	-138311735/790176464896
145	83	7	8	3165188435/1580352929792
145	83	7	11	-138311735/790176464896
145	83	7	13	-138311735/790176464896
145	83	7	15	3165188435/1580352929792
145	83	10	11	-138311735/790176464896
145	83	10	12	3165188435/1580352929792
145	83	10	13	-138311735/790176464896
145	83	10	14	3165188435/1580352929792
145	84	4	7	-47847810621895/39116895718211584
145	84	4	10	-47847810621895/39116895718211584
145	84	6	7	-47847810621895/39116895718211584
145	84	6	10	-47847810621895/39116895718211584
145	84	7	8	-79929266116865/78233791436423168
145	84	7	11	-47847810621895/39116895718211584
145	84	7	13	-47847810621895/39116895718211584
145	84	7	15	-79929266116865/78233791436423168
145	84	10	11	-47847810621895/39116895718211584
145	84	10	12	-79929266116865/78233791436423168
145	84	10	13	-47847810621895/39116895718211584
145	84	10	14	-79929266116865/78233791436423168
145	85	4	7	-35896616647722969/113908400331432132608
145	85	4	10	-35896616647722969/113908400331432132608
145	85	6	7	-35896616647722969/113908400331432132608
145	85	6	10	-35896616647722969/113908400331432132608
145	85	7	8	32646738493014249/455633601325728530432
145	85	7	11	-35896616647722969/113908400331432132608
145	85	7	13	-35896616647722969/113908400331432132608
145	85	7	15	32646738493014249/455633601325728530432
145	85	10	11	-35896616647722969/113908400331432132608
145	85	10	12	32646738493014249/455633601325728530432
145	85	10	13	-35896616647722969/113908400331432132608
145	85	10	14	32646738493014249/455633601325728530432
145	86	2	11	2
145	86	2	17	2
145	86	3	7	2
145	86	3	16	2
145	87	2	10	1577/3445
145	87	2	15	133/10335
145	87	3	7	1577/3445
145	87	3	14	133/10335
145	88	2	10	136479299/2278660800
145	88	2	15	-306231607/6835982400
145	88	3	7	136479299/2278660800
145	88	3	14	-306231607/6835982400
145	89	2	10	-35772915589/5233324304000
145	89	2	15	-122336979961/141299756208000
145	89	3	7	-35772915589/5233324304000
145	89	3	14	-122336979961/141299756208000
145	90	2	10	-21237360831270611/3677875654365120000
145	90	2	15	21635972865980411/7638664820604480000
145	90	3	7	-21237360831270611/3677875654365120000
145	90	3	14	21635972865980411/7638664820604480000
145	91	2	10	-22066524530354382127/25340563258575676800000
145	91	2	15	187533617104429966559/2052585623944629820800000
145	91	3	7	-22066524530354382127/25340563258575676800000
145	91	3	14	187533617104429966559/2052585623944629820800000
145	92	2	7	2
145	93	2	7	-19/128
145	94	2	7	-588791/16613376
145	95	2	7	13505371/1417674752
145	96	2	7	4918115279191/3128048303996928
145	97	2	7	-756981573939709/800780365823213568
145	104	1	2	1
145	104	1	3	1
145	105	1	2	437/1586
145	105	1	3	437/1586
145	106	1	2	49791647/965912064
145	106	1	3	49791647/965912064
145	107	1	2	394865771/510645511168
145	107	1	3	394865771/510645511168
145	108	1	2	-1209606643445231/330432582530678784
145	108	1	3	-1209606643445231/330432582530678784
145	109	1	2	-628644389496903367/524066075893656551424
145	109	1	3	-628644389496903367/524066075893656551424
146	62	5	13	1
146	62	5	17	1
146	62	7	16	1
146	62	7	17	1
146	62	13	17	1
146	62	16	17	1
146	63	4	12	6517/45084
146	63	4	15	285/1156
146	63	6	14	6517/45084
146	63	6	15	285/1156
146	63	12	15	-2489/15028
146	63	14	15	-2489/15028
146	64	4	12	8891069/5003241984
146	64	4	15	903295283/21680715264
146	64	6	14	8891069/5003241984
146	64	6	15	903295283/21680715264
146	64	12	15	180232499/21680715264
146	64	14	15	180232499/21680715264
146	65	4	12	-15454484216185/2932360100886528
146	65	4	15	7058219655/8354302281728
146	65	6	14	-15454484216185/2932360100886528
146	65	6	15	7058219655/8354302281728
146	65	12	15	538259304805/108605929662464
146	65	14	15	538259304805/108605929662464
146	66	4	12	-245437419121026065/264405045576736456704
146	66	4	15	-21992841316194883/9792779465805053952
146	66	6	14	-245437419121026065/264405045576736456704
146	66	6	15	-21992841316194883/9792779465805053952
146	66	12	15	-13339155328278595/9792779465805053952
146	66	14	15	-13339155328278595/9792779465805053952
146	67	4	12	2760307018258679307103/11920437074781586414043136
146	67	4	15	-2573150079333854425/3773484354156880789504
146	67	6	14	2760307018258679307103/11920437074781586414043136
146	67	6	15	-2573150079333854425/3773484354156880789504
146	67	12	15	-16287110346907083313/147165889812118350790656
146	67	14	15	-16287110346907083313/147165889812118350790656
146	74	5	8	1/3
146	74	5	12	1/3
146	74	7	8	1/3
146	74	7	14	1/3
146	74	8	13	1/3
146	74	8	15	1/3
146	74	9	12	1/3
146	74	9	14	1/3
146	74	11	12	1/3
146	74	11	14	1/3
146	74	12	15	1/3
146	74	13	14	1/3
146	75	4	7	4921/67080
146	75	4	11	4921/67080
146	75	6	7	4921/67080
146	75	6	13	4921/67080
146	75	7	12	-1273/67080
146	75	7	14	-1273/67080
146	75	8	11	-1273/67080
146	75	8	13	-1273/67080
146	75	10	11	4921/67080
146	75	10	13	4921/67080
146	75	11	14	-1273/67080
146	75	12	13	-1273/67080
146	76	4	7	155518439/15999027200
146	76	4	11	155518439/15999027200
146	76	6	7	155518439/15999027200
146	76	6	13	155518439/15999027200
146	76	7	12	-85502489/15999027200
146	76	7	14	-85502489/15999027200
146	76	8	11	-85502489/15999027200
146	76	8	13	-85502489/15999027200
146	76	10	11	155518439/15999027200
146	76	10	13	155518439/15999027200
146	76	11	14	-85502489/15999027200
146	76	12	13	-85502489/15999027200
146	77	4	7	-739003660633/1073214744576000
146	77	4	11	-739003660633/1073214744576000
146	77	6	7	-739003660633/1073214744576000
146	77	6	13	-739003660633/1073214744576000
146	77	7	12	1111629755161/1073214744576000
146	77	7	14	1111629755161/1073214744576000
146	77	8	11	1111629755161/1073214744576000
146	77	8	13	1111629755161/1073214744576000
146	77	10	11	-739003660633/1073214744576000
146	77	10	13	-739003660633/1073214744576000
146	77	11	14	1111629755161/1073214744576000
146	77	12	13	1111629755161/1073214744576000
146	78	4	7	-600057361688199577/815900777416458240000
146	78	4	11	-600057361688199577/815900777416458240000
146	78	6	7	-600057361688199577/815900777416458240000
146	78	6	13	-600057361688199577/815900777416458240000
146	78	7	12	186181469892444263/815900777416458240000
146	78	7	14	186181469892444263/815900777416458240000
146	78	8	11	186181469892444263/815900777416458240000
146	78	8	13	186181469892444263/815900777416458240000
146	78	10	11	-600057361688199577/815900777416458240000
146	78	10	13	-600057361688199577/815900777416458240000
146	78	11	14	186181469892444263/815900777416458240000
146	78	12	13	186181469892444263/815900777416458240000
146	79	4	7	-778443418888809499679/6081180461010668748800000
146	79	4	11	-778443418888809499679/6081180461010668748800000
146	79	6	7	-778443418888809499679/6081180461010668748800000
146	79	6	13	-778443418888809499679/6081180461010668748800000
146	79	7	12	-534356025703164405153/6081180461010668748800000
146	79	7	14	-534356025703164405153/6081180461010668748800000
146	79	8	11	-534356025703164405153/6081180461010668748800000
146	79	8	13	-534356025703164405153/6081180461010668748800000
146	79	10	11	-778443418888809499679/6081180461010668748800000
146	79	10	13	-778443418888809499679/6081180461010668748800000
146	79	11	14	-534356025703164405153/6081180461010668748800000
146	79	12	13	-534356025703164405153/6081180461010668748800000
146	80	4	8	1/4
146	80	4	15	1/4
146	80	6	8	1/4
146	80	6	17	1/4
146	80	14	15	1/4
146	80	14	18	1/4
146	80	16	17	1/4
146	80	16	18	1/4
146	81	4	8	703/23296
146	81	4	12	703/23296
146	81	6	8	703/23296
146	81	6	14	703/23296
146	81	11	12	703/23296
146	81	11	15	703/23296
146	81	13	14	703/23296
146	81	13	15	703/23296
146	82	4	8	-2132427/2170814464
146	82	4	12	-2132427/2170814464
146	82	6	8	-2132427/2170814464
146	82	6	14	-2132427/2170814464
146	82	11	12	-2132427/2170814464
146	82	11	15	-2132427/2170814464
146	82	13	14	-2132427/2170814464
146	82	13	15	-2132427/2170814464
146	83	4	8	-1201154939/972524879872
146	83	4	12	-1201154939/972524879872
146	83	6	8	-1201154939/972524879872
146	83	6	14	-1201154939/972524879872
146	83	11	12	-1201154939/972524879872
146	83	11	15	-1201154939/972524879872
146	83	13	14	-1201154939/972524879872
146	83	13	15	-1201154939/972524879872
146	84	4	8	-137273034083623/1251740662982770688
146	84	4	12	-137273034083623/1251740662982770688
146	84	6	8	-137273034083623/1251740662982770688
146	84	6	14	-137273034083623/1251740662982770688
146	84	11	12	-137273034083623/1251740662982770688
146	84	11	15	-137273034083623/1251740662982770688
146	84	13	14	-137273034083623/1251740662982770688
146	84	13	15	-137273034083623/1251740662982770688
146	85	4	8	39740715136607427/560779817016281268224
146	85	4	12	39740715136607427/560779817016281268224
146	85	6	8	39740715136607427/560779817016281268224
146	85	6	14	39740715136607427/560779817016281268224
146	85	11	12	39740715136607427/560779817016281268224
146	85	11	15	39740715136607427/560779817016281268224
146	85	13	14	39740715136607427/560779817016281268224
146	85	13	15	39740715136607427/560779817016281268224
146	86	2	16	1
146	86	2	18	1
146	86	3	17	1
146	86	3	18	1
146	86	7	15	1
146	86	7	17	1
146	86	11	15	1
146	86	11	16	1
146	87	2	14	9329/41340
146	87	2	16	-893/8268
146	87	3	15	9329/41340
146	87	3	16	-893/8268
146	87	7	13	703/2756
146	87	7	15	-2451/13780
146	87	10	13	703/2756
146	87	10	14	-2451/13780
146	88	2	14	1644736577/54687859200
146	88	2	16	-100454387/10937571840
146	88	3	15	1644736577/54687859200
146	88	3	16	-100454387/10937571840
146	88	7	13	161204911/3645857280
146	88	7	15	196633451/18229286400
146	88	10	13	161204911/3645857280
146	88	10	14	196633451/18229286400
146	89	2	14	-5930684989997/2260796099328000
146	89	2	16	496996329013/90431843973120
146	89	3	15	-5930684989997/2260796099328000
146	89	3	16	496996329013/90431843973120
146	89	7	13	2149795793/3349327554560
146	89	7	15	460396362063/83733188864000
146	89	10	13	2149795793/3349327554560
146	89	10	14	460396362063/83733188864000
146	90	2	14	-8102677353991884337/3177684565371463680000
146	90	2	16	-12179937954867673/127107382614858547200
146	90	3	15	-8102677353991884337/3177684565371463680000
146	90	3	16	-12179937954867673/127107382614858547200
146	90	7	13	-12610315934803739/4707680837587353600
146	90	7	15	-203535523633966691/117692020939683840000
146	90	10	13	-12610315934803739/4707680837587353600
146	90	10	14	-203535523633966691/117692020939683840000
146	91	2	14	-55946546281815122977613/131365479932456308531200000
146	91	2	16	-87195999409011210851/210184767891930093649920
146	91	3	15	-55946546281815122977613/131365479932456308531200000
146	91	3	16	-87195999409011210851/210184767891930093649920
146	91	7	13	-2115024121485194317/2594873677678149304320
146	91	7	15	-52102775447296551113/540598682849614438400000
146	91	10	13	-2115024121485194317/2594873677678149304320
146	91	10	14	-52102775447296551113/540598682849614438400000
146	92	2	13	1
146	92	2	15	1
146	92	3	7	1
146	92	3	15	1
146	92	5	7	1
146	92	5	13	1
146	93	2	12	-437/3328
146	93	2	14	-437/3328
146	93	3	7	1007/4992
146	93	3	14	133/4992
146	93	5	7	1007/4992
146	93	5	12	133/4992
146	94	2	12	-288439/66453504
146	94	2	14	-288439/66453504
146	94	3	7	3809633/199360512
146	94	3	14	-4161247/199360512
146	94	5	7	3809633/199360512
146	94	5	12	-4161247/199360512
146	95	2	12	459861655/73719087104
146	95	2	14	459861655/73719087104
146	95	3	7	-4829456195/995207675904
146	95	3	14	-1697979745/995207675904
146	95	5	7	-4829456195/995207675904
146	95	5	12	-1697979745/995207675904
146	96	2	12	-37312857115/60154775076864
146	96	2	14	-37312857115/60154775076864
146	96	3	7	-3733013116355/1624178927075328
146	96	3	14	25840397791885/21114326051979264
146	96	5	7	-3733013116355/1624178927075328
146	96	5	12	25840397791885/21114326051979264
146	97	2	12	-4308872935742851/10410144755701776384
146	97	2	14	-4308872935742851/10410144755701776384
146	97	3	7	-1462831676292329/13175339456435060736
146	97	3	14	4509661333882033/26350678912870121472
146	97	5	7	-1462831676292329/13175339456435060736
146	97	5	12	4509661333882033/26350678912870121472
146	104	1	6	1/2
146	104	1	7	1/2
146	104	1	10	1/2
146	104	1	11	1/2
146	104	2	7	1/2
146	104	2	11	1/2
146	104	3	6	1/2
146	104	3	10	1/2
146	105	1	6	1843/12688
146	105	1	7	1843/12688
146	105	1	10	1843/12688
146	105	1	11	1843/12688
146	105	2	7	-779/38064
146	105	2	11	-779/38064
146	105	3	6	-779/38064
146	105	3	10	-779/38064
146	106	1	6	238588871/7727296512
146	106	1	7	238588871/7727296512
146	106	1	10	238588871/7727296512
146	106	1	11	238588871/7727296512
146	106	2	7	-243049387/23181889536
146	106	2	11	-243049387/23181889536
146	106	3	6	-243049387/23181889536
146	106	3	10	-243049387/23181889536
146	107	1	6	39077746405/16340656357376
146	107	1	7	39077746405/16340656357376
146	107	1	10	39077746405/16340656357376
146	107	1	11	39077746405/16340656357376
146	107	2	7	46020083255/33938286280704
146	107	2	11	46020083255/33938286280704
146	107	3	6	46020083255/33938286280704
146	107	3	10	46020083255/33938286280704
146	108	1	6	-1177766244528455/813372510844747776
146	108	1	7	-1177766244528455/813372510844747776
146	108	1	10	-1177766244528455/813372510844747776
146	108	1	11	-1177766244528455/813372510844747776
146	108	2	7	174577075360252295/285493751306506469376
146	108	2	11	174577075360252295/285493751306506469376
146	108	3	6	174577075360252295/285493751306506469376
146	108	3	10	174577075360252295/285493751306506469376
146	109	1	6	-46275148633724297453/67080457714388038582272
146	109	1	7	-46275148633724297453/67080457714388038582272
146	109	1	10	-46275148633724297453/67080457714388038582272
146	109	1	11	-46275148633724297453/67080457714388038582272
146	109	2	7	-58700092687238165389/417962851912725471166464
146	109	2	11	-58700092687238165389/417962851912725471166464
146	109	3	6	-58700092687238165389/417962851912725471166464
146	109	3	10	-58700092687238165389/417962851912725471166464
147	62	13	13	1
147	62	13	17	2
147	62	16	16	1
147	62	16	17	2
147	63	12	12	1007/22542
147	63	12	15	1501/3757
147	63	14	14	1007/22542
147	63	14	15	1501/3757
147	64	12	12	-272086783/16260536448
147	64	12	15	114775979/2710089408
147	64	14	14	-272086783/16260536448
147	64	14	15	114775979/2710089408
147	65	12	12	-887327601395/366545012610816
147	65	12	15	-44153543585/6787870603904
147	65	14	14	-887327601395/366545012610816
147	65	14	15	-44153543585/6787870603904
147	66	12	12	12726337472983135/16525315348546028544
147	66	12	15	-89517601111615/23540335254339072
147	66	14	14	12726337472983135/16525315348546028544
147	66	14	15	-89517601111615/23540335254339072
147	67	12	12	76251082282135117853/372513658586924575438848
147	67	12	15	-853688346908933563/2299467028314349231104
147	67	14	14	76251082282135117853/372513658586924575438848
147	67	14	15	-853688346908933563/2299467028314349231104
147	74	8	9	2/3
147	74	8	17	2/3
147	74	12	13	2/3
147	74	12	17	2/3
147	74	14	15	2/3
147	74	14	17	2/3
147	75	7	8	703/8385
147	75	7	16	-1691/16770
147	75	11	12	703/8385
147	75	11	16	-1691/16770
147	75	13	14	703/8385
147	75	13	16	-1691/16770
147	76	7	8	-4086881/1999878400
147	76	7	16	5327999/1999878400
147	76	11	12	-4086881/1999878400
147	76	11	16	5327999/1999878400
147	76	13	14	-4086881/1999878400
147	76	13	16	5327999/1999878400
147	77	7	8	-114799501399/33537960768000
147	77	7	16	228377654963/67075921536000
147	77	11	12	-114799501399/33537960768000
147	77	11	16	228377654963/67075921536000
147	77	13	14	-114799501399/33537960768000
147	77	13	16	228377654963/67075921536000
147	78	7	8	-9093738457147957/25496899294264320000
147	78	7	16	-18047327894612137/25496899294264320000
147	78	11	12	-9093738457147957/25496899294264320000
147	78	11	16	-18047327894612137/25496899294264320000
147	78	13	14	-9093738457147957/25496899294264320000
147	78	13	16	-18047327894612137/25496899294264320000
147	79	7	8	9148617838840089123/47509222351645849600000
147	79	7	16	-11849472219165407171/95018444703291699200000
147	79	11	12	9148617838840089123/47509222351645849600000
147	79	11	16	-11849472219165407171/95018444703291699200000
147	79	13	14	9148617838840089123/47509222351645849600000
147	79	13	16	-11849472219165407171/95018444703291699200000
147	86	15	16	2
147	86	15	17	2
147	87	13	14	703/2067
147	87	13	15	703/2067
147	88	13	14	23224213/1367196480
147	88	13	15	23224213/1367196480
147	89	13	14	-62197391423/5651990248320
147	89	13	15	-62197391423/5651990248320
147	90	13	14	-12152408998956073/3972105706714329600
147	90	13	15	-12152408998956073/3972105706714329600
147	91	13	14	915083184576444721/3284136998311407713280
147	91	13	15	915083184576444721/3284136998311407713280
147	92	3	16	2
147	92	3	17	2
147	92	5	16	2
147	92	5	17	2
147	92	7	16	2
147	93	3	15	209/416
147	93	3	16	-19/96
147	93	5	15	209/416
147	93	5	16	-19/96
147	93	7	15	-285/832
147	94	3	15	697091/8306688
147	94	3	16	-565687/24920064
147	94	5	15	697091/8306688
147	94	5	16	-565687/24920064
147	94	7	15	10469/638976
147	95	3	15	-377245/2303721472
147	95	3	16	50790895/4784652288
147	95	5	15	-377245/2303721472
147	95	5	16	50790895/4784652288
147	95	7	15	53808855/4607442944
147	96	3	15	-134940227845/24437877374976
147	96	3	16	152799417685/659822689124352
147	96	5	15	-134940227845/24437877374976
147	96	5	16	152799417685/659822689124352
147	96	7	15	-19533423727/6109469343744
147	97	3	15	-3893024367859/2541539246997504
147	97	3	16	-27181106877709/31671489077968896
147	97	5	15	-3893024367859/2541539246997504
147	97	5	16	-27181106877709/31671489077968896
147	97	7	15	-18000187387925/54219503935946752
147	104	1	14	1
147	104	1	16	1
147	104	2	14	1
147	104	3	16	1
147	105	1	14	969/3172
147	105	1	15	969/3172
147	105	2	14	-1007/9516
147	105	3	15	-1007/9516
147	106	1	14	68713823/965912064
147	106	1	15	68713823/965912064
147	106	2	14	-31829731/2897736192
147	106	3	15	-31829731/2897736192
147	107	1	14	8353089111/1021291022336
147	107	1	15	8353089111/1021291022336
147	107	2	14	161511047303/27574857603072
147	107	3	15	161511047303/27574857603072
147	108	1	14	-767401012867019/330432582530678784
147	108	1	15	-767401012867019/330432582530678784
147	108	2	14	16697615178899/686283056025255936
147	108	3	15	16697615178899/686283056025255936
147	109	1	14	-31676048407204189/20551610819359080448
147	109	1	15	-31676048407204189/20551610819359080448
147	109	2	14	-41220747002807668741/84898704294772361330688
147	109	3	15	-41220747002807668741/84898704294772361330688
147	110	2	7	1/6
147	110	2	11	1/6
147	110	2	13	1/6
147	110	3	6	1/6
147	110	3	10	1/6
147	110	3	13	1/6
147	110	4	5	1/6
147	110	4	9	1/6
147	110	5	10	1/6
147	110	5	11	1/6
147	110	6	9	1/6
147	110	7	9	1/6
147	111	2	7	-19/29328
147	111	2	11	-19/29328
147	111	2	13	-19/29328
147	111	3	6	-19/29328
147	111	3	10	-19/29328
147	111	3	13	-19/29328
147	111	4	5	-19/29328
147	111	4	9	-19/29328
147	111	5	10	-19/29328
147	111	5	11	-19/29328
147	111	6	9	-19/29328
147	111	7	9	-19/29328
147	112	2	7	-5499113/1529122816
147	112	2	11	-5499113/1529122816
147	112	2	13	-5499113/1529122816
147	112	3	6	-5499113/1529122816
147	112	3	10	-5499113/1529122816
147	112	3	13	-5499113/1529122816
147	112	4	5	-5499113/1529122816
147	112	4	9	-5499113/1529122816
147	112	5	10	-5499113/1529122816
147	112	5	11	-5499113/1529122816
147	112	6	9	-5499113/1529122816
147	112	7	9	-5499113/1529122816
147	113	2	7	940787299/22423056973824
147	113	2	11	940787299/22423056973824
147	113	2	13	940787299/22423056973824
147	113	3	6	940787299/22423056973824
147	113	3	10	940787299/22423056973824
147	113	3	13	940787299/22423056973824
147	113	4	5	940787299/22423056973824
147	113	4	9	940787299/22423056973824
147	113	5	10	940787299/22423056973824
147	113	5	11	940787299/22423056973824
147	113	6	9	940787299/22423056973824
147	113	7	9	940787299/22423056973824
147	114	2	7	816414807170087/3726532684593758208
147	114	2	11	816414807170087/3726532684593758208
147	114	2	13	816414807170087/3726532684593758208
147	114	3	6	816414807170087/3726532684593758208
147	114	3	10	816414807170087/3726532684593758208
147	114	3	13	816414807170087/3726532684593758208
147	114	4	5	816414807170087/3726532684593758208
147	114	4	9	816414807170087/3726532684593758208
147	114	5	10	816414807170087/3726532684593758208
147	114	5	11	816414807170087/3726532684593758208
147	114	6	9	816414807170087/3726532684593758208
147	114	7	9	816414807170087/3726532684593758208
147	115	2	7	-25878798451288779/6071763920764763373568
147	115	2	11	-25878798451288779/6071763920764763373568
147	115	2	13	-25878798451288779/6071763920764763373568
147	115	3	6	-25878798451288779/6071763920764763373568
147	115	3	10	-25878798451288779/6071763920764763373568
147	115	3	13	-25878798451288779/6071763920764763373568
147	115	4	5	-25878798451288779/6071763920764763373568
147	115	4	9	-25878798451288779/6071763920764763373568
147	115	5	10	-25878798451288779/6071763920764763373568
147	115	5	11	-25878798451288779/6071763920764763373568
147	115	6	9	-25878798451288779/6071763920764763373568
147	115	7	9	-25878798451288779/6071763920764763373568
148	62	9	17	4
148	63	8	15	-3192/3757
148	64	8	15	26671041/225840784
148	65	8	15	597617811/424241912744
148	66	8	15	-76436731605069/12751014929433664
148	67	8	15	31885890166117071/23952781544941137824
148	68	4	4	2/3
148	68	6	6	2/3
148	68	7	7	2/3
148	69	4	4	19/1092
148	69	6	6	19/1092
148	69	7	7	19/1092
148	70	4	4	-36461/3179904
148	70	6	6	-36461/3179904
148	70	7	7	-36461/3179904
148	71	4	4	-2133149/2314970112
148	71	6	6	-2133149/2314970112
148	71	7	7	-2133149/2314970112
148	72	4	4	7927296109/14325035053056
148	72	6	6	7927296109/14325035053056
148	72	7	7	7927296109/14325035053056
148	73	4	4	796954748041/10428625518624768
148	73	6	6	796954748041/10428625518624768
148	73	7	7	796954748041/10428625518624768
148	74	5	14	4/3
148	74	7	12	4/3
148	74	8	11	4/3
148	75	4	13	1501/2795
148	75	6	11	1501/2795
148	75	7	10	1501/2795
148	76	4	13	7512771/38459200
148	76	6	11	7512771/38459200
148	76	7	10	7512771/38459200
148	77	4	13	345425008419/5589660128000
148	77	6	11	345425008419/5589660128000
148	77	7	10	345425008419/5589660128000
148	78	4	13	16595117522000019/1062370803927680000
148	78	6	11	16595117522000019/1062370803927680000
148	78	7	10	16595117522000019/1062370803927680000
148	79	4	13	27468468029315399157/11877305587911462400000
148	79	6	11	27468468029315399157/11877305587911462400000
148	79	7	10	27468468029315399157/11877305587911462400000
148	80	8	8	1/2
148	80	15	15	1/2
148	80	17	17	1/2
148	80	18	18	1/2
148	81	8	8	-3819/23296
148	81	12	12	-3819/23296
148	81	14	14	-3819/23296
148	81	15	15	-3819/23296
148	82	8	8	12537891/271351808
148	82	12	12	12537891/271351808
148	82	14	14	12537891/271351808
148	82	15	15	12537891/271351808
148	83	8	8	-32248212669/3160705859584
148	83	12	12	-32248212669/3160705859584
148	83	14	14	-32248212669/3160705859584
148	83	15	15	-32248212669/3160705859584
148	84	8	8	772246600209117/625870331491385344
148	84	12	12	772246600209117/625870331491385344
148	84	14	14	772246600209117/625870331491385344
148	84	15	15	772246600209117/625870331491385344
148	85	8	8	1731331878523845417/7290137621211656486912
148	85	12	12	1731331878523845417/7290137621211656486912
148	85	14	14	1731331878523845417/7290137621211656486912
148	85	15	15	1731331878523845417/7290137621211656486912
148	86	6	11	4
148	86	7	13	4
148	87	6	10	3876/3445
148	87	7	11	3876/3445
148	88	6	10	3629133/14606800
148	88	7	11	3629133/14606800
148	89	6	10	20687354451/654165538000
148	89	7	11	20687354451/654165538000
148	90	6	10	-610294490562933/153244818931880000
148	90	7	11	-610294490562933/153244818931880000
148	91	6	10	-108710250900667281/31054611836489800000
148	91	7	11	-108710250900667281/31054611836489800000
148	92	2	8	4
148	93	2	8	-627/832
148	94	2	8	198189/2768896
148	95	2	8	120190257/9214885888
148	96	2	8	-3365495906823/521341383999488
148	97	2	8	61758274422537/133463394303868928
148	98	2	17	1
148	98	3	15	1
148	98	5	13	1
148	98	8	10	1
148	99	2	15	19/325
148	99	3	14	19/325
148	99	5	12	19/325
148	99	8	9	19/325
148	100	2	15	-112271/6760000
148	100	3	14	-112271/6760000
148	100	5	12	-112271/6760000
148	100	8	9	-112271/6760000
148	101	2	15	-7277399/2197000000
148	101	3	14	-7277399/2197000000
148	101	5	12	-7277399/2197000000
148	101	8	9	-7277399/2197000000
148	102	2	15	35607215867/48553700000000
148	102	3	14	35607215867/48553700000000
148	102	5	12	35607215867/48553700000000
148	102	8	9	35607215867/48553700000000
148	103	2	15	354030158921/1213842500000000
148	103	3	14	354030158921/1213842500000000
148	103	5	12	354030158921/1213842500000000
148	103	8	9	354030158921/1213842500000000
148	104	1	4	2
148	105	1	4	969/1586
148	106	1	4	12050541/80492672
148	107	1	4	5915619999/255322755584
148	108	1	4	-18398930290983/13768024272111616
148	109	1	4	-447930253525707/197611642493837312
149	62	9	17	2
149	62	17	18	2
149	63	8	15	2299/7514
149	63	15	16	-3895/7514
149	64	8	15	51554049/3613452544
149	64	15	16	367894017/3613452544
149	65	8	15	-422104485583/54302964831232
149	65	15	16	-517008476645/54302964831232
149	66	8	15	-3229877196705281/1632129910967508992
149	66	15	16	-4235582573623649/1632129910967508992
149	67	8	15	3579947603924807841/24527648302019725131776
149	67	15	16	34070525111950579275/24527648302019725131776
149	68	4	13	2/3
149	68	6	16	2/3
149	68	7	17	2/3
149	69	4	12	323/3276
149	69	6	14	323/3276
149	69	7	15	323/3276
149	70	4	12	54511/25439232
149	70	6	14	54511/25439232
149	70	7	15	54511/25439232
149	71	4	12	-1681298657/500033544192
149	71	6	14	-1681298657/500033544192
149	71	7	15	-1681298657/500033544192
149	72	4	12	-24438324717433/37130490857521152
149	72	6	14	-24438324717433/37130490857521152
149	72	7	15	-24438324717433/37130490857521152
149	73	4	12	205716387319259/1590058667310317568
149	73	6	14	205716387319259/1590058667310317568
149	73	7	15	205716387319259/1590058667310317568
149	74	8	13	2/3
149	74	8	15	2/3
149	74	9	12	2/3
149	74	9	14	2/3
149	74	12	15	2/3
149	74	13	14	2/3
149	75	7	12	2299/11180
149	75	7	14	2299/11180
149	75	8	11	2299/11180
149	75	8	13	2299/11180
149	75	11	14	2299/11180
149	75	12	13	2299/11180
149	76	7	12	419926391/7999513600
149	76	7	14	419926391/7999513600
149	76	8	11	419926391/7999513600
149	76	8	13	419926391/7999513600
149	76	11	14	419926391/7999513600
149	76	12	13	419926391/7999513600
149	77	7	12	1689642102357/178869124096000
149	77	7	14	1689642102357/178869124096000
149	77	8	11	1689642102357/178869124096000
149	77	8	13	1689642102357/178869124096000
149	77	11	14	1689642102357/178869124096000
149	77	12	13	1689642102357/178869124096000
149	78	7	12	40665527259192621/135983462902743040000
149	78	7	14	40665527259192621/135983462902743040000
149	78	8	11	40665527259192621/135983462902743040000
149	78	8	13	40665527259192621/135983462902743040000
149	78	11	14	40665527259192621/135983462902743040000
149	78	12	13	40665527259192621/135983462902743040000
149	79	7	12	-1722671748073775228103/3040590230505334374400000
149	79	7	14	-1722671748073775228103/3040590230505334374400000
149	79	8	11	-1722671748073775228103/3040590230505334374400000
149	79	8	13	-1722671748073775228103/3040590230505334374400000
149	79	11	14	-1722671748073775228103/3040590230505334374400000
149	79	12	13	-1722671748073775228103/3040590230505334374400000
149	86	6	16	2
149	86	13	17	2
149	86	16	16	1
149	86	17	17	1
149	87	6	14	1577/6890
149	87	11	15	1577/6890
149	87	14	14	-11951/41340
149	87	15	15	-11951/41340
149	88	6	14	-28232727/3038214400
149	88	11	15	-28232727/3038214400
149	88	14	14	3600114737/54687859200
149	88	15	15	3600114737/54687859200
149	89	6	14	-384569801549/41866594432000
149	89	11	15	-384569801549/41866594432000
149	89	14	14	-19832141291197/2260796099328000
149	89	15	15	-19832141291197/2260796099328000
149	90	6	14	-13096936764000097/19615336823280640000
149	90	11	15	-13096936764000097/19615336823280640000
149	90	14	14	-250227558183085909/244437274259343360000
149	90	15	15	-250227558183085909/244437274259343360000
149	91	6	14	141812176072750514091/270299341424807219200000
149	91	11	15	141812176072750514091/270299341424807219200000
149	91	14	14	7594187765093137374211/7727381172497429913600000
149	91	15	15	7594187765093137374211/7727381172497429913600000
149	92	7	12	2
149	92	7	14	2
149	93	7	11	969/1664
149	93	7	13	969/1664
149	94	7	11	1471075/11075584
149	94	7	13	1471075/11075584
149	95	7	11	637002189/36859543552
149	95	7	13	637002189/36859543552
149	96	7	11	-78386908611/32583836499968
149	96	7	13	-78386908611/32583836499968
149	97	7	11	-215222418607743/102060242702958592
149	97	7	13	-215222418607743/102060242702958592
149	98	2	18	1/2
149	98	3	18	1/2
149	98	5	18	1/2
149	98	10	18	1/2
149	99	2	16	-361/7800
149	99	3	16	-361/7800
149	99	5	16	-361/7800
149	99	9	16	-361/7800
149	100	2	16	-666767/108160000
149	100	3	16	-666767/108160000
149	100	5	16	-666767/108160000
149	100	9	16	-666767/108160000
149	101	2	16	9509914333/3796416000000
149	101	3	16	9509914333/3796416000000
149	101	5	16	9509914333/3796416000000
149	101	9	16	9509914333/3796416000000
149	102	2	16	58430909006783/503404761600000000
149	102	3	16	58430909006783/503404761600000000
149	102	5	16	58430909006783/503404761600000000
149	102	9	16	58430909006783/503404761600000000
149	103	2	16	-134724491568604121/654426190080000000000
149	103	3	16	-134724491568604121/654426190080000000000
149	103	5	16	-134724491568604121/654426190080000000000
149	103	9	16	-134724491568604121/654426190080000000000
149	104	1	8	1
149	104	1	12	1
149	104	2	8	1
149	104	2	12	1
149	104	3	8	1
149	104	3	12	1
149	104	5	12	1
149	104	8	9	1
149	105	1	8	2033/6344
149	105	1	12	2033/6344
149	105	2	8	-1083/6344
149	105	2	12	-1083/6344
149	105	3	8	-1083/6344
149	105	3	12	-1083/6344
149	105	5	12	475/6344
149	105	8	9	475/6344
149	106	1	8	107441181/1287882752
149	106	1	12	107441181/1287882752
149	106	2	8	12714781/1287882752
149	106	2	12	12714781/1287882752
149	106	3	8	12714781/1287882752
149	106	3	12	12714781/1287882752
149	106	5	12	-17597667/1287882752
149	106	8	9	-17597667/1287882752
149	107	1	8	117519286951/8170328178688
149	107	1	12	117519286951/8170328178688
149	107	2	8	39984958899/8170328178688
149	107	2	12	39984958899/8170328178688
149	107	3	8	39984958899/8170328178688
149	107	3	12	39984958899/8170328178688
149	107	5	12	-31935675475/8170328178688
149	107	8	9	-31935675475/8170328178688
149	108	1	8	-491591962707337/1762307106830286848
149	108	1	12	-491591962707337/1762307106830286848
149	108	2	8	-2593629970866537/1762307106830286848
149	108	2	12	-2593629970866537/1762307106830286848
149	108	3	8	-2593629970866537/1762307106830286848
149	108	3	12	-2593629970866537/1762307106830286848
149	108	5	12	760841043126167/1762307106830286848
149	108	8	9	760841043126167/1762307106830286848
149	109	1	8	-14333882039818885221/11180076285731339763712
149	109	1	12	-14333882039818885221/11180076285731339763712
149	109	2	8	-908237415597815529/11180076285731339763712
149	109	2	12	-908237415597815529/11180076285731339763712
149	109	3	8	-908237415597815529/11180076285731339763712
149	109	3	12	-908237415597815529/11180076285731339763712
149	109	5	12	3510397285675271625/11180076285731339763712
149	109	8	9	3510397285675271625/11180076285731339763712
150	62	17	18	4
150	63	15	16	1596/3757
150	64	15	16	-1521615/56460196
150	65	15	16	-3854051523/212120956372
150	66	15	16	-559513795671/796938433089604
150	67	15	16	3405701592875799/2994097693117642228
150	68	13	13	2/3
150	68	16	16	2/3
150	68	17	17	2/3
150	69	12	12	95/1638
150	69	14	14	95/1638
150	69	15	15	95/1638
150	70	12	12	-62453/7154784
150	70	14	14	-62453/7154784
150	70	15	15	-62453/7154784
150	71	12	12	-24658105/7813024128
150	71	14	14	-24658105/7813024128
150	71	15	15	-24658105/7813024128
150	72	12	12	15684002029/72520489956096
150	72	14	14	15684002029/72520489956096
150	72	15	15	15684002029/72520489956096
150	73	12	12	20762028212525/79192375032056832
150	73	14	14	20762028212525/79192375032056832
150	73	15	15	20762028212525/79192375032056832
150	74	8	17	4/3
150	74	12	17	4/3
150	74	14	17	4/3
150	75	7	16	798/2795
150	75	11	16	798/2795
150	75	13	16	798/2795
150	76	7	16	4614663/124992400
150	76	11	16	4614663/124992400
150	76	13	16	4614663/124992400
150	77	7	16	-1722850479/698707516000
150	77	11	16	-1722850479/698707516000
150	77	13	16	-1722850479/698707516000
150	78	7	16	-173786199579261/66398175245480000
150	78	11	16	-173786199579261/66398175245480000
150	78	13	16	-173786199579261/66398175245480000
150	79	7	16	-166207563598207257/371165799622233200000
150	79	11	16	-166207563598207257/371165799622233200000
150	79	13	16	-166207563598207257/371165799622233200000
150	92	12	16	4
150	92	14	16	4
150	92	16	16	2
150	93	11	15	285/416
150	93	13	15	285/416
150	93	15	15	-209/416
150	94	11	15	24909/692224
150	94	13	15	24909/692224
150	94	15	15	14801/173056
150	95	11	15	-25001055/1151860736
150	95	13	15	-25001055/1151860736
150	95	15	15	-75449/71991296
150	96	11	15	-202186124487/32583836499968
150	96	13	15	-202186124487/32583836499968
150	96	15	15	-20777467993/4072979562496
150	97	11	15	27271692483525/54219503935946752
150	97	13	15	27271692483525/54219503935946752
150	97	15	15	5128553199077/3388718995996672
150	104	1	17	2
150	104	5	17	2
150	104	9	17	2
150	105	1	16	532/793
150	105	5	16	-114/793
150	105	9	16	-114/793
150	106	1	16	3669565/20123168
150	106	5	16	-650883/20123168
150	106	9	16	-650883/20123168
150	107	1	16	259606291/7978836112
150	107	5	16	135005697/15957672224
150	107	9	16	135005697/15957672224
150	108	1	16	-792158413957/860501517006976
150	108	5	16	1120206344787/860501517006976
150	108	9	16	1120206344787/860501517006976
150	109	1	16	-1126487648742589/341188851493265984
150	109	5	16	-525088836147159/682377702986531968
150	109	9	16	-525088836147159/682377702986531968
150	110	2	8	1/3
150	110	2	12	1/3
150	110	2	14	1/3
150	110	3	8	1/3
150	110	3	12	1/3
150	110	3	15	1/3
150	110	5	8	1/3
150	110	5	14	1/3
150	110	5	15	1/3
150	110	9	12	1/3
150	110	9	14	1/3
150	110	9	15	1/3
150	111	2	8	-57/1222
150	111	2	12	-57/1222
150	111	2	14	-57/1222
150	111	3	8	-57/1222
150	111	3	12	-57/1222
150	111	3	15	-57/1222
150	111	5	8	-57/1222
150	111	5	14	-57/1222
150	111	5	15	-57/1222
150	111	9	12	-57/1222
150	111	9	14	-57/1222
150	111	9	15	-57/1222
150	112	2	8	-37905/95570176
150	112	2	12	-37905/95570176
150	112	2	14	-37905/95570176
150	112	3	8	-37905/95570176
150	112	3	12	-37905/95570176
150	112	3	15	-37905/95570176
150	112	5	8	-37905/95570176
150	112	5	14	-37905/95570176
150	112	5	15	-37905/95570176
150	112	9	12	-37905/95570176
150	112	9	14	-37905/95570176
150	112	9	15	-37905/95570176
150	113	2	8	232787601/116786755072
150	113	2	12	232787601/116786755072
150	113	2	14	232787601/116786755072
150	113	3	8	232787601/116786755072
150	113	3	12	232787601/116786755072
150	113	3	15	232787601/116786755072
150	113	5	8	232787601/116786755072
150	113	5	14	232787601/116786755072
150	113	5	15	232787601/116786755072
150	113	9	12	232787601/116786755072
150	113	9	14	232787601/116786755072
150	113	9	15	232787601/116786755072
150	114	2	8	-2713303941039/9704512199462912
150	114	2	12	-2713303941039/9704512199462912
150	114	2	14	-2713303941039/9704512199462912
150	114	3	8	-2713303941039/9704512199462912
150	114	3	12	-2713303941039/9704512199462912
150	114	3	15	-2713303941039/9704512199462912
150	114	5	8	-2713303941039/9704512199462912
150	114	5	14	-2713303941039/9704512199462912
150	114	5	15	-2713303941039/9704512199462912
150	114	9	12	-2713303941039/9704512199462912
150	114	9	14	-2713303941039/9704512199462912
150	114	9	15	-2713303941039/9704512199462912
150	115	2	8	-1331548733985399/11858913907743678464
150	115	2	12	-1331548733985399/11858913907743678464
150	115	2	14	-1331548733985399/11858913907743678464
150	115	3	8	-1331548733985399/11858913907743678464
150	115	3	12	-1331548733985399/11858913907743678464
150	115	3	15	-1331548733985399/11858913907743678464
150	115	5	8	-1331548733985399/11858913907743678464
150	115	5	14	-1331548733985399/11858913907743678464
150	115	5	15	-1331548733985399/11858913907743678464
150	115	9	12	-1331548733985399/11858913907743678464
150	115	9	14	-1331548733985399/11858913907743678464
150	115	9	15	-1331548733985399/11858913907743678464
151	62	5	7	12
151	63	4	6	-7144/3757
151	64	4	6	5174213/84690294
151	65	4	6	31714088621/477272151837
151	66	4	6	-80943452288201/5379334423354827
151	67	4	6	-145421486281573054/60630478285632255117
151	80	4	16	3
151	80	6	14	3
151	81	4	13	513/2912
151	81	6	11	513/2912
151	82	4	13	-202521/4239872
151	82	6	11	-202521/4239872
151	83	4	13	-59446953/6173253632
151	83	6	11	-59446953/6173253632
151	84	4	13	2458972344501/1222402991194112
151	84	6	11	2458972344501/1222402991194112
151	85	4	13	2910330126859851/3559637510357254144
151	85	6	11	2910330126859851/3559637510357254144
151	86	2	3	12
151	87	2	3	12616/3445
151	88	2	3	60927053/71208150
151	89	2	3	37245117631/367968115125
151	90	2	3	-1691071513587817/64650157986886875
151	91	2	3	-12062588519597842618/668159382794475853125
152	62	5	7	2
152	62	5	16	2
152	62	7	13	2
152	63	4	6	9329/22542
152	63	4	14	-4465/22542
152	63	6	12	-4465/22542
152	64	4	6	1518935297/32521072896
152	64	4	14	-628073215/32521072896
152	64	6	12	-628073215/32521072896
152	65	4	6	-727037339489/112783080803328
152	65	4	14	14110016370925/1466180050443264
152	65	6	12	14110016370925/1466180050443264
152	66	4	6	-554590673902210721/132202522788368228352
152	66	4	14	416299184539675/10169424829874479104
152	66	6	12	416299184539675/10169424829874479104
152	67	4	6	-218614645767425464753/458478349030061015924736
152	67	4	14	-4174363081819053551875/5960218537390793207021568
152	67	6	12	-4174363081819053551875/5960218537390793207021568
152	74	5	7	2/3
152	74	5	11	2/3
152	74	7	11	2/3
152	75	4	6	-2527/33540
152	75	4	10	-2527/33540
152	75	6	10	-2527/33540
152	76	4	6	-36536449/7999513600
152	76	4	10	-36536449/7999513600
152	76	6	10	-36536449/7999513600
152	77	4	6	1863699639319/536607372288000
152	77	4	10	1863699639319/536607372288000
152	77	6	10	1863699639319/536607372288000
152	78	4	6	-68917802732300617/407950388708229120000
152	78	4	10	-68917802732300617/407950388708229120000
152	78	6	10	-68917802732300617/407950388708229120000
152	79	4	6	-708589762234472912647/3040590230505334374400000
152	79	4	10	-708589762234472912647/3040590230505334374400000
152	79	6	10	-708589762234472912647/3040590230505334374400000
152	80	4	17	1/2
152	80	4	18	1/2
152	80	6	15	1/2
152	80	6	18	1/2
152	80	8	14	1/2
152	80	8	16	1/2
152	80	14	17	1/2
152	80	15	16	1/2
152	81	4	14	-361/11648
152	81	4	15	-361/11648
152	81	6	12	-361/11648
152	81	6	15	-361/11648
152	81	8	11	-361/11648
152	81	8	13	-361/11648
152	81	11	14	-361/11648
152	81	12	13	-361/11648
152	82	4	14	-8136579/1085407232
152	82	4	15	-8136579/1085407232
152	82	6	12	-8136579/1085407232
152	82	6	15	-8136579/1085407232
152	82	8	11	-8136579/1085407232
152	82	8	13	-8136579/1085407232
152	82	11	14	-8136579/1085407232
152	82	12	13	-8136579/1085407232
152	83	4	14	10317383249/6321411719168
152	83	4	15	10317383249/6321411719168
152	83	6	12	10317383249/6321411719168
152	83	6	15	10317383249/6321411719168
152	83	8	11	10317383249/6321411719168
152	83	8	13	10317383249/6321411719168
152	83	11	14	10317383249/6321411719168
152	83	12	13	10317383249/6321411719168
152	84	4	14	182195281478297/625870331491385344
152	84	4	15	182195281478297/625870331491385344
152	84	6	12	182195281478297/625870331491385344
152	84	6	15	182195281478297/625870331491385344
152	84	8	11	182195281478297/625870331491385344
152	84	8	13	182195281478297/625870331491385344
152	84	11	14	182195281478297/625870331491385344
152	84	12	13	182195281478297/625870331491385344
152	85	4	14	-485694342731849697/3645068810605828243456
152	85	4	15	-485694342731849697/3645068810605828243456
152	85	6	12	-485694342731849697/3645068810605828243456
152	85	6	15	-485694342731849697/3645068810605828243456
152	85	8	11	-485694342731849697/3645068810605828243456
152	85	8	13	-485694342731849697/3645068810605828243456
152	85	11	14	-485694342731849697/3645068810605828243456
152	85	12	13	-485694342731849697/3645068810605828243456
152	86	2	4	2
152	86	2	7	2
152	86	3	4	2
152	86	3	11	2
152	86	4	7	2
152	86	4	11	2
152	86	4	15	2
152	87	2	4	1577/4134
152	87	2	7	4161/6890
152	87	3	4	1577/4134
152	87	3	10	4161/6890
152	87	4	7	-361/1378
152	87	4	10	-361/1378
152	87	4	13	19/318
152	88	2	4	33145937/1093757184
152	88	2	7	1275171491/9114643200
152	88	3	4	33145937/1093757184
152	88	3	10	1275171491/9114643200
152	88	4	7	-2967781/364585728
152	88	4	10	-2967781/364585728
152	88	4	13	-44483503/1093757184
152	89	2	4	-94187342165/9043184397312
152	89	2	7	695222156067/41866594432000
152	89	3	4	-94187342165/9043184397312
152	89	3	10	695222156067/41866594432000
152	89	4	7	4082305325/334932755456
152	89	4	10	4082305325/334932755456
152	89	4	13	-2609746615/695629569024
152	90	2	4	-10360505412951505/2542147652297170944
152	90	2	7	-238578343302010451/58846010469841920000
152	90	3	4	-10360505412951505/2542147652297170944
152	90	3	10	-238578343302010451/58846010469841920000
152	90	4	7	-116484678031715/94153616751747072
152	90	4	10	-116484678031715/94153616751747072
152	90	4	13	5894965460782895/2542147652297170944
152	91	2	4	-300789506466798149/21018476789193009364992
152	91	2	7	-763952151514615812637/270299341424807219200000
152	91	3	4	-300789506466798149/21018476789193009364992
152	91	3	10	-763952151514615812637/270299341424807219200000
152	91	4	7	-204876833196995329/259487367767814930432
152	91	4	10	-204876833196995329/259487367767814930432
152	91	4	13	596316321084950777/1616805906861000720384
152	92	2	3	2
152	92	2	5	2
152	93	2	3	475/832
152	93	2	5	475/832
152	94	2	3	3954755/33226752
152	94	2	5	3954755/33226752
152	95	2	3	163758625/18429771776
152	95	2	5	163758625/18429771776
152	96	2	3	-2142793268425/391006037999616
152	96	2	5	-2142793268425/391006037999616
152	97	2	3	-413144855959375/162658511807840256
152	97	2	5	-413144855959375/162658511807840256
153	62	5	16	2
153	62	7	13	2
153	62	13	16	2
153	63	4	14	6004/11271
153	63	6	12	6004/11271
153	63	12	14	-4484/11271
153	64	4	14	4173521/39087828
153	64	6	12	4173521/39087828
153	64	12	14	22372253/508141764
153	65	4	14	27881457755/2863632911022
153	65	6	12	27881457755/2863632911022
153	65	12	14	14918565065/2863632911022
153	66	4	14	-101298443578265/32276006540128962
153	66	6	12	-101298443578265/32276006540128962
153	66	12	14	-8599544607005/2482769733856074
153	67	4	14	-297478417926568721/181891434856896765351
153	67	6	12	-297478417926568721/181891434856896765351
153	67	12	14	74523960492545221/181891434856896765351
153	80	4	19	1/2
153	80	6	19	1/2
153	80	14	19	1/2
153	80	16	19	1/2
153	81	4	16	-19/208
153	81	6	16	-19/208
153	81	11	16	-19/208
153	81	13	16	-19/208
153	82	4	16	19855/2422784
153	82	6	16	19855/2422784
153	82	11	16	19855/2422784
153	82	13	16	19855/2422784
153	83	4	16	404681/251969536
153	83	6	16	404681/251969536
153	83	11	16	404681/251969536
153	83	13	16	404681/251969536
153	84	4	16	-2296646983/3118374977536
153	84	6	16	-2296646983/3118374977536
153	84	11	16	-2296646983/3118374977536
153	84	13	16	-2296646983/3118374977536
153	85	4	16	14279662933/324310997663744
153	85	6	16	14279662933/324310997663744
153	85	11	16	14279662933/324310997663744
153	85	13	16	14279662933/324310997663744
153	86	2	8	2
153	86	3	14	2
153	86	8	15	2
153	86	14	15	2
153	87	2	8	1292/3445
153	87	3	12	1292/3445
153	87	8	13	-76/689
153	87	12	13	-76/689
153	88	2	8	1520893/47472100
153	88	3	12	1520893/47472100
153	88	8	13	-305767/9494420
153	88	12	13	-305767/9494420
153	89	2	8	-682943771/81770692250
153	89	3	12	-682943771/81770692250
153	89	8	13	19623599/3270827690
153	89	12	13	19623599/3270827690
153	90	2	8	-16931165788777/4788900591621250
153	90	3	12	-16931165788777/4788900591621250
153	90	8	13	266142458447/191556023664850
153	90	12	13	266142458447/191556023664850
153	91	2	8	-58435631839823/485228309945153125
153	91	3	12	-58435631839823/485228309945153125
153	91	8	13	-6698360347493/13198210030508165
153	91	12	13	-6698360347493/13198210030508165
153	92	3	4	2
153	92	3	10	2
153	92	4	10	2
153	92	5	6	2
153	92	5	10	2
153	92	6	10	2
153	93	3	4	133/416
153	93	3	10	209/312
153	93	4	10	-19/104
153	93	5	6	133/416
153	93	5	10	209/312
153	93	6	10	-19/104
153	94	3	4	3971/346112
153	94	3	10	287717/1557504
153	94	4	10	-3971/173056
153	94	5	6	3971/346112
153	94	5	10	287717/1557504
153	94	6	10	-3971/173056
153	95	3	4	-240065/22151168
153	95	3	10	2640715/74760192
153	95	4	10	336091/35995648
153	95	5	6	-240065/22151168
153	95	5	10	2640715/74760192
153	95	6	10	336091/35995648
153	96	3	4	-10398964195/4072979562496
153	96	3	10	1829055235/2577432379392
153	96	4	10	912247/2447704064
153	96	5	6	-10398964195/4072979562496
153	96	5	10	1829055235/2577432379392
153	96	6	10	912247/2447704064
153	97	3	4	94445844157/260670691999744
153	97	3	10	-169986672449/61858377105408
153	97	4	10	-2394387733/3309295894528
153	97	5	6	94445844157/260670691999744
153	97	5	10	-169986672449/61858377105408
153	97	6	10	-2394387733/3309295894528
153	98	6	7	1/2
153	98	6	11	1/2
153	98	7	12	1/2
153	98	11	12	1/2
153	99	6	7	-19/325
153	99	6	10	-19/325
153	99	7	11	-19/325
153	99	10	11	-19/325
153	100	6	7	-67507/15210000
153	100	6	10	-67507/15210000
153	100	7	11	-67507/15210000
153	100	10	11	-67507/15210000
153	101	6	7	2599561/823875000
153	101	6	10	2599561/823875000
153	101	7	11	2599561/823875000
153	101	10	11	2599561/823875000
153	102	6	7	-4652329379/40967184375000
153	102	6	10	-4652329379/40967184375000
153	102	7	11	-4652329379/40967184375000
153	102	10	11	-4652329379/40967184375000
153	103	6	7	-1666417103099/6657167460937500
153	103	6	10	-1666417103099/6657167460937500
153	103	7	11	-1666417103099/6657167460937500
153	103	10	11	-1666417103099/6657167460937500
154	62	5	9	4
154	62	7	9	4
154	63	4	8	-4256/3757
154	63	6	8	-4256/3757
154	64	4	8	14879337/56460196
154	64	6	8	14879337/56460196
154	65	4	8	-2237309774/53030239093
154	65	6	8	-2237309774/53030239093
154	66	4	8	383609116291/796938433089604
154	66	6	8	383609116291/796938433089604
154	67	4	8	1829687916608874/748524423279410557
154	67	6	8	1829687916608874/748524423279410557
154	68	4	6	4/3
154	68	4	7	4/3
154	68	6	7	4/3
154	69	4	6	-475/1638
154	69	4	7	-475/1638
154	69	6	7	-475/1638
154	70	4	6	6137/149058
154	70	4	7	6137/149058
154	70	6	7	6137/149058
154	71	4	6	171475/300500928
154	71	4	7	171475/300500928
154	71	6	7	171475/300500928
154	72	4	6	-642854335813/290081959824384
154	72	4	7	-642854335813/290081959824384
154	72	6	7	-642854335813/290081959824384
154	73	4	6	8117581059125/16244589750165504
154	73	4	7	8117581059125/16244589750165504
154	73	6	7	8117581059125/16244589750165504
154	80	4	16	1
154	80	6	14	1
154	81	4	13	95/224
154	81	6	11	95/224
154	82	4	13	2815439/16959488
154	82	6	11	2815439/16959488
154	83	4	13	222814615/3798925312
154	83	6	11	222814615/3798925312
154	84	4	13	5482344218963/305600747798528
154	84	6	11	5482344218963/305600747798528
154	85	4	13	588682075731725/136909135013740544
154	85	6	11	588682075731725/136909135013740544
154	86	2	13	4
154	86	3	6	4
154	86	6	13	4
154	87	2	11	5168/3445
154	87	3	6	5168/3445
154	87	6	11	1862/3445
154	88	2	11	23742609/47472100
154	88	3	6	23742609/47472100
154	88	6	11	501429/47472100
154	89	2	11	5753075417/40885346125
154	89	3	6	5753075417/40885346125
154	89	6	11	-29912099/1935401000
154	90	2	11	279356698595267/9577801183242500
154	90	3	6	279356698595267/9577801183242500
154	90	6	11	-52781879146301/19155602366485000
154	91	2	11	917098654436253/485228309945153125
154	91	3	6	917098654436253/485228309945153125
154	91	6	11	5077441704656643/10152469254237050000
154	98	2	5	1
154	98	2	10	1
154	98	3	5	1
154	98	3	10	1
154	99	2	5	703/1950
154	99	2	9	703/1950
154	99	3	5	703/1950
154	99	3	9	703/1950
154	100	2	5	565687/5070000
154	100	2	9	565687/5070000
154	100	3	5	565687/5070000
154	100	3	9	565687/5070000
154	101	2	5	799670233/29659500000
154	101	2	9	799670233/29659500000
154	101	3	5	799670233/29659500000
154	101	3	9	799670233/29659500000
154	102	2	5	1722257045179/491606212500000
154	102	2	9	1722257045179/491606212500000
154	102	3	5	1722257045179/491606212500000
154	102	3	9	1722257045179/491606212500000
154	103	2	5	-257826356280871/319544038125000000
154	103	2	9	-257826356280871/319544038125000000
154	103	3	5	-257826356280871/319544038125000000
154	103	3	9	-257826356280871/319544038125000000
155	62	5	9	1
155	62	5	18	1
155	62	7	9	1
155	62	7	18	1
155	63	4	8	95/1156
155	63	4	16	-3363/15028
155	63	6	8	95/1156
155	63	6	16	-3363/15028
155	64	4	8	-71275479/7226905088
155	64	4	16	241829929/7226905088
155	64	6	8	-71275479/7226905088
155	64	6	16	241829929/7226905088
155	65	4	8	-29586879515/8354302281728
155	65	4	16	-5597952273/108605929662464
155	65	6	8	-29586879515/8354302281728
155	65	6	16	-5597952273/108605929662464
155	66	4	8	495726050039119/3264259821935017984
155	66	4	16	-428177919971253/251096909379616768
155	66	6	8	495726050039119/3264259821935017984
155	66	6	16	-428177919971253/251096909379616768
155	67	4	8	874875778432926525/3773484354156880789504
155	67	4	16	21027003944834236023/49055296604039450263552
155	67	6	8	874875778432926525/3773484354156880789504
155	67	6	16	21027003944834236023/49055296604039450263552
155	68	4	16	1/3
155	68	4	17	1/3
155	68	6	13	1/3
155	68	6	17	1/3
155	68	7	13	1/3
155	68	7	16	1/3
155	69	4	14	-209/6552
155	69	4	15	-209/6552
155	69	6	12	-209/6552
155	69	6	15	-209/6552
155	69	7	12	-209/6552
155	69	7	14	-209/6552
155	70	4	14	-55955/16959488
155	70	4	15	-55955/16959488
155	70	6	12	-55955/16959488
155	70	6	15	-55955/16959488
155	70	7	12	-55955/16959488
155	70	7	14	-55955/16959488
155	71	4	14	1531539251/1000067088384
155	71	4	15	1531539251/1000067088384
155	71	6	12	1531539251/1000067088384
155	71	6	15	1531539251/1000067088384
155	71	7	12	1531539251/1000067088384
155	71	7	14	1531539251/1000067088384
155	72	4	14	1537288279607/74260981715042304
155	72	4	15	1537288279607/74260981715042304
155	72	6	12	1537288279607/74260981715042304
155	72	6	15	1537288279607/74260981715042304
155	72	7	12	1537288279607/74260981715042304
155	72	7	14	1537288279607/74260981715042304
155	73	4	14	-5975755253274169/54061994688550797312
155	73	4	15	-5975755253274169/54061994688550797312
155	73	6	12	-5975755253274169/54061994688550797312
155	73	6	15	-5975755253274169/54061994688550797312
155	73	7	12	-5975755253274169/54061994688550797312
155	73	7	14	-5975755253274169/54061994688550797312
155	74	5	9	1/3
155	74	5	13	1/3
155	74	7	9	1/3
155	74	7	15	1/3
155	74	11	13	1/3
155	74	11	15	1/3
155	75	4	8	-1843/22360
155	75	4	12	-1843/22360
155	75	6	8	-1843/22360
155	75	6	14	-1843/22360
155	75	10	12	-1843/22360
155	75	10	14	-1843/22360
155	76	4	8	236743439/15999027200
155	76	4	12	236743439/15999027200
155	76	6	8	236743439/15999027200
155	76	6	14	236743439/15999027200
155	76	10	12	236743439/15999027200
155	76	10	14	236743439/15999027200
155	77	4	8	-321089537061/357738248192000
155	77	4	12	-321089537061/357738248192000
155	77	6	8	-321089537061/357738248192000
155	77	6	14	-321089537061/357738248192000
155	77	10	12	-321089537061/357738248192000
155	77	10	14	-321089537061/357738248192000
155	78	4	8	-146370366463196259/271966925805486080000
155	78	4	12	-146370366463196259/271966925805486080000
155	78	6	8	-146370366463196259/271966925805486080000
155	78	6	14	-146370366463196259/271966925805486080000
155	78	10	12	-146370366463196259/271966925805486080000
155	78	10	14	-146370366463196259/271966925805486080000
155	79	4	8	1274291137765142857071/6081180461010668748800000
155	79	4	12	1274291137765142857071/6081180461010668748800000
155	79	6	8	1274291137765142857071/6081180461010668748800000
155	79	6	14	1274291137765142857071/6081180461010668748800000
155	79	10	12	1274291137765142857071/6081180461010668748800000
155	79	10	14	1274291137765142857071/6081180461010668748800000
155	80	4	17	1/4
155	80	4	18	1/4
155	80	6	15	1/4
155	80	6	18	1/4
155	80	8	14	1/4
155	80	8	16	1/4
155	80	14	17	1/4
155	80	15	16	1/4
155	81	4	14	1767/23296
155	81	4	15	1767/23296
155	81	6	12	1767/23296
155	81	6	15	1767/23296
155	81	8	11	1767/23296
155	81	8	13	1767/23296
155	81	11	14	1767/23296
155	81	12	13	1767/23296
155	82	4	14	41230893/2170814464
155	82	4	15	41230893/2170814464
155	82	6	12	41230893/2170814464
155	82	6	15	41230893/2170814464
155	82	8	11	41230893/2170814464
155	82	8	13	41230893/2170814464
155	82	11	14	41230893/2170814464
155	82	12	13	41230893/2170814464
155	83	4	14	3232173429/972524879872
155	83	4	15	3232173429/972524879872
155	83	6	12	3232173429/972524879872
155	83	6	15	3232173429/972524879872
155	83	8	11	3232173429/972524879872
155	83	8	13	3232173429/972524879872
155	83	11	14	3232173429/972524879872
155	83	12	13	3232173429/972524879872
155	84	4	14	101144543860377/1251740662982770688
155	84	4	15	101144543860377/1251740662982770688
155	84	6	12	101144543860377/1251740662982770688
155	84	6	15	101144543860377/1251740662982770688
155	84	8	11	101144543860377/1251740662982770688
155	84	8	13	101144543860377/1251740662982770688
155	84	11	14	101144543860377/1251740662982770688
155	84	12	13	101144543860377/1251740662982770688
155	85	4	14	-113876917215896277/560779817016281268224
155	85	4	15	-113876917215896277/560779817016281268224
155	85	6	12	-113876917215896277/560779817016281268224
155	85	6	15	-113876917215896277/560779817016281268224
155	85	8	11	-113876917215896277/560779817016281268224
155	85	8	13	-113876917215896277/560779817016281268224
155	85	11	14	-113876917215896277/560779817016281268224
155	85	12	13	-113876917215896277/560779817016281268224
155	86	2	14	1
155	86	2	17	1
155	86	3	8	1
155	86	3	16	1
155	86	6	7	1
155	86	6	17	1
155	86	7	8	1
155	86	11	13	1
155	86	11	14	1
155	86	13	16	1
155	87	2	12	3591/13780
155	87	2	15	15371/41340
155	87	3	8	3591/13780
155	87	3	14	15371/41340
155	87	6	7	2869/13780
155	87	6	15	-437/13780
155	87	7	8	-3097/13780
155	87	10	11	2869/13780
155	87	10	12	-3097/13780
155	87	11	14	-437/13780
155	88	2	12	302538577/6076428800
155	88	2	15	6569570777/54687859200
155	88	3	8	302538577/6076428800
155	88	3	14	6569570777/54687859200
155	88	6	7	153286737/6076428800
155	88	6	15	-103999407/6076428800
155	88	7	8	196814673/6076428800
155	88	10	11	153286737/6076428800
155	88	10	12	196814673/6076428800
155	88	11	14	-103999407/6076428800
155	89	2	12	295603029477/83733188864000
155	89	2	15	70515743011897/2260796099328000
155	89	3	8	295603029477/83733188864000
155	89	3	14	70515743011897/2260796099328000
155	89	6	7	-192033912817/83733188864000
155	89	6	15	141684243569/83733188864000
155	89	7	8	72488868229/83733188864000
155	89	10	11	-192033912817/83733188864000
155	89	10	12	72488868229/83733188864000
155	89	11	14	141684243569/83733188864000
155	90	2	12	-72366016974683217/39230673646561280000
155	90	2	15	15916465561395917663/3177684565371463680000
155	90	3	8	-72366016974683217/39230673646561280000
155	90	3	14	15916465561395917663/3177684565371463680000
155	90	6	7	-74805558056695537/39230673646561280000
155	90	6	15	32122943047570703/39230673646561280000
155	90	7	8	-78983652965683537/39230673646561280000
155	90	10	11	-74805558056695537/39230673646561280000
155	90	10	12	-78983652965683537/39230673646561280000
155	90	11	14	32122943047570703/39230673646561280000
155	91	2	12	-430853279401116239787/540598682849614438400000
155	91	2	15	-63662343056108907735887/131365479932456308531200000
155	91	3	8	-430853279401116239787/540598682849614438400000
155	91	3	14	-63662343056108907735887/131365479932456308531200000
155	91	6	7	-150839647306431677313/540598682849614438400000
155	91	6	15	-76367856790418977791/540598682849614438400000
155	91	7	8	238851536874343128309/540598682849614438400000
155	91	10	11	-150839647306431677313/540598682849614438400000
155	91	10	12	238851536874343128309/540598682849614438400000
155	91	11	14	-76367856790418977791/540598682849614438400000
155	92	2	12	1
155	92	2	14	1
155	92	4	7	1
155	92	4	14	1
155	92	6	7	1
155	92	6	12	1
155	93	2	11	1159/3328
155	93	2	13	1159/3328
155	93	4	7	-285/1664
155	93	4	13	133/1664
155	93	6	7	-285/1664
155	93	6	11	133/1664
155	94	2	11	2271051/22151168
155	94	2	13	2271051/22151168
155	94	4	7	234289/22151168
155	94	4	13	-273999/22151168
155	94	6	7	234289/22151168
155	94	6	11	-273999/22151168
155	95	2	11	1668993611/73719087104
155	95	2	13	1668993611/73719087104
155	95	4	7	170068905/36859543552
155	95	4	13	-146967793/36859543552
155	95	6	7	170068905/36859543552
155	95	6	11	-146967793/36859543552
155	96	2	11	535138555831/260670691999744
155	96	2	13	535138555831/260670691999744
155	96	4	7	-377332856931/260670691999744
155	96	4	13	82188372181/260670691999744
155	96	6	7	-377332856931/260670691999744
155	96	6	11	82188372181/260670691999744
155	97	2	11	-3713872858183221/3470048251900592128
155	97	2	13	-3713872858183221/3470048251900592128
155	97	4	7	-6043105316925/108439007871893504
155	97	4	13	33021744055503/108439007871893504
155	97	6	7	-6043105316925/108439007871893504
155	97	6	11	33021744055503/108439007871893504
155	98	2	6	1/4
155	98	2	11	1/4
155	98	3	7	1/4
155	98	3	12	1/4
155	98	5	6	1/4
155	98	5	7	1/4
155	98	10	11	1/4
155	98	10	12	1/4
155	99	2	6	817/15600
155	99	2	10	817/15600
155	99	3	7	817/15600
155	99	3	11	817/15600
155	99	5	6	817/15600
155	99	5	7	817/15600
155	99	9	10	817/15600
155	99	9	11	817/15600
155	100	2	6	1219097/216320000
155	100	2	10	1219097/216320000
155	100	3	7	1219097/216320000
155	100	3	11	1219097/216320000
155	100	5	6	1219097/216320000
155	100	5	7	1219097/216320000
155	100	9	10	1219097/216320000
155	100	9	11	1219097/216320000
155	101	2	6	-616123393/584064000000
155	101	2	10	-616123393/584064000000
155	101	3	7	-616123393/584064000000
155	101	3	11	-616123393/584064000000
155	101	5	6	-616123393/584064000000
155	101	5	7	-616123393/584064000000
155	101	9	10	-616123393/584064000000
155	101	9	11	-616123393/584064000000
155	102	2	6	-606013180379377/1006809523200000000
155	102	2	10	-606013180379377/1006809523200000000
155	102	3	7	-606013180379377/1006809523200000000
155	102	3	11	-606013180379377/1006809523200000000
155	102	5	6	-606013180379377/1006809523200000000
155	102	5	7	-606013180379377/1006809523200000000
155	102	9	10	-606013180379377/1006809523200000000
155	102	9	11	-606013180379377/1006809523200000000
155	103	2	6	-5323685570551531/100680952320000000000
155	103	2	10	-5323685570551531/100680952320000000000
155	103	3	7	-5323685570551531/100680952320000000000
155	103	3	11	-5323685570551531/100680952320000000000
155	103	5	6	-5323685570551531/100680952320000000000
155	103	5	7	-5323685570551531/100680952320000000000
155	103	9	10	-5323685570551531/100680952320000000000
155	103	9	11	-5323685570551531/100680952320000000000
155	104	2	5	1/2
155	104	2	9	1/2
155	104	3	5	1/2
155	104	3	9	1/2
155	105	2	5	2109/12688
155	105	2	9	2109/12688
155	105	3	5	2109/12688
155	105	3	9	2109/12688
155	106	2	5	116986021/2575765504
155	106	2	9	116986021/2575765504
155	106	3	5	116986021/2575765504
155	106	3	9	116986021/2575765504
155	107	2	5	139813369011/16340656357376
155	107	2	9	139813369011/16340656357376
155	107	3	5	139813369011/16340656357376
155	107	3	9	139813369011/16340656357376
155	108	2	5	34891834245699/271124170281582592
155	108	2	9	34891834245699/271124170281582592
155	108	3	5	34891834245699/271124170281582592
155	108	3	9	34891834245699/271124170281582592
155	109	2	5	-15120399303364417713/22360152571462679527424
155	109	2	9	-15120399303364417713/22360152571462679527424
155	109	3	5	-15120399303364417713/22360152571462679527424
155	109	3	9	-15120399303364417713/22360152571462679527424
156	62	5	18	2
156	62	7	18	2
156	63	4	16	1064/3757
156	63	6	16	1064/3757
156	64	4	16	281941/56460196
156	64	6	16	281941/56460196
156	65	4	16	-489780613/53030239093
156	65	6	16	-489780613/53030239093
156	66	4	16	-51481095593/30651478195754
156	66	6	16	-51481095593/30651478195754
156	67	4	16	261300711925414/748524423279410557
156	67	6	16	261300711925414/748524423279410557
156	68	13	16	2/3
156	68	13	17	2/3
156	68	16	17	2/3
156	69	12	14	-19/182
156	69	12	15	-19/182
156	69	14	15	-19/182
156	70	12	14	10469/3577392
156	70	12	15	10469/3577392
156	70	14	15	10469/3577392
156	71	12	14	541861/144685632
156	71	12	15	541861/144685632
156	71	14	15	541861/144685632
156	72	12	14	-4900460563/6043374163008
156	72	12	15	-4900460563/6043374163008
156	72	14	15	-4900460563/6043374163008
156	73	12	14	-53065277669/366631365889152
156	73	12	15	-53065277669/366631365889152
156	73	14	15	-53065277669/366631365889152
156	80	4	19	1/2
156	80	6	19	1/2
156	80	14	19	1/2
156	80	16	19	1/2
156	81	4	16	19/208
156	81	6	16	19/208
156	81	11	16	19/208
156	81	13	16	19/208
156	82	4	16	19855/2422784
156	82	6	16	19855/2422784
156	82	11	16	19855/2422784
156	82	13	16	19855/2422784
156	83	4	16	-404681/251969536
156	83	6	16	-404681/251969536
156	83	11	16	-404681/251969536
156	83	13	16	-404681/251969536
156	84	4	16	-2296646983/3118374977536
156	84	6	16	-2296646983/3118374977536
156	84	11	16	-2296646983/3118374977536
156	84	13	16	-2296646983/3118374977536
156	85	4	16	-14279662933/324310997663744
156	85	6	16	-14279662933/324310997663744
156	85	11	16	-14279662933/324310997663744
156	85	13	16	-14279662933/324310997663744
156	86	2	18	2
156	86	3	18	2
156	87	2	16	1064/2067
156	87	3	16	1064/2067
156	88	2	16	8049217/85449780
156	88	3	16	8049217/85449780
156	89	2	16	200262223/44156173815
156	89	3	16	200262223/44156173815
156	90	2	16	-67838056108813/15516037916852850
156	90	3	16	-67838056108813/15516037916852850
156	91	2	16	-5149937339734978/3207165037413484095
156	91	3	16	-5149937339734978/3207165037413484095
156	92	10	12	2
156	92	10	13	2
156	92	10	14	2
156	92	10	15	2
156	92	12	15	2
156	92	13	14	2
156	93	10	11	95/208
156	93	10	12	-19/48
156	93	10	13	95/208
156	93	10	14	-19/48
156	93	11	14	-133/1664
156	93	12	13	-133/1664
156	94	10	11	11191/173056
156	94	10	12	60287/1557504
156	94	10	13	11191/173056
156	94	10	14	60287/1557504
156	94	11	14	-15523/425984
156	94	12	13	-15523/425984
156	95	10	11	-240065/71991296
156	95	10	12	1200325/149520384
156	95	10	13	-240065/71991296
156	95	10	14	1200325/149520384
156	95	11	14	85223075/18429771776
156	95	12	13	85223075/18429771776
156	96	10	11	-301953757/63640305664
156	96	10	12	-20767302955/5154864758784
156	96	10	13	-301953757/63640305664
156	96	10	14	-20767302955/5154864758784
156	96	11	14	1921701085505/1042682767998976
156	96	12	13	1921701085505/1042682767998976
156	97	10	11	-50079102275/52948734312448
156	97	10	12	267936196691/989734033686528
156	97	10	13	-50079102275/52948734312448
156	97	10	14	267936196691/989734033686528
156	97	11	14	-1450669048291141/3470048251900592128
156	97	12	13	-1450669048291141/3470048251900592128
156	104	5	6	1
156	104	5	7	1
156	104	6	7	1
156	104	9	10	1
156	104	9	11	1
156	104	10	11	1
156	105	5	6	589/3172
156	105	5	7	589/3172
156	105	6	7	-1387/9516
156	105	9	10	589/3172
156	105	9	11	589/3172
156	105	10	11	-1387/9516
156	106	5	6	275443/20123168
156	106	5	7	275443/20123168
156	106	6	7	81947/181108512
156	106	9	10	275443/20123168
156	106	9	11	275443/20123168
156	106	10	11	81947/181108512
156	107	5	6	-330638095/63830688896
156	107	5	7	-330638095/63830688896
156	107	6	7	10332088945/1723428600192
156	107	9	10	-330638095/63830688896
156	107	9	11	-330638095/63830688896
156	107	10	11	10332088945/1723428600192
156	108	5	6	-407000953865/215125379251744
156	108	5	7	-407000953865/215125379251744
156	108	6	7	-327834855995/335099148449832
156	108	9	10	-407000953865/215125379251744
156	108	9	11	-407000953865/215125379251744
156	108	10	11	-327834855995/335099148449832
156	109	5	6	62320764880169/2729510811946127872
156	109	5	7	62320764880169/2729510811946127872
156	109	6	7	-206624720053350067/663271127302909072896
156	109	9	10	62320764880169/2729510811946127872
156	109	9	11	62320764880169/2729510811946127872
156	109	10	11	-206624720053350067/663271127302909072896
157	62	13	16	6
157	63	12	14	7505/7514
157	64	12	14	636524225/10840357632
157	65	12	14	-978668698625/37594360267776
157	66	12	14	-345104929835950625/44067507596122742784
157	67	12	14	3953859559074096875/11755855103334897844224
157	86	15	18	6
157	87	13	16	-1159/1378
157	88	13	16	222737/364585728
157	89	13	16	98864754907/3014394799104
157	90	13	16	-4269089088992977/847382550765723648
157	91	13	16	-11430245514204631637/7006158929731003121664
157	92	3	13	6
157	92	5	15	6
157	93	3	12	1045/832
157	93	5	14	1045/832
157	94	3	12	4702025/33226752
157	94	5	14	4702025/33226752
157	95	3	12	-3517809625/165867945984
157	95	5	14	-3517809625/165867945984
157	96	3	12	-3644671116875/270696487845888
157	96	5	14	-3644671116875/270696487845888
157	97	3	12	-100521881590625/68621559668932608
157	97	5	14	-100521881590625/68621559668932608
157	104	6	10	3
157	104	7	11	3
157	105	6	10	-1615/6344
157	105	7	11	-1615/6344
157	106	6	10	-162621475/3863648256
157	106	7	11	-162621475/3863648256
157	107	6	10	81345167875/5656381046784
157	107	7	11	81345167875/5656381046784
157	108	6	10	58138272077264375/47582291884417744896
157	108	7	11	58138272077264375/47582291884417744896
157	109	6	10	-5097403804016715625/4097675018752210501632
157	109	7	11	-5097403804016715625/4097675018752210501632
158	62	9	13	2
158	62	9	16	2
158	63	8	12	-1330/3757
158	63	8	14	-1330/3757
158	64	8	12	7369815/225840784
158	64	8	14	7369815/225840784
158	65	8	12	4118315075/848483825488
158	65	8	14	4118315075/848483825488
158	66	8	12	-15355361789225/6375507464716832
158	66	8	14	-15355361789225/6375507464716832
158	67	8	12	4578528352348125/23952781544941137824
158	67	8	14	4578528352348125/23952781544941137824
158	68	4	6	2/3
158	68	4	7	2/3
158	68	6	7	2/3
158	69	4	6	323/3276
158	69	4	7	323/3276
158	69	6	7	323/3276
158	70	4	6	14801/4769856
158	70	4	7	14801/4769856
158	70	6	7	14801/4769856
158	71	4	6	-91766561/31252096512
158	71	4	7	-91766561/31252096512
158	71	6	7	-91766561/31252096512
158	72	4	6	-45646363781/72520489956096
158	72	4	7	-45646363781/72520489956096
158	72	6	7	-45646363781/72520489956096
158	73	4	6	1099504332653/12422333338361856
158	73	4	7	1099504332653/12422333338361856
158	73	6	7	1099504332653/12422333338361856
158	86	4	6	2
158	86	4	8	2
158	86	4	13	2
158	86	4	14	2
158	86	4	15	2
158	86	6	14	2
158	86	8	13	2
158	87	4	6	323/689
158	87	4	8	-342/689
158	87	4	11	323/689
158	87	4	12	-342/689
158	87	4	13	1634/2067
158	87	6	12	-38/3445
158	87	8	11	-38/3445
158	88	4	6	585903/7595536
158	88	4	8	686983/7595536
158	88	4	11	585903/7595536
158	88	4	12	686983/7595536
158	88	4	13	19121087/68359824
158	88	6	12	-6206673/189888400
158	88	8	11	-6206673/189888400
158	89	4	6	28567735/10466648608
158	89	4	8	-32408775/5233324304
158	89	4	11	28567735/10466648608
158	89	4	12	-32408775/5233324304
158	89	4	13	11964119405/141299756208
158	89	6	12	354219337/654165538000
158	89	8	11	354219337/654165538000
158	90	4	6	-99421239295/30648963786376
158	90	4	8	-367831674105/122595855145504
158	90	4	11	-99421239295/30648963786376
158	90	4	12	-367831674105/122595855145504
158	90	4	13	194962860864695/9930264266785824
158	90	6	12	115541173279223/76622409465940000
158	90	8	11	115541173279223/76622409465940000
158	91	4	6	-5107006185579/4968737893838368
158	91	4	8	105092804914407/84468544195252256
158	91	4	11	-5107006185579/4968737893838368
158	91	4	12	105092804914407/84468544195252256
158	91	4	13	42388824712952651/20525856239446298208
158	91	6	12	-11005403233130337/263964200610163300000
158	91	8	11	-11005403233130337/263964200610163300000
158	92	3	6	2
158	92	4	5	2
158	92	4	6	2
158	93	3	6	285/416
158	93	4	5	285/416
158	93	4	6	-133/416
158	94	3	6	138985/692224
158	94	4	5	138985/692224
158	94	4	6	11913/692224
158	95	3	6	26235675/575930368
158	95	4	5	26235675/575930368
158	95	4	6	4657261/575930368
158	96	3	6	10780804725/2036489781248
158	96	4	5	10780804725/2036489781248
158	96	4	6	-4621052339/2036489781248
158	97	3	6	-598906445625/423589874499584
158	97	4	5	-598906445625/423589874499584
158	97	4	6	-51114111657/423589874499584
158	98	2	7	1/2
158	98	2	12	1/2
158	98	3	6	1/2
158	98	3	11	1/2
158	98	5	11	1/2
158	98	5	12	1/2
158	98	6	10	1/2
158	98	7	10	1/2
158	99	2	7	323/1950
158	99	2	11	323/1950
158	99	3	6	323/1950
158	99	3	10	323/1950
158	99	5	10	323/1950
158	99	5	11	323/1950
158	99	6	9	323/1950
158	99	7	9	323/1950
158	100	2	7	305767/6760000
158	100	2	11	305767/6760000
158	100	3	6	305767/6760000
158	100	3	10	305767/6760000
158	100	5	10	305767/6760000
158	100	5	11	305767/6760000
158	100	6	9	305767/6760000
158	100	7	9	305767/6760000
158	101	2	7	509904919/59319000000
158	101	2	11	509904919/59319000000
158	101	3	6	509904919/59319000000
158	101	3	10	509904919/59319000000
158	101	5	10	509904919/59319000000
158	101	5	11	509904919/59319000000
158	101	6	9	509904919/59319000000
158	101	7	9	509904919/59319000000
158	102	2	7	389558530583/1966424850000000
158	102	2	11	389558530583/1966424850000000
158	102	3	6	389558530583/1966424850000000
158	102	3	10	389558530583/1966424850000000
158	102	5	10	389558530583/1966424850000000
158	102	5	11	389558530583/1966424850000000
158	102	6	9	389558530583/1966424850000000
158	102	7	9	389558530583/1966424850000000
158	103	2	7	-24094322629141/37593416250000000
158	103	2	11	-24094322629141/37593416250000000
158	103	3	6	-24094322629141/37593416250000000
158	103	3	10	-24094322629141/37593416250000000
158	103	5	10	-24094322629141/37593416250000000
158	103	5	11	-24094322629141/37593416250000000
158	103	6	9	-24094322629141/37593416250000000
158	103	7	9	-24094322629141/37593416250000000
159	62	9	13	1
159	62	9	16	1
159	62	13	18	1
159	62	16	18	1
159	63	8	12	2831/15028
159	63	8	14	2831/15028
159	63	12	16	-4161/15028
159	63	14	16	-4161/15028
159	64	8	12	148902753/7226905088
159	64	8	14	148902753/7226905088
159	64	12	16	446482273/7226905088
159	64	14	16	446482273/7226905088
159	65	8	12	-187479138995/108605929662464
159	65	8	14	-187479138995/108605929662464
159	65	12	16	-962671795875/108605929662464
159	65	14	16	-962671795875/108605929662464
159	66	8	12	-4192201018884065/3264259821935017984
159	66	8	14	-4192201018884065/3264259821935017984
159	66	12	16	-1120952910138465/3264259821935017984
159	66	14	16	-1120952910138465/3264259821935017984
159	67	8	12	-8271696309708706371/49055296604039450263552
159	67	8	14	-8271696309708706371/49055296604039450263552
159	67	12	16	32675216237061228621/49055296604039450263552
159	67	14	16	32675216237061228621/49055296604039450263552
159	68	4	16	1/3
159	68	4	17	1/3
159	68	6	13	1/3
159	68	6	17	1/3
159	68	7	13	1/3
159	68	7	16	1/3
159	69	4	14	589/6552
159	69	4	15	589/6552
159	69	6	12	589/6552
159	69	6	15	589/6552
159	69	7	12	589/6552
159	69	7	14	589/6552
159	70	4	14	944015/50878464
159	70	4	15	944015/50878464
159	70	6	12	944015/50878464
159	70	6	15	944015/50878464
159	70	7	12	944015/50878464
159	70	7	14	944015/50878464
159	71	4	14	1935136529/1000067088384
159	71	4	15	1935136529/1000067088384
159	71	6	12	1935136529/1000067088384
159	71	6	15	1935136529/1000067088384
159	71	7	12	1935136529/1000067088384
159	71	7	14	1935136529/1000067088384
159	72	4	14	-2544301322461/5712383208849408
159	72	4	15	-2544301322461/5712383208849408
159	72	6	12	-2544301322461/5712383208849408
159	72	6	15	-2544301322461/5712383208849408
159	72	7	12	-2544301322461/5712383208849408
159	72	7	14	-2544301322461/5712383208849408
159	73	4	14	-14635789775795131/54061994688550797312
159	73	4	15	-14635789775795131/54061994688550797312
159	73	6	12	-14635789775795131/54061994688550797312
159	73	6	15	-14635789775795131/54061994688550797312
159	73	7	12	-14635789775795131/54061994688550797312
159	73	7	14	-14635789775795131/54061994688550797312
159	86	6	8	1
159	86	6	18	1
159	86	8	15	1
159	86	13	14	1
159	86	13	18	1
159	86	14	15	1
159	87	6	8	931/13780
159	87	6	16	-475/2756
159	87	8	13	855/2756
159	87	11	12	931/13780
159	87	11	16	-475/2756
159	87	12	13	855/2756
159	88	6	8	-70894263/6076428800
159	88	6	16	1259529/93483520
159	88	8	13	97237877/1215285760
159	88	11	12	-70894263/6076428800
159	88	11	16	1259529/93483520
159	88	12	13	97237877/1215285760
159	89	6	8	-249652763983/83733188864000
159	89	6	16	2192445055/669865510912
159	89	8	13	9881342901/669865510912
159	89	11	12	-249652763983/83733188864000
159	89	11	16	2192445055/669865510912
159	89	12	13	9881342901/669865510912
159	90	6	8	12561590664939263/39230673646561280000
159	90	6	16	-1987700221079113/1569226945862451200
159	90	8	13	76482947341299/120709765066342400
159	90	11	12	12561590664939263/39230673646561280000
159	90	11	16	-1987700221079113/1569226945862451200
159	90	12	13	76482947341299/120709765066342400
159	91	6	8	109551740159636276313/540598682849614438400000
159	91	6	16	6550088481390735/172991578511876620288
159	91	8	13	-141659105430691323/172991578511876620288
159	91	11	12	109551740159636276313/540598682849614438400000
159	91	11	16	6550088481390735/172991578511876620288
159	91	12	13	-141659105430691323/172991578511876620288
159	92	3	8	1
159	92	3	15	1
159	92	4	12	1
159	92	4	13	1
159	92	5	8	1
159	92	5	13	1
159	92	6	14	1
159	92	6	15	1
159	92	8	12	1
159	92	8	14	1
159	93	3	8	361/1664
159	93	3	14	1957/4992
159	93	4	11	437/1664
159	93	4	12	-399/1664
159	93	5	8	361/1664
159	93	5	12	1957/4992
159	93	6	13	437/1664
159	93	6	14	-399/1664
159	93	8	11	-19/3328
159	93	8	13	-19/3328
159	94	3	8	670377/22151168
159	94	3	14	27289073/199360512
159	94	4	11	1155561/22151168
159	94	4	12	901417/22151168
159	94	5	8	670377/22151168
159	94	5	12	27289073/199360512
159	94	6	13	1155561/22151168
159	94	6	14	901417/22151168
159	94	8	11	-371469/22151168
159	94	8	13	-371469/22151168
159	95	3	8	-26715805/36859543552
159	95	3	14	40293915695/995207675904
159	95	4	11	179685223/36859543552
159	95	4	12	-62656965/36859543552
159	95	5	8	-26715805/36859543552
159	95	5	12	40293915695/995207675904
159	95	6	13	179685223/36859543552
159	95	6	14	-62656965/36859543552
159	95	8	11	21201169/73719087104
159	95	8	13	21201169/73719087104
159	96	3	8	-451629380315/260670691999744
159	96	3	14	188396792361685/21114326051979264
159	96	4	11	-364721433119/260670691999744
159	96	4	12	-441438278115/260670691999744
159	96	5	8	-451629380315/260670691999744
159	96	5	12	188396792361685/21114326051979264
159	96	6	13	-364721433119/260670691999744
159	96	6	14	-441438278115/260670691999744
159	96	8	11	206932936591/260670691999744
159	96	8	13	206932936591/260670691999744
159	97	3	8	-3089644142913/8341462143991808
159	97	3	14	18409935055865167/26350678912870121472
159	97	4	11	-20262396004107/27109751967973376
159	97	4	12	61604152116381/108439007871893504
159	97	5	8	-3089644142913/8341462143991808
159	97	5	12	18409935055865167/26350678912870121472
159	97	6	13	-20262396004107/27109751967973376
159	97	6	14	61604152116381/108439007871893504
159	97	8	11	-6065494204083/266926788607737856
159	97	8	13	-6065494204083/266926788607737856
159	98	2	8	1/4
159	98	2	13	1/4
159	98	3	8	1/4
159	98	3	13	1/4
159	98	5	15	1/4
159	98	5	17	1/4
159	98	6	8	1/4
159	98	6	15	1/4
159	98	7	8	1/4
159	98	7	17	1/4
159	98	10	15	1/4
159	98	10	17	1/4
159	98	11	13	1/4
159	98	11	15	1/4
159	98	12	13	1/4
159	98	12	17	1/4
159	99	2	8	703/15600
159	99	2	12	703/15600
159	99	3	8	703/15600
159	99	3	12	703/15600
159	99	5	14	703/15600
159	99	5	15	703/15600
159	99	6	8	-779/15600
159	99	6	14	-779/15600
159	99	7	8	-779/15600
159	99	7	15	-779/15600
159	99	9	14	703/15600
159	99	9	15	703/15600
159	99	10	12	-779/15600
159	99	10	14	-779/15600
159	99	11	12	-779/15600
159	99	11	15	-779/15600
159	100	2	8	2169971/648960000
159	100	2	12	2169971/648960000
159	100	3	8	2169971/648960000
159	100	3	12	2169971/648960000
159	100	5	14	2169971/648960000
159	100	5	15	2169971/648960000
159	100	6	8	1123793/216320000
159	100	6	14	1123793/216320000
159	100	7	8	1123793/216320000
159	100	7	15	1123793/216320000
159	100	9	14	2169971/648960000
159	100	9	15	2169971/648960000
159	100	10	12	1123793/216320000
159	100	10	14	1123793/216320000
159	100	11	12	1123793/216320000
159	100	11	15	1123793/216320000
159	101	2	8	-8506044811/7592832000000
159	101	2	12	-8506044811/7592832000000
159	101	3	8	-8506044811/7592832000000
159	101	3	12	-8506044811/7592832000000
159	101	5	14	-8506044811/7592832000000
159	101	5	15	-8506044811/7592832000000
159	101	6	8	6617926727/7592832000000
159	101	6	14	6617926727/7592832000000
159	101	7	8	6617926727/7592832000000
159	101	7	15	6617926727/7592832000000
159	101	9	14	-8506044811/7592832000000
159	101	9	15	-8506044811/7592832000000
159	101	10	12	6617926727/7592832000000
159	101	10	14	6617926727/7592832000000
159	101	11	12	6617926727/7592832000000
159	101	11	15	6617926727/7592832000000
159	102	2	8	-412622331564097/1006809523200000000
159	102	2	12	-412622331564097/1006809523200000000
159	102	3	8	-412622331564097/1006809523200000000
159	102	3	12	-412622331564097/1006809523200000000
159	102	5	14	-412622331564097/1006809523200000000
159	102	5	15	-412622331564097/1006809523200000000
159	102	6	8	-491490828398497/1006809523200000000
159	102	6	14	-491490828398497/1006809523200000000
159	102	7	8	-491490828398497/1006809523200000000
159	102	7	15	-491490828398497/1006809523200000000
159	102	9	14	-412622331564097/1006809523200000000
159	102	9	15	-412622331564097/1006809523200000000
159	102	10	12	-491490828398497/1006809523200000000
159	102	10	14	-491490828398497/1006809523200000000
159	102	11	12	-491490828398497/1006809523200000000
159	102	11	15	-491490828398497/1006809523200000000
159	103	2	8	16714086710731/100680952320000000000
159	103	2	12	16714086710731/100680952320000000000
159	103	3	8	16714086710731/100680952320000000000
159	103	3	12	16714086710731/100680952320000000000
159	103	5	14	16714086710731/100680952320000000000
159	103	5	15	16714086710731/100680952320000000000
159	103	6	8	4403773971083417/100680952320000000000
159	103	6	14	4403773971083417/100680952320000000000
159	103	7	8	4403773971083417/100680952320000000000
159	103	7	15	4403773971083417/100680952320000000000
159	103	9	14	16714086710731/100680952320000000000
159	103	9	15	16714086710731/100680952320000000000
159	103	10	12	4403773971083417/100680952320000000000
159	103	10	14	4403773971083417/100680952320000000000
159	103	11	12	4403773971083417/100680952320000000000
159	103	11	15	4403773971083417/100680952320000000000
159	104	4	6	1/2
159	104	4	7	1/2
159	104	4	10	1/2
159	104	4	11	1/2
159	104	5	10	1/2
159	104	5	11	1/2
159	104	6	9	1/2
159	104	7	9	1/2
159	105	4	6	-817/12688
159	105	4	7	-817/12688
159	105	4	10	-817/12688
159	105	4	11	-817/12688
159	105	5	10	2337/12688
159	105	5	11	2337/12688
159	105	6	9	2337/12688
159	105	7	9	2337/12688
159	106	4	6	-1344003/2575765504
159	106	4	7	-1344003/2575765504
159	106	4	10	-1344003/2575765504
159	106	4	11	-1344003/2575765504
159	106	5	10	152066557/2575765504
159	106	5	11	152066557/2575765504
159	106	6	9	152066557/2575765504
159	106	7	9	152066557/2575765504
159	107	4	6	38195816185/16340656357376
159	107	4	7	38195816185/16340656357376
159	107	4	10	38195816185/16340656357376
159	107	4	11	38195816185/16340656357376
159	107	5	10	249262678935/16340656357376
159	107	5	11	249262678935/16340656357376
159	107	6	9	249262678935/16340656357376
159	107	7	9	249262678935/16340656357376
159	108	4	6	-1060388680636105/3524614213660573696
159	108	4	7	-1060388680636105/3524614213660573696
159	108	4	10	-1060388680636105/3524614213660573696
159	108	4	11	-1060388680636105/3524614213660573696
159	108	5	10	8704530487187895/3524614213660573696
159	108	5	11	8704530487187895/3524614213660573696
159	108	6	9	8704530487187895/3524614213660573696
159	108	7	9	8704530487187895/3524614213660573696
159	109	4	6	-192565459000752327/1720011736266359963648
159	109	4	7	-192565459000752327/1720011736266359963648
159	109	4	10	-192565459000752327/1720011736266359963648
159	109	4	11	-192565459000752327/1720011736266359963648
159	109	5	10	-4612462047010537749/22360152571462679527424
159	109	5	11	-4612462047010537749/22360152571462679527424
159	109	6	9	-4612462047010537749/22360152571462679527424
159	109	7	9	-4612462047010537749/22360152571462679527424
160	62	13	18	2
160	62	16	18	2
160	63	12	16	665/3757
160	63	14	16	665/3757
160	64	12	16	-16625855/903363136
160	64	14	16	-16625855/903363136
160	65	12	16	-51989676725/6787870603904
160	65	14	16	-51989676725/6787870603904
160	66	12	16	16349157154975/102008119435469312
160	66	14	16	16349157154975/102008119435469312
160	67	12	16	383104502546066875/766489009438116410368
160	67	14	16	383104502546066875/766489009438116410368
160	68	13	16	2/3
160	68	13	17	2/3
160	68	16	17	2/3
160	69	12	14	38/273
160	69	12	15	38/273
160	69	14	15	38/273
160	70	12	14	918023/57238272
160	70	12	15	918023/57238272
160	70	14	15	918023/57238272
160	71	12	14	-3628411/1736227584
160	71	12	15	-3628411/1736227584
160	71	14	15	-3628411/1736227584
160	72	12	14	-84568294283/59503991758848
160	72	12	15	-84568294283/59503991758848
160	72	14	15	-84568294283/59503991758848
160	73	12	14	-12032402526481/70393222250717184
160	73	12	15	-12032402526481/70393222250717184
160	73	14	15	-12032402526481/70393222250717184
160	86	15	18	2
160	87	13	16	931/2067
160	88	13	16	17576729/273439296
160	89	13	16	-2553283327/1130398049664
160	90	13	16	-669376241018977/158884228268573184
160	91	13	16	-585014523584379847/656827399662281542656
160	92	3	17	2
160	92	5	17	2
160	92	12	13	2
160	92	12	17	2
160	92	14	15	2
160	92	14	17	2
160	93	3	16	665/1248
160	93	5	16	665/1248
160	93	11	12	475/1664
160	93	11	16	-209/832
160	93	13	14	475/1664
160	93	13	16	-209/832
160	94	3	16	2579345/24920064
160	94	5	16	2579345/24920064
160	94	11	12	12635/5537792
160	94	11	16	-19133/2768896
160	94	13	14	12635/5537792
160	94	13	16	-19133/2768896
160	95	3	16	440519275/62200479744
160	95	5	16	440519275/62200479744
160	95	11	12	-196338875/18429771776
160	95	11	16	48513707/4607442944
160	95	13	14	-196338875/18429771776
160	95	13	16	48513707/4607442944
160	96	3	16	-2781151138775/659822689124352
160	96	5	16	-2781151138775/659822689124352
160	96	11	12	-1858778197075/1042682767998976
160	96	11	16	-4294467913/4072979562496
160	96	13	14	-1858778197075/1042682767998976
160	96	13	16	-4294467913/4072979562496
160	97	3	16	-371970424713125/205864679006797824
160	97	5	16	-371970424713125/205864679006797824
160	97	11	12	1702140092884375/3470048251900592128
160	97	11	16	-33179159573329/54219503935946752
160	97	13	14	1702140092884375/3470048251900592128
160	97	13	16	-33179159573329/54219503935946752
160	104	5	14	1
160	104	5	16	1
160	104	6	14	1
160	104	7	16	1
160	104	9	14	1
160	104	9	16	1
160	104	10	14	1
160	104	11	16	1
160	105	5	14	703/3172
160	105	5	15	703/3172
160	105	6	14	-1805/9516
160	105	7	15	-1805/9516
160	105	9	14	703/3172
160	105	9	15	703/3172
160	105	10	14	-1805/9516
160	105	11	15	-1805/9516
160	106	5	14	9318493/321970688
160	106	5	15	9318493/321970688
160	106	6	14	45791045/2897736192
160	106	7	15	45791045/2897736192
160	106	9	14	9318493/321970688
160	106	9	15	9318493/321970688
160	106	10	14	45791045/2897736192
160	106	11	15	45791045/2897736192
160	107	5	14	-2582749591/1021291022336
160	107	5	15	-2582749591/1021291022336
160	107	6	14	128408539325/27574857603072
160	107	7	15	128408539325/27574857603072
160	107	9	14	-2582749591/1021291022336
160	107	9	15	-2582749591/1021291022336
160	107	10	14	128408539325/27574857603072
160	107	11	15	128408539325/27574857603072
160	108	5	14	-262599991835017/110144194176892928
160	108	5	15	-262599991835017/110144194176892928
160	108	6	14	-17054953461470425/8921679728328327168
160	108	7	15	-17054953461470425/8921679728328327168
160	108	9	14	-262599991835017/110144194176892928
160	108	9	15	-262599991835017/110144194176892928
160	108	10	14	-17054953461470425/8921679728328327168
160	108	11	15	-17054953461470425/8921679728328327168
160	109	5	14	-135551342810254091/349377383929104367616
160	109	5	15	-135551342810254091/349377383929104367616
160	109	6	14	3504755149926010625/84898704294772361330688
160	109	7	15	3504755149926010625/84898704294772361330688
160	109	9	14	-135551342810254091/349377383929104367616
160	109	9	15	-135551342810254091/349377383929104367616
160	109	10	14	3504755149926010625/84898704294772361330688
160	109	11	15	3504755149926010625/84898704294772361330688
160	110	4	6	1/6
160	110	4	7	1/6
160	110	4	10	1/6
160	110	4	11	1/6
160	110	6	7	1/6
160	110	6	10	1/6
160	110	6	13	1/6
160	110	7	11	1/6
160	110	7	13	1/6
160	110	10	11	1/6
160	110	10	13	1/6
160	110	11	13	1/6
160	111	4	6	-551/29328
160	111	4	7	-551/29328
160	111	4	10	-551/29328
160	111	4	11	-551/29328
160	111	6	7	-551/29328
160	111	6	10	-551/29328
160	111	6	13	-551/29328
160	111	7	11	-551/29328
160	111	7	13	-551/29328
160	111	10	11	-551/29328
160	111	10	13	-551/29328
160	111	11	13	-551/29328
160	112	4	6	-5300563/4587368448
160	112	4	7	-5300563/4587368448
160	112	4	10	-5300563/4587368448
160	112	4	11	-5300563/4587368448
160	112	6	7	-5300563/4587368448
160	112	6	10	-5300563/4587368448
160	112	6	13	-5300563/4587368448
160	112	7	11	-5300563/4587368448
160	112	7	13	-5300563/4587368448
160	112	10	11	-5300563/4587368448
160	112	10	13	-5300563/4587368448
160	112	11	13	-5300563/4587368448
160	113	4	6	19468016303/22423056973824
160	113	4	7	19468016303/22423056973824
160	113	4	10	19468016303/22423056973824
160	113	4	11	19468016303/22423056973824
160	113	6	7	19468016303/22423056973824
160	113	6	10	19468016303/22423056973824
160	113	6	13	19468016303/22423056973824
160	113	7	11	19468016303/22423056973824
160	113	7	13	19468016303/22423056973824
160	113	10	11	19468016303/22423056973824
160	113	10	13	19468016303/22423056973824
160	113	11	13	19468016303/22423056973824
160	114	4	6	-11791552116109/286656360353366016
160	114	4	7	-11791552116109/286656360353366016
160	114	4	10	-11791552116109/286656360353366016
160	114	4	11	-11791552116109/286656360353366016
160	114	6	7	-11791552116109/286656360353366016
160	114	6	10	-11791552116109/286656360353366016
160	114	6	13	-11791552116109/286656360353366016
160	114	7	11	-11791552116109/286656360353366016
160	114	7	13	-11791552116109/286656360353366016
160	114	10	11	-11791552116109/286656360353366016
160	114	10	13	-11791552116109/286656360353366016
160	114	11	13	-11791552116109/286656360353366016
160	115	4	6	-1064752843497014413/18215291762294290120704
160	115	4	7	-1064752843497014413/18215291762294290120704
160	115	4	10	-1064752843497014413/18215291762294290120704
160	115	4	11	-1064752843497014413/18215291762294290120704
160	115	6	7	-1064752843497014413/18215291762294290120704
160	115	6	10	-1064752843497014413/18215291762294290120704
160	115	6	13	-1064752843497014413/18215291762294290120704
160	115	7	11	-1064752843497014413/18215291762294290120704
160	115	7	13	-1064752843497014413/18215291762294290120704
160	115	10	11	-1064752843497014413/18215291762294290120704
160	115	10	13	-1064752843497014413/18215291762294290120704
160	115	11	13	-1064752843497014413/18215291762294290120704
161	62	9	9	4
161	63	8	8	-6555/3757
161	64	8	8	1319578101/1806726272
161	65	8	8	-609504423705/2088575570432
161	66	8	8	90137193862956759/816064955483754496
161	67	8	8	-36940236855088409325/943371088539220197376
161	68	4	8	8/3
161	68	6	8	8/3
161	68	7	8	8/3
161	69	4	8	-38/39
161	69	6	8	-38/39
161	69	7	8	-38/39
161	70	4	8	100719/302848
161	70	6	8	100719/302848
161	70	7	8	100719/302848
161	71	4	8	-4931621/47244288
161	71	6	8	-4931621/47244288
161	71	7	8	-4931621/47244288
161	72	4	8	68604493067/2338781233152
161	72	6	8	68604493067/2338781233152
161	72	7	8	68604493067/2338781233152
161	73	4	8	-283535620391/40538874707968
161	73	6	8	-283535620391/40538874707968
161	73	7	8	-283535620391/40538874707968
161	86	6	13	8
161	87	6	11	13794/3445
161	88	6	11	1471397373/759553600
161	89	6	11	9447518483271/10466648608000
161	90	6	11	1976693176374795063/4903834205820160000
161	91	6	11	11580261268437210809691/67574835356201804800000
161	98	2	14	2
161	98	3	14	2
161	98	4	5	2
161	98	4	10	2
161	98	4	14	2
161	99	2	13	589/650
161	99	3	13	589/650
161	99	4	5	589/650
161	99	4	9	589/650
161	99	4	13	323/650
161	100	2	13	10568997/27040000
161	100	3	13	10568997/27040000
161	100	4	5	10568997/27040000
161	100	4	9	10568997/27040000
161	100	4	13	2806053/27040000
161	101	2	13	5597883683/35152000000
161	101	3	13	5597883683/35152000000
161	101	4	5	5597883683/35152000000
161	101	4	9	5597883683/35152000000
161	101	4	13	43259713/2704000000
161	102	2	13	94111678046183/1553718400000000
161	102	3	13	94111678046183/1553718400000000
161	102	4	5	94111678046183/1553718400000000
161	102	4	9	94111678046183/1553718400000000
161	102	4	13	1360241466983/1553718400000000
161	103	2	13	42638413422133887/2019833920000000000
161	103	3	13	42638413422133887/2019833920000000000
161	103	4	5	42638413422133887/2019833920000000000
161	103	4	9	42638413422133887/2019833920000000000
161	103	4	13	-4081425788571/9139520000000000
162	62	9	9	2
162	63	8	8	-532/3757
162	64	8	8	-15251889/903363136
162	65	8	8	8494603999/1696967650976
162	66	8	8	26845742725939/102008119435469312
162	67	8	8	-51726331475351547/191622252359529102592
162	68	4	18	4/3
162	68	6	18	4/3
162	68	7	18	4/3
162	69	4	16	-38/117
162	69	6	16	-38/117
162	69	7	16	-38/117
162	70	4	16	6137/104832
162	70	6	16	6137/104832
162	70	7	16	6137/104832
162	71	4	16	-1351223/318898944
162	71	6	16	-1351223/318898944
162	71	7	16	-1351223/318898944
162	72	4	16	-41055936877/23680159985664
162	72	6	16	-41055936877/23680159985664
162	72	7	16	-41055936877/23680159985664
162	73	4	16	454639013489/615684159627264
162	73	6	16	454639013489/615684159627264
162	73	7	16	454639013489/615684159627264
162	74	9	9	2/3
162	74	13	13	2/3
162	74	15	15	2/3
162	75	8	8	-1957/8385
162	75	12	12	-1957/8385
162	75	14	14	-1957/8385
162	76	8	8	435967787/5999635200
162	76	12	12	435967787/5999635200
162	76	14	14	435967787/5999635200
162	77	8	8	-640843167269/33537960768000
162	77	12	12	-640843167269/33537960768000
162	77	14	14	-640843167269/33537960768000
162	78	8	8	559866458241347/150869226593280000
162	78	12	12	559866458241347/150869226593280000
162	78	14	14	559866458241347/150869226593280000
162	79	8	8	-33083913606426139331/142527667054937548800000
162	79	12	12	-33083913606426139331/142527667054937548800000
162	79	14	14	-33083913606426139331/142527667054937548800000
162	86	6	17	4
162	86	13	16	4
162	87	6	15	4598/3445
162	87	11	14	4598/3445
162	88	6	15	146842887/379776800
162	88	11	14	146842887/379776800
162	89	6	15	235102630103/2616662152000
162	89	11	14	235102630103/2616662152000
162	90	6	15	7850804774459783/612979275727520000
162	90	11	14	7850804774459783/612979275727520000
162	91	6	15	-5079483986251260663/4223427209762612800000
162	91	11	14	-5079483986251260663/4223427209762612800000
162	92	7	8	4
162	93	7	8	-893/832
162	94	7	8	629223/2768896
162	95	7	8	-261444503/9214885888
162	96	7	8	-1514346049483/521341383999488
162	97	7	8	357410274237603/133463394303868928
162	98	2	15	1
162	98	3	17	1
162	98	5	8	1
162	98	10	13	1
162	99	2	14	589/1950
162	99	3	15	589/1950
162	99	5	8	589/1950
162	99	9	12	589/1950
162	100	2	14	2999549/40560000
162	100	3	15	2999549/40560000
162	100	5	8	2999549/40560000
162	100	9	12	2999549/40560000
162	101	2	14	2823075233/237276000000
162	101	3	15	2823075233/237276000000
162	101	5	8	2823075233/237276000000
162	101	9	12	2823075233/237276000000
162	102	2	14	-4609919928217/15731398800000000
162	102	3	15	-4609919928217/15731398800000000
162	102	5	8	-4609919928217/15731398800000000
162	102	9	12	-4609919928217/15731398800000000
162	103	2	14	-766626826370567/786569940000000000
162	103	3	15	-766626826370567/786569940000000000
162	103	5	8	-766626826370567/786569940000000000
162	103	9	12	-766626826370567/786569940000000000
162	104	2	13	2
162	104	3	13	2
162	104	4	13	2
162	105	2	13	95/122
162	105	3	13	95/122
162	105	4	13	437/1586
162	106	2	13	43676307/160985344
162	106	3	13	43676307/160985344
162	106	4	13	980115/160985344
162	107	2	13	3174379495/39280423936
162	107	3	13	3174379495/39280423936
162	107	4	13	-4056090227/510645511168
162	108	2	13	1013548563723647/55072097088446464
162	108	3	13	1013548563723647/55072097088446464
162	108	4	13	-81231033202753/55072097088446464
162	109	2	13	25189925063087325/13437591689580937216
162	109	3	13	25189925063087325/13437591689580937216
162	109	4	13	3409382492318427/13437591689580937216
163	62	9	18	2
163	63	8	16	-4959/7514
163	64	8	16	705244185/3613452544
163	65	8	16	-2687108391189/54302964831232
163	66	8	16	15775054584211791/1632129910967508992
163	67	8	16	-21891331575764183421/24527648302019725131776
163	68	4	8	2/3
163	68	6	8	2/3
163	68	7	8	2/3
163	68	8	13	2/3
163	68	8	16	2/3
163	68	8	17	2/3
163	69	8	12	-19/156
163	69	8	14	-19/156
163	69	8	15	-19/156
163	70	4	8	-10469/1211392
163	70	6	8	-10469/1211392
163	70	7	8	-10469/1211392
163	70	8	12	49457/3634176
163	70	8	14	49457/3634176
163	70	8	15	49457/3634176
163	71	8	12	253783/377954304
163	71	8	14	253783/377954304
163	71	8	15	253783/377954304
163	72	4	8	986399649/3118374977536
163	72	6	8	986399649/3118374977536
163	72	7	8	986399649/3118374977536
163	72	8	12	-483360589/719624994816
163	72	8	14	-483360589/719624994816
163	72	8	15	-483360589/719624994816
163	73	8	12	99571369087/972932992991232
163	73	8	14	99571369087/972932992991232
163	73	8	15	99571369087/972932992991232
163	86	6	14	2
163	86	8	8	1
163	86	8	13	2
163	86	14	14	1
163	87	6	12	4959/6890
163	87	8	8	-5073/13780
163	87	8	11	4959/6890
163	87	12	12	-5073/13780
163	88	6	12	712028097/3038214400
163	88	8	8	748624833/6076428800
163	88	8	11	712028097/3038214400
163	88	12	12	748624833/6076428800
163	89	6	12	214464050001/3220507264000
163	89	8	8	-3037780596339/83733188864000
163	89	8	11	214464050001/3220507264000
163	89	12	12	-3037780596339/83733188864000
163	90	6	12	299021812853014863/19615336823280640000
163	90	8	8	344167346358579663/39230673646561280000
163	90	8	11	299021812853014863/19615336823280640000
163	90	12	12	344167346358579663/39230673646561280000
163	91	6	12	44185614848557419249/20792257032677478400000
163	91	8	8	-757537982520377013459/540598682849614438400000
163	91	8	11	44185614848557419249/20792257032677478400000
163	91	12	12	-757537982520377013459/540598682849614438400000
163	92	4	8	2
163	92	4	14	2
163	92	6	8	2
163	92	6	12	2
163	93	4	8	-513/832
163	93	4	13	57/64
163	93	6	8	-513/832
163	93	6	11	57/64
163	94	4	8	1822689/11075584
163	94	4	13	4109985/11075584
163	94	6	8	1822689/11075584
163	94	6	11	4109985/11075584
163	95	4	8	-645027219/18429771776
163	95	4	13	202045563/1417674752
163	95	6	8	-645027219/18429771776
163	95	6	11	202045563/1417674752
163	96	4	8	577719378729/130335345999872
163	96	4	13	6412781163501/130335345999872
163	96	6	8	577719378729/130335345999872
163	96	6	11	6412781163501/130335345999872
163	97	4	8	1023478188957/2085365535997952
163	97	4	13	60615059514237/4170731071995904
163	97	6	8	1023478188957/2085365535997952
163	97	6	11	60615059514237/4170731071995904
163	98	2	17	1/2
163	98	3	15	1/2
163	98	4	6	1/2
163	98	4	7	1/2
163	98	4	11	1/2
163	98	4	12	1/2
163	98	4	15	1/2
163	98	4	17	1/2
163	98	5	13	1/2
163	98	6	14	1/2
163	98	7	14	1/2
163	98	8	10	1/2
163	98	8	14	1/2
163	98	11	14	1/2
163	98	12	14	1/2
163	98	13	14	1/2
163	99	2	15	551/2600
163	99	3	14	551/2600
163	99	4	6	323/2600
163	99	4	7	323/2600
163	99	4	10	323/2600
163	99	4	11	323/2600
163	99	4	14	57/2600
163	99	4	15	57/2600
163	99	5	12	551/2600
163	99	6	13	323/2600
163	99	7	13	323/2600
163	99	8	9	551/2600
163	99	8	13	57/2600
163	99	10	13	323/2600
163	99	11	13	323/2600
163	99	12	13	57/2600
163	100	2	15	8930057/108160000
163	100	3	14	8930057/108160000
163	100	4	6	2553353/108160000
163	100	4	7	2553353/108160000
163	100	4	10	2553353/108160000
163	100	4	11	2553353/108160000
163	100	4	14	-681207/108160000
163	100	4	15	-681207/108160000
163	100	5	12	8930057/108160000
163	100	6	13	2553353/108160000
163	100	7	13	2553353/108160000
163	100	8	9	8930057/108160000
163	100	8	13	-681207/108160000
163	100	10	13	2553353/108160000
163	100	11	13	2553353/108160000
163	100	12	13	-681207/108160000
163	101	2	15	4055198557/140608000000
163	101	3	14	4055198557/140608000000
163	101	4	6	317509969/140608000000
163	101	4	7	317509969/140608000000
163	101	4	10	317509969/140608000000
163	101	4	11	317509969/140608000000
163	101	4	14	-128338749/140608000000
163	101	4	15	-128338749/140608000000
163	101	5	12	4055198557/140608000000
163	101	6	13	317509969/140608000000
163	101	7	13	317509969/140608000000
163	101	8	9	4055198557/140608000000
163	101	8	13	-128338749/140608000000
163	101	10	13	317509969/140608000000
163	101	11	13	317509969/140608000000
163	101	12	13	-128338749/140608000000
163	102	2	15	53504837760863/6214873600000000
163	102	3	14	53504837760863/6214873600000000
163	102	4	6	-3019091481217/6214873600000000
163	102	4	7	-3019091481217/6214873600000000
163	102	4	10	-3019091481217/6214873600000000
163	102	4	11	-3019091481217/6214873600000000
163	102	4	14	1340573421663/6214873600000000
163	102	4	15	1340573421663/6214873600000000
163	102	5	12	53504837760863/6214873600000000
163	102	6	13	-3019091481217/6214873600000000
163	102	7	13	-3019091481217/6214873600000000
163	102	8	9	53504837760863/6214873600000000
163	102	8	13	1340573421663/6214873600000000
163	102	10	13	-3019091481217/6214873600000000
163	102	11	13	-3019091481217/6214873600000000
163	102	12	13	1340573421663/6214873600000000
163	103	2	15	1207248064013401/621487360000000000
163	103	3	14	1207248064013401/621487360000000000
163	103	4	6	-128473082494423/475255040000000000
163	103	4	7	-128473082494423/475255040000000000
163	103	4	10	-128473082494423/475255040000000000
163	103	4	11	-128473082494423/475255040000000000
163	103	4	14	36794070977607/621487360000000000
163	103	4	15	36794070977607/621487360000000000
163	103	5	12	1207248064013401/621487360000000000
163	103	6	13	-128473082494423/475255040000000000
163	103	7	13	-128473082494423/475255040000000000
163	103	8	9	1207248064013401/621487360000000000
163	103	8	13	36794070977607/621487360000000000
163	103	10	13	-128473082494423/475255040000000000
163	103	11	13	-128473082494423/475255040000000000
163	103	12	13	36794070977607/621487360000000000
163	104	4	5	1
163	104	4	9	1
163	105	4	5	2565/6344
163	105	4	9	2565/6344
163	106	4	5	193292757/1287882752
163	106	4	9	193292757/1287882752
163	107	4	5	407342189115/8170328178688
163	107	4	9	407342189115/8170328178688
163	108	4	5	24845142805783047/1762307106830286848
163	108	4	9	24845142805783047/1762307106830286848
163	109	4	5	2561974257876408675/860005868133179981824
163	109	4	9	2561974257876408675/860005868133179981824
164	62	9	18	2
164	63	8	16	266/3757
164	64	8	16	-12117687/451681568
164	65	8	16	-5136094649/1696967650976
164	66	8	16	25435695570139/25502029858867328
164	67	8	16	19365877357369683/95811126179764551296
164	68	4	18	2/3
164	68	6	18	2/3
164	68	7	18	2/3
164	68	13	18	2/3
164	68	16	18	2/3
164	68	17	18	2/3
164	69	4	16	19/234
164	69	6	16	19/234
164	69	7	16	19/234
164	69	12	16	-19/117
164	69	14	16	-19/117
164	69	15	16	-19/117
164	70	4	16	-1805/1362816
164	70	6	16	-1805/1362816
164	70	7	16	-1805/1362816
164	70	12	16	38627/1362816
164	70	14	16	38627/1362816
164	70	15	16	38627/1362816
164	71	4	16	-1845071/637797888
164	71	6	16	-1845071/637797888
164	71	7	16	-1845071/637797888
164	71	12	16	-459553/318898944
164	71	14	16	-459553/318898944
164	71	15	16	-459553/318898944
164	72	4	16	-3774487123/11840079992832
164	72	6	16	-3774487123/11840079992832
164	72	7	16	-3774487123/11840079992832
164	72	12	16	-13172455717/11840079992832
164	72	14	16	-13172455717/11840079992832
164	72	15	16	-13172455717/11840079992832
164	73	4	16	85947872389/615684159627264
164	73	6	16	85947872389/615684159627264
164	73	7	16	85947872389/615684159627264
164	73	12	16	13695303569/34204675534848
164	73	14	16	13695303569/34204675534848
164	73	15	16	13695303569/34204675534848
164	86	6	18	2
164	86	13	18	2
164	87	6	16	266/689
164	87	11	16	266/689
164	88	6	16	3230589/75955360
164	88	11	16	3230589/75955360
164	89	6	16	-216682669/52333243040
164	89	11	16	-216682669/52333243040
164	90	6	16	-35927268213517/12259585514550400
164	90	11	16	-35927268213517/12259585514550400
164	91	6	16	-625919544233361/1689370883905045120
164	91	11	16	-625919544233361/1689370883905045120
164	92	12	15	2
164	92	13	13	1
164	92	13	14	2
164	92	15	15	1
164	93	11	14	1083/1664
164	93	12	12	-3059/9984
164	93	12	13	1083/1664
164	93	14	14	-3059/9984
164	94	11	14	989501/5537792
164	94	12	12	7706989/99680256
164	94	12	13	989501/5537792
164	94	14	14	7706989/99680256
164	95	11	14	674411175/18429771776
164	95	12	12	-13477969295/995207675904
164	95	12	13	674411175/18429771776
164	95	14	14	-13477969295/995207675904
164	96	11	14	3061097588505/1042682767998976
164	96	12	12	3383535200285/12993431416602624
164	96	12	13	3061097588505/1042682767998976
164	96	14	14	3383535200285/12993431416602624
164	97	11	14	-5532068174228109/3470048251900592128
164	97	12	12	1478123167524485237/1686443450423687774208
164	97	12	13	-5532068174228109/3470048251900592128
164	97	14	14	1478123167524485237/1686443450423687774208
164	98	2	18	1/2
164	98	3	18	1/2
164	98	5	18	1/2
164	98	10	18	1/2
164	99	2	16	133/975
164	99	3	16	133/975
164	99	5	16	133/975
164	99	9	16	133/975
164	100	2	16	375801/13520000
164	100	3	16	375801/13520000
164	100	5	16	375801/13520000
164	100	9	16	375801/13520000
164	101	2	16	144951247/59319000000
164	101	3	16	144951247/59319000000
164	101	5	16	144951247/59319000000
164	101	9	16	144951247/59319000000
164	102	2	16	-7359238989853/7865699400000000
164	102	3	16	-7359238989853/7865699400000000
164	102	5	16	-7359238989853/7865699400000000
164	102	9	16	-7359238989853/7865699400000000
164	103	2	16	-605304975144583/1278176152500000000
164	103	3	16	-605304975144583/1278176152500000000
164	103	5	16	-605304975144583/1278176152500000000
164	103	9	16	-605304975144583/1278176152500000000
164	104	5	8	1
164	104	6	8	1
164	104	6	13	1
164	104	7	8	1
164	104	7	13	1
164	104	8	13	1
164	104	9	12	1
164	104	10	12	1
164	104	10	13	1
164	104	11	12	1
164	104	11	13	1
164	104	12	13	1
164	105	5	8	817/3172
164	105	6	8	-57/244
164	105	6	13	209/793
164	105	7	8	-57/244
164	105	7	13	209/793
164	105	8	13	19/1586
164	105	9	12	817/3172
164	105	10	12	-57/244
164	105	10	13	209/793
164	105	11	12	-57/244
164	105	11	13	209/793
164	105	12	13	19/1586
164	106	5	8	7883157/160985344
164	106	6	8	5988629/160985344
164	106	6	13	8385669/160985344
164	106	7	8	5988629/160985344
164	106	7	13	8385669/160985344
164	106	8	13	-213351/12383488
164	106	9	12	7883157/160985344
164	106	10	12	5988629/160985344
164	106	10	13	8385669/160985344
164	106	11	12	5988629/160985344
164	106	11	13	8385669/160985344
164	106	12	13	-213351/12383488
164	107	5	8	1870785391/510645511168
164	107	6	8	-22531815/39280423936
164	107	6	13	44892155/9820105984
164	107	7	8	-22531815/39280423936
164	107	7	13	44892155/9820105984
164	107	8	13	-158971043/255322755584
164	107	9	12	1870785391/510645511168
164	107	10	12	-22531815/39280423936
164	107	10	13	44892155/9820105984
164	107	11	12	-22531815/39280423936
164	107	11	13	44892155/9820105984
164	107	12	13	-158971043/255322755584
164	108	5	8	-45756590195047/27536048544223232
164	108	6	8	-51161560881495/27536048544223232
164	108	6	13	-43043129477845/27536048544223232
164	108	7	8	-51161560881495/27536048544223232
164	108	7	13	-43043129477845/27536048544223232
164	108	8	13	23052690594563/27536048544223232
164	108	9	12	-45756590195047/27536048544223232
164	108	10	12	-51161560881495/27536048544223232
164	108	10	13	-43043129477845/27536048544223232
164	108	11	12	-51161560881495/27536048544223232
164	108	11	13	-43043129477845/27536048544223232
164	108	12	13	23052690594563/27536048544223232
164	109	5	8	-64411510150265271/87344345982276091904
164	109	6	8	3518380954657791/6718795844790468608
164	109	6	13	-1319889204731229/1679698961197617152
164	109	7	8	3518380954657791/6718795844790468608
164	109	7	13	-1319889204731229/1679698961197617152
164	109	8	13	2216050483528173/43672172991138045952
164	109	9	12	-64411510150265271/87344345982276091904
164	109	10	12	3518380954657791/6718795844790468608
164	109	10	13	-1319889204731229/1679698961197617152
164	109	11	12	3518380954657791/6718795844790468608
164	109	11	13	-1319889204731229/1679698961197617152
164	109	12	13	2216050483528173/43672172991138045952
165	62	18	18	2
165	63	16	16	-5757/7514
165	64	16	16	978887961/3613452544
165	65	16	16	-4694883856479/54302964831232
165	66	16	16	38989858936504239/1632129910967508992
165	67	16	16	-126888921005505435063/24527648302019725131776
165	68	8	13	4/3
165	68	8	16	4/3
165	68	8	17	4/3
165	69	8	12	19/78
165	69	8	14	19/78
165	69	8	15	19/78
165	70	8	12	49457/1817088
165	70	8	14	49457/1817088
165	70	8	15	49457/1817088
165	71	8	12	-253783/188977152
165	71	8	14	-253783/188977152
165	71	8	15	-253783/188977152
165	72	8	12	-483360589/359812497408
165	72	8	14	-483360589/359812497408
165	72	8	15	-483360589/359812497408
165	73	8	12	-99571369087/486466496495616
165	73	8	14	-99571369087/486466496495616
165	73	8	15	-99571369087/486466496495616
165	92	8	12	4
165	92	8	14	4
165	93	8	11	1197/832
165	93	8	13	1197/832
165	94	8	11	2582955/5537792
165	94	8	13	2582955/5537792
165	95	8	11	2415101913/18429771776
165	95	8	13	2415101913/18429771776
165	96	8	11	475115049009/16291918249984
165	96	8	13	475115049009/16291918249984
165	97	8	11	242564330782809/66731697151934464
165	97	8	13	242564330782809/66731697151934464
165	98	4	8	1
165	98	4	13	1
165	98	4	18	1
165	98	8	8	1/2
165	98	13	13	1/2
165	98	14	15	1
165	98	14	17	1
165	98	14	18	1
165	98	15	15	1/2
165	98	17	17	1/2
165	99	4	8	57/1300
165	99	4	12	57/1300
165	99	4	16	-209/1300
165	99	8	8	-437/2600
165	99	12	12	-437/2600
165	99	13	14	57/1300
165	99	13	15	57/1300
165	99	13	16	-209/1300
165	99	14	14	-437/2600
165	99	15	15	-437/2600
165	100	4	8	-681207/54080000
165	100	4	12	-681207/54080000
165	100	4	16	612617/54080000
165	100	8	8	5325833/108160000
165	100	12	12	5325833/108160000
165	100	13	14	-681207/54080000
165	100	13	15	-681207/54080000
165	100	13	16	612617/54080000
165	100	14	14	5325833/108160000
165	100	15	15	5325833/108160000
165	101	4	8	-128338749/70304000000
165	101	4	12	-128338749/70304000000
165	101	4	16	200166197/70304000000
165	101	8	8	-1641146071/140608000000
165	101	12	12	-1641146071/140608000000
165	101	13	14	-128338749/70304000000
165	101	13	15	-128338749/70304000000
165	101	13	16	200166197/70304000000
165	101	14	14	-1641146071/140608000000
165	101	15	15	-1641146071/140608000000
165	102	4	8	1340573421663/3107436800000000
165	102	4	12	1340573421663/3107436800000000
165	102	4	16	-3071199029857/3107436800000000
165	102	8	8	10939351038143/6214873600000000
165	102	12	12	10939351038143/6214873600000000
165	102	13	14	1340573421663/3107436800000000
165	102	13	15	1340573421663/3107436800000000
165	102	13	16	-3071199029857/3107436800000000
165	102	14	14	10939351038143/6214873600000000
165	102	15	15	10939351038143/6214873600000000
165	103	4	8	36794070977607/310743680000000000
165	103	4	12	36794070977607/310743680000000000
165	103	4	16	70563589502813/4039667840000000000
165	103	8	8	69081198553493/621487360000000000
165	103	12	12	69081198553493/621487360000000000
165	103	13	14	36794070977607/310743680000000000
165	103	13	15	36794070977607/310743680000000000
165	103	13	16	70563589502813/4039667840000000000
165	103	14	14	69081198553493/621487360000000000
165	103	15	15	69081198553493/621487360000000000
165	104	4	8	2
165	104	4	12	2
165	104	5	12	2
165	104	8	9	2
165	105	4	8	-1881/3172
165	105	4	12	-1881/3172
165	105	5	12	2793/3172
165	105	8	9	2793/3172
165	106	4	8	95978709/643941376
165	106	4	12	95978709/643941376
165	106	5	12	232384725/643941376
165	106	8	9	232384725/643941376
165	107	4	8	-115669881063/4085164089344
165	107	4	12	-115669881063/4085164089344
165	107	5	12	552734250327/4085164089344
165	107	8	9	552734250327/4085164089344
165	108	4	8	2066790079860903/881153553415143424
165	108	4	12	2066790079860903/881153553415143424
165	108	5	12	39661074589498407/881153553415143424
165	108	8	9	39661074589498407/881153553415143424
165	109	4	8	385239968335641969/430002934066589990912
165	109	4	12	385239968335641969/430002934066589990912
165	109	5	12	69646030874858048499/5590038142865669881856
165	109	8	9	69646030874858048499/5590038142865669881856
166	62	18	18	2
166	63	16	16	-133/3757
166	64	16	16	-28124427/903363136
166	65	16	16	11372215141/6787870603904
166	66	16	16	10706965237363/7846778418113024
166	67	16	16	-95250991754557527/766489009438116410368
166	68	13	18	4/3
166	68	16	18	4/3
166	68	17	18	4/3
166	69	12	16	19/117
166	69	14	16	19/117
166	69	15	16	19/117
166	70	12	16	-6137/1362816
166	70	14	16	-6137/1362816
166	70	15	16	-6137/1362816
166	71	12	16	-4122259/637797888
166	71	14	16	-4122259/637797888
166	71	15	16	-4122259/637797888
166	72	12	16	-14662806673/23680159985664
166	72	14	16	-14662806673/23680159985664
166	72	15	16	-14662806673/23680159985664
166	73	12	16	146691533057/410456106418176
166	73	14	16	146691533057/410456106418176
166	73	15	16	146691533057/410456106418176
166	92	12	17	4
166	92	14	17	4
166	93	11	16	399/416
166	93	13	16	399/416
166	94	11	16	219127/1384448
166	94	13	16	219127/1384448
166	95	11	16	8210223/2303721472
166	95	13	16	8210223/2303721472
166	96	11	16	-64227010677/8145959124992
166	96	13	16	-64227010677/8145959124992
166	97	11	16	-64079780657571/27109751967973376
166	97	13	16	-64079780657571/27109751967973376
166	104	5	17	2
166	104	9	17	2
166	104	13	14	2
166	104	13	16	2
166	104	13	17	2
166	104	14	14	1
166	104	16	16	1
166	105	5	16	931/1586
166	105	9	16	931/1586
166	105	13	14	437/1586
166	105	13	15	437/1586
166	105	13	16	-361/1586
166	105	14	14	-2603/9516
166	105	15	15	-2603/9516
166	106	5	16	21680577/160985344
166	106	9	16	21680577/160985344
166	106	13	14	55233/160985344
166	106	13	15	55233/160985344
166	106	13	16	-1885503/160985344
166	106	14	14	162317513/2897736192
166	106	15	15	162317513/2897736192
166	107	5	16	685289549/39280423936
166	107	9	16	685289549/39280423936
166	107	13	14	-405277733/39280423936
166	107	13	15	-405277733/39280423936
166	107	13	16	5052936133/510645511168
166	107	14	14	-138775204489/27574857603072
166	107	15	15	-138775204489/27574857603072
166	108	5	16	-143373526122577/55072097088446464
166	108	9	16	-143373526122577/55072097088446464
166	108	13	14	-86223242877457/55072097088446464
166	108	13	15	-86223242877457/55072097088446464
166	108	13	16	-32500360229617/55072097088446464
166	108	14	14	-1267207414849669/686283056025255936
166	108	15	15	-1267207414849669/686283056025255936
166	109	5	16	-2298062225141823/1033660899198533632
166	109	9	16	-2298062225141823/1033660899198533632
166	109	13	14	6607655376372507/13437591689580937216
166	109	13	15	6607655376372507/13437591689580937216
166	109	13	16	-108385953040278363/174688691964552183808
166	109	14	14	80825094135968998991/84898704294772361330688
166	109	15	15	80825094135968998991/84898704294772361330688
166	110	4	8	1/3
166	110	4	12	1/3
166	110	6	8	1/3
166	110	6	14	1/3
166	110	7	8	1/3
166	110	7	15	1/3
166	110	10	12	1/3
166	110	10	14	1/3
166	110	11	12	1/3
166	110	11	15	1/3
166	110	13	14	1/3
166	110	13	15	1/3
166	111	4	8	-361/4888
166	111	4	12	-361/4888
166	111	6	8	-361/4888
166	111	6	14	-361/4888
166	111	7	8	-361/4888
166	111	7	15	-361/4888
166	111	10	12	-361/4888
166	111	10	14	-361/4888
166	111	11	12	-361/4888
166	111	11	15	-361/4888
166	111	13	14	-361/4888
166	111	13	15	-361/4888
166	112	4	8	7844891/764561408
166	112	4	12	7844891/764561408
166	112	6	8	7844891/764561408
166	112	6	14	7844891/764561408
166	112	7	8	7844891/764561408
166	112	7	15	7844891/764561408
166	112	10	12	7844891/764561408
166	112	10	14	7844891/764561408
166	112	11	12	7844891/764561408
166	112	11	15	7844891/764561408
166	112	13	14	7844891/764561408
166	112	13	15	7844891/764561408
166	113	4	8	1610376597/3737176162304
166	113	4	12	1610376597/3737176162304
166	113	6	8	1610376597/3737176162304
166	113	6	14	1610376597/3737176162304
166	113	7	8	1610376597/3737176162304
166	113	7	15	1610376597/3737176162304
166	113	10	12	1610376597/3737176162304
166	113	10	14	1610376597/3737176162304
166	113	11	12	1610376597/3737176162304
166	113	11	15	1610376597/3737176162304
166	113	13	14	1610376597/3737176162304
166	113	13	15	1610376597/3737176162304
166	114	4	8	-421566017051259/621088780765626368
166	114	4	12	-421566017051259/621088780765626368
166	114	6	8	-421566017051259/621088780765626368
166	114	6	14	-421566017051259/621088780765626368
166	114	7	8	-421566017051259/621088780765626368
166	114	7	15	-421566017051259/621088780765626368
166	114	10	12	-421566017051259/621088780765626368
166	114	10	14	-421566017051259/621088780765626368
166	114	11	12	-421566017051259/621088780765626368
166	114	11	15	-421566017051259/621088780765626368
166	114	13	14	-421566017051259/621088780765626368
166	114	13	15	-421566017051259/621088780765626368
166	115	4	8	413803950684090597/3035881960382381686784
166	115	4	12	413803950684090597/3035881960382381686784
166	115	6	8	413803950684090597/3035881960382381686784
166	115	6	14	413803950684090597/3035881960382381686784
166	115	7	8	413803950684090597/3035881960382381686784
166	115	7	15	413803950684090597/3035881960382381686784
166	115	10	12	413803950684090597/3035881960382381686784
166	115	10	14	413803950684090597/3035881960382381686784
166	115	11	12	413803950684090597/3035881960382381686784
166	115	11	15	413803950684090597/3035881960382381686784
166	115	13	14	413803950684090597/3035881960382381686784
166	115	13	15	413803950684090597/3035881960382381686784
167	68	8	8	12
167	69	8	8	-171/26
167	70	8	8	9747/2704
167	71	8	8	-555579/281216
167	72	8	8	31668003/29246464
167	73	8	8	-1805076171/3041632256
167	98	4	14	18
167	99	4	13	3591/325
167	100	4	13	1432809/211250
167	101	4	13	571690791/137312500
167	102	4	13	228104625609/89253125000
167	103	4	13	91013745617991/58014531250000
168	68	8	8	2
168	68	8	18	4
168	69	8	8	-19/52
168	69	8	16	-19/13
168	70	8	8	1083/21632
168	70	8	16	5415/10816
168	71	8	8	-6859/2249728
168	71	8	16	-6859/43264
168	72	8	8	-1433531/1988759552
168	72	8	16	22545533/497189888
168	73	8	8	51998079/206830993408
168	73	8	16	-22284891/1988759552
168	92	8	8	6
168	93	8	8	-4275/1664
168	94	8	8	5818959/5537792
168	95	8	8	-7514205975/18429771776
168	96	8	8	154959677355771/1042682767998976
168	97	8	8	-13377645137802375/266926788607737856
168	98	4	15	3
168	98	4	17	3
168	98	8	14	3
168	98	13	14	3
168	99	4	14	399/325
168	99	4	15	399/325
168	99	8	13	399/325
168	99	12	13	399/325
168	100	4	14	3206763/6760000
168	100	4	15	3206763/6760000
168	100	8	13	3206763/6760000
168	100	12	13	3206763/6760000
168	101	4	14	376085829/2197000000
168	101	4	15	376085829/2197000000
168	101	8	13	376085829/2197000000
168	101	12	13	376085829/2197000000
168	102	4	14	2753328387201/48553700000000
168	102	4	15	2753328387201/48553700000000
168	102	8	13	2753328387201/48553700000000
168	102	12	13	2753328387201/48553700000000
168	103	4	14	20309357697741/1213842500000000
168	103	4	15	20309357697741/1213842500000000
168	103	8	13	20309357697741/1213842500000000
168	103	12	13	20309357697741/1213842500000000
168	104	4	13	6
168	105	4	13	2394/793
168	106	4	13	118104399/80492672
168	107	4	13	43802403939/63830688896
168	108	4	13	4230436145205249/13768024272111616
168	109	4	13	8449418955433491/64603806199908352
169	68	8	18	4
169	68	18	18	2
169	69	16	16	-19/26
169	70	8	16	-1083/21632
169	70	16	16	10469/43264
169	71	16	16	-157757/2249728
169	72	8	16	3518667/1988759552
169	72	16	16	65551463/3977519104
169	73	16	16	-502648097/206830993408
169	98	4	18	3
169	98	14	18	3
169	99	4	16	399/650
169	99	13	16	399/650
169	100	4	16	1129569/13520000
169	100	13	16	1129569/13520000
169	101	4	16	-1008273/8788000000
169	101	13	16	-1008273/8788000000
169	102	4	16	-707149243731/194214800000000
169	102	13	16	-707149243731/194214800000000
169	103	4	16	-103987682313123/126239620000000000
169	103	13	16	-103987682313123/126239620000000000
169	104	8	8	3
169	104	8	13	6
169	104	12	12	3
169	104	12	13	6
169	105	8	8	-855/793
169	105	8	13	3591/1586
169	105	12	12	-855/793
169	105	12	13	3591/1586
169	106	8	8	112275693/321970688
169	106	8	13	9620289/12383488
169	106	12	12	112275693/321970688
169	106	12	13	9620289/12383488
169	107	8	8	-147228435/1510785536
169	107	8	13	119810055771/510645511168
169	107	12	12	-147228435/1510785536
169	107	12	13	119810055771/510645511168
169	108	8	8	2358420149463849/110144194176892928
169	108	8	13	3207155691258981/55072097088446464
169	108	12	12	2358420149463849/110144194176892928
169	108	12	13	3207155691258981/55072097088446464
169	109	8	8	-16994386007826525/6718795844790468608
169	109	8	13	1673068537227929373/174688691964552183808
169	109	12	12	-16994386007826525/6718795844790468608
169	109	12	13	1673068537227929373/174688691964552183808
170	68	18	18	6
170	70	16	16	-1083/10816
170	72	16	16	1172889/248594944
170	104	13	17	18
170	105	13	16	3591/793
170	106	13	16	33363981/40246336
170	107	13	16	3348474633/63830688896
170	108	13	16	-8104697003781/264769697540608
170	109	13	16	-66965685117661827/5459021623892255744
170	110	8	8	3/2
170	110	12	12	3/2
170	110	14	14	3/2
170	110	15	15	3/2
170	111	8	8	-171/376
170	111	12	12	-171/376
170	111	14	14	-171/376
170	111	15	15	-171/376
170	112	8	8	43091487/382280704
170	112	12	12	43091487/382280704
170	112	14	14	43091487/382280704
170	112	15	15	43091487/382280704
170	113	8	8	-1359501813/71868772352
170	113	12	12	-1359501813/71868772352
170	113	14	14	-1359501813/71868772352
170	113	15	15	-1359501813/71868772352
170	114	8	8	-979713008811/77636097595703296
170	114	12	12	-979713008811/77636097595703296
170	114	14	14	-979713008811/77636097595703296
170	114	15	15	-979713008811/77636097595703296
170	115	8	8	19902981055358007/14595586347992219648
170	115	12	12	19902981055358007/14595586347992219648
170	115	14	14	19902981055358007/14595586347992219648
170	115	15	15	19902981055358007/14595586347992219648
171	74	16	16	20
171	75	15	15	1406/559
171	76	15	15	-6616047/49996960
171	77	15	15	-2783745727/21498692800
171	78	15	15	-28605094731521/3124620011552000
171	79	15	15	12863130697855329/1343586604967360000
171	110	1	16	10
171	111	1	16	-475/1222
171	112	1	16	-23073315/95570176
171	113	1	16	526942675/17967193088
171	114	1	16	18586088449355/1141707317583872
171	115	1	16	-743023764259125/214640975705767936
172	74	2	16	16
172	75	2	15	-304/559
172	76	2	15	-89889/240370
172	77	2	15	68802629/1746768790
172	78	2	15	4063550438927/165995438113700
172	79	2	15	-82873268071413/18558289981111660
172	80	7	7	6
172	80	12	12	6
172	81	7	7	1311/1456
172	81	10	10	1311/1456
172	82	7	7	-3249/529984
172	82	10	10	-3249/529984
172	83	7	7	-267398115/6173253632
172	83	10	10	-267398115/6173253632
172	84	7	7	-4067049297135/611201495597056
172	84	10	10	-4067049297135/611201495597056
172	85	7	7	4855609149108777/1779818755178627072
172	85	10	10	4855609149108777/1779818755178627072
172	110	1	1	2
172	111	1	1	304/611
172	112	1	1	1616919/23892544
172	113	1	1	-20213473/1824793048
172	114	1	1	-814460507329/93312617302528
172	115	1	1	-111624565892883/92647764904247488
173	74	2	16	2
173	74	2	17	2
173	74	5	16	2
173	74	7	16	2
173	74	11	16	2
173	75	2	15	57/86
173	75	2	16	-285/1118
173	75	4	15	-1083/5590
173	75	6	15	-1083/5590
173	75	10	15	-1083/5590
173	76	2	15	70948413/399975680
173	76	2	16	-3908547/399975680
173	76	4	15	-46990287/1999878400
173	76	6	15	-46990287/1999878400
173	76	10	15	-46990287/1999878400
173	77	2	15	2116941183/68795816960
173	77	2	16	165377349/13759163392
173	77	4	15	233966724831/22358640512000
173	77	6	15	233966724831/22358640512000
173	77	10	15	233966724831/22358640512000
173	78	2	15	-409787262848313/339958657256857600
173	78	2	16	-363790121850873/339958657256857600
173	78	4	15	2705305268509263/8498966431421440000
173	78	6	15	2705305268509263/8498966431421440000
173	78	10	15	2705305268509263/8498966431421440000
173	79	2	15	-37532896476394041/11694577809635901440
173	79	2	16	-143794172858031/179916581686706176
173	79	4	15	-81172963081587083409/95018444703291699200000
173	79	6	15	-81172963081587083409/95018444703291699200000
173	79	10	15	-81172963081587083409/95018444703291699200000
173	80	7	8	3/2
173	80	7	18	3/2
173	80	12	15	3/2
173	80	12	17	3/2
173	81	7	8	2907/11648
173	81	7	15	2907/11648
173	81	10	12	2907/11648
173	81	10	14	2907/11648
173	82	7	8	3011823/271351808
173	82	7	15	3011823/271351808
173	82	10	12	3011823/271351808
173	82	10	14	3011823/271351808
173	83	7	8	-13081107555/1580352929792
173	83	7	15	-13081107555/1580352929792
173	83	10	12	-13081107555/1580352929792
173	83	10	14	-13081107555/1580352929792
173	84	7	8	-169099694039295/78233791436423168
173	84	7	15	-169099694039295/78233791436423168
173	84	10	12	-169099694039295/78233791436423168
173	84	10	14	-169099694039295/78233791436423168
173	85	7	8	6417820165582359/26801976548572266496
173	85	7	15	6417820165582359/26801976548572266496
173	85	10	12	6417820165582359/26801976548572266496
173	85	10	14	6417820165582359/26801976548572266496
173	86	7	7	3
173	86	11	11	3
173	87	7	7	2793/6890
173	87	10	10	2793/6890
173	88	7	7	-20970129/1519107200
173	88	10	10	-20970129/1519107200
173	89	7	7	-213504832569/10466648608000
173	89	10	10	-213504832569/10466648608000
173	90	7	7	-393493980691767/188609007916160000
173	90	10	10	-393493980691767/188609007916160000
173	91	7	7	24222012062851620339/16893708839050451200000
173	91	10	10	24222012062851620339/16893708839050451200000
173	92	2	16	6
173	93	2	15	-57/832
173	94	2	15	-390963/2768896
173	95	2	15	22367199/4607442944
173	96	2	15	152742597729/16291918249984
173	97	2	15	-29250041110347/54219503935946752
173	110	1	2	1/2
173	110	1	3	1/2
173	110	1	5	1/2
173	110	1	9	1/2
173	111	1	2	1311/9776
173	111	1	3	1311/9776
173	111	1	5	1311/9776
173	111	1	9	1311/9776
173	112	1	2	36522009/1529122816
173	112	1	3	36522009/1529122816
173	112	1	5	36522009/1529122816
173	112	1	9	36522009/1529122816
173	113	1	2	-566505387/7474352324608
173	113	1	3	-566505387/7474352324608
173	113	1	5	-566505387/7474352324608
173	113	1	9	-566505387/7474352324608
173	114	1	2	-172327022449029/95552120117788672
173	114	1	3	-172327022449029/95552120117788672
173	114	1	5	-172327022449029/95552120117788672
173	114	1	9	-172327022449029/95552120117788672
173	115	1	2	-3228166557765132147/6071763920764763373568
173	115	1	3	-3228166557765132147/6071763920764763373568
173	115	1	5	-3228166557765132147/6071763920764763373568
173	115	1	9	-3228166557765132147/6071763920764763373568
174	74	5	16	4/3
174	74	7	16	4/3
174	74	9	16	4/3
174	74	11	16	4/3
174	74	13	16	4/3
174	74	15	16	4/3
174	75	4	15	3002/8385
174	75	6	15	3002/8385
174	75	8	15	-1786/8385
174	75	10	15	3002/8385
174	75	12	15	-1786/8385
174	75	14	15	-1786/8385
174	76	4	15	17641709/249984800
174	76	6	15	17641709/249984800
174	76	8	15	2115821/249984800
174	76	10	15	17641709/249984800
174	76	12	15	2115821/249984800
174	76	14	15	2115821/249984800
174	77	4	15	21889558817/4192245096000
174	77	6	15	21889558817/4192245096000
174	77	8	15	28570951871/4192245096000
174	77	10	15	21889558817/4192245096000
174	77	12	15	28570951871/4192245096000
174	77	14	15	28570951871/4192245096000
174	78	4	15	-2185908409638457/796778102945760000
174	78	6	15	-2185908409638457/796778102945760000
174	78	8	15	-1324257985327417/796778102945760000
174	78	10	15	-2185908409638457/796778102945760000
174	78	12	15	-1324257985327417/796778102945760000
174	78	14	15	-1324257985327417/796778102945760000
174	79	4	15	-1826089829111249579/1484663198488932800000
174	79	6	15	-1826089829111249579/1484663198488932800000
174	79	8	15	-299715152109393653/1484663198488932800000
174	79	10	15	-1826089829111249579/1484663198488932800000
174	79	12	15	-299715152109393653/1484663198488932800000
174	79	14	15	-299715152109393653/1484663198488932800000
174	80	8	8	1/2
174	80	15	15	1/2
174	80	17	17	1/2
174	80	18	18	1/2
174	81	8	8	437/23296
174	81	12	12	437/23296
174	81	14	14	437/23296
174	81	15	15	437/23296
174	82	8	8	-2305707/271351808
174	82	12	12	-2305707/271351808
174	82	14	14	-2305707/271351808
174	82	15	15	-2305707/271351808
174	83	8	8	-3189688783/3160705859584
174	83	12	12	-3189688783/3160705859584
174	83	14	14	-3189688783/3160705859584
174	83	15	15	-3189688783/3160705859584
174	84	8	8	251190398710697/625870331491385344
174	84	12	12	251190398710697/625870331491385344
174	84	14	14	251190398710697/625870331491385344
174	84	15	15	251190398710697/625870331491385344
174	85	8	8	618608422950745389/7290137621211656486912
174	85	12	12	618608422950745389/7290137621211656486912
174	85	14	14	618608422950745389/7290137621211656486912
174	85	15	15	618608422950745389/7290137621211656486912
174	86	7	17	4
174	86	11	16	4
174	87	7	15	2584/3445
174	87	10	14	2584/3445
174	88	7	15	16433081/284832600
174	88	10	14	16433081/284832600
174	89	7	15	-3318871189/163541384500
174	89	10	14	-3318871189/163541384500
174	90	7	15	-884840779233311/114933614198910000
174	90	10	14	-884840779233311/114933614198910000
174	91	7	15	141515567514271/11645479438683675000
174	91	10	14	141515567514271/11645479438683675000
174	92	2	17	4
174	92	7	7	2
174	93	2	16	-209/416
174	93	7	7	1045/4992
174	94	2	16	-47291/2076672
174	94	7	7	-1047983/49840128
174	95	2	16	28142477/1151860736
174	95	7	7	-5567758955/497603837952
174	96	2	16	-188402593601/97751509499904
174	96	7	7	1727151641297/84457304207917056
174	97	2	16	-275312250478199/162658511807840256
174	97	7	7	754599572087224325/843221725211843887104
174	104	2	16	2
174	104	3	14	2
174	105	2	15	76/2379
174	105	3	14	76/2379
174	106	2	15	-16132729/362217024
174	106	3	14	-16132729/362217024
174	107	2	15	-926589169/430857150048
174	107	3	14	-926589169/430857150048
174	108	2	15	779597641617107/278802491510260224
174	108	3	14	779597641617107/278802491510260224
174	109	2	15	75276730303797197/331635563651454536448
174	109	3	14	75276730303797197/331635563651454536448
174	110	1	4	1/3
174	110	1	6	1/3
174	110	1	7	1/3
174	110	1	10	1/3
174	110	1	11	1/3
174	110	1	13	1/3
174	111	1	4	703/7332
174	111	1	6	703/7332
174	111	1	7	703/7332
174	111	1	10	703/7332
174	111	1	11	703/7332
174	111	1	13	703/7332
174	112	1	4	3874613/191140352
174	112	1	6	3874613/191140352
174	112	1	7	3874613/191140352
174	112	1	10	3874613/191140352
174	112	1	11	3874613/191140352
174	112	1	13	3874613/191140352
174	113	1	4	2279225123/1401441060864
174	113	1	6	2279225123/1401441060864
174	113	1	7	2279225123/1401441060864
174	113	1	10	2279225123/1401441060864
174	113	1	11	2279225123/1401441060864
174	113	1	13	2279225123/1401441060864
174	114	1	4	-104090155018633/116454146393554944
174	114	1	6	-104090155018633/116454146393554944
174	114	1	7	-104090155018633/116454146393554944
174	114	1	10	-104090155018633/116454146393554944
174	114	1	11	-104090155018633/116454146393554944
174	114	1	13	-104090155018633/116454146393554944
174	115	1	4	-41010369886136297/94871311261949427712
174	115	1	6	-41010369886136297/94871311261949427712
174	115	1	7	-41010369886136297/94871311261949427712
174	115	1	10	-41010369886136297/94871311261949427712
174	115	1	11	-41010369886136297/94871311261949427712
174	115	1	13	-41010369886136297/94871311261949427712
175	74	9	16	2
175	74	13	16	2
175	74	15	16	2
175	74	16	17	2
175	75	8	15	2299/5590
175	75	12	15	2299/5590
175	75	14	15	2299/5590
175	75	15	16	-2489/5590
175	76	8	15	94544817/1999878400
175	76	12	15	94544817/1999878400
175	76	14	15	94544817/1999878400
175	76	15	16	9511989/153836800
175	77	8	15	-9661319899/1719895424000
175	77	12	15	-9661319899/1719895424000
175	77	14	15	-9661319899/1719895424000
175	77	15	16	63519710597/22358640512000
175	78	8	15	-33338523606046897/8498966431421440000
175	78	12	15	-33338523606046897/8498966431421440000
175	78	14	15	-33338523606046897/8498966431421440000
175	78	15	16	-35817644447692177/8498966431421440000
175	79	8	15	-3571056015092753451/7309111131022438400000
175	79	12	15	-3571056015092753451/7309111131022438400000
175	79	14	15	-3571056015092753451/7309111131022438400000
175	79	15	16	79399852888112765013/95018444703291699200000
175	86	16	16	3
175	86	17	17	3
175	87	14	14	1577/6890
175	87	15	15	1577/6890
175	88	14	14	-196220467/4557321600
175	88	15	15	-196220467/4557321600
175	89	14	14	-90716907653/7246141344000
175	89	15	15	-90716907653/7246141344000
175	90	14	14	95005934636519063/66201761778572160000
175	90	15	15	95005934636519063/66201761778572160000
175	91	14	14	110938999671380567407/105260801227929734400000
175	91	15	15	110938999671380567407/105260801227929734400000
175	92	7	16	6
175	93	7	15	969/832
175	94	7	15	279053/2768896
175	95	7	15	-133976847/4607442944
175	96	7	15	-202340424551/16291918249984
175	97	7	15	-1085737222213/3189382584467456
175	104	2	17	3
175	104	3	17	3
175	105	2	16	-1083/3172
175	105	3	16	-1083/3172
175	106	2	16	-8651365/321970688
175	106	3	16	-8651365/321970688
175	107	2	16	18402237447/1021291022336
175	107	3	16	18402237447/1021291022336
175	108	2	16	-59334569938019/110144194176892928
175	108	3	16	-59334569938019/110144194176892928
175	109	2	16	-489857445538019329/349377383929104367616
175	109	3	16	-489857445538019329/349377383929104367616
175	110	1	8	1/2
175	110	1	12	1/2
175	110	1	14	1/2
175	110	1	15	1/2
175	110	2	15	1/2
175	110	3	14	1/2
175	110	5	12	1/2
175	110	8	9	1/2
175	111	1	8	1501/9776
175	111	1	12	1501/9776
175	111	1	14	1501/9776
175	111	1	15	1501/9776
175	111	2	15	209/9776
175	111	3	14	209/9776
175	111	5	12	209/9776
175	111	8	9	209/9776
175	112	1	8	55790745/1529122816
175	112	1	12	55790745/1529122816
175	112	1	14	55790745/1529122816
175	112	1	15	55790745/1529122816
175	112	2	15	-14907495/1529122816
175	112	3	14	-14907495/1529122816
175	112	5	12	-14907495/1529122816
175	112	8	9	-14907495/1529122816
175	113	1	8	34793436671/7474352324608
175	113	1	12	34793436671/7474352324608
175	113	1	14	34793436671/7474352324608
175	113	1	15	34793436671/7474352324608
175	113	2	15	-9931276421/7474352324608
175	113	3	14	-9931276421/7474352324608
175	113	5	12	-9931276421/7474352324608
175	113	8	9	-9931276421/7474352324608
175	114	1	8	-90293772918181/95552120117788672
175	114	1	12	-90293772918181/95552120117788672
175	114	1	14	-90293772918181/95552120117788672
175	114	1	15	-90293772918181/95552120117788672
175	114	2	15	50335993506299/95552120117788672
175	114	3	14	50335993506299/95552120117788672
175	114	5	12	50335993506299/95552120117788672
175	114	8	9	50335993506299/95552120117788672
175	115	1	8	-4472294095119158457/6071763920764763373568
175	115	1	12	-4472294095119158457/6071763920764763373568
175	115	1	14	-4472294095119158457/6071763920764763373568
175	115	1	15	-4472294095119158457/6071763920764763373568
175	115	2	15	783301293003866307/6071763920764763373568
175	115	3	14	783301293003866307/6071763920764763373568
175	115	5	12	783301293003866307/6071763920764763373568
175	115	8	9	783301293003866307/6071763920764763373568
176	74	16	17	8
176	75	15	16	3192/2795
176	76	15	16	204687/31248100
176	77	15	16	-3820346397/87338439500
176	78	15	16	-59500134688617/8299771905685000
176	79	15	16	48496705309602837/23197862476389575000
176	92	16	16	12
176	93	15	15	285/208
176	94	15	15	-18411/173056
176	95	15	15	-10391385/143982592
176	96	15	15	-4614536289/2036489781248
176	97	15	15	9489092295225/1694359497998336
176	110	1	16	2
176	110	2	16	2
176	110	3	16	2
176	110	5	16	2
176	110	9	16	2
176	111	1	16	399/611
176	111	2	16	-114/611
176	111	3	16	-114/611
176	111	5	16	-114/611
176	111	9	16	-114/611
176	112	1	16	4025511/23892544
176	112	2	16	-653049/23892544
176	112	3	16	-653049/23892544
176	112	5	16	-653049/23892544
176	112	9	16	-653049/23892544
176	113	1	16	753179931/29196688768
176	113	2	16	159080787/14598344384
176	113	3	16	159080787/14598344384
176	113	5	16	159080787/14598344384
176	113	9	16	159080787/14598344384
176	114	1	16	-3712260539673/1213064024932864
176	114	2	16	777628925667/1213064024932864
176	114	3	16	777628925667/1213064024932864
176	114	5	16	777628925667/1213064024932864
176	114	9	16	777628925667/1213064024932864
176	115	1	16	-5244744483877563/1482364238467959808
176	115	2	16	-718169410470231/741182119233979904
176	115	3	16	-718169410470231/741182119233979904
176	115	5	16	-718169410470231/741182119233979904
176	115	9	16	-718169410470231/741182119233979904
177	74	2	2	12
177	75	2	2	1254/559
177	76	2	2	1166391/9999392
177	77	2	2	-1021504011/11179320256
177	78	2	2	-11582785954011/424948321571072
177	79	2	2	1480892758382961/475092223516458496
177	80	7	12	18
177	81	7	10	-855/1456
177	82	7	10	-7066575/16959488
177	83	7	10	2075704875/49386029056
177	84	7	10	33045414519375/1222402991194112
177	85	7	10	-16764436017309375/3559637510357254144
178	74	2	5	8/3
178	74	2	7	8/3
178	74	2	11	8/3
178	75	2	4	304/559
178	75	2	6	304/559
178	75	2	10	304/559
178	76	2	4	1328841/24998480
178	76	2	6	1328841/24998480
178	76	2	10	1328841/24998480
178	77	2	4	-88830909/6987075160
178	77	2	6	-88830909/6987075160
178	77	2	10	-88830909/6987075160
178	78	2	4	-33289028256231/5311854019638400
178	78	2	6	-33289028256231/5311854019638400
178	78	2	10	-33289028256231/5311854019638400
178	79	2	4	-105940522168047/296932639697786560
178	79	2	6	-105940522168047/296932639697786560
178	79	2	10	-105940522168047/296932639697786560
178	80	7	12	2
178	80	7	15	2
178	80	7	17	2
178	80	8	12	2
178	80	12	18	2
178	81	7	10	969/1456
178	81	7	12	-627/2912
178	81	7	14	-627/2912
178	81	8	10	-627/2912
178	81	10	15	-627/2912
178	82	7	10	3050811/16959488
178	82	7	12	-9747/529984
178	82	7	14	-9747/529984
178	82	8	10	-9747/529984
178	82	10	15	-9747/529984
178	83	7	10	1589881905/49386029056
178	83	7	12	539837595/49386029056
178	83	7	14	539837595/49386029056
178	83	8	10	539837595/49386029056
178	83	10	15	539837595/49386029056
178	84	7	10	-61805385855/94030999322624
178	84	7	12	-1784439189045/9779223929552896
178	84	7	14	-1784439189045/9779223929552896
178	84	8	10	-1784439189045/9779223929552896
178	84	10	15	-1784439189045/9779223929552896
178	85	7	10	-648757011390597/209390441785720832
178	85	7	12	-46903241828281509/56954200165716066304
178	85	7	14	-46903241828281509/56954200165716066304
178	85	8	10	-46903241828281509/56954200165716066304
178	85	10	15	-46903241828281509/56954200165716066304
178	86	7	11	8
178	87	7	10	-304/3445
178	88	7	10	-8850637/47472100
178	89	7	10	506242213/81770692250
178	90	7	10	234843024477323/19155602366485000
178	91	7	10	-22475898720425717/32995525076270412500
178	92	2	2	4
178	93	2	2	551/832
178	94	2	2	35017/2768896
178	95	2	2	-21283477/708837376
178	96	2	2	-3287777675263/521341383999488
178	97	2	2	212673928377379/133463394303868928
179	74	2	9	4/3
179	74	2	13	4/3
179	74	2	15	4/3
179	74	5	5	2/3
179	74	7	7	2/3
179	74	11	11	2/3
179	75	2	8	38/129
179	75	2	12	38/129
179	75	2	14	38/129
179	75	4	4	779/16770
179	75	6	6	779/16770
179	75	10	10	779/16770
179	76	2	8	60287/1562405
179	76	2	12	60287/1562405
179	76	2	14	60287/1562405
179	76	4	4	-625613/62496200
179	76	6	6	-625613/62496200
179	76	10	10	-625613/62496200
179	77	2	8	-1282633/403100490
179	77	2	12	-1282633/403100490
179	77	2	14	-1282633/403100490
179	77	4	4	-5331631021/2096122548000
179	77	6	6	-5331631021/2096122548000
179	77	10	10	-5331631021/2096122548000
179	78	2	8	-1541802599047/497986314341100
179	78	2	12	-1541802599047/497986314341100
179	78	2	14	-1541802599047/497986314341100
179	78	4	4	11432465632709/30645311651760000
179	78	6	6	11432465632709/30645311651760000
179	78	10	10	11432465632709/30645311651760000
179	79	2	8	-1465278629131/2855121535555640
179	79	2	12	-1465278629131/2855121535555640
179	79	2	14	-1465278629131/2855121535555640
179	79	4	4	319524109740607961/1484663198488932800000
179	79	6	6	319524109740607961/1484663198488932800000
179	79	10	10	319524109740607961/1484663198488932800000
179	80	7	15	1
179	80	7	17	1
179	80	7	19	1
179	80	8	12	1
179	80	12	18	1
179	80	12	19	1
179	81	7	12	1501/5824
179	81	7	14	1501/5824
179	81	7	16	-19/104
179	81	8	10	1501/5824
179	81	10	15	1501/5824
179	81	10	16	-19/104
179	82	7	12	1606089/33918976
179	82	7	14	1606089/33918976
179	82	7	16	1083/75712
179	82	8	10	1606089/33918976
179	82	10	15	1606089/33918976
179	82	10	16	1083/75712
179	83	7	12	468709765/197544116224
179	83	7	14	468709765/197544116224
179	83	7	16	34295/7874048
179	83	8	10	468709765/197544116224
179	83	10	15	468709765/197544116224
179	83	10	16	34295/7874048
179	84	7	12	-42284328939295/19558447859105792
179	84	7	14	-42284328939295/19558447859105792
179	84	7	16	-163552855/97449218048
179	84	8	10	-42284328939295/19558447859105792
179	84	10	15	-42284328939295/19558447859105792
179	84	10	16	-163552855/97449218048
179	85	7	12	-91625262184608963/113908400331432132608
179	85	7	14	-91625262184608963/113908400331432132608
179	85	7	16	215420613/10134718676992
179	85	8	10	-91625262184608963/113908400331432132608
179	85	10	15	-91625262184608963/113908400331432132608
179	85	10	16	215420613/10134718676992
179	86	7	16	4
179	86	11	17	4
179	87	7	14	-1444/3445
179	87	10	15	-1444/3445
179	88	7	14	-1497428/35604075
179	88	10	15	-1497428/35604075
179	89	7	14	916938556/40885346125
179	89	10	15	916938556/40885346125
179	90	7	14	257582584204/7183350887431875
179	90	10	15	257582584204/7183350887431875
179	91	7	14	-44428995457933804/24746643807202809375
179	91	10	15	-44428995457933804/24746643807202809375
179	92	2	10	4
179	92	7	10	4
179	93	2	10	95/104
179	93	7	10	19/312
179	94	2	10	15523/129792
179	94	7	10	-34295/389376
179	95	2	10	-240065/17997824
179	95	7	10	-1968533/485941248
179	96	2	10	-4345032461/381841833984
179	96	7	10	56375952353/10309729517568
179	97	2	10	-274908891475/158846202937344
179	97	7	10	5436366970163/12866542437924864
179	104	2	2	1
179	104	3	3	1
179	105	2	2	1387/9516
179	105	3	3	1387/9516
179	106	2	2	-190247/90554256
179	106	3	3	-190247/90554256
179	107	2	2	-6128152973/861714300096
179	107	3	3	-6128152973/861714300096
179	108	2	2	-137391464595583/139401245755130112
179	108	3	3	-137391464595583/139401245755130112
179	109	2	2	615995856849484139/1326542254605818145792
179	109	3	3	615995856849484139/1326542254605818145792
180	74	2	17	4
180	75	2	16	532/559
180	76	2	16	229596/1562405
180	77	2	16	-192052/67183415
180	78	2	16	-403321079788/41498859528425
180	79	2	16	-838833010428/356890191944455
180	80	7	19	3
180	80	12	19	3
180	81	7	16	57/104
180	81	10	16	57/104
180	82	7	16	3249/75712
180	82	10	16	3249/75712
180	83	7	16	-102885/7874048
180	83	10	16	-102885/7874048
180	84	7	16	-490658565/97449218048
180	84	10	16	-490658565/97449218048
180	85	7	16	-646261839/10134718676992
180	85	10	16	-646261839/10134718676992
180	92	10	10	6
180	92	10	16	12
180	93	10	10	19/26
180	93	10	15	-57/52
180	94	10	10	-361/8112
180	94	10	15	-1805/10816
180	95	10	10	-48013/1265472
180	95	10	15	144039/2249728
180	96	10	10	-912247/419503968
180	96	10	15	33753139/7955038208
180	97	10	10	373890949/130885238016
180	97	10	15	-9436413289/1654647947264
180	110	2	2	1/2
180	110	3	3	1/2
180	110	5	5	1/2
180	110	9	9	1/2
180	111	2	2	323/4888
180	111	3	3	323/4888
180	111	5	5	323/4888
180	111	9	9	323/4888
180	112	2	2	-31407/11946272
180	112	3	3	-31407/11946272
180	112	5	5	-31407/11946272
180	112	9	9	-31407/11946272
180	113	2	2	-97829917/29196688768
180	113	3	3	-97829917/29196688768
180	113	5	5	-97829917/29196688768
180	113	9	9	-97829917/29196688768
180	114	2	2	-28849290091/93312617302528
180	114	3	3	-28849290091/93312617302528
180	114	5	5	-28849290091/93312617302528
180	114	9	9	-28849290091/93312617302528
180	115	2	2	41789660136483/174395792760936448
180	115	3	3	41789660136483/174395792760936448
180	115	5	5	41789660136483/174395792760936448
180	115	9	9	41789660136483/174395792760936448
181	74	5	7	4/3
181	74	5	11	4/3
181	74	7	11	4/3
181	75	4	6	1881/5590
181	75	4	10	1881/5590
181	75	6	10	1881/5590
181	76	4	6	243498471/3999756800
181	76	4	10	243498471/3999756800
181	76	6	10	243498471/3999756800
181	77	4	6	288743851143/89434562048000
181	77	4	10	288743851143/89434562048000
181	77	6	10	288743851143/89434562048000
181	78	4	6	-173718617305742739/67991731451371520000
181	78	4	10	-173718617305742739/67991731451371520000
181	78	6	10	-173718617305742739/67991731451371520000
181	79	4	6	-1451739810989451525597/1520295115252667187200000
181	79	4	10	-1451739810989451525597/1520295115252667187200000
181	79	6	10	-1451739810989451525597/1520295115252667187200000
181	80	8	15	1
181	80	8	17	1
181	80	15	18	1
181	80	17	18	1
181	81	8	12	-171/896
181	81	8	14	-171/896
181	81	12	15	-171/896
181	81	14	15	-171/896
181	82	8	12	10374057/542703616
181	82	8	14	10374057/542703616
181	82	12	15	10374057/542703616
181	82	14	15	10374057/542703616
181	83	8	12	1438394031/486262439936
181	83	8	14	1438394031/486262439936
181	83	12	15	1438394031/486262439936
181	83	14	15	1438394031/486262439936
181	84	8	12	-1007607040889481/625870331491385344
181	84	8	14	-1007607040889481/625870331491385344
181	84	12	15	-1007607040889481/625870331491385344
181	84	14	15	-1007607040889481/625870331491385344
181	85	8	12	80090347025022381/560779817016281268224
181	85	8	14	80090347025022381/560779817016281268224
181	85	12	15	80090347025022381/560779817016281268224
181	85	14	15	80090347025022381/560779817016281268224
181	86	7	11	4
181	86	7	14	4
181	86	8	11	4
181	87	7	10	4883/3445
181	87	7	12	-1083/3445
181	87	8	10	-1083/3445
181	88	7	10	644469113/1519107200
181	88	7	12	-6230499/116854400
181	88	8	10	-6230499/116854400
181	89	7	10	1989389099569/20933297216000
181	89	7	12	344452868631/20933297216000
181	89	8	10	344452868631/20933297216000
181	90	7	10	84160641893943263/9807668411640320000
181	90	7	12	15283710795564063/9807668411640320000
181	90	8	10	15283710795564063/9807668411640320000
181	91	7	10	-642645660896045585591/135149670712403609600000
181	91	7	12	-178658305092754817409/135149670712403609600000
181	91	8	10	-178658305092754817409/135149670712403609600000
181	92	2	4	4
181	92	2	6	4
181	93	2	4	285/416
181	93	2	6	285/416
181	94	2	4	202521/5537792
181	94	2	6	202521/5537792
181	95	2	4	-197230545/9214885888
181	95	2	6	-197230545/9214885888
181	96	2	4	-402018260751/65167672999936
181	96	2	6	-402018260751/65167672999936
181	97	2	4	1609526252475/3388718995996672
181	97	2	6	1609526252475/3388718995996672
181	98	6	12	1
181	98	7	11	1
181	99	6	11	19/3900
181	99	7	10	19/3900
181	100	6	11	-11170423/486720000
181	100	7	10	-11170423/486720000
181	101	6	11	-637153087/1898208000000
181	101	7	10	-637153087/1898208000000
181	102	6	11	374286351124223/251702380800000000
181	102	7	10	374286351124223/251702380800000000
181	103	6	11	35609346654055337/981639285120000000000
181	103	7	10	35609346654055337/981639285120000000000
182	74	5	9	2/3
182	74	5	13	2/3
182	74	7	9	2/3
182	74	7	15	2/3
182	74	11	13	2/3
182	74	11	15	2/3
182	75	4	8	2641/33540
182	75	4	12	2641/33540
182	75	6	8	2641/33540
182	75	6	14	2641/33540
182	75	10	12	2641/33540
182	75	10	14	2641/33540
182	76	4	8	-22801121/7999513600
182	76	4	12	-22801121/7999513600
182	76	6	8	-22801121/7999513600
182	76	6	14	-22801121/7999513600
182	76	10	12	-22801121/7999513600
182	76	10	14	-22801121/7999513600
182	77	4	8	-1720882131193/536607372288000
182	77	4	12	-1720882131193/536607372288000
182	77	6	8	-1720882131193/536607372288000
182	77	6	14	-1720882131193/536607372288000
182	77	10	12	-1720882131193/536607372288000
182	77	10	14	-1720882131193/536607372288000
182	78	4	8	-6287585448770681/23997081688719360000
182	78	4	12	-6287585448770681/23997081688719360000
182	78	6	8	-6287585448770681/23997081688719360000
182	78	6	14	-6287585448770681/23997081688719360000
182	78	10	12	-6287585448770681/23997081688719360000
182	78	10	14	-6287585448770681/23997081688719360000
182	79	4	8	32979774098185642713/178858248853254963200000
182	79	4	12	32979774098185642713/178858248853254963200000
182	79	6	8	32979774098185642713/178858248853254963200000
182	79	6	14	32979774098185642713/178858248853254963200000
182	79	10	12	32979774098185642713/178858248853254963200000
182	79	10	14	32979774098185642713/178858248853254963200000
182	80	8	15	1/2
182	80	8	17	1/2
182	80	15	18	1/2
182	80	17	18	1/2
182	81	8	12	2033/23296
182	81	8	14	2033/23296
182	81	12	15	2033/23296
182	81	14	15	2033/23296
182	82	8	12	7038417/1085407232
182	82	8	14	7038417/1085407232
182	82	12	15	7038417/1085407232
182	82	14	15	7038417/1085407232
182	83	8	12	-24293254213/12642823438336
182	83	8	14	-24293254213/12642823438336
182	83	12	15	-24293254213/12642823438336
182	83	14	15	-24293254213/12642823438336
182	84	8	12	-51740725389793/73631803704868864
182	84	8	14	-51740725389793/73631803704868864
182	84	12	15	-51740725389793/73631803704868864
182	84	14	15	-51740725389793/73631803704868864
182	85	8	12	-6038164362890559/857663249554312527872
182	85	8	14	-6038164362890559/857663249554312527872
182	85	12	15	-6038164362890559/857663249554312527872
182	85	14	15	-6038164362890559/857663249554312527872
182	86	7	16	2
182	86	7	18	2
182	86	11	17	2
182	86	11	18	2
182	86	16	17	2
182	87	7	14	3591/6890
182	87	7	16	-475/1378
182	87	10	15	3591/6890
182	87	10	16	-475/1378
182	87	14	15	-5909/20670
182	88	7	14	878533571/9114643200
182	88	7	16	36417319/1822928640
182	88	10	15	878533571/9114643200
182	88	10	16	36417319/1822928640
182	88	14	15	39080777/27343929600
182	89	7	14	191168992917/41866594432000
182	89	7	16	3399354695/334932755456
182	89	10	15	191168992917/41866594432000
182	89	10	16	3399354695/334932755456
182	89	14	15	12511714549577/1130398049664000
182	90	7	14	-16090788365420323/3461530027637760000
182	90	7	16	-424811693875867/138461201105510400
182	90	10	15	-16090788365420323/3461530027637760000
182	90	10	16	-424811693875867/138461201105510400
182	90	14	15	-168587220557441201/93461310746219520000
182	91	7	14	-27260311222458581211/15899961260282777600000
182	91	7	16	-2702560204167635/15263962809871466496
182	91	10	15	-27260311222458581211/15899961260282777600000
182	91	10	16	-2702560204167635/15263962809871466496
182	91	14	15	-2073396487171198017311/3863690586248714956800000
182	92	2	13	2
182	92	2	15	2
182	92	7	13	2
182	92	7	15	2
182	93	2	12	779/1664
182	93	2	14	779/1664
182	93	7	12	-817/4992
182	93	7	14	-817/4992
182	94	2	12	2284769/33226752
182	94	2	14	2284769/33226752
182	94	7	12	-2733853/99680256
182	94	7	14	-2733853/99680256
182	95	2	12	-111081505/36859543552
182	95	2	14	-111081505/36859543552
182	95	7	12	8882027755/995207675904
182	95	7	14	8882027755/995207675904
182	96	2	12	-58221558355/11500177588224
182	96	2	14	-58221558355/11500177588224
182	96	7	12	248999773465/310504794882048
182	96	7	14	248999773465/310504794882048
182	97	2	12	-329654006703679/306180728108875776
182	97	2	14	-329654006703679/306180728108875776
182	97	7	12	-18503748915370001/24800638976818937856
182	97	7	14	-18503748915370001/24800638976818937856
182	104	2	6	1
182	104	2	10	1
182	104	3	7	1
182	104	3	11	1
182	104	6	11	1
182	104	7	10	1
182	105	2	6	3857/19032
182	105	2	10	3857/19032
182	105	3	7	3857/19032
182	105	3	11	3857/19032
182	105	6	11	703/19032
182	105	7	10	703/19032
182	106	2	6	227847677/11590944768
182	106	2	10	227847677/11590944768
182	106	3	7	227847677/11590944768
182	106	3	11	227847677/11590944768
182	106	6	11	-232384003/11590944768
182	106	7	10	-232384003/11590944768
182	107	2	6	-1035796212185/220598860824576
182	107	2	10	-1035796212185/220598860824576
182	107	3	7	-1035796212185/220598860824576
182	107	3	11	-1035796212185/220598860824576
182	107	6	11	-512333313655/220598860824576
182	107	7	10	-512333313655/220598860824576
182	108	2	6	-19272977660062265/8396875038426660864
182	108	2	10	-19272977660062265/8396875038426660864
182	108	3	7	-19272977660062265/8396875038426660864
182	108	3	11	-19272977660062265/8396875038426660864
182	108	6	11	9414732531620935/8396875038426660864
182	108	7	10	9414732531620935/8396875038426660864
182	109	2	6	-20547464294378212597/159809325731336209563648
182	109	2	10	-20547464294378212597/159809325731336209563648
182	109	3	7	-20547464294378212597/159809325731336209563648
182	109	3	11	-20547464294378212597/159809325731336209563648
182	109	6	11	36498085203863530597/159809325731336209563648
182	109	7	10	36498085203863530597/159809325731336209563648
183	74	5	15	4/3
183	74	7	13	4/3
183	74	9	11	4/3
183	75	4	14	-722/8385
183	75	6	12	-722/8385
183	75	8	10	-722/8385
183	76	4	14	-19147079/999939200
183	76	6	12	-19147079/999939200
183	76	8	10	-19147079/999939200
183	77	4	14	74252605207/16768980384000
183	77	6	12	74252605207/16768980384000
183	77	8	10	74252605207/16768980384000
183	78	4	14	8895695514313403/12748449647132160000
183	78	6	12	8895695514313403/12748449647132160000
183	78	8	10	8895695514313403/12748449647132160000
183	79	4	14	-8371620073020779061/23754611175822924800000
183	79	6	12	-8371620073020779061/23754611175822924800000
183	79	8	10	-8371620073020779061/23754611175822924800000
183	80	8	18	1
183	80	15	17	1
183	81	8	15	-1691/11648
183	81	12	14	-1691/11648
183	82	8	15	111549/33918976
183	82	12	14	111549/33918976
183	83	8	15	3703606217/790176464896
183	83	12	14	3703606217/790176464896
183	84	8	15	-21947974855441/24071935826591744
183	84	12	14	-21947974855441/24071935826591744
183	85	8	15	-614886783934329717/3645068810605828243456
183	85	12	14	-614886783934329717/3645068810605828243456
183	86	4	4	2
183	86	4	7	4
183	86	4	11	4
183	86	4	16	4
183	86	4	17	4
183	87	4	4	304/2067
183	87	4	7	646/689
183	87	4	10	646/689
183	87	4	14	-722/2067
183	87	4	15	-722/2067
183	88	4	4	-8005897/273439296
183	88	4	7	6361181/45573216
183	88	4	10	6361181/45573216
183	88	4	14	-6792937/136719648
183	88	4	15	-6792937/136719648
183	89	4	4	-568713985/70649878104
183	89	4	7	-102027625/20933297216
183	89	4	10	-102027625/20933297216
183	89	4	14	10367687155/565199024832
183	89	4	15	10367687155/565199024832
183	90	4	4	163180266609395/158884228268573184
183	90	4	7	-28895282326715/2942300523492096
183	90	4	10	-28895282326715/2942300523492096
183	90	4	14	87591753863495/79442114134286592
183	90	4	15	87591753863495/79442114134286592
183	91	4	4	27886143440402477/41051712478892596416
183	91	4	7	-519232490597309/238499418904241664
183	91	4	10	-519232490597309/238499418904241664
183	91	4	14	-482146917044306243/328413699831140771328
183	91	4	15	-482146917044306243/328413699831140771328
183	92	2	7	4
183	93	2	7	969/832
183	94	2	7	2127373/8306688
183	95	2	7	241718019/9214885888
183	96	2	7	-1035871194773/120309550153728
183	97	2	7	-514215067197451/102060242702958592
183	104	2	3	2
183	105	2	3	1273/2379
183	106	2	3	144337547/1448868096
183	107	2	3	1778010557/530285723136
183	108	2	3	-25770881223450757/4460839864164163584
183	109	2	3	-253279625065819849/125589799252621836288
184	74	5	15	2/3
184	74	7	13	2/3
184	74	9	11	2/3
184	75	4	14	1121/5590
184	75	6	12	1121/5590
184	75	8	10	1121/5590
184	76	4	14	6220391/124992400
184	76	6	12	6220391/124992400
184	76	8	10	6220391/124992400
184	77	4	14	12044520603/1397415032000
184	77	6	12	12044520603/1397415032000
184	77	8	10	12044520603/1397415032000
184	78	4	14	777753251901/3905775014440000
184	78	6	12	777753251901/3905775014440000
184	78	8	10	777753251901/3905775014440000
184	79	4	14	-11386267188902811/21833282330719600000
184	79	6	12	-11386267188902811/21833282330719600000
184	79	8	10	-11386267188902811/21833282330719600000
184	80	8	19	1/2
184	80	15	19	1/2
184	80	17	19	1/2
184	80	18	19	1/2
184	81	8	16	-57/416
184	81	12	16	-57/416
184	81	14	16	-57/416
184	81	15	16	-57/416
184	82	8	16	72561/2422784
184	82	12	16	72561/2422784
184	82	14	16	72561/2422784
184	82	15	16	72561/2422784
184	83	8	16	-2037123/503939072
184	83	12	16	-2037123/503939072
184	83	14	16	-2037123/503939072
184	83	15	16	-2037123/503939072
184	84	8	16	-102041343/366867644416
184	84	12	16	-102041343/366867644416
184	84	14	16	-102041343/366867644416
184	84	15	16	-102041343/366867644416
184	85	8	16	26273886489/76308470038528
184	85	12	16	26273886489/76308470038528
184	85	14	16	26273886489/76308470038528
184	85	15	16	26273886489/76308470038528
184	86	7	14	2
184	86	8	11	2
184	86	8	16	2
184	86	14	17	2
184	87	7	12	152/265
184	87	8	10	152/265
184	87	8	14	-1368/3445
184	87	12	15	-1368/3445
184	88	7	12	6182847/47472100
184	88	8	10	6182847/47472100
184	88	8	14	162811/3651700
184	88	12	15	162811/3651700
184	89	7	12	55674503/3145026625
184	89	8	10	55674503/3145026625
184	89	8	14	194267457/40885346125
184	89	12	15	194267457/40885346125
184	90	7	12	-484353765341/281700034801250
184	90	8	10	-484353765341/281700034801250
184	90	8	14	-940331305821/281700034801250
184	90	12	15	-940331305821/281700034801250
184	91	7	12	-68111347716678/37325254611165625
184	91	8	10	-68111347716678/37325254611165625
184	91	8	14	203530628259702/485228309945153125
184	91	12	15	203530628259702/485228309945153125
184	92	2	8	2
184	92	4	4	1
184	92	4	10	2
184	92	6	6	1
184	92	6	10	2
184	92	7	10	2
184	92	8	10	2
184	93	2	8	589/1664
184	93	4	4	19/832
184	93	4	10	57/104
184	93	6	6	19/832
184	93	6	10	57/104
184	93	7	10	475/624
184	93	8	10	-19/208
184	94	2	8	150537/5537792
184	94	4	4	-11913/692224
184	94	4	10	19855/173056
184	94	6	6	-11913/692224
184	94	6	10	19855/173056
184	94	7	10	396017/1557504
184	94	8	10	-5415/173056
184	95	2	8	-142674059/18429771776
184	95	4	4	-692759/575930368
184	95	4	10	432117/35995648
184	95	6	6	-692759/575930368
184	95	6	10	432117/35995648
184	95	7	10	135636725/1943764992
184	95	8	10	336091/71991296
184	96	2	8	-179530079279/61334280470528
184	96	4	4	398912581/479174066176
184	96	4	10	-2736741/935886848
184	96	6	6	398912581/479174066176
184	96	6	10	-2736741/935886848
184	96	7	10	7837113977/606454677504
184	96	8	10	10034717/7487094784
184	97	2	8	-746328427887/15701575800455168
184	97	4	4	39570538119/398672823058432
184	97	4	10	-690831621/389328928768
184	97	6	6	39570538119/398672823058432
184	97	6	10	-690831621/389328928768
184	97	7	10	-18880254875/94606929690624
184	97	8	10	-22284891/59896758272
184	98	6	13	1/2
184	98	6	17	1/2
184	98	7	13	1/2
184	98	7	15	1/2
184	98	8	11	1/2
184	98	8	12	1/2
184	98	11	17	1/2
184	98	12	15	1/2
184	99	6	12	-38/975
184	99	6	15	-38/975
184	99	7	12	-38/975
184	99	7	14	-38/975
184	99	8	10	-38/975
184	99	8	11	-38/975
184	99	10	15	-38/975
184	99	11	14	-38/975
184	100	6	12	-11913/1690000
184	100	6	15	-11913/1690000
184	100	7	12	-11913/1690000
184	100	7	14	-11913/1690000
184	100	8	10	-11913/1690000
184	100	8	11	-11913/1690000
184	100	10	15	-11913/1690000
184	100	11	14	-11913/1690000
184	101	6	12	7867273/3707437500
184	101	6	15	7867273/3707437500
184	101	7	12	7867273/3707437500
184	101	7	14	7867273/3707437500
184	101	8	10	7867273/3707437500
184	101	8	11	7867273/3707437500
184	101	10	15	7867273/3707437500
184	101	11	14	7867273/3707437500
184	102	6	12	1628882179/7229503125000
184	102	6	15	1628882179/7229503125000
184	102	7	12	1628882179/7229503125000
184	102	7	14	1628882179/7229503125000
184	102	8	10	1628882179/7229503125000
184	102	8	11	1628882179/7229503125000
184	102	10	15	1628882179/7229503125000
184	102	11	14	1628882179/7229503125000
184	103	6	12	-8025036859/45184394531250
184	103	6	15	-8025036859/45184394531250
184	103	7	12	-8025036859/45184394531250
184	103	7	14	-8025036859/45184394531250
184	103	8	10	-8025036859/45184394531250
184	103	8	11	-8025036859/45184394531250
184	103	10	15	-8025036859/45184394531250
184	103	11	14	-8025036859/45184394531250
184	104	2	4	1
184	104	3	4	1
184	105	2	4	437/3172
184	105	3	4	437/3172
184	106	2	4	7581/20123168
184	106	3	4	7581/20123168
184	107	2	4	-323875121/63830688896
184	107	3	4	-323875121/63830688896
184	108	2	4	-39539000437/50617736294528
184	108	3	4	-39539000437/50617736294528
184	109	2	4	112248995967/475027986764032
184	109	3	4	112248995967/475027986764032
185	74	5	17	4/3
185	74	7	17	4/3
185	74	11	17	4/3
185	75	4	16	-57/215
185	75	6	16	-57/215
185	75	10	16	-57/215
185	76	4	16	29194431/999939200
185	76	6	16	29194431/999939200
185	76	10	16	29194431/999939200
185	77	4	16	3050684289/859947712000
185	77	6	16	3050684289/859947712000
185	77	10	16	3050684289/859947712000
185	78	4	16	-9873976286993859/4249483215710720000
185	78	6	16	-9873976286993859/4249483215710720000
185	78	10	16	-9873976286993859/4249483215710720000
185	79	4	16	986505967190080269/3654555565511219200000
185	79	6	16	986505967190080269/3654555565511219200000
185	79	10	16	986505967190080269/3654555565511219200000
185	80	8	18	1
185	80	15	17	1
185	81	8	15	2565/11648
185	81	12	14	2565/11648
185	82	8	15	2141091/67837952
185	82	12	14	2141091/67837952
185	83	8	15	-25001055/49386029056
185	83	12	14	-25001055/49386029056
185	84	8	15	-552368857315473/312935165745692672
185	84	12	14	-552368857315473/312935165745692672
185	85	8	15	-1454269499958186225/3645068810605828243456
185	85	12	14	-1454269499958186225/3645068810605828243456
185	86	7	8	4
185	86	11	14	4
185	87	7	8	1938/3445
185	87	10	12	1938/3445
185	88	7	8	1060257/379776800
185	88	10	12	1060257/379776800
185	89	7	8	-55148438277/2616662152000
185	89	10	12	-55148438277/2616662152000
185	90	7	8	-2072422980151857/612979275727520000
185	90	10	12	-2072422980151857/612979275727520000
185	91	7	8	245592600575401611/248436894691918400000
185	91	10	12	245592600575401611/248436894691918400000
185	92	2	16	4
185	92	4	16	4
185	92	6	16	4
185	93	2	15	589/416
185	93	4	15	-57/208
185	93	6	15	-57/208
185	94	2	15	584459/1384448
185	94	4	15	-83391/1384448
185	94	6	15	-83391/1384448
185	95	2	15	215393177/2303721472
185	95	4	15	17222949/1151860736
185	95	6	15	17222949/1151860736
185	96	2	15	496653331/63640305664
185	96	4	15	9243538209/4072979562496
185	96	6	15	9243538209/4072979562496
185	97	2	15	-135946375165451/27109751967973376
185	97	4	15	-66787818327/52948734312448
185	97	6	15	-66787818327/52948734312448
185	98	6	6	1/2
185	98	7	7	1/2
185	98	11	11	1/2
185	98	12	12	1/2
185	99	6	6	19/300
185	99	7	7	19/300
185	99	10	10	19/300
185	99	11	11	19/300
185	100	6	6	-782287/243360000
185	100	7	7	-782287/243360000
185	100	10	10	-782287/243360000
185	100	11	11	-782287/243360000
185	101	6	6	-118777303/36504000000
185	101	7	7	-118777303/36504000000
185	101	10	10	-118777303/36504000000
185	101	11	11	-118777303/36504000000
185	102	6	6	-7550727975697/31462797600000000
185	102	7	7	-7550727975697/31462797600000000
185	102	10	10	-7550727975697/31462797600000000
185	102	11	11	-7550727975697/31462797600000000
185	103	6	6	1130399221568057/4719419640000000000
185	103	7	7	1130399221568057/4719419640000000000
185	103	10	10	1130399221568057/4719419640000000000
185	103	11	11	1130399221568057/4719419640000000000
185	110	2	3	1/3
185	110	2	5	1/3
185	110	2	9	1/3
185	110	3	5	1/3
185	110	3	9	1/3
185	110	5	9	1/3
185	111	2	3	513/4888
185	111	2	5	513/4888
185	111	2	9	513/4888
185	111	3	5	513/4888
185	111	3	9	513/4888
185	111	5	9	513/4888
185	112	2	3	20123223/764561408
185	112	2	5	20123223/764561408
185	112	2	9	20123223/764561408
185	112	3	5	20123223/764561408
185	112	3	9	20123223/764561408
185	112	5	9	20123223/764561408
185	113	2	3	1165049163/287475089408
185	113	2	5	1165049163/287475089408
185	113	2	9	1165049163/287475089408
185	113	3	5	1165049163/287475089408
185	113	3	9	1165049163/287475089408
185	113	5	9	1165049163/287475089408
185	114	2	3	-211630286532339/621088780765626368
185	114	2	5	-211630286532339/621088780765626368
185	114	2	9	-211630286532339/621088780765626368
185	114	3	5	-211630286532339/621088780765626368
185	114	3	9	-211630286532339/621088780765626368
185	114	5	9	-211630286532339/621088780765626368
185	115	2	3	-108460144359949977/233529381567875514368
185	115	2	5	-108460144359949977/233529381567875514368
185	115	2	9	-108460144359949977/233529381567875514368
185	115	3	5	-108460144359949977/233529381567875514368
185	115	3	9	-108460144359949977/233529381567875514368
185	115	5	9	-108460144359949977/233529381567875514368
186	74	5	17	2/3
186	74	7	17	2/3
186	74	11	17	2/3
186	75	4	16	931/8385
186	75	6	16	931/8385
186	75	10	16	931/8385
186	76	4	16	405403/62496200
186	76	6	16	405403/62496200
186	76	10	16	405403/62496200
186	77	4	16	-3058764191/1048061274000
186	77	6	16	-3058764191/1048061274000
186	77	10	16	-3058764191/1048061274000
186	78	4	16	-43556849125721/49798631434110000
186	78	6	16	-43556849125721/49798631434110000
186	78	10	16	-43556849125721/49798631434110000
186	79	4	16	3631372874416553/92791449905558300000
186	79	6	16	3631372874416553/92791449905558300000
186	79	10	16	3631372874416553/92791449905558300000
186	80	8	19	1/2
186	80	15	19	1/2
186	80	17	19	1/2
186	80	18	19	1/2
186	81	8	16	19/416
186	81	12	16	19/416
186	81	14	16	19/416
186	81	15	16	19/416
186	82	8	16	-5415/1211392
186	82	12	16	-5415/1211392
186	82	14	16	-5415/1211392
186	82	15	16	-5415/1211392
186	83	8	16	-500707/251969536
186	83	12	16	-500707/251969536
186	83	14	16	-500707/251969536
186	83	15	16	-500707/251969536
186	84	8	16	1433531/59968749568
186	84	12	16	1433531/59968749568
186	84	14	16	1433531/59968749568
186	84	15	16	1433531/59968749568
186	85	8	16	42140728881/324310997663744
186	85	12	16	42140728881/324310997663744
186	85	14	16	42140728881/324310997663744
186	85	15	16	42140728881/324310997663744
186	86	7	18	2
186	86	11	18	2
186	87	7	16	266/689
186	87	10	16	266/689
186	88	7	16	506483/14241630
186	88	10	16	506483/14241630
186	89	7	16	-26743241/3270827690
186	89	10	16	-26743241/3270827690
186	90	7	16	-1089161276167/287334035497275
186	90	10	16	-1089161276167/287334035497275
186	91	7	16	-7840565007401/39594630091524495
186	91	10	16	-7840565007401/39594630091524495
186	92	2	17	2
186	92	10	13	2
186	92	10	15	2
186	92	10	16	2
186	92	10	17	2
186	92	13	16	2
186	92	15	16	2
186	93	2	16	399/832
186	93	10	12	209/624
186	93	10	14	209/624
186	93	10	15	57/104
186	93	10	16	-95/312
186	93	12	15	-19/64
186	93	14	15	-19/64
186	94	2	16	310099/4153344
186	94	10	12	6137/389376
186	94	10	14	6137/389376
186	94	10	15	28519/259584
186	94	10	16	361/59904
186	94	12	15	15523/4153344
186	94	14	15	15523/4153344
186	95	2	16	-3312897/2303721472
186	95	10	12	-2640715/242970624
186	95	10	14	-2640715/242970624
186	95	10	15	144039/17997824
186	95	10	16	5521495/485941248
186	95	12	15	2023405/177209344
186	95	14	15	2023405/177209344
186	96	2	16	-978499720301/195503018999808
186	96	10	12	-60149005945/20619459035136
186	96	10	14	-60149005945/20619459035136
186	96	10	15	-33753139/7343112192
186	96	10	16	-5768137781/2577432379392
186	96	12	15	-403615214285/195503018999808
186	96	14	15	-403615214285/195503018999808
186	97	2	16	-132488834709217/108439007871893504
186	97	10	12	7513814031163/25733084875849728
186	97	10	14	7513814031163/25733084875849728
186	97	10	15	-13650733787/6618591789056
186	97	10	16	-785480505275/1608317804740608
186	97	12	15	-13246067403529/25024386431975424
186	97	14	15	-13246067403529/25024386431975424
186	104	6	6	1/2
186	104	6	16	1
186	104	7	7	1/2
186	104	7	14	1
186	104	10	10	1/2
186	104	10	16	1
186	104	11	11	1/2
186	104	11	14	1
186	105	6	6	931/19032
186	105	6	15	-323/4758
186	105	7	7	931/19032
186	105	7	14	-323/4758
186	105	10	10	931/19032
186	105	10	15	-323/4758
186	105	11	11	931/19032
186	105	11	14	-323/4758
186	106	6	6	-524533/90554256
186	106	6	15	-1498511/90554256
186	106	7	7	-524533/90554256
186	106	7	14	-1498511/90554256
186	106	10	10	-524533/90554256
186	106	10	15	-1498511/90554256
186	106	11	11	-524533/90554256
186	106	11	14	-1498511/90554256
186	107	6	6	-1680455/637362648
186	107	6	15	1721643295/430857150048
186	107	7	7	-1680455/637362648
186	107	7	14	1721643295/430857150048
186	107	10	10	-1680455/637362648
186	107	10	15	1721643295/430857150048
186	107	11	11	-1680455/637362648
186	107	11	14	1721643295/430857150048
186	108	6	6	19572996350255/278802491510260224
186	108	6	15	12198740862535/17425155719391264
186	108	7	7	19572996350255/278802491510260224
186	108	7	14	12198740862535/17425155719391264
186	108	10	10	19572996350255/278802491510260224
186	108	10	15	12198740862535/17425155719391264
186	108	11	11	19572996350255/278802491510260224
186	108	11	14	12198740862535/17425155719391264
186	109	6	6	43783505555177549/204083423785510483968
186	109	6	15	-1776355227676171/4876993583109625536
186	109	7	7	43783505555177549/204083423785510483968
186	109	7	14	-1776355227676171/4876993583109625536
186	109	10	10	43783505555177549/204083423785510483968
186	109	10	15	-1776355227676171/4876993583109625536
186	109	11	11	43783505555177549/204083423785510483968
186	109	11	14	-1776355227676171/4876993583109625536
186	110	2	4	1/6
186	110	2	6	1/6
186	110	2	10	1/6
186	110	3	4	1/6
186	110	3	7	1/6
186	110	3	11	1/6
186	110	5	6	1/6
186	110	5	7	1/6
186	110	5	13	1/6
186	110	9	10	1/6
186	110	9	11	1/6
186	110	9	13	1/6
186	111	2	4	437/14664
186	111	2	6	437/14664
186	111	2	10	437/14664
186	111	3	4	437/14664
186	111	3	7	437/14664
186	111	3	11	437/14664
186	111	5	6	437/14664
186	111	5	7	437/14664
186	111	5	13	437/14664
186	111	9	10	437/14664
186	111	9	11	437/14664
186	111	9	13	437/14664
186	112	2	4	90611/47785088
186	112	2	6	90611/47785088
186	112	2	10	90611/47785088
186	112	3	4	90611/47785088
186	112	3	7	90611/47785088
186	112	3	11	90611/47785088
186	112	5	6	90611/47785088
186	112	5	7	90611/47785088
186	112	5	13	90611/47785088
186	112	9	10	90611/47785088
186	112	9	11	90611/47785088
186	112	9	13	90611/47785088
186	113	2	4	-311254561/350360265216
186	113	2	6	-311254561/350360265216
186	113	2	10	-311254561/350360265216
186	113	3	4	-311254561/350360265216
186	113	3	7	-311254561/350360265216
186	113	3	11	-311254561/350360265216
186	113	5	6	-311254561/350360265216
186	113	5	7	-311254561/350360265216
186	113	5	13	-311254561/350360265216
186	113	9	10	-311254561/350360265216
186	113	9	11	-311254561/350360265216
186	113	9	13	-311254561/350360265216
186	114	2	4	-2099623655249/7278384149597184
186	114	2	6	-2099623655249/7278384149597184
186	114	2	10	-2099623655249/7278384149597184
186	114	3	4	-2099623655249/7278384149597184
186	114	3	7	-2099623655249/7278384149597184
186	114	3	11	-2099623655249/7278384149597184
186	114	5	6	-2099623655249/7278384149597184
186	114	5	7	-2099623655249/7278384149597184
186	114	5	13	-2099623655249/7278384149597184
186	114	9	10	-2099623655249/7278384149597184
186	114	9	11	-2099623655249/7278384149597184
186	114	9	13	-2099623655249/7278384149597184
186	115	2	4	75181370524071/5929456953871839232
186	115	2	6	75181370524071/5929456953871839232
186	115	2	10	75181370524071/5929456953871839232
186	115	3	4	75181370524071/5929456953871839232
186	115	3	7	75181370524071/5929456953871839232
186	115	3	11	75181370524071/5929456953871839232
186	115	5	6	75181370524071/5929456953871839232
186	115	5	7	75181370524071/5929456953871839232
186	115	5	13	75181370524071/5929456953871839232
186	115	9	10	75181370524071/5929456953871839232
186	115	9	11	75181370524071/5929456953871839232
186	115	9	13	75181370524071/5929456953871839232
187	74	9	9	4/3
187	74	13	13	4/3
187	74	15	15	4/3
187	75	8	8	57/2795
187	75	12	12	57/2795
187	75	14	14	57/2795
187	76	8	8	-2143979/93744300
187	76	12	12	-2143979/93744300
187	76	14	14	-2143979/93744300
187	77	8	8	-28457991/26873366000
187	77	12	12	-28457991/26873366000
187	77	14	14	-28457991/26873366000
187	78	8	8	73410405614179/66398175245480000
187	78	12	12	73410405614179/66398175245480000
187	78	14	14	73410405614179/66398175245480000
187	79	8	8	4922625075580053/57102430711112800000
187	79	12	12	4922625075580053/57102430711112800000
187	79	14	14	4922625075580053/57102430711112800000
187	86	16	17	8
187	87	14	15	18392/10335
187	88	14	15	26211488/106812225
187	89	14	15	-1049042896/84915718875
187	90	14	15	-3315415295952104/193950473960660625
187	91	14	15	-511528183158719672/154190626798725196875
187	92	7	17	8
187	93	7	16	-893/624
187	94	7	16	312265/3115008
187	95	7	16	587685979/15550119936
187	96	7	16	-17354676458527/1319645378248704
187	97	7	16	-1368926582443741/6587669728217530368
187	104	2	14	4
187	104	3	16	4
187	105	2	14	190/183
187	105	3	15	190/183
187	106	2	14	1062784/5659641
187	106	3	15	1062784/5659641
187	107	2	14	6550345/1035714303
187	107	3	15	6550345/1035714303
187	108	2	14	-22131137893237/2178144464923908
187	108	3	15	-22131137893237/2178144464923908
187	109	2	14	-2758213153857575/797200874162150328
187	109	3	15	-2758213153857575/797200874162150328
187	110	4	13	2/3
187	110	6	11	2/3
187	110	7	10	2/3
187	111	4	13	57/1222
187	111	6	11	57/1222
187	111	7	10	57/1222
187	112	4	13	-11191/1119963
187	112	6	11	-11191/1119963
187	112	7	10	-11191/1119963
187	113	4	13	-9321381/3649586096
187	113	6	11	-9321381/3649586096
187	113	7	10	-9321381/3649586096
187	114	4	13	112462983049/303266006233216
187	114	6	11	112462983049/303266006233216
187	114	7	10	112462983049/303266006233216
187	115	4	13	160147004152959/741182119233979904
187	115	6	11	160147004152959/741182119233979904
187	115	7	10	160147004152959/741182119233979904
188	74	9	13	2/3
188	74	9	15	2/3
188	74	13	15	2/3
188	75	8	12	-3743/33540
188	75	8	14	-3743/33540
188	75	12	14	-3743/33540
188	76	8	12	184042493/23998540800
188	76	8	14	184042493/23998540800
188	76	12	14	184042493/23998540800
188	77	8	12	1289522104151/536607372288000
188	77	8	14	1289522104151/536607372288000
188	77	12	14	1289522104151/536607372288000
188	78	8	12	-332238278193214537/407950388708229120000
188	78	8	14	-332238278193214537/407950388708229120000
188	78	12	14	-332238278193214537/407950388708229120000
188	79	8	12	-8737420034641281109/9121770691516003123200000
188	79	8	14	-8737420034641281109/9121770691516003123200000
188	79	12	14	-8737420034641281109/9121770691516003123200000
188	86	4	8	2
188	86	4	14	2
188	86	4	16	2
188	86	4	17	2
188	86	4	18	2
188	86	8	17	2
188	86	14	16	2
188	87	4	8	323/1378
188	87	4	12	323/1378
188	87	4	14	2299/4134
188	87	4	15	2299/4134
188	87	4	16	-1691/4134
188	87	8	15	-133/530
188	87	12	14	-133/530
188	88	4	8	-1004663/121528576
188	88	4	12	-1004663/121528576
188	88	4	14	130044113/1093757184
188	88	4	15	130044113/1093757184
188	88	4	16	52414673/1093757184
188	88	8	15	-12917663/3038214400
188	88	12	14	-12917663/3038214400
188	89	4	8	-240785195/25764058112
188	89	4	12	-240785195/25764058112
188	89	4	14	119241485825/9043184397312
188	89	4	15	119241485825/9043184397312
188	89	4	16	43564835615/9043184397312
188	89	8	15	30600269329/3220507264000
188	89	12	14	30600269329/3220507264000
188	90	4	8	-24004333893505/31384538917249024
188	90	4	12	-24004333893505/31384538917249024
188	90	4	14	-551441593687285/195549819407474688
188	90	4	15	-551441593687285/195549819407474688
188	90	4	16	-9321824627739505/2542147652297170944
188	90	8	15	-21125042786806897/19615336823280640000
188	90	12	14	-21125042786806897/19615336823280640000
188	91	4	8	205683678051469/391383661791576064
188	91	4	12	205683678051469/391383661791576064
188	91	4	14	-38924701646959858543/21018476789193009364992
188	91	4	15	-38924701646959858543/21018476789193009364992
188	91	4	16	10463702197024376207/21018476789193009364992
188	91	8	15	-10135283971733821999/20792257032677478400000
188	91	12	14	-10135283971733821999/20792257032677478400000
188	92	4	7	2
188	92	4	15	2
188	92	6	7	2
188	92	6	13	2
188	93	4	7	323/832
188	93	4	14	-95/832
188	93	6	7	323/832
188	93	6	12	-95/832
188	94	4	7	424897/11075584
188	94	4	14	-337535/11075584
188	94	6	7	424897/11075584
188	94	6	12	-337535/11075584
188	95	4	7	-127447079/18429771776
188	95	4	14	109915475/18429771776
188	95	6	7	-127447079/18429771776
188	95	6	12	109915475/18429771776
188	96	4	7	-468156168251/130335345999872
188	96	4	14	160298088025/130335345999872
188	96	6	7	-468156168251/130335345999872
188	96	6	12	160298088025/130335345999872
188	97	4	7	-890922705091/3189382584467456
188	97	4	14	-13118682014375/27109751967973376
188	97	6	7	-890922705091/3189382584467456
188	97	6	12	-13118682014375/27109751967973376
188	98	6	7	1/2
188	98	6	11	1/2
188	98	7	12	1/2
188	98	11	12	1/2
188	99	6	7	323/2600
188	99	6	10	323/2600
188	99	7	11	323/2600
188	99	10	11	323/2600
188	100	6	7	19803377/973440000
188	100	6	10	19803377/973440000
188	100	7	11	19803377/973440000
188	100	10	11	19803377/973440000
188	101	6	7	-73576493/421824000000
188	101	6	10	-73576493/421824000000
188	101	7	11	-73576493/421824000000
188	101	10	11	-73576493/421824000000
188	102	6	7	-229361829559259/167801587200000000
188	102	6	10	-229361829559259/167801587200000000
188	102	7	11	-229361829559259/167801587200000000
188	102	10	11	-229361829559259/167801587200000000
188	103	6	7	-4667858833485421/12831886080000000000
188	103	6	10	-4667858833485421/12831886080000000000
188	103	7	11	-4667858833485421/12831886080000000000
188	103	10	11	-4667858833485421/12831886080000000000
188	104	2	7	1
188	104	2	11	1
188	104	3	6	1
188	104	3	10	1
188	105	2	7	475/1464
188	105	2	11	475/1464
188	105	3	6	475/1464
188	105	3	10	475/1464
188	106	2	7	995235485/11590944768
188	106	2	11	995235485/11590944768
188	106	3	6	995235485/11590944768
188	106	3	10	995235485/11590944768
188	107	2	7	259039566125/16969143140352
188	107	2	11	259039566125/16969143140352
188	107	3	6	259039566125/16969143140352
188	107	3	10	259039566125/16969143140352
188	108	2	7	-16072300332706825/142746875653253234688
188	108	2	11	-16072300332706825/142746875653253234688
188	108	3	6	-16072300332706825/142746875653253234688
188	108	3	10	-16072300332706825/142746875653253234688
188	109	2	7	-273306105728863084375/208981425956362735583232
188	109	2	11	-273306105728863084375/208981425956362735583232
188	109	3	6	-273306105728863084375/208981425956362735583232
188	109	3	10	-273306105728863084375/208981425956362735583232
189	74	9	13	2/3
189	74	9	15	2/3
189	74	13	15	2/3
189	75	8	12	4427/33540
189	75	8	14	4427/33540
189	75	12	14	4427/33540
189	76	8	12	368455733/23998540800
189	76	8	14	368455733/23998540800
189	76	12	14	368455733/23998540800
189	77	8	12	-659294768939/536607372288000
189	77	8	14	-659294768939/536607372288000
189	77	12	14	-659294768939/536607372288000
189	78	8	12	-415603493365482937/407950388708229120000
189	78	8	14	-415603493365482937/407950388708229120000
189	78	12	14	-415603493365482937/407950388708229120000
189	79	8	12	-1337218550743990047959/9121770691516003123200000
189	79	8	14	-1337218550743990047959/9121770691516003123200000
189	79	12	14	-1337218550743990047959/9121770691516003123200000
189	86	8	16	2
189	86	14	17	2
189	86	16	18	2
189	86	17	18	2
189	87	8	14	2299/6890
189	87	12	15	2299/6890
189	87	14	16	-1957/4134
189	87	15	16	-1957/4134
189	88	8	14	62849017/3038214400
189	88	12	15	62849017/3038214400
189	88	14	16	421464973/5468785920
189	88	15	16	421464973/5468785920
189	89	8	14	-344203091287/41866594432000
189	89	12	15	-344203091287/41866594432000
189	89	14	16	-76016218723/45215921986560
189	89	15	16	-76016218723/45215921986560
189	90	8	14	-50314994213328097/19615336823280640000
189	90	12	15	-50314994213328097/19615336823280640000
189	90	14	16	-238583404357402393/63553691307429273600
189	90	15	16	-238583404357402393/63553691307429273600
189	91	8	14	20326945520957267137/270299341424807219200000
189	91	12	15	20326945520957267137/270299341424807219200000
189	91	14	16	116486749200121470341/105092383945965046824960
189	91	15	16	116486749200121470341/105092383945965046824960
189	92	4	13	2
189	92	6	15	2
189	92	7	13	2
189	92	7	15	2
189	93	4	12	209/832
189	93	6	14	209/832
189	93	7	12	2831/4992
189	93	7	14	2831/4992
189	94	4	12	-3971/851968
189	94	6	14	-3971/851968
189	94	7	12	12419483/99680256
189	94	7	14	12419483/99680256
189	95	4	12	-178436885/18429771776
189	95	6	14	-178436885/18429771776
189	95	7	12	14721780355/995207675904
189	95	7	14	14721780355/995207675904
189	96	4	12	-140579217515/130335345999872
189	96	6	14	-140579217515/130335345999872
189	96	7	12	-2183607199205/812089463537664
189	96	7	14	-2183607199205/812089463537664
189	97	4	12	27522288558919/54219503935946752
189	97	6	14	27522288558919/54219503935946752
189	97	7	12	-828475584460400269/421610862605921943552
189	97	7	14	-828475584460400269/421610862605921943552
189	98	6	18	1/2
189	98	7	18	1/2
189	98	11	18	1/2
189	98	12	18	1/2
189	99	6	16	-209/2600
189	99	7	16	-209/2600
189	99	10	16	-209/2600
189	99	11	16	-209/2600
189	100	6	16	2553353/973440000
189	100	7	16	2553353/973440000
189	100	10	16	2553353/973440000
189	100	11	16	2553353/973440000
189	101	6	16	93783107/32448000000
189	101	7	16	93783107/32448000000
189	101	10	16	93783107/32448000000
189	101	11	16	93783107/32448000000
189	102	6	16	-111456990810539/167801587200000000
189	102	7	16	-111456990810539/167801587200000000
189	102	10	16	-111456990810539/167801587200000000
189	102	11	16	-111456990810539/167801587200000000
189	103	6	16	-1800490254896773/16780158720000000000
189	103	7	16	-1800490254896773/16780158720000000000
189	103	10	16	-1800490254896773/16780158720000000000
189	103	11	16	-1800490254896773/16780158720000000000
189	104	2	8	1
189	104	2	12	1
189	104	3	8	1
189	104	3	12	1
189	104	6	10	1
189	104	6	12	1
189	104	7	11	1
189	104	7	12	1
189	104	8	10	1
189	104	8	11	1
189	105	2	8	95/488
189	105	2	12	95/488
189	105	3	8	95/488
189	105	3	12	95/488
189	105	6	10	5339/19032
189	105	6	12	-323/6344
189	105	7	11	5339/19032
189	105	7	12	-323/6344
189	105	8	10	-323/6344
189	105	8	11	-323/6344
189	106	2	8	24341869/1287882752
189	106	2	12	24341869/1287882752
189	106	3	8	24341869/1287882752
189	106	3	12	24341869/1287882752
189	106	6	10	691969493/11590944768
189	106	6	12	-21126803/1287882752
189	106	7	11	691969493/11590944768
189	106	7	12	-21126803/1287882752
189	106	8	10	-21126803/1287882752
189	106	8	11	-21126803/1287882752
189	107	2	8	-2335935335/628486782976
189	107	2	12	-2335935335/628486782976
189	107	3	8	-2335935335/628486782976
189	107	3	12	-2335935335/628486782976
189	107	6	10	1343257883365/220598860824576
189	107	6	12	22628561195/8170328178688
189	107	7	11	1343257883365/220598860824576
189	107	7	12	22628561195/8170328178688
189	107	8	10	22628561195/8170328178688
189	107	8	11	22628561195/8170328178688
189	108	2	8	-3285603474894217/1762307106830286848
189	108	2	12	-3285603474894217/1762307106830286848
189	108	3	8	-3285603474894217/1762307106830286848
189	108	3	12	-3285603474894217/1762307106830286848
189	108	6	10	-250912507723526905/142746875653253234688
189	108	6	12	98984704996115/135562085140791296
189	108	7	11	-250912507723526905/142746875653253234688
189	108	7	12	98984704996115/135562085140791296
189	108	8	10	98984704996115/135562085140791296
189	108	8	11	98984704996115/135562085140791296
189	109	2	8	-111894107654068075/860005868133179981824
189	109	2	12	-111894107654068075/860005868133179981824
189	109	3	8	-111894107654068075/860005868133179981824
189	109	3	12	-111894107654068075/860005868133179981824
189	109	6	10	-2790778178900553898343/2716758537432715562582016
189	109	6	12	-154323660058009297/657651546219490574336
189	109	7	11	-2790778178900553898343/2716758537432715562582016
189	109	7	12	-154323660058009297/657651546219490574336
189	109	8	10	-154323660058009297/657651546219490574336
189	109	8	11	-154323660058009297/657651546219490574336
190	74	9	17	2/3
190	74	13	17	2/3
190	74	15	17	2/3
190	75	8	16	-1007/5590
190	75	12	16	-1007/5590
190	75	14	16	-1007/5590
190	76	8	16	76935959/1999878400
190	76	12	16	76935959/1999878400
190	76	14	16	76935959/1999878400
190	77	8	16	-109089726849/22358640512000
190	77	12	16	-109089726849/22358640512000
190	77	14	16	-109089726849/22358640512000
190	78	8	16	-4046999085352179/8498966431421440000
190	78	12	16	-4046999085352179/8498966431421440000
190	78	14	16	-4046999085352179/8498966431421440000
190	79	8	16	43450228341447110379/95018444703291699200000
190	79	12	16	43450228341447110379/95018444703291699200000
190	79	14	16	43450228341447110379/95018444703291699200000
190	86	8	8	1
190	86	8	17	2
190	86	14	14	1
190	86	14	16	2
190	87	8	8	-19/6890
190	87	8	15	1653/3445
190	87	12	12	-19/6890
190	87	12	14	1653/3445
190	88	8	8	-25148343/1519107200
190	88	8	15	62277193/759553600
190	88	12	12	-25148343/1519107200
190	88	12	14	62277193/759553600
190	89	8	8	8484583/61932832000
190	89	8	15	19765587159/5233324304000
190	89	12	12	8484583/61932832000
190	89	12	14	19765587159/5233324304000
190	90	8	8	1897208215714943/2451917102910080000
190	90	8	15	-307867701695109/94304503958080000
190	90	12	12	1897208215714943/2451917102910080000
190	90	12	14	-307867701695109/94304503958080000
190	91	8	8	-13873239883569549/1299516064542342400000
190	91	8	15	-9514081393515365841/8446854419525225600000
190	91	12	12	-13873239883569549/1299516064542342400000
190	91	12	14	-9514081393515365841/8446854419525225600000
190	92	4	16	2
190	92	4	17	2
190	92	6	16	2
190	92	6	17	2
190	92	7	8	2
190	92	8	16	2
190	93	4	15	19/32
190	93	4	16	-171/416
190	93	6	15	19/32
190	93	6	16	-171/416
190	93	7	8	323/1664
190	93	8	15	-209/832
190	94	4	15	393129/2768896
190	94	4	16	138985/2768896
190	94	6	15	393129/2768896
190	94	6	16	138985/2768896
190	94	7	8	-85557/5537792
190	94	8	15	-7581/2768896
190	95	4	15	3861617/177209344
190	95	4	16	8704071/2303721472
190	95	6	15	3861617/177209344
190	95	6	16	8704071/2303721472
190	95	7	8	-150301267/18429771776
190	95	8	15	41270603/4607442944
190	96	4	15	-7633031291/8145959124992
190	96	4	16	-28201334079/8145959124992
190	96	6	15	-7633031291/8145959124992
190	96	6	16	-28201334079/8145959124992
190	96	7	8	-104924434483/1042682767998976
190	96	8	15	-4431304963/4072979562496
190	97	4	15	-247087443111/130335345999872
190	97	4	16	227773870911/423589874499584
190	97	6	15	-247087443111/130335345999872
190	97	6	16	227773870911/423589874499584
190	97	7	8	7995841175691/15701575800455168
190	97	8	15	-1774687007973/4170731071995904
190	98	6	8	1/2
190	98	6	15	1/2
190	98	7	8	1/2
190	98	7	17	1/2
190	98	11	13	1/2
190	98	11	15	1/2
190	98	12	13	1/2
190	98	12	17	1/2
190	99	6	8	323/3900
190	99	6	14	323/3900
190	99	7	8	323/3900
190	99	7	15	323/3900
190	99	10	12	323/3900
190	99	10	14	323/3900
190	99	11	12	323/3900
190	99	11	15	323/3900
190	100	6	8	107217/27040000
190	100	6	14	107217/27040000
190	100	7	8	107217/27040000
190	100	7	15	107217/27040000
190	100	10	12	107217/27040000
190	100	10	14	107217/27040000
190	100	11	12	107217/27040000
190	100	11	15	107217/27040000
190	101	6	8	-1221649631/474552000000
190	101	6	14	-1221649631/474552000000
190	101	7	8	-1221649631/474552000000
190	101	7	15	-1221649631/474552000000
190	101	10	12	-1221649631/474552000000
190	101	10	14	-1221649631/474552000000
190	101	11	12	-1221649631/474552000000
190	101	11	15	-1221649631/474552000000
190	102	6	8	-21773117435617/31462797600000000
190	102	6	14	-21773117435617/31462797600000000
190	102	7	8	-21773117435617/31462797600000000
190	102	7	15	-21773117435617/31462797600000000
190	102	10	12	-21773117435617/31462797600000000
190	102	10	14	-21773117435617/31462797600000000
190	102	11	12	-21773117435617/31462797600000000
190	102	11	15	-21773117435617/31462797600000000
190	103	6	8	5921731896143/92537640000000000
190	103	6	14	5921731896143/92537640000000000
190	103	7	8	5921731896143/92537640000000000
190	103	7	15	5921731896143/92537640000000000
190	103	10	12	5921731896143/92537640000000000
190	103	10	14	5921731896143/92537640000000000
190	103	11	12	5921731896143/92537640000000000
190	103	11	15	5921731896143/92537640000000000
190	104	2	16	1
190	104	3	14	1
190	104	4	14	1
190	104	4	16	1
190	105	2	15	3629/9516
190	105	3	14	3629/9516
190	105	4	14	-95/3172
190	105	4	15	-95/3172
190	106	2	15	369304805/2897736192
190	106	3	14	369304805/2897736192
190	106	4	14	-5502723/321970688
190	106	4	15	-5502723/321970688
190	107	2	15	961893271939/27574857603072
190	107	3	14	961893271939/27574857603072
190	107	4	14	1623148055/1021291022336
190	107	4	15	1623148055/1021291022336
190	108	2	15	56816853850253927/8921679728328327168
190	108	3	14	56816853850253927/8921679728328327168
190	108	4	14	90051061263287/110144194176892928
190	108	4	15	90051061263287/110144194176892928
190	109	2	15	-14290440835584887393/84898704294772361330688
190	109	3	14	-14290440835584887393/84898704294772361330688
190	109	4	14	-272882390150925/2067321798397067264
190	109	4	15	-272882390150925/2067321798397067264
190	110	2	7	1/6
190	110	2	11	1/6
190	110	2	13	1/6
190	110	3	6	1/6
190	110	3	10	1/6
190	110	3	13	1/6
190	110	4	5	1/6
190	110	4	9	1/6
190	110	5	10	1/6
190	110	5	11	1/6
190	110	6	9	1/6
190	110	7	9	1/6
190	111	2	7	589/9776
190	111	2	11	589/9776
190	111	2	13	589/9776
190	111	3	6	589/9776
190	111	3	10	589/9776
190	111	3	13	589/9776
190	111	4	5	589/9776
190	111	4	9	589/9776
190	111	5	10	589/9776
190	111	5	11	589/9776
190	111	6	9	589/9776
190	111	7	9	589/9776
190	112	2	7	28842095/1529122816
190	112	2	11	28842095/1529122816
190	112	2	13	28842095/1529122816
190	112	3	6	28842095/1529122816
190	112	3	10	28842095/1529122816
190	112	3	13	28842095/1529122816
190	112	4	5	28842095/1529122816
190	112	4	9	28842095/1529122816
190	112	5	10	28842095/1529122816
190	112	5	11	28842095/1529122816
190	112	6	9	28842095/1529122816
190	112	7	9	28842095/1529122816
190	113	2	7	35194139451/7474352324608
190	113	2	11	35194139451/7474352324608
190	113	2	13	35194139451/7474352324608
190	113	3	6	35194139451/7474352324608
190	113	3	10	35194139451/7474352324608
190	113	3	13	35194139451/7474352324608
190	113	4	5	35194139451/7474352324608
190	113	4	9	35194139451/7474352324608
190	113	5	10	35194139451/7474352324608
190	113	5	11	35194139451/7474352324608
190	113	6	9	35194139451/7474352324608
190	113	7	9	35194139451/7474352324608
190	114	2	7	67113338421393/95552120117788672
190	114	2	11	67113338421393/95552120117788672
190	114	2	13	67113338421393/95552120117788672
190	114	3	6	67113338421393/95552120117788672
190	114	3	10	67113338421393/95552120117788672
190	114	3	13	67113338421393/95552120117788672
190	114	4	5	67113338421393/95552120117788672
190	114	4	9	67113338421393/95552120117788672
190	114	5	10	67113338421393/95552120117788672
190	114	5	11	67113338421393/95552120117788672
190	114	6	9	67113338421393/95552120117788672
190	114	7	9	67113338421393/95552120117788672
190	115	2	7	-539862095715553233/6071763920764763373568
190	115	2	11	-539862095715553233/6071763920764763373568
190	115	2	13	-539862095715553233/6071763920764763373568
190	115	3	6	-539862095715553233/6071763920764763373568
190	115	3	10	-539862095715553233/6071763920764763373568
190	115	3	13	-539862095715553233/6071763920764763373568
190	115	4	5	-539862095715553233/6071763920764763373568
190	115	4	9	-539862095715553233/6071763920764763373568
190	115	5	10	-539862095715553233/6071763920764763373568
190	115	5	11	-539862095715553233/6071763920764763373568
190	115	6	9	-539862095715553233/6071763920764763373568
190	115	7	9	-539862095715553233/6071763920764763373568
191	74	9	17	2/3
191	74	13	17	2/3
191	74	15	17	2/3
191	75	8	16	532/8385
191	75	12	16	532/8385
191	75	14	16	532/8385
191	76	8	16	-2750459/499969600
191	76	12	16	-2750459/499969600
191	76	14	16	-2750459/499969600
191	77	8	16	-5701399711/2096122548000
191	77	12	16	-5701399711/2096122548000
191	77	14	16	-5701399711/2096122548000
191	78	8	16	-13451305776157/1593556205891520000
191	78	12	16	-13451305776157/1593556205891520000
191	78	14	16	-13451305776157/1593556205891520000
191	79	8	16	129240485265841593/742331599244466400000
191	79	12	16	129240485265841593/742331599244466400000
191	79	14	16	129240485265841593/742331599244466400000
191	86	16	18	2
191	86	17	18	2
191	87	14	16	532/2067
191	87	15	16	532/2067
191	88	14	16	-1479017/341799120
191	88	15	16	-1479017/341799120
191	89	14	16	-3601503143/353249390520
191	89	15	16	-3601503143/353249390520
191	90	14	16	-296096048683453/248256606669645600
191	90	15	16	-296096048683453/248256606669645600
191	91	14	16	28039532638023151/51314640598615745520
191	91	15	16	28039532638023151/51314640598615745520
191	92	7	17	2
191	92	13	13	1
191	92	13	16	2
191	92	15	15	1
191	92	15	16	2
191	92	16	17	2
191	93	7	16	931/2496
191	93	12	12	589/9984
191	93	12	15	361/832
191	93	14	14	589/9984
191	93	14	15	361/832
191	93	15	16	-171/416
191	94	7	16	383743/12460032
191	94	12	12	-1585151/99680256
191	94	12	15	17689/319488
191	94	14	14	-1585151/99680256
191	94	14	15	17689/319488
191	94	15	16	94943/2076672
191	95	7	16	-542114783/62200479744
191	95	12	12	-3209634755/995207675904
191	95	12	15	-11077285/2303721472
191	95	14	14	-3209634755/995207675904
191	95	14	15	-11077285/2303721472
191	95	15	16	3765591/575930368
191	96	7	16	-18733063430587/5278581512994816
191	96	12	12	8681318428085/12993431416602624
191	96	12	15	-859282590785/195503018999808
191	96	14	14	8681318428085/12993431416602624
191	96	14	15	-859282590785/195503018999808
191	96	15	16	-149478187/36150706176
191	97	7	16	-2241099542885833/26350678912870121472
191	97	12	12	461773392305702813/1686443450423687774208
191	97	12	15	-226355093421089/325317023615680512
191	97	14	14	461773392305702813/1686443450423687774208
191	97	14	15	-226355093421089/325317023615680512
191	97	15	16	382861855677/847179748999168
191	104	2	17	1
191	104	3	17	1
191	104	6	14	1
191	104	6	17	1
191	104	7	16	1
191	104	7	17	1
191	104	10	14	1
191	104	10	17	1
191	104	11	16	1
191	104	11	17	1
191	105	2	16	399/1586
191	105	3	16	399/1586
191	105	6	14	418/2379
191	105	6	16	-19/122
191	105	7	15	418/2379
191	105	7	16	-19/122
191	105	10	14	418/2379
191	105	10	16	-19/122
191	105	11	15	418/2379
191	105	11	16	-19/122
191	106	2	16	10372613/241478016
191	106	3	16	10372613/241478016
191	106	6	14	7632623/724434048
191	106	6	16	946181/241478016
191	106	7	15	7632623/724434048
191	106	7	16	946181/241478016
191	106	10	14	7632623/724434048
191	106	10	16	946181/241478016
191	106	11	15	7632623/724434048
191	106	11	16	946181/241478016
191	107	2	16	73315851/127661377792
191	107	3	16	73315851/127661377792
191	107	6	14	-4562778275/861714300096
191	107	6	16	56209505/9820105984
191	107	7	15	-4562778275/861714300096
191	107	7	16	56209505/9820105984
191	107	10	14	-4562778275/861714300096
191	107	10	16	56209505/9820105984
191	107	11	15	-4562778275/861714300096
191	107	11	16	56209505/9820105984
191	108	2	16	-52643519686379/20652036408167424
191	108	3	16	-52643519686379/20652036408167424
191	108	6	14	-5431237796245/3299437769352192
191	108	6	16	-24853819603115/20652036408167424
191	108	7	15	-5431237796245/3299437769352192
191	108	7	16	-24853819603115/20652036408167424
191	108	10	14	-5431237796245/3299437769352192
191	108	10	16	-24853819603115/20652036408167424
191	108	11	15	-5431237796245/3299437769352192
191	108	11	16	-24853819603115/20652036408167424
191	109	2	16	-8313449247987163/10918043247784511488
191	109	3	16	-8313449247987163/10918043247784511488
191	109	6	14	59824345855436767/663271127302909072896
191	109	6	16	-586347099518131/2519548441796425728
191	109	7	15	59824345855436767/663271127302909072896
191	109	7	16	-586347099518131/2519548441796425728
191	109	10	14	59824345855436767/663271127302909072896
191	109	10	16	-586347099518131/2519548441796425728
191	109	11	15	59824345855436767/663271127302909072896
191	109	11	16	-586347099518131/2519548441796425728
191	110	2	8	1/6
191	110	2	12	1/6
191	110	2	14	1/6
191	110	3	8	1/6
191	110	3	12	1/6
191	110	3	15	1/6
191	110	4	14	1/6
191	110	4	15	1/6
191	110	5	8	1/6
191	110	5	14	1/6
191	110	5	15	1/6
191	110	6	12	1/6
191	110	6	15	1/6
191	110	7	12	1/6
191	110	7	14	1/6
191	110	8	10	1/6
191	110	8	11	1/6
191	110	8	13	1/6
191	110	9	12	1/6
191	110	9	14	1/6
191	110	9	15	1/6
191	110	10	15	1/6
191	110	11	14	1/6
191	110	12	13	1/6
191	111	2	8	551/14664
191	111	2	12	551/14664
191	111	2	14	551/14664
191	111	3	8	551/14664
191	111	3	12	551/14664
191	111	3	15	551/14664
191	111	4	14	-95/14664
191	111	4	15	-95/14664
191	111	5	8	551/14664
191	111	5	14	551/14664
191	111	5	15	551/14664
191	111	6	12	-95/14664
191	111	6	15	-95/14664
191	111	7	12	-95/14664
191	111	7	14	-95/14664
191	111	8	10	-95/14664
191	111	8	11	-95/14664
191	111	8	13	-95/14664
191	111	9	12	551/14664
191	111	9	14	551/14664
191	111	9	15	551/14664
191	111	10	15	-95/14664
191	111	11	14	-95/14664
191	111	12	13	-95/14664
191	112	2	8	1977197/382280704
191	112	2	12	1977197/382280704
191	112	2	14	1977197/382280704
191	112	3	8	1977197/382280704
191	112	3	12	1977197/382280704
191	112	3	15	1977197/382280704
191	112	4	14	-1164947/382280704
191	112	4	15	-1164947/382280704
191	112	5	8	1977197/382280704
191	112	5	14	1977197/382280704
191	112	5	15	1977197/382280704
191	112	6	12	-1164947/382280704
191	112	6	15	-1164947/382280704
191	112	7	12	-1164947/382280704
191	112	7	14	-1164947/382280704
191	112	8	10	-1164947/382280704
191	112	8	11	-1164947/382280704
191	112	8	13	-1164947/382280704
191	112	9	12	1977197/382280704
191	112	9	14	1977197/382280704
191	112	9	15	1977197/382280704
191	112	10	15	-1164947/382280704
191	112	11	14	-1164947/382280704
191	112	12	13	-1164947/382280704
191	113	2	8	-901265741/2802882121728
191	113	2	12	-901265741/2802882121728
191	113	2	14	-901265741/2802882121728
191	113	3	8	-901265741/2802882121728
191	113	3	12	-901265741/2802882121728
191	113	3	15	-901265741/2802882121728
191	113	4	14	1050901685/2802882121728
191	113	4	15	1050901685/2802882121728
191	113	5	8	-901265741/2802882121728
191	113	5	14	-901265741/2802882121728
191	113	5	15	-901265741/2802882121728
191	113	6	12	1050901685/2802882121728
191	113	6	15	1050901685/2802882121728
191	113	7	12	1050901685/2802882121728
191	113	7	14	1050901685/2802882121728
191	113	8	10	1050901685/2802882121728
191	113	8	11	1050901685/2802882121728
191	113	8	13	1050901685/2802882121728
191	113	9	12	-901265741/2802882121728
191	113	9	14	-901265741/2802882121728
191	113	9	15	-901265741/2802882121728
191	113	10	15	1050901685/2802882121728
191	113	11	14	1050901685/2802882121728
191	113	12	13	1050901685/2802882121728
191	114	2	8	-91105648247833/232908292787109888
191	114	2	12	-91105648247833/232908292787109888
191	114	2	14	-91105648247833/232908292787109888
191	114	3	8	-91105648247833/232908292787109888
191	114	3	12	-91105648247833/232908292787109888
191	114	3	15	-91105648247833/232908292787109888
191	114	4	14	36070374485543/232908292787109888
191	114	4	15	36070374485543/232908292787109888
191	114	5	8	-91105648247833/232908292787109888
191	114	5	14	-91105648247833/232908292787109888
191	114	5	15	-91105648247833/232908292787109888
191	114	6	12	36070374485543/232908292787109888
191	114	6	15	36070374485543/232908292787109888
191	114	7	12	36070374485543/232908292787109888
191	114	7	14	36070374485543/232908292787109888
191	114	8	10	36070374485543/232908292787109888
191	114	8	11	36070374485543/232908292787109888
191	114	8	13	36070374485543/232908292787109888
191	114	9	12	-91105648247833/232908292787109888
191	114	9	14	-91105648247833/232908292787109888
191	114	9	15	-91105648247833/232908292787109888
191	114	10	15	36070374485543/232908292787109888
191	114	11	14	36070374485543/232908292787109888
191	114	12	13	36070374485543/232908292787109888
191	115	2	8	-13874164508458129/189742622523898855424
191	115	2	12	-13874164508458129/189742622523898855424
191	115	2	14	-13874164508458129/189742622523898855424
191	115	3	8	-13874164508458129/189742622523898855424
191	115	3	12	-13874164508458129/189742622523898855424
191	115	3	15	-13874164508458129/189742622523898855424
191	115	4	14	-6435224130615975/189742622523898855424
191	115	4	15	-6435224130615975/189742622523898855424
191	115	5	8	-13874164508458129/189742622523898855424
191	115	5	14	-13874164508458129/189742622523898855424
191	115	5	15	-13874164508458129/189742622523898855424
191	115	6	12	-6435224130615975/189742622523898855424
191	115	6	15	-6435224130615975/189742622523898855424
191	115	7	12	-6435224130615975/189742622523898855424
191	115	7	14	-6435224130615975/189742622523898855424
191	115	8	10	-6435224130615975/189742622523898855424
191	115	8	11	-6435224130615975/189742622523898855424
191	115	8	13	-6435224130615975/189742622523898855424
191	115	9	12	-13874164508458129/189742622523898855424
191	115	9	14	-13874164508458129/189742622523898855424
191	115	9	15	-13874164508458129/189742622523898855424
191	115	10	15	-6435224130615975/189742622523898855424
191	115	11	14	-6435224130615975/189742622523898855424
191	115	12	13	-6435224130615975/189742622523898855424
192	74	17	17	2
192	75	16	16	-3819/5590
192	76	16	16	410131017/1999878400
192	77	16	16	-87240162861/1719895424000
192	78	16	16	72692587540523583/8498966431421440000
192	79	16	16	329220287381530251/7309111131022438400000
192	92	8	16	12
192	93	8	15	1197/416
192	94	8	15	692037/1384448
192	95	8	15	66113901/2303721472
192	96	8	15	-141777649431/8145959124992
192	97	8	15	-13557927120381/2085365535997952
192	98	8	8	3/2
192	98	13	13	3/2
192	98	15	15	3/2
192	98	17	17	3/2
192	99	8	8	57/1300
192	99	12	12	57/1300
192	99	14	14	57/1300
192	99	15	15	57/1300
192	100	8	8	-696369/27040000
192	100	12	12	-696369/27040000
192	100	14	14	-696369/27040000
192	100	15	15	-696369/27040000
192	101	8	8	-41009961/17576000000
192	101	12	12	-41009961/17576000000
192	101	14	14	-41009961/17576000000
192	101	15	15	-41009961/17576000000
192	102	8	8	480987313269/388429600000000
192	102	12	12	480987313269/388429600000000
192	102	14	14	480987313269/388429600000000
192	102	15	15	480987313269/388429600000000
192	103	8	8	3774696548847/19421480000000000
192	103	12	12	3774696548847/19421480000000000
192	103	14	14	3774696548847/19421480000000000
192	103	15	15	3774696548847/19421480000000000
192	104	4	17	6
192	105	4	16	-1881/1586
192	106	4	16	21687075/160985344
192	107	4	16	6533053461/510645511168
192	108	4	16	-525287077845939/55072097088446464
192	109	4	16	17013454832496969/13437591689580937216
192	110	2	15	1
192	110	3	14	1
192	110	5	12	1
192	110	8	9	1
192	111	2	15	1995/4888
192	111	3	14	1995/4888
192	111	5	12	1995/4888
192	111	8	9	1995/4888
192	112	2	15	114991857/764561408
192	112	3	14	114991857/764561408
192	112	5	12	114991857/764561408
192	112	8	9	114991857/764561408
192	113	2	15	180056672145/3737176162304
192	113	3	14	180056672145/3737176162304
192	113	5	12	180056672145/3737176162304
192	113	8	9	180056672145/3737176162304
192	114	2	15	7650888683322447/621088780765626368
192	114	3	14	7650888683322447/621088780765626368
192	114	5	12	7650888683322447/621088780765626368
192	114	8	9	7650888683322447/621088780765626368
192	115	2	15	5569389975380853825/3035881960382381686784
192	115	3	14	5569389975380853825/3035881960382381686784
192	115	5	12	5569389975380853825/3035881960382381686784
192	115	8	9	5569389975380853825/3035881960382381686784
193	74	17	17	2
193	75	16	16	133/2795
193	76	16	16	-17207787/499969600
193	77	16	16	-7016475781/2794830064000
193	78	16	16	883930188873863/531185401963840000
193	79	16	16	616066923317361159/2969326396977865600000
193	92	16	17	12
193	93	15	16	399/208
193	94	15	16	1805/26624
193	95	15	16	-18869109/287965184
193	96	15	16	-3910542247/254561222656
193	97	15	16	1884809034899/847179748999168
193	104	14	14	3
193	104	16	16	3
193	105	14	14	437/1586
193	105	15	15	437/1586
193	106	14	14	-9017419/241478016
193	106	15	15	-9017419/241478016
193	107	14	14	-17162857301/1148952400128
193	107	15	15	-17162857301/1148952400128
193	108	14	14	10532153690531/14297563667192832
193	108	15	15	10532153690531/14297563667192832
193	109	14	14	1088321144501421271/884361503070545430528
193	109	15	15	1088321144501421271/884361503070545430528
193	110	2	16	1
193	110	3	16	1
193	110	4	16	1
193	110	5	16	1
193	110	6	16	1
193	110	7	16	1
193	110	9	16	1
193	110	10	16	1
193	110	11	16	1
193	110	13	16	1
193	111	2	16	665/2444
193	111	3	16	665/2444
193	111	4	16	-361/2444
193	111	5	16	665/2444
193	111	6	16	-361/2444
193	111	7	16	-361/2444
193	111	9	16	665/2444
193	111	10	16	-361/2444
193	111	11	16	-361/2444
193	111	13	16	-361/2444
193	112	2	16	10265757/191140352
193	112	3	16	10265757/191140352
193	112	4	16	284829/191140352
193	112	5	16	10265757/191140352
193	112	6	16	284829/191140352
193	112	7	16	284829/191140352
193	112	9	16	10265757/191140352
193	112	10	16	284829/191140352
193	112	11	16	284829/191140352
193	112	13	16	284829/191140352
193	113	2	16	1659089215/467147020288
193	113	3	16	1659089215/467147020288
193	113	4	16	2702466577/467147020288
193	113	5	16	1659089215/467147020288
193	113	6	16	2702466577/467147020288
193	113	7	16	2702466577/467147020288
193	113	9	16	1659089215/467147020288
193	113	10	16	2702466577/467147020288
193	113	11	16	2702466577/467147020288
193	113	13	16	2702466577/467147020288
193	114	2	16	-92458474058953/38818048797851648
193	114	3	16	-92458474058953/38818048797851648
193	114	4	16	-39528264202057/38818048797851648
193	114	5	16	-92458474058953/38818048797851648
193	114	6	16	-39528264202057/38818048797851648
193	114	7	16	-39528264202057/38818048797851648
193	114	9	16	-92458474058953/38818048797851648
193	114	10	16	-39528264202057/38818048797851648
193	114	11	16	-39528264202057/38818048797851648
193	114	13	16	-39528264202057/38818048797851648
193	115	2	16	-96411108519583725/94871311261949427712
193	115	3	16	-96411108519583725/94871311261949427712
193	115	4	16	-26269063288329603/94871311261949427712
193	115	5	16	-96411108519583725/94871311261949427712
193	115	6	16	-26269063288329603/94871311261949427712
193	115	7	16	-26269063288329603/94871311261949427712
193	115	9	16	-96411108519583725/94871311261949427712
193	115	10	16	-26269063288329603/94871311261949427712
193	115	11	16	-26269063288329603/94871311261949427712
193	115	13	16	-26269063288329603/94871311261949427712
194	80	19	19	2
194	81	16	16	-19/26
194	82	16	16	10469/43264
194	83	16	16	-157757/2249728
194	84	16	16	65551463/3977519104
194	85	16	16	-502648097/206830993408
194	92	8	10	16
194	93	8	10	133/26
194	94	8	10	7581/5408
194	95	8	10	336091/1124864
194	96	8	10	1066416743/31820152832
194	97	8	10	-7643717613/1018244890624
194	98	8	13	4
194	98	15	17	4
194	99	8	12	-836/975
194	99	14	15	-836/975
194	100	8	12	37183/316875
194	100	14	15	37183/316875
194	101	8	12	3093409/926859375
194	101	14	15	3093409/926859375
194	102	8	12	-103834820602/15362694140625
194	102	14	15	-103834820602/15362694140625
194	103	8	12	535426695562/384067353515625
194	103	14	15	535426695562/384067353515625
194	104	4	4	4
194	105	4	4	-95/793
194	106	4	4	-72561/1257698
194	107	4	4	5384315/997354514
194	108	4	4	1000026925007/430250758503488
194	109	4	4	-39955509611025/104981185074851072
195	80	19	19	2
195	82	16	16	-361/10816
195	84	16	16	390963/248594944
195	92	10	17	16
195	93	10	16	133/39
195	94	10	16	2527/6084
195	95	10	16	-336091/7592832
195	96	10	16	-5600284333/161089523712
195	97	10	16	-490047229189/100519862796288
195	104	14	16	8
195	105	14	15	-2888/2379
195	106	14	15	117686/5659641
195	107	14	15	625280158/13464285939
195	108	14	15	-4852012949324/544536116230977
195	109	14	15	-2700858675980716/1295451420513494283
195	110	4	4	2/3
195	110	6	6	2/3
195	110	7	7	2/3
195	110	10	10	2/3
195	110	11	11	2/3
195	110	13	13	2/3
195	111	4	4	57/1222
195	111	6	6	57/1222
195	111	7	7	57/1222
195	111	10	10	57/1222
195	111	11	11	57/1222
195	111	13	13	57/1222
195	112	4	4	-11191/1119963
195	112	6	6	-11191/1119963
195	112	7	7	-11191/1119963
195	112	10	10	-11191/1119963
195	112	11	11	-11191/1119963
195	112	13	13	-11191/1119963
195	113	4	4	-9321381/3649586096
195	113	6	6	-9321381/3649586096
195	113	7	7	-9321381/3649586096
195	113	10	10	-9321381/3649586096
195	113	11	11	-9321381/3649586096
195	113	13	13	-9321381/3649586096
195	114	4	4	112462983049/303266006233216
195	114	6	6	112462983049/303266006233216
195	114	7	7	112462983049/303266006233216
195	114	10	10	112462983049/303266006233216
195	114	11	11	112462983049/303266006233216
195	114	13	13	112462983049/303266006233216
195	115	4	4	160147004152959/741182119233979904
195	115	6	6	160147004152959/741182119233979904
195	115	7	7	160147004152959/741182119233979904
195	115	10	10	160147004152959/741182119233979904
195	115	11	11	160147004152959/741182119233979904
195	115	13	13	160147004152959/741182119233979904
196	86	4	18	10
196	87	4	16	3325/2067
196	88	4	16	1579375/21033792
196	89	4	16	-53144389375/1130398049664
196	90	4	16	-1953574099728125/158884228268573184
196	91	4	16	718018452928109375/656827399662281542656
196	92	13	15	10
196	93	12	14	-475/384
196	94	12	14	-1850125/49840128
196	95	12	14	1976249375/38277218304
196	96	12	14	-414438291884375/84457304207917056
196	97	12	14	-194847209366609375/64863209631680299008
196	104	6	7	5
196	104	10	11	5
196	105	6	7	5225/4758
196	105	10	11	5225/4758
196	106	6	7	409870375/2897736192
196	106	10	11	409870375/2897736192
196	107	6	7	-175749014375/13787428801536
196	107	10	11	-175749014375/13787428801536
196	108	6	7	-103630231700365625/8921679728328327168
196	108	10	11	-103630231700365625/8921679728328327168
196	109	6	7	-78211257228809890625/42449352147386180665344
196	109	10	11	-78211257228809890625/42449352147386180665344
197	86	8	14	12
197	87	8	12	-6156/3445
197	88	8	12	7183539/94944200
197	89	8	12	14865627303/327082769000
197	90	8	12	-417719232007731/38311204732970000
197	91	8	12	-124556369591991177/131982100305081650000
197	92	4	6	12
197	93	4	6	513/208
197	94	4	6	107217/346112
197	95	4	6	-5000211/287965184
197	96	4	6	-95004009/4895408128
197	97	4	6	-2810503598247/847179748999168
197	98	6	12	3
197	98	7	11	3
197	99	6	11	361/325
197	99	7	10	361/325
197	100	6	11	3601697/10140000
197	100	7	10	3601697/10140000
197	101	6	11	889701467/9886500000
197	101	7	10	889701467/9886500000
197	102	6	11	4332107615183/327737475000000
197	102	7	10	4332107615183/327737475000000
197	103	6	11	-673550091633637/319544038125000000
197	103	7	10	-673550091633637/319544038125000000
198	86	8	14	2
198	86	8	18	2
198	86	14	18	2
198	87	8	12	2983/6890
198	87	8	16	-57/106
198	87	12	16	-57/106
198	88	8	12	193002513/3038214400
198	88	8	16	69504413/607642880
198	88	12	16	69504413/607642880
198	89	8	12	28389339269/41866594432000
198	89	8	16	-1870017183/128820290560
198	89	12	16	-1870017183/128820290560
198	90	8	12	-4241427066478549/1508872063329280000
198	90	8	16	-1065801282920313/784613472931225600
198	90	12	16	-1065801282920313/784613472931225600
198	91	8	12	-194377819542548918091/270299341424807219200000
198	91	8	16	44193939535858041/33267611252283965440
198	91	12	16	44193939535858041/33267611252283965440
198	92	4	8	2
198	92	4	15	2
198	92	6	8	2
198	92	6	13	2
198	92	8	13	2
198	92	8	15	2
198	93	4	8	95/832
198	93	4	14	513/832
198	93	6	8	95/832
198	93	6	12	513/832
198	93	8	12	-551/1664
198	93	8	14	-551/1664
198	94	4	8	-273999/11075584
198	94	4	14	1759153/11075584
198	94	6	8	-273999/11075584
198	94	6	12	1759153/11075584
198	94	8	12	261003/11075584
198	94	8	14	261003/11075584
198	95	4	8	-91807715/18429771776
198	95	4	14	547245315/18429771776
198	95	6	8	-91807715/18429771776
198	95	6	12	547245315/18429771776
198	95	8	12	237698645/36859543552
198	95	8	14	237698645/36859543552
198	96	4	8	102876570289/130335345999872
198	96	4	14	211274450385/130335345999872
198	96	6	8	102876570289/130335345999872
198	96	6	12	211274450385/130335345999872
198	96	8	12	-294403609865/130335345999872
198	96	8	14	-294403609865/130335345999872
198	97	4	8	351172740675/1042682767998976
198	97	4	14	-19829162866473/13554875983986688
198	97	6	8	351172740675/1042682767998976
198	97	6	12	-19829162866473/13554875983986688
198	97	8	12	3726992025513/133463394303868928
198	97	8	14	3726992025513/133463394303868928
198	98	6	13	1/2
198	98	6	17	1/2
198	98	7	13	1/2
198	98	7	15	1/2
198	98	8	11	1/2
198	98	8	12	1/2
198	98	8	15	1/2
198	98	8	17	1/2
198	98	11	17	1/2
198	98	12	15	1/2
198	98	13	15	1/2
198	98	13	17	1/2
198	99	6	12	1121/7800
198	99	6	15	1121/7800
198	99	7	12	1121/7800
198	99	7	14	1121/7800
198	99	8	10	1121/7800
198	99	8	11	1121/7800
198	99	8	14	-361/7800
198	99	8	15	-361/7800
198	99	10	15	1121/7800
198	99	11	14	1121/7800
198	99	12	14	-361/7800
198	99	12	15	-361/7800
198	100	6	12	3506393/108160000
198	100	6	15	3506393/108160000
198	100	7	12	3506393/108160000
198	100	7	14	3506393/108160000
198	100	8	10	3506393/108160000
198	100	8	11	3506393/108160000
198	100	8	14	-1494901/324480000
198	100	8	15	-1494901/324480000
198	100	10	15	3506393/108160000
198	100	11	14	3506393/108160000
198	100	12	14	-1494901/324480000
198	100	12	15	-1494901/324480000
198	101	6	12	15971545027/3796416000000
198	101	6	15	15971545027/3796416000000
198	101	7	12	15971545027/3796416000000
198	101	7	14	15971545027/3796416000000
198	101	8	10	15971545027/3796416000000
198	101	8	11	15971545027/3796416000000
198	101	8	14	7867869733/3796416000000
198	101	8	15	7867869733/3796416000000
198	101	10	15	15971545027/3796416000000
198	101	11	14	15971545027/3796416000000
198	101	12	14	7867869733/3796416000000
198	101	12	15	7867869733/3796416000000
198	102	6	12	-275906792864497/503404761600000000
198	102	6	15	-275906792864497/503404761600000000
198	102	7	12	-275906792864497/503404761600000000
198	102	7	14	-275906792864497/503404761600000000
198	102	8	10	-275906792864497/503404761600000000
198	102	8	11	-275906792864497/503404761600000000
198	102	8	14	13107193957583/503404761600000000
198	102	8	15	13107193957583/503404761600000000
198	102	10	15	-275906792864497/503404761600000000
198	102	11	14	-275906792864497/503404761600000000
198	102	12	14	13107193957583/503404761600000000
198	102	12	15	13107193957583/503404761600000000
198	103	6	12	-24609295798617083/50340476160000000000
198	103	6	15	-24609295798617083/50340476160000000000
198	103	7	12	-24609295798617083/50340476160000000000
198	103	7	14	-24609295798617083/50340476160000000000
198	103	8	10	-24609295798617083/50340476160000000000
198	103	8	11	-24609295798617083/50340476160000000000
198	103	8	14	-7022028538382317/50340476160000000000
198	103	8	15	-7022028538382317/50340476160000000000
198	103	10	15	-24609295798617083/50340476160000000000
198	103	11	14	-24609295798617083/50340476160000000000
198	103	12	14	-7022028538382317/50340476160000000000
198	103	12	15	-7022028538382317/50340476160000000000
198	104	4	6	1
198	104	4	7	1
198	104	4	10	1
198	104	4	11	1
198	104	6	11	1
198	104	7	10	1
198	105	4	6	1501/6344
198	105	4	7	1501/6344
198	105	4	10	1501/6344
198	105	4	11	1501/6344
198	105	6	11	589/1464
198	105	7	10	589/1464
198	106	4	6	50977893/1287882752
198	106	4	7	50977893/1287882752
198	106	4	10	50977893/1287882752
198	106	4	11	50977893/1287882752
198	106	6	11	1686085517/11590944768
198	106	7	10	1686085517/11590944768
198	107	4	6	13121164115/8170328178688
198	107	4	7	13121164115/8170328178688
198	107	4	10	13121164115/8170328178688
198	107	4	11	13121164115/8170328178688
198	107	6	11	769209859835/16969143140352
198	107	7	10	769209859835/16969143140352
198	108	4	6	-2845524331169305/1762307106830286848
198	108	4	7	-2845524331169305/1762307106830286848
198	108	4	10	-2845524331169305/1762307106830286848
198	108	4	11	-2845524331169305/1762307106830286848
198	108	6	11	1575060499727734295/142746875653253234688
198	108	7	10	1575060499727734295/142746875653253234688
198	109	4	6	-457757014192507989/860005868133179981824
198	109	4	7	-457757014192507989/860005868133179981824
198	109	4	10	-457757014192507989/860005868133179981824
198	109	4	11	-457757014192507989/860005868133179981824
198	109	6	11	290409101631864833327/208981425956362735583232
198	109	7	10	290409101631864833327/208981425956362735583232
199	86	8	18	2
199	86	14	18	2
199	87	8	16	133/689
199	87	12	16	133/689
199	88	8	16	-2354803/151910720
199	88	12	16	-2354803/151910720
199	89	8	16	-1692410237/209332972160
199	89	12	16	-1692410237/209332972160
199	90	8	16	-4387677792793/49038342058201600
199	90	12	16	-4387677792793/49038342058201600
199	91	8	16	6805875460632731/13514967071240360960
199	91	12	16	6805875460632731/13514967071240360960
199	92	4	17	2
199	92	6	17	2
199	92	13	15	2
199	92	13	17	2
199	92	15	17	2
199	93	4	16	133/416
199	93	6	16	133/416
199	93	12	14	2413/4992
199	93	12	16	-1159/2496
199	93	14	16	-1159/2496
199	94	4	16	43681/2768896
199	94	6	16	43681/2768896
199	94	12	14	4061611/49840128
199	94	12	16	1806083/24920064
199	94	14	16	1806083/24920064
199	95	4	16	-20213473/2303721472
199	95	6	16	-20213473/2303721472
199	95	12	14	100175695/38277218304
199	95	12	16	-52299875/124400959488
199	95	14	16	-52299875/124400959488
199	96	4	16	-19133598899/8145959124992
199	96	6	16	-19133598899/8145959124992
199	96	12	14	-320650571383795/84457304207917056
199	96	12	16	-635671302935/164955672281088
199	96	14	16	-635671302935/164955672281088
199	97	4	16	295019767553/1694359497998336
199	97	6	16	295019767553/1694359497998336
199	97	12	14	-78420291883754443/64863209631680299008
199	97	12	16	13527065069490881/13175339456435060736
199	97	14	16	13527065069490881/13175339456435060736
199	98	6	18	1/2
199	98	7	18	1/2
199	98	11	18	1/2
199	98	12	18	1/2
199	99	6	16	133/1300
199	99	7	16	133/1300
199	99	10	16	133/1300
199	99	11	16	133/1300
199	100	6	16	2648657/243360000
199	100	7	16	2648657/243360000
199	100	10	16	2648657/243360000
199	100	11	16	2648657/243360000
199	101	6	16	-99434923/52728000000
199	101	7	16	-99434923/52728000000
199	101	10	16	-99434923/52728000000
199	101	11	16	-99434923/52728000000
199	102	6	16	-869504709383/806738400000000
199	102	7	16	-869504709383/806738400000000
199	102	10	16	-869504709383/806738400000000
199	102	11	16	-869504709383/806738400000000
199	103	6	16	-668688345530107/6816939480000000000
199	103	7	16	-668688345530107/6816939480000000000
199	103	10	16	-668688345530107/6816939480000000000
199	103	11	16	-668688345530107/6816939480000000000
199	104	6	8	1
199	104	6	16	1
199	104	7	8	1
199	104	7	14	1
199	104	8	14	1
199	104	8	16	1
199	104	10	12	1
199	104	10	16	1
199	104	11	12	1
199	104	11	14	1
199	104	12	14	1
199	104	12	16	1
199	105	6	8	209/1586
199	105	6	15	2831/9516
199	105	7	8	209/1586
199	105	7	14	2831/9516
199	105	8	14	-361/3172
199	105	8	15	-361/3172
199	105	10	12	209/1586
199	105	10	15	2831/9516
199	105	11	12	209/1586
199	105	11	14	2831/9516
199	105	12	14	-361/3172
199	105	12	15	-361/3172
199	106	6	8	-376523/321970688
199	106	6	15	202756733/2897736192
199	106	7	8	-376523/321970688
199	106	7	14	202756733/2897736192
199	106	8	14	-138263/24766976
199	106	8	15	-138263/24766976
199	106	10	12	-376523/321970688
199	106	10	15	202756733/2897736192
199	106	11	12	-376523/321970688
199	106	11	14	202756733/2897736192
199	106	12	14	-138263/24766976
199	106	12	15	-138263/24766976
199	107	6	8	-2573188145/510645511168
199	107	6	15	20761747165/2121142892544
199	107	7	8	-2573188145/510645511168
199	107	7	14	20761747165/2121142892544
199	107	8	14	4957541161/1021291022336
199	107	8	15	4957541161/1021291022336
199	107	10	12	-2573188145/510645511168
199	107	10	15	20761747165/2121142892544
199	107	11	12	-2573188145/510645511168
199	107	11	14	20761747165/2121142892544
199	107	12	14	4957541161/1021291022336
199	107	12	15	4957541161/1021291022336
199	108	6	8	-72655574132005/110144194176892928
199	108	6	15	-9273236449832905/8921679728328327168
199	108	7	8	-72655574132005/110144194176892928
199	108	7	14	-9273236449832905/8921679728328327168
199	108	8	14	-33335829394393/110144194176892928
199	108	8	15	-33335829394393/110144194176892928
199	108	10	12	-72655574132005/110144194176892928
199	108	10	15	-9273236449832905/8921679728328327168
199	108	11	12	-72655574132005/110144194176892928
199	108	11	14	-9273236449832905/8921679728328327168
199	108	12	14	-33335829394393/110144194176892928
199	108	12	15	-33335829394393/110144194176892928
199	109	6	8	44495559479004887/174688691964552183808
199	109	6	15	-7229734718018578439/6530669561136335486976
199	109	7	8	44495559479004887/174688691964552183808
199	109	7	14	-7229734718018578439/6530669561136335486976
199	109	8	14	-104060018418094963/349377383929104367616
199	109	8	15	-104060018418094963/349377383929104367616
199	109	10	12	44495559479004887/174688691964552183808
199	109	10	15	-7229734718018578439/6530669561136335486976
199	109	11	12	44495559479004887/174688691964552183808
199	109	11	14	-7229734718018578439/6530669561136335486976
199	109	12	14	-104060018418094963/349377383929104367616
199	109	12	15	-104060018418094963/349377383929104367616
199	110	4	6	1/6
199	110	4	7	1/6
199	110	4	10	1/6
199	110	4	11	1/6
199	110	6	7	1/6
199	110	6	10	1/6
199	110	6	13	1/6
199	110	7	11	1/6
199	110	7	13	1/6
199	110	10	11	1/6
199	110	10	13	1/6
199	110	11	13	1/6
199	111	4	6	95/2256
199	111	4	7	95/2256
199	111	4	10	95/2256
199	111	4	11	95/2256
199	111	6	7	95/2256
199	111	6	10	95/2256
199	111	6	13	95/2256
199	111	7	11	95/2256
199	111	7	13	95/2256
199	111	10	11	95/2256
199	111	10	13	95/2256
199	111	11	13	95/2256
199	112	4	6	35013029/4587368448
199	112	4	7	35013029/4587368448
199	112	4	10	35013029/4587368448
199	112	4	11	35013029/4587368448
199	112	6	7	35013029/4587368448
199	112	6	10	35013029/4587368448
199	112	6	13	35013029/4587368448
199	112	7	11	35013029/4587368448
199	112	7	13	35013029/4587368448
199	112	10	11	35013029/4587368448
199	112	10	13	35013029/4587368448
199	112	11	13	35013029/4587368448
199	113	4	6	705345265/1724850536448
199	113	4	7	705345265/1724850536448
199	113	4	10	705345265/1724850536448
199	113	4	11	705345265/1724850536448
199	113	6	7	705345265/1724850536448
199	113	6	10	705345265/1724850536448
199	113	6	13	705345265/1724850536448
199	113	7	11	705345265/1724850536448
199	113	7	13	705345265/1724850536448
199	113	10	11	705345265/1724850536448
199	113	10	13	705345265/1724850536448
199	113	11	13	705345265/1724850536448
199	114	4	6	-1190135594737177/3726532684593758208
199	114	4	7	-1190135594737177/3726532684593758208
199	114	4	10	-1190135594737177/3726532684593758208
199	114	4	11	-1190135594737177/3726532684593758208
199	114	6	7	-1190135594737177/3726532684593758208
199	114	6	10	-1190135594737177/3726532684593758208
199	114	6	13	-1190135594737177/3726532684593758208
199	114	7	11	-1190135594737177/3726532684593758208
199	114	7	13	-1190135594737177/3726532684593758208
199	114	10	11	-1190135594737177/3726532684593758208
199	114	10	13	-1190135594737177/3726532684593758208
199	114	11	13	-1190135594737177/3726532684593758208
199	115	4	6	-167971297290074075/1401176289407253086208
199	115	4	7	-167971297290074075/1401176289407253086208
199	115	4	10	-167971297290074075/1401176289407253086208
199	115	4	11	-167971297290074075/1401176289407253086208
199	115	6	7	-167971297290074075/1401176289407253086208
199	115	6	10	-167971297290074075/1401176289407253086208
199	115	6	13	-167971297290074075/1401176289407253086208
199	115	7	11	-167971297290074075/1401176289407253086208
199	115	7	13	-167971297290074075/1401176289407253086208
199	115	10	11	-167971297290074075/1401176289407253086208
199	115	10	13	-167971297290074075/1401176289407253086208
199	115	11	13	-167971297290074075/1401176289407253086208
200	86	18	18	2
200	87	16	16	-2755/4134
200	88	16	16	210679961/1093757184
200	89	16	16	-402996669665/9043184397312
200	90	16	16	937061911486639/149538097193951232
200	91	16	16	788630523458902775/1236380987599588786176
200	92	8	13	4
200	92	8	15	4
200	93	8	12	665/832
200	93	8	14	665/832
200	94	8	12	546915/5537792
200	94	8	14	546915/5537792
200	95	8	12	-85223075/18429771776
200	95	8	14	-85223075/18429771776
200	96	8	12	-335576575/59896758272
200	96	8	14	-335576575/59896758272
200	97	8	12	-292489194375/301953380777984
200	97	8	14	-292489194375/301953380777984
200	98	8	13	1
200	98	8	18	1
200	98	13	18	1
200	98	15	17	1
200	98	15	18	1
200	98	17	18	1
200	99	8	12	589/3900
200	99	8	16	-893/3900
200	99	12	16	-893/3900
200	99	14	15	589/3900
200	99	14	16	-893/3900
200	99	15	16	-893/3900
200	100	8	12	887699/162240000
200	100	8	16	1897777/54080000
200	100	12	16	1897777/54080000
200	100	14	15	887699/162240000
200	100	14	16	1897777/54080000
200	100	15	16	1897777/54080000
200	101	8	12	-8371841617/1898208000000
200	101	8	16	-181495999/1898208000000
200	101	12	16	-181495999/1898208000000
200	101	14	15	-8371841617/1898208000000
200	101	14	16	-181495999/1898208000000
200	101	15	16	-181495999/1898208000000
200	102	8	12	-14860931213201/14806022400000000
200	102	8	16	-27485095206161/14806022400000000
200	102	12	16	-27485095206161/14806022400000000
200	102	14	15	-14860931213201/14806022400000000
200	102	14	16	-27485095206161/14806022400000000
200	102	15	16	-27485095206161/14806022400000000
200	103	8	12	180968793014849/1480602240000000000
200	103	8	16	711086836317007/1480602240000000000
200	103	12	16	711086836317007/1480602240000000000
200	103	14	15	180968793014849/1480602240000000000
200	103	14	16	711086836317007/1480602240000000000
200	103	15	16	711086836317007/1480602240000000000
200	104	4	8	2
200	104	4	12	2
200	104	6	12	2
200	104	7	12	2
200	104	8	10	2
200	104	8	11	2
200	104	8	12	2
200	105	4	8	437/3172
200	105	4	12	437/3172
200	105	6	12	1995/3172
200	105	7	12	1995/3172
200	105	8	10	1995/3172
200	105	8	11	1995/3172
200	105	8	12	-1121/3172
200	106	4	8	-14478627/643941376
200	106	4	12	-14478627/643941376
200	106	6	12	106771165/643941376
200	106	7	12	106771165/643941376
200	106	8	10	106771165/643941376
200	106	8	11	106771165/643941376
200	106	8	12	19622877/643941376
200	107	4	8	-24322500989/4085164089344
200	107	4	12	-24322500989/4085164089344
200	107	6	12	130855830525/4085164089344
200	107	7	12	130855830525/4085164089344
200	107	8	10	130855830525/4085164089344
200	107	8	11	130855830525/4085164089344
200	107	8	12	24164716553/4085164089344
200	108	4	8	29961960232999/51832561965596672
200	108	4	12	29961960232999/51832561965596672
200	108	6	12	105242909684775/51832561965596672
200	108	7	12	105242909684775/51832561965596672
200	108	8	10	105242909684775/51832561965596672
200	108	8	11	105242909684775/51832561965596672
200	108	8	12	-134608253472761/51832561965596672
200	109	4	8	10009080832938771/25294290239211175936
200	109	4	12	10009080832938771/25294290239211175936
200	109	6	12	-500921186631744375/328825773109745287168
200	109	7	12	-500921186631744375/328825773109745287168
200	109	8	10	-500921186631744375/328825773109745287168
200	109	8	11	-500921186631744375/328825773109745287168
200	109	8	12	47476162724193861/328825773109745287168
201	86	18	18	2
201	87	16	16	133/2067
201	88	16	16	-9363979/273439296
201	89	16	16	-3886796389/1130398049664
201	90	16	16	260323686135623/158884228268573184
201	91	16	16	188820128609678279/656827399662281542656
201	92	13	17	4
201	92	15	17	4
201	93	12	16	665/1248
201	93	14	16	665/1248
201	94	12	16	-52345/12460032
201	94	14	16	-52345/12460032
201	95	12	16	-1280746775/62200479744
201	95	14	16	-1280746775/62200479744
201	96	12	16	-1818098496925/659822689124352
201	96	14	16	-1818098496925/659822689124352
201	97	12	16	6904814077476875/6587669728217530368
201	97	14	16	6904814077476875/6587669728217530368
201	104	6	17	2
201	104	7	17	2
201	104	10	17	2
201	104	11	17	2
201	104	14	16	2
201	104	14	17	2
201	104	16	17	2
201	105	6	16	665/1586
201	105	7	16	665/1586
201	105	10	16	665/1586
201	105	11	16	665/1586
201	105	14	15	2033/4758
201	105	14	16	-627/1586
201	105	15	16	-627/1586
201	106	6	16	23405435/482956032
201	106	7	16	23405435/482956032
201	106	10	16	23405435/482956032
201	106	11	16	23405435/482956032
201	106	14	15	75114353/1448868096
201	106	14	16	1437863/37150464
201	106	15	16	1437863/37150464
201	107	6	16	-3256481725/510645511168
201	107	7	16	-3256481725/510645511168
201	107	10	16	-3256481725/510645511168
201	107	11	16	-3256481725/510645511168
201	107	14	15	-79642037021/13787428801536
201	107	14	16	4055459199/510645511168
201	107	15	16	4055459199/510645511168
201	108	6	16	-717259191786275/165216291265339392
201	108	7	16	-717259191786275/165216291265339392
201	108	10	16	-717259191786275/165216291265339392
201	108	11	16	-717259191786275/165216291265339392
201	108	14	15	-19799231893446097/4460839864164163584
201	108	14	16	-660345625690691/165216291265339392
201	108	15	16	-660345625690691/165216291265339392
201	109	6	16	-273670775429839375/524066075893656551424
201	109	7	16	-273670775429839375/524066075893656551424
201	109	10	16	-273670775429839375/524066075893656551424
201	109	11	16	-273670775429839375/524066075893656551424
201	109	14	15	-25888707420046892141/42449352147386180665344
201	109	14	16	47534075961047159/174688691964552183808
201	109	15	16	47534075961047159/174688691964552183808
201	110	4	8	1/3
201	110	4	12	1/3
201	110	6	8	1/3
201	110	6	14	1/3
201	110	7	8	1/3
201	110	7	15	1/3
201	110	8	12	1/3
201	110	8	14	1/3
201	110	8	15	1/3
201	110	10	12	1/3
201	110	10	14	1/3
201	110	11	12	1/3
201	110	11	15	1/3
201	110	12	14	1/3
201	110	12	15	1/3
201	110	13	14	1/3
201	110	13	15	1/3
201	110	14	15	1/3
201	111	4	8	703/14664
201	111	4	12	703/14664
201	111	6	8	703/14664
201	111	6	14	703/14664
201	111	7	8	703/14664
201	111	7	15	703/14664
201	111	8	12	-589/14664
201	111	8	14	-589/14664
201	111	8	15	-589/14664
201	111	10	12	703/14664
201	111	10	14	703/14664
201	111	11	12	703/14664
201	111	11	15	703/14664
201	111	12	14	-589/14664
201	111	12	15	-589/14664
201	111	13	14	703/14664
201	111	13	15	703/14664
201	111	14	15	-589/14664
201	112	4	8	379411/764561408
201	112	4	12	379411/764561408
201	112	6	8	379411/764561408
201	112	6	14	379411/764561408
201	112	7	8	379411/764561408
201	112	7	15	379411/764561408
201	112	8	12	-1191661/764561408
201	112	8	14	-1191661/764561408
201	112	8	15	-1191661/764561408
201	112	10	12	379411/764561408
201	112	10	14	379411/764561408
201	112	11	12	379411/764561408
201	112	11	15	379411/764561408
201	112	12	14	-1191661/764561408
201	112	12	15	-1191661/764561408
201	112	13	14	379411/764561408
201	112	13	15	379411/764561408
201	112	14	15	-1191661/764561408
201	113	4	8	-19834917931/11211528486912
201	113	4	12	-19834917931/11211528486912
201	113	6	8	-19834917931/11211528486912
201	113	6	14	-19834917931/11211528486912
201	113	7	8	-19834917931/11211528486912
201	113	7	15	-19834917931/11211528486912
201	113	8	12	19394528977/11211528486912
201	113	8	14	19394528977/11211528486912
201	113	8	15	19394528977/11211528486912
201	113	10	12	-19834917931/11211528486912
201	113	10	14	-19834917931/11211528486912
201	113	11	12	-19834917931/11211528486912
201	113	11	15	-19834917931/11211528486912
201	113	12	14	19394528977/11211528486912
201	113	12	15	19394528977/11211528486912
201	113	13	14	-19834917931/11211528486912
201	113	13	15	-19834917931/11211528486912
201	113	14	15	19394528977/11211528486912
201	114	4	8	-567729301493377/1863266342296879104
201	114	4	12	-567729301493377/1863266342296879104
201	114	6	8	-567729301493377/1863266342296879104
201	114	6	14	-567729301493377/1863266342296879104
201	114	7	8	-567729301493377/1863266342296879104
201	114	7	15	-567729301493377/1863266342296879104
201	114	8	12	-261540028587937/1863266342296879104
201	114	8	14	-261540028587937/1863266342296879104
201	114	8	15	-261540028587937/1863266342296879104
201	114	10	12	-567729301493377/1863266342296879104
201	114	10	14	-567729301493377/1863266342296879104
201	114	11	12	-567729301493377/1863266342296879104
201	114	11	15	-567729301493377/1863266342296879104
201	114	12	14	-261540028587937/1863266342296879104
201	114	12	15	-261540028587937/1863266342296879104
201	114	13	14	-567729301493377/1863266342296879104
201	114	13	15	-567729301493377/1863266342296879104
201	114	14	15	-261540028587937/1863266342296879104
201	115	4	8	241506407573234703/3035881960382381686784
201	115	4	12	241506407573234703/3035881960382381686784
201	115	6	8	241506407573234703/3035881960382381686784
201	115	6	14	241506407573234703/3035881960382381686784
201	115	7	8	241506407573234703/3035881960382381686784
201	115	7	15	241506407573234703/3035881960382381686784
201	115	8	12	-320177723444384029/3035881960382381686784
201	115	8	14	-320177723444384029/3035881960382381686784
201	115	8	15	-320177723444384029/3035881960382381686784
201	115	10	12	241506407573234703/3035881960382381686784
201	115	10	14	241506407573234703/3035881960382381686784
201	115	11	12	241506407573234703/3035881960382381686784
201	115	11	15	241506407573234703/3035881960382381686784
201	115	12	14	-320177723444384029/3035881960382381686784
201	115	12	15	-320177723444384029/3035881960382381686784
201	115	13	14	241506407573234703/3035881960382381686784
201	115	13	15	241506407573234703/3035881960382381686784
201	115	14	15	-320177723444384029/3035881960382381686784
202	92	8	8	4
202	92	8	17	8
202	93	8	8	-209/832
202	93	8	16	-475/208
202	94	8	8	-109383/2768896
202	94	8	16	187359/346112
202	95	8	8	86841799/9214885888
202	95	8	16	-52642825/575930368
202	96	8	8	475037898977/521341383999488
202	96	8	16	55054497413/16291918249984
202	97	8	8	-72646464172821/133463394303868928
202	97	8	16	9167447035125/2085365535997952
202	98	8	15	2
202	98	8	17	2
202	98	13	15	2
202	98	13	17	2
202	99	8	14	532/975
202	99	8	15	532/975
202	99	12	14	532/975
202	99	12	15	532/975
202	100	8	14	595289/5070000
202	100	8	15	595289/5070000
202	100	12	14	595289/5070000
202	100	12	15	595289/5070000
202	101	8	14	110285861/7414875000
202	101	8	15	110285861/7414875000
202	101	12	14	110285861/7414875000
202	101	12	15	110285861/7414875000
202	102	8	14	-770890026757/491606212500000
202	102	8	15	-770890026757/491606212500000
202	102	12	14	-770890026757/491606212500000
202	102	12	15	-770890026757/491606212500000
202	103	8	14	-8962787548379/6145077656250000
202	103	8	15	-8962787548379/6145077656250000
202	103	12	14	-8962787548379/6145077656250000
202	103	12	15	-8962787548379/6145077656250000
202	104	4	14	4
202	104	4	16	4
202	105	4	14	1064/793
202	105	4	15	1064/793
202	106	4	14	7889655/20123168
202	106	4	15	7889655/20123168
202	107	4	14	738872057/7978836112
202	107	4	15	738872057/7978836112
202	108	4	14	23852588381747/1721003034013952
202	108	4	15	23852588381747/1721003034013952
202	109	4	14	-48342770040537/52490592537425536
202	109	4	15	-48342770040537/52490592537425536
202	110	4	13	2/3
202	110	6	11	2/3
202	110	7	10	2/3
202	111	4	13	532/1833
202	111	6	11	532/1833
202	111	7	10	532/1833
202	112	4	13	33529319/286710528
202	112	6	11	33529319/286710528
202	112	7	10	33529319/286710528
202	113	4	13	3741797129/87590066304
202	113	6	11	3741797129/87590066304
202	113	7	10	3741797129/87590066304
202	114	4	13	793219868467283/58227073196777472
202	114	6	11	793219868467283/58227073196777472
202	114	7	10	793219868467283/58227073196777472
202	115	4	13	61870886020917659/17788370861615517696
202	115	6	11	61870886020917659/17788370861615517696
202	115	7	10	61870886020917659/17788370861615517696
203	92	8	17	4
203	92	17	17	2
203	93	8	16	133/416
203	93	16	16	-779/1248
203	94	8	16	-27075/692224
203	94	16	16	253061/1557504
203	95	8	16	-15508199/1151860736
203	95	16	16	-59337209/1943764992
203	96	8	16	20735765273/32583836499968
203	96	16	16	512996496647/329911344562176
203	97	8	16	3597383099457/4170731071995904
203	97	16	16	1320781348153127/823458716027191296
203	98	8	18	1
203	98	13	18	1
203	98	15	18	1
203	98	17	18	1
203	99	8	16	133/975
203	99	12	16	133/975
203	99	14	16	133/975
203	99	15	16	133/975
203	100	8	16	361/1690000
203	100	12	16	361/1690000
203	100	14	16	361/1690000
203	100	15	16	361/1690000
203	101	8	16	-73988033/14829750000
203	101	12	16	-73988033/14829750000
203	101	14	16	-73988033/14829750000
203	101	15	16	-73988033/14829750000
203	102	8	16	-184860729463/245803106250000
203	102	12	16	-184860729463/245803106250000
203	102	14	16	-184860729463/245803106250000
203	102	15	16	-184860729463/245803106250000
203	103	8	16	1425146016539/6145077656250000
203	103	12	16	1425146016539/6145077656250000
203	103	14	16	1425146016539/6145077656250000
203	103	15	16	1425146016539/6145077656250000
203	104	4	17	2
203	104	8	8	1
203	104	8	14	2
203	104	8	16	2
203	104	8	17	2
203	104	12	12	1
203	104	12	14	2
203	104	12	16	2
203	104	12	17	2
203	105	4	16	266/793
203	105	8	8	19/3172
203	105	8	14	399/793
203	105	8	15	399/793
203	105	8	16	-380/793
203	105	12	12	19/3172
203	105	12	14	399/793
203	105	12	15	399/793
203	105	12	16	-380/793
203	106	4	16	449445/20123168
203	106	8	8	-681207/40246336
203	106	8	14	1864565/20123168
203	106	8	15	1864565/20123168
203	106	8	16	1627749/20123168
203	106	12	12	-681207/40246336
203	106	12	14	1864565/20123168
203	106	12	15	1864565/20123168
203	106	12	16	1627749/20123168
203	107	4	16	-121808981/15957672224
203	107	8	8	-38883671/127661377792
203	107	8	14	199205937/31915344448
203	107	8	15	199205937/31915344448
203	107	8	16	-24932465/7978836112
203	107	12	12	-38883671/127661377792
203	107	12	14	199205937/31915344448
203	107	12	15	199205937/31915344448
203	107	12	16	-24932465/7978836112
203	108	4	16	-2166987622717/860501517006976
203	108	8	8	2783510470159/3442006068027904
203	108	8	14	-2793363780327/860501517006976
203	108	8	15	-2793363780327/860501517006976
203	108	8	16	-2985022965397/860501517006976
203	108	12	12	2783510470159/3442006068027904
203	108	12	14	-2793363780327/860501517006976
203	108	12	15	-2793363780327/860501517006976
203	108	12	16	-2985022965397/860501517006976
203	109	4	16	1438942840167/52490592537425536
203	109	8	8	265229149461171/10918043247784511488
203	109	8	14	-1831955916820617/1364755405973063936
203	109	8	15	-1831955916820617/1364755405973063936
203	109	8	16	389116296043575/341188851493265984
203	109	12	12	265229149461171/10918043247784511488
203	109	12	14	-1831955916820617/1364755405973063936
203	109	12	15	-1831955916820617/1364755405973063936
203	109	12	16	389116296043575/341188851493265984
203	110	4	14	1/3
203	110	4	15	1/3
203	110	6	12	1/3
203	110	6	15	1/3
203	110	7	12	1/3
203	110	7	14	1/3
203	110	8	10	1/3
203	110	8	11	1/3
203	110	8	13	1/3
203	110	10	15	1/3
203	110	11	14	1/3
203	110	12	13	1/3
203	111	4	14	133/1222
203	111	4	15	133/1222
203	111	6	12	133/1222
203	111	6	15	133/1222
203	111	7	12	133/1222
203	111	7	14	133/1222
203	111	8	10	133/1222
203	111	8	11	133/1222
203	111	8	13	133/1222
203	111	10	15	133/1222
203	111	11	14	133/1222
203	111	12	13	133/1222
203	112	4	14	2870311/95570176
203	112	4	15	2870311/95570176
203	112	6	12	2870311/95570176
203	112	6	15	2870311/95570176
203	112	7	12	2870311/95570176
203	112	7	14	2870311/95570176
203	112	8	10	2870311/95570176
203	112	8	11	2870311/95570176
203	112	8	13	2870311/95570176
203	112	10	15	2870311/95570176
203	112	11	14	2870311/95570176
203	112	12	13	2870311/95570176
203	113	4	14	725524443/116786755072
203	113	4	15	725524443/116786755072
203	113	6	12	725524443/116786755072
203	113	6	15	725524443/116786755072
203	113	7	12	725524443/116786755072
203	113	7	14	725524443/116786755072
203	113	8	10	725524443/116786755072
203	113	8	11	725524443/116786755072
203	113	8	13	725524443/116786755072
203	113	10	15	725524443/116786755072
203	113	11	14	725524443/116786755072
203	113	12	13	725524443/116786755072
203	114	4	14	391741407333/746500938420224
203	114	4	15	391741407333/746500938420224
203	114	6	12	391741407333/746500938420224
203	114	6	15	391741407333/746500938420224
203	114	7	12	391741407333/746500938420224
203	114	7	14	391741407333/746500938420224
203	114	8	10	391741407333/746500938420224
203	114	8	11	391741407333/746500938420224
203	114	8	13	391741407333/746500938420224
203	114	10	15	391741407333/746500938420224
203	114	11	14	391741407333/746500938420224
203	114	12	13	391741407333/746500938420224
203	115	4	14	-3081918394616229/11858913907743678464
203	115	4	15	-3081918394616229/11858913907743678464
203	115	6	12	-3081918394616229/11858913907743678464
203	115	6	15	-3081918394616229/11858913907743678464
203	115	7	12	-3081918394616229/11858913907743678464
203	115	7	14	-3081918394616229/11858913907743678464
203	115	8	10	-3081918394616229/11858913907743678464
203	115	8	11	-3081918394616229/11858913907743678464
203	115	8	13	-3081918394616229/11858913907743678464
203	115	10	15	-3081918394616229/11858913907743678464
203	115	11	14	-3081918394616229/11858913907743678464
203	115	12	13	-3081918394616229/11858913907743678464
204	92	17	17	6
204	93	16	16	133/416
204	94	16	16	-101441/1038336
204	95	16	16	-45180233/2591686656
204	96	16	16	471589605317/109970448187392
204	97	16	16	406068892990481/274486238675730432
204	104	14	17	6
204	104	16	17	6
204	105	14	16	798/793
204	105	15	16	798/793
204	106	14	16	486989/10061584
204	106	15	16	486989/10061584
204	107	14	16	-257397693/7978836112
204	107	15	16	-257397693/7978836112
204	108	14	16	-1882316254811/215125379251744
204	108	15	16	-1882316254811/215125379251744
204	109	14	16	142521344071477/170594425746632992
204	109	15	16	142521344071477/170594425746632992
204	110	4	16	1
204	110	6	16	1
204	110	7	16	1
204	110	8	8	1/2
204	110	8	16	1
204	110	10	16	1
204	110	11	16	1
204	110	12	12	1/2
204	110	12	16	1
204	110	13	16	1
204	110	14	14	1/2
204	110	14	16	1
204	110	15	15	1/2
204	110	15	16	1
204	111	4	16	133/611
204	111	6	16	133/611
204	111	7	16	133/611
204	111	8	8	19/611
204	111	8	16	-19/94
204	111	10	16	133/611
204	111	11	16	133/611
204	111	12	12	19/611
204	111	12	16	-19/94
204	111	13	16	133/611
204	111	14	14	19/611
204	111	14	16	-19/94
204	111	15	15	19/611
204	111	15	16	-19/94
204	112	4	16	1331007/47785088
204	112	6	16	1331007/47785088
204	112	7	16	1331007/47785088
204	112	8	8	-748353/95570176
204	112	8	16	1019103/47785088
204	112	10	16	1331007/47785088
204	112	11	16	1331007/47785088
204	112	12	12	-748353/95570176
204	112	12	16	1019103/47785088
204	112	13	16	1331007/47785088
204	112	14	14	-748353/95570176
204	112	14	16	1019103/47785088
204	112	15	15	-748353/95570176
204	112	15	16	1019103/47785088
204	113	4	16	-71203279/29196688768
204	113	6	16	-71203279/29196688768
204	113	7	16	-71203279/29196688768
204	113	8	8	-49679737/29196688768
204	113	8	16	16098073/4491798272
204	113	10	16	-71203279/29196688768
204	113	11	16	-71203279/29196688768
204	113	12	12	-49679737/29196688768
204	113	12	16	16098073/4491798272
204	113	13	16	-71203279/29196688768
204	113	14	14	-49679737/29196688768
204	113	14	16	16098073/4491798272
204	113	15	15	-49679737/29196688768
204	113	15	16	16098073/4491798272
204	114	4	16	-32013744613/14355787277312
204	114	6	16	-32013744613/14355787277312
204	114	7	16	-32013744613/14355787277312
204	114	8	8	1549225161923/4852256099731456
204	114	8	16	-4952122022857/2426128049865728
204	114	10	16	-32013744613/14355787277312
204	114	11	16	-32013744613/14355787277312
204	114	12	12	1549225161923/4852256099731456
204	114	12	16	-4952122022857/2426128049865728
204	114	13	16	-32013744613/14355787277312
204	114	14	14	1549225161923/4852256099731456
204	114	14	16	-4952122022857/2426128049865728
204	114	15	15	1549225161923/4852256099731456
204	114	15	16	-4952122022857/2426128049865728
204	115	4	16	-524043867894981/1482364238467959808
204	115	6	16	-524043867894981/1482364238467959808
204	115	7	16	-524043867894981/1482364238467959808
204	115	8	8	214057527928797/1482364238467959808
204	115	8	16	42654165341343/228056036687378432
204	115	10	16	-524043867894981/1482364238467959808
204	115	11	16	-524043867894981/1482364238467959808
204	115	12	12	214057527928797/1482364238467959808
204	115	12	16	42654165341343/228056036687378432
204	115	13	16	-524043867894981/1482364238467959808
204	115	14	14	214057527928797/1482364238467959808
204	115	14	16	42654165341343/228056036687378432
204	115	15	15	214057527928797/1482364238467959808
204	115	15	16	42654165341343/228056036687378432
205	98	18	18	6
205	99	16	16	-1159/650
205	100	16	16	34618817/81120000
205	101	16	16	-20730415253/316368000000
205	102	16	16	-119407244006257/41950396800000000
205	103	16	16	936330008108183563/163606547520000000000
205	104	8	12	24
205	105	8	12	3591/793
205	106	8	12	76309263/160985344
205	107	8	12	-55267332183/1021291022336
205	108	8	12	-7448954537616651/220288388353785856
205	109	8	12	-5243860893676629987/1397509535716417470464
206	98	18	18	2
206	99	16	16	133/975
206	100	16	16	-1843627/60840000
206	101	16	16	-886175941/118638000000
206	102	16	16	697276124771/605053800000000
206	103	16	16	9701821737741959/15338113830000000000
206	104	8	17	8
206	104	12	17	8
206	104	17	17	4
206	105	8	16	798/793
206	105	12	16	798/793
206	105	16	16	-893/793
206	106	8	16	-785175/40246336
206	106	12	16	-785175/40246336
206	106	16	16	19638761/80492672
206	107	8	16	-385016247/9820105984
206	107	12	16	-385016247/9820105984
206	107	16	16	-541264267/19640211968
206	108	8	16	-59667369893793/13768024272111616
206	108	12	16	-59667369893793/13768024272111616
206	108	16	16	-160896456505537/27536048544223232
206	109	8	16	6993813954827889/3359397922395234304
206	109	12	16	6993813954827889/3359397922395234304
206	109	16	16	26358647277434717/6718795844790468608
206	110	8	12	4/3
206	110	8	14	4/3
206	110	8	15	4/3
206	110	12	14	4/3
206	110	12	15	4/3
206	110	14	15	4/3
206	111	8	12	399/1222
206	111	8	14	399/1222
206	111	8	15	399/1222
206	111	12	14	399/1222
206	111	12	15	399/1222
206	111	14	15	399/1222
206	112	8	12	10753107/191140352
206	112	8	14	10753107/191140352
206	112	8	15	10753107/191140352
206	112	12	14	10753107/191140352
206	112	12	15	10753107/191140352
206	112	14	15	10753107/191140352
206	113	8	12	2026196613/934294040576
206	113	8	14	2026196613/934294040576
206	113	8	15	2026196613/934294040576
206	113	12	14	2026196613/934294040576
206	113	12	15	2026196613/934294040576
206	113	14	15	2026196613/934294040576
206	114	8	12	-394905687094539/155272195191406592
206	114	8	14	-394905687094539/155272195191406592
206	114	8	15	-394905687094539/155272195191406592
206	114	12	14	-394905687094539/155272195191406592
206	114	12	15	-394905687094539/155272195191406592
206	114	14	15	-394905687094539/155272195191406592
206	115	8	12	-645007566735709443/758970490095595421696
206	115	8	14	-645007566735709443/758970490095595421696
206	115	8	15	-645007566735709443/758970490095595421696
206	115	12	14	-645007566735709443/758970490095595421696
206	115	12	15	-645007566735709443/758970490095595421696
206	115	14	15	-645007566735709443/758970490095595421696
207	104	17	17	12
207	105	16	16	798/793
207	106	16	16	-3256581/20123168
207	107	16	16	-1751082123/31915344448
207	108	16	16	7691205151869/1721003034013952
207	109	16	16	12497850759494877/2729510811946127872
207	110	8	16	4
207	110	12	16	4
207	110	14	16	4
207	110	15	16	4
207	110	16	16	2
207	111	8	16	399/611
207	111	12	16	399/611
207	111	14	16	399/611
207	111	15	16	399/611
207	111	16	16	-627/1222
207	112	8	16	1276857/47785088
207	112	12	16	1276857/47785088
207	112	14	16	1276857/47785088
207	112	15	16	1276857/47785088
207	112	16	16	8762553/95570176
207	113	8	16	-2536958907/116786755072
207	113	12	16	-2536958907/116786755072
207	113	14	16	-2536958907/116786755072
207	113	15	16	-2536958907/116786755072
207	113	16	16	-706881681/233573510144
207	114	8	16	-52686447163137/9704512199462912
207	114	12	16	-52686447163137/9704512199462912
207	114	14	16	-52686447163137/9704512199462912
207	114	15	16	-52686447163137/9704512199462912
207	114	16	16	-7253123291109/1493001876840448
207	115	8	16	15778255649291037/23717827815487356928
207	115	12	16	15778255649291037/23717827815487356928
207	115	14	16	15778255649291037/23717827815487356928
207	115	15	16	15778255649291037/23717827815487356928
207	115	16	16	77442513281153559/47435655630974713856
208	110	16	16	30
208	111	16	16	1995/611
208	112	16	16	-7034085/23892544
208	113	16	16	-389625495/2245899136
208	114	16	16	-2711674407255/1213064024932864
208	115	16	16	120216178772865/8771386026437632
